candidate_topic_count,topic_number,representative_rank,tfidf_row_index,topic_weight,relative_topic_loading,video_id,comment_id,comment_text,retrofit_topic,creator_type,video_type,primary_theme
8,1,1,1136,0.10179916863094528,1.0,MzSCf_LkyNw,Ugy-u5O1GuWuYQSdmVp4AaABAg,Insulation thief. 😂,loft_roof_insulation,installer_tradesperson,how_to_installation_demo,theme_energy_performance
8,1,2,26808,0.10179916863094528,1.0,fm11vZii5Es,Ugyg1_I19Ehy5_gYI5R4AaABAg,200mm insulation - blimey,loft_roof_insulation,builder_contractor,how_to_installation_demo,theme_energy_performance
8,1,3,2129,0.10179916863094528,1.0,dIPM5yk2u38,UgxDBm2E0cM3Ff05O6h4AaABAg,I have one for insulation!,airtightness_draught_proofing,installer_tradesperson,how_to_installation_demo,theme_energy_performance
8,1,4,33151,0.07792423360585357,1.0,y3g4Vpec1_M,Ugzd1eOwGHTinM8FjOV4AaABAg,Is that a 300mm wall and 100mm insulation?,damp_condensation_moisture,builder_contractor,how_to_installation_demo,theme_question_request
8,1,5,18021,0.07070532451197217,0.9944876833308192,H51FYrDR5xs,Ugx7Z1UkNwGRUKOEJ3R4AaABAg,"14:40on the inside you can seal the stone work off with a 1"" air gap for drying, then insulation and Vapour Barrier . you connect the air gap all the way up to the attic vented space . the coating to the inside of the stone walls needs to be removed at least mostly removed anyways. that wall needs to have a gap that actually is vented top and bottom. you can probably vent the bottom inside air gap to the outside thru the stone wall. the outside wall needs to be a rain screen, then the insulation and attic is the dry heated conditioned space.",damp_condensation_moisture,diy_renovator_homeowner,project_walkthrough,theme_practical_advice
8,1,6,37306,0.07047365995583656,0.7735944849160353,Lc2D5U4DJew,UgxbWQiZbNopN3zp-wp4AaABAg,"Hi Steve, loving the videos. I am learning quite a bit about vapour barriers and insulation. The only part that confuses me is where to vapour barrier the wall? I'm making a garden room with a warm roof where the osb for the roof will have a sticky vapour barrier applied on top, followed by insulation and then another later of osb on top as you explain in many of your videos. I will be tucking in the insulation in between the joists under the osb on top of the wall as you explain. My question is if i use a barrier on the inside of the wall and take this over the insulation between the joists (where it's been 'tucked'), what would i do about the joist? if i tape around the joints could there still be a dew point inside the joists themselves due to thermal bridging? will air movement pass through the joists (the wood itself) and pass laterally through the osb? is this even an issue I should be concerned about?",loft_roof_insulation,installer_tradesperson,problem_warning_mistakes,theme_question_request
8,1,7,10343,0.0655227525445482,0.8883541728083554,QnFoiUXr4h4,UgyhdmUa1T2hEmPStt94AaABAg,"Im renovating our basement now, the wall framing and insulation is dry and no mold at all. And thats with a vapor barrier. The floor had vapor barrier on the concrete, then 5cm insulation. A lot of water there, so we're doing 10cm xps, then vapor barrier, then 5cm xps with concrete on top. That'll fix the floor issues. But should i put vapour barrier on the walls as well then since its worked fine in the existing walls for 40 years? We're putting up wooden panels again, since it's better than drywall in moist enviroments. Only difference is that we wont put up the black paper stuff behind the wood. just a 2cm air gap with a thick layer of asphalt stuff under the wood so its not in direct contact with the concrete.",damp_condensation_moisture,training_educational,practical_advice_explainer,theme_question_request
8,1,8,12007,0.06546249389322228,0.7370467027327999,i41oW85zPm8,UgyxZu521eN4wLIMSBN4AaABAg,"isn't having insulation in between the joists the same as a warm roof when you think about it though. Because in a warm roof you are saying the vapour barrier/aluminium foil on the kingspan etc is effective enough to stop moisture getting thorugh to the cold side of the insulation to the osb that is on top of the kingspan or similar and causing rot. So I would have thought a good vapour barrier behind the plasterboard, seams taped and a service cavity with battens so there is no holes from wiring or downlights etc would be just as effective. I think the problem arises with older houses where roofers come along and just put on a cold roof and leave it at that without touching the inside so there is no vapour barrier etc, maybe in your experience even in a new build or extension it is an issue too, but as I say it looks to me to be the same thing as in if you say the vapour barrier isn't enough alone in a cold roof surely it's not enough in a warm roof because it would rot the top layer of osb on the warm roof insulation.",loft_roof_insulation,builder_contractor,practical_advice_explainer,theme_damp_moisture_condensation
8,1,9,39271,0.06542006679555225,1.0,3tfqdP68umQ,UgwEHSQyJJhbqwv039Z4AaABAg,Be careful fitting cavity wall insulation. It can ruin a house with damp and mould. (The insulation carries moisture from the wet external bricks across the void and into the internal walls). There is a company near me that used to specialise in cavity wall insulation but now the specialise in cavity wall insulation removal! Internal wall insulation can help but the damp air will condense somewhere. Keep windows slightly open. Extractor fans. Create less steam during cooking if possible.,internal_wall_insulation,diy_renovator_homeowner,how_to_installation_demo,theme_damp_moisture_condensation
8,1,10,11905,0.06491261177085145,0.8517132525342854,i41oW85zPm8,UgyqbHOeUwNEOxuGAQp4AaABAg,"If i have ceiling, then insulation, then osb loft boards (no gap from insulation). Then the loft space, then NO insulation in the pitched roof, just felt + batttons + tile. Do i have a cold roof. And have i created an issue boarding the loft over the insulation with no air gap in the second floor? The roof space is cold but not outside cold (i guess due to insulation leakage), so where is my dew point? Help please and thanks!",loft_roof_insulation,builder_contractor,practical_advice_explainer,theme_question_request
8,2,1,34498,0.24109929751371467,1.0,tUWJTF9nyaQ,UgxtCcp6ToRsN4-kzzF4AaABAg,SPRAY FOAM IS A RIPOFF!,loft_roof_insulation,builder_contractor,problem_warning_mistakes,theme_product_material_tool
8,2,2,9907,0.24109929751371467,1.0,9OFpzKn0cq4,UgxWncWZz4ymf4GMPll4AaABAg,😂 spray foam bandit struck again!,loft_roof_insulation,diy_renovator_homeowner,problem_warning_mistakes,theme_product_material_tool
8,2,3,31075,0.24109929751371467,1.0,C5lPpLUw-Ts,UgxB5hdL70bOwrRX3cV4AaABAg,SPRAY FOAM! 😉🤣,external_wall_insulation,diy_renovator_homeowner,how_to_installation_demo,theme_product_material_tool
8,2,4,17746,0.21967305564284983,1.0,5ScJj0YlUAM,UgwSfM5zgyKhjzB0CVZ4AaABAg,Spray foam man. SPRAY FOAM!!,loft_roof_insulation,installer_tradesperson,practical_advice_explainer,theme_product_material_tool
8,2,5,19045,0.2157143330692724,0.9965660406261792,_RQ9S1u7ag4,UgxN6dpbyQdfHRNkTvZ4AaABAg,Time for closecell spray foam,airtightness_draught_proofing,diy_renovator_homeowner,how_to_installation_demo,theme_product_material_tool
8,2,6,34575,0.21053422538763797,1.0,tUWJTF9nyaQ,UgwbOF_qfUV7Yoap6UJ4AaABAg,"Spray foam, got it.",loft_roof_insulation,builder_contractor,problem_warning_mistakes,theme_product_material_tool
8,2,7,36373,0.20187277028792078,1.0,Genu_Plnp2M,UgwHMTSiKmcIANPqAz54AaABAg,i thought spray foam was hazardeous?,airtightness_draught_proofing,installer_tradesperson,how_to_installation_demo,theme_product_material_tool
8,2,8,29990,0.18349776599336093,1.0,AADAMH0TRQU,Ugz53GrW4sOGctMr6Cp4AaABAg,I hate spray foam.,loft_roof_insulation,training_educational,how_to_installation_demo,theme_product_material_tool
8,2,9,598,0.18307096079335058,1.0,ZInm0mt0pXQ,Ugw94E9kmzTPcMAjDhl4AaABAg,That spray foam is going to leave you bankrupt😂,external_wall_insulation,builder_contractor,how_to_installation_demo,theme_product_material_tool
8,2,10,714,0.1761622266998672,1.0,ZInm0mt0pXQ,UgxLoIvtsq_MID0z9fZ4AaABAg,That foam 🤦,external_wall_insulation,builder_contractor,how_to_installation_demo,theme_product_material_tool
8,3,1,403,0.27594167480209525,1.0,LVYSz1CuuDw,Ugwuh-YKviEsewAISwl4AaABAg,What is your shoose please ?,solar_renewable_integration,installer_tradesperson,how_to_installation_demo,theme_question_request
8,3,2,404,0.27594167480209525,1.0,LVYSz1CuuDw,UgxnF-LIYZatHWGFnSx4AaABAg,what r they for ????,solar_renewable_integration,installer_tradesperson,how_to_installation_demo,theme_question_request
8,3,3,3135,0.27594167480209525,1.0,xcAwujfTN64,UgzdkqsymdISnDR8YNh4AaABAg,What’s the ig?,solar_renewable_integration,installer_tradesperson,how_to_installation_demo,theme_question_request
8,3,4,1607,0.27594167480209525,1.0,35kJvNW81pU,Ugxj3mkNiB-EC9h1t1l4AaABAg,What is it?,floor_insulation,builder_contractor,how_to_installation_demo,theme_question_request
8,3,5,41834,0.27594167480209525,1.0,5q4S12q9m7E,UgyPM135UqEGLSydq7x4AaABAg,What about VanEE ? 6:59 7:02,ventilation_mvhr,installer_tradesperson,how_to_installation_demo,theme_question_request
8,3,6,28336,0.27594167480209525,1.0,wWWfFER9Spw,UgwclaV20Ts3G4vIySF4AaABAg,"What are ""Joyce's""?",heat_pump_heating_retrofit,installer_tradesperson,how_to_installation_demo,theme_question_request
8,3,7,12662,0.27594167480209525,1.0,1N_ZsLrfUJM,UgxX27bbHjPQsGfIrvN4AaABAg,What about Hauwei?,solar_renewable_integration,training_educational,practical_advice_explainer,theme_question_request
8,3,8,32268,0.27594167480209525,1.0,s93KLWSSZMk,UgxenGicZ5s-MrYIaUZ4AaABAg,What is your HNC in please?,smart_heating_controls,builder_contractor,how_to_installation_demo,theme_question_request
8,3,9,22965,0.27594167480209525,1.0,Q4iG6O7JEM0,UgxO6Ecfrj2YHFuu0wN4AaABAg,What's your name ?,smart_heating_controls,installer_tradesperson,how_to_installation_demo,theme_question_request
8,3,10,24045,0.27594167480209525,1.0,7Wk2MF4pEmc,Ugy51xTeSLZAP78O7ct4AaABAg,What's it for?,loft_roof_insulation,diy_renovator_homeowner,practical_advice_explainer,theme_question_request
8,4,1,172,0.2708831687080219,1.0,UUalCAU4W8g,UgzokD-y9cqTYGYPO0F4AaABAg,Please how can I get this,internal_wall_insulation,installer_tradesperson,how_to_installation_demo,theme_question_request
8,4,2,19092,0.2708831687080219,1.0,ukgh7mrTd-Y,UgzWJu9O8P_JiNCc10B4AaABAg,How much is this?,solar_renewable_integration,installer_tradesperson,how_to_installation_demo,theme_question_request
8,4,3,3003,0.2708831687080219,1.0,EY77sPyVM2c,UgzMcMysyImMD4RYOq94AaABAg,How much is the PF?,heat_pump_heating_retrofit,installer_tradesperson,how_to_installation_demo,theme_question_request
8,4,4,15415,0.2708831687080219,1.0,P6rA-E-HmQ0,UgwCHor35FidVlGrelR4AaABAg,how much all???,solar_renewable_integration,installer_tradesperson,how_to_installation_demo,theme_question_request
8,4,5,553,0.2708831687080219,1.0,RlQjU6gQcFU,UgzOc6u9y_EY2bD40Zl4AaABAg,"So, that's how it done...? 😱",external_wall_insulation,installer_tradesperson,how_to_installation_demo,theme_question_request
8,4,6,41956,0.2708831687080219,1.0,hqFU3zjv-fs,Ugz1XqgYbjDVvLOiiLB4AaABAg,How much is it?,loft_roof_insulation,installer_tradesperson,problem_warning_mistakes,theme_question_request
8,4,7,1029,0.2708831687080219,1.0,MzSCf_LkyNw,Ugyb_WwCUCve7N2GIQl4AaABAg,How is he a gangster in paradise?,loft_roof_insulation,installer_tradesperson,how_to_installation_demo,theme_question_request
8,4,8,14918,0.2708831687080219,1.0,tyTT9jNfnc8,UgxtIHBXYrr9KJ1UgEp4AaABAg,How much? 😂😂😂😂😂😂,loft_roof_insulation,training_educational,problem_warning_mistakes,theme_question_request
8,4,9,1343,0.2708831687080219,1.0,mobbhOH5teg,UgzjtCX1HHkagVxbjQN4AaABAg,How can I get this.,external_wall_insulation,builder_contractor,how_to_installation_demo,theme_question_request
8,4,10,33839,0.2708831687080219,1.0,f9wxGMxavgM,UgwWAZaJVdfWgJuAiJt4AaABAg,How much for that system??? 😊,windows_doors_glazing,installer_tradesperson,how_to_installation_demo,theme_question_request
8,5,1,27723,0.0651050937764947,0.6090947228077047,qxtbHYf0OT0,UgzWJPqw9on7iBdBmI94AaABAg,"It appears that a lot of people in the world, here in the States and everywhere else around the globe, no one seems to realize that before there was gasoline, natural gas and oil to make those products from... that people did in fact have electric lights that were powered by engines somewhere around 1800 to 1810, in America... The history books they gave us back in grade school were wrong as hell and intentionally so! I mean, not all of it was made up but, the parts relating to any and all forms of energy, along with the places and dates are completely fabricated! THEY CHANGED EVERYTHING SO THAT POWER SOURCES COULD BE MONETIZED AND IN DOING SO, THEY WOULD ENSLAVE THE MASSES BY STRAPPING THEM INTO EARNING CASH IN ORDER TO SURVIVE! They sought to make the world a place where their money system would become more important to the people than God Himself! Yes, it was certainly the long game they were playing but, play it they did... very well I might add. Just look around, its not hard to see where we are these days! I'm not privy as to the exact time line on this part but, this system was in use well before their claim of the first city lit with electric lights in 1880 at a courthouse in Indiana, USA! This system actually has its roots in Europe & Russia and was brought over to the USA! So well before 1880 a significant amount of people, other than the Chinese, enjoyed electric lights at night because they actually had free electricity, pulled straight out of the Earth's atmosphere by using tall needle shaped antenna made of copper placed on the highest point of their structure, building or home. Street lights outside were wired to the closest building for power. DC current degrades over distance so, there was no need for any centralized power plants and sub stations or even a grid, like what we have today! which is prone to failure, etc.. anyhow, back to the free energy; Said copper antenna, if put high enough into the sky, would indeed pull a low voltage, roughly 9 volts dc. The taller the antenna, the higher the current... and if you look at old old pictures, the building were covered in these antenna! One building could have a dozen.. but most had 4 to 6.. while smaller places had but just one.. And they would use those antenna to power lights and probably other stuff that I haven't discovered as of yet.. I mean, Surely people would've made progress and we would still have tv's and shit like that today, it would just be based off low voltage dc power systems instead of high voltage alternating current. Like what we use today! The important part however, is said power would've been FREE! After the initial cost of setting it all up but... i digress... because in reality... If you get free energy, that also translates into, on the large scale, it means that PEOPLE are free to do as they please... with more of their lives being of their choosing and by their design! in other words; Free will, as its written in the Bible and afforded to us all by God! As for the fuel they were using, lol.. there was steam power to begin with ...and from there, the fuel source they used was just ordinary sea water, straight out of the oceans! They used electrolysis to break down the water molecules into their base elements and the only by-product from combustion was ... WATER! the salinity of the water makes it conductive so, they probably just added salt for those folks who lived inland. Again FREE ENERGY! AND THAT MY FRIEND, SIMPLY WON'T DO FOR THE BIG WIGS WHO THINK THEY'RE IN CHARGE... NO SIR! So they trashed that part of history and rewrote that shit to suit their needs while using the new world, the USA to solidify the experiment in history... And they did it that way because they could tell the immigrants who came over by the boat load, whatever they wanted to, especially since the new world was stolen ( by their armies ) and they had empty cities across an entire nation to fill as they were cleared out from east to west! That's right, the USA was Hijacked, town by town in one hell of a serious campaign! When it was over, a lot of cities that were already built, roads and railroads included! like New York, San Francisco, St. Augustine, Miami, Atlanta, and many many more were already here when they arrived. They were able to take them, either by force or just claimed them along the way because the previous inhabitance fled or were simply no longer there. So here they have this whole country and if they told the people what actually happened, the new society would be chaotic and more than likely unmanageable.. However, if they could get the powers back in Europe to concur to rewrite history ( his-story ) and sing along all kumbaya and shit, then the history they would write together would become solid gold, literally money in the bank and a new form of uncaged slaves could and would be created from this ungodly creation of theirs! The Vatican probably being at the center of it all... So as history would go, generation after generation of these new slaves are born for exploitation and are kept under their thumb....just as planned.... And for the most part, none would even realize what the hell was actually happening in time to do anything about it!! Which is where we all sit today! iF YOU'RE READING THIS AND THIS NEWS TO YOU, I HOPE YOU'RE STILL YOUNG ENOUGH TO MAKE TOMORROW A BETTER PLACE FOR YOUR CHILDREN... Because, it's too late for me... And they did all this in the name of progress, power and their own personal freedom ....however, if you disagree, you think I'm full of shit... then you tell me what money is, if its not a pair of handcuffs and a set of chains that bind you to their system of work your ass off week in and week out making just enough money to cover the bare necessities in life like, food and shelter and transportation so that you can work for them some more!?!? We all pay taxes, we all buy goods and they get the lion's share of every dollar from the whole planet! Just look at Blackrock, Vanguard and like one or two more ""entities"" and its just them who sit at the top of this pyramid scheme we call life on earth... See it for what it really is, its a fucking cage, its a jail cell and it only seems like you're free but, you're not... you're a slave, just like I am! They literally made money the center of attention while making sure that they would posses the majority of ALL the money, every dollar ~ around the entire globe! Then they would use said money, according to their plan, to in fact remain in control and to allow them to do whatever they want... like fly around in private jets while bitching and moaning about global warming and telling us that we need to use less fossil fuels, as they burn the shit faster than they can cut down the trees in the rain forests!.... are they fucking serious? The hypocrisy they sweat is mind blowing! We wouldn't even be using fossil fuels to start with, if it weren't for them! Every ounce of pollution in our atmosphere is literally their fault... and not only do they continue to cause pollution on the daily, they also wanna blame us for the vast majority of it... lol.. assclowns! They can fuck off! Fuck way the fuck off! Anyhow, my apologies, I didn't mean for that to run on and on like it did.. your video was great! The installation was cleaner than anything I've ever seen, even of my own work, I'm sad to say.. but I call'em as I see'em; good, bad or ugly... but, You Do Nice Work Man! KUDOS! I'll be borrowing some of the techniques I learned by watching your video... for sure! Again, my apology for the long winded life lesson I left in your comments, that was totally and honestly not anything close to what my intensions were to write.. IT JUST KINDA BURST FORTH... God Bless and keep up the good work!",heat_pump_heating_retrofit,installer_tradesperson,how_to_installation_demo,theme_question_request
8,5,2,7281,0.062475865211450786,0.704999357377087,rRqV8BHE8lY,UgzqQJlSaTK1AALLetx4AaABAg,"I just couldn't resist. I am building emergency system/ cost offset system. Plus considering prices I saw I am making one micro system as well. I bought 10.2 KW hybrid inverter white label SRNE model for 340 Euro. Then I have bought 48V 200AH Lifepo4 battey that's providing more than 10KWh. Battery has strangest format I have ever seen. It's not a golf cart battery format and its not a server rack battery. Its in the metal case and has M8 terminals. It has 200A BMS with the Bluetooth. It has small display and voltage is present on the terminals always it seems despite yhat there is an on button on the display. On a top it has another terminal that has to be for toys because cables is thin and connector is more like 75 to 100A size. First time I have seen battery like this. No communication port either. Promisses new A grade cells and its built in June last year. Battery came very cold and pretty empty. So empty that I have ordered overnight delivery of charger that I am not going to use after this. My inverter is still not in and all my chargers are meant for lower voltages. All that aside battery was a steal. 900 Euro. I am going to open it and check it out but it looks good for now and its 55Kg heavy. It has JBD BMS. Living in flats I can't have real solar arrey but I might be able to place small one on a small balcony. I can charge it from mains mainly and charge it in off peak hours plus help out tiny bit with the solar panels. Then use stored energy in battery for my main room in the peak cost hours. I bought all materials to wire everything properly. Everything will be waterproof and each group will have its own dustribution box and dedicated breakers. There will be solar disconnect and battery breaker as well. Main AC output Thats on its own rated to 10KW will have 3x16A 230V breakers and 3 wall outlets. Secondary AC output rated to but over 3KW will have 2x16A breakers and two outlets. I am getting a dual fuel generator (inverter clean power kind) to have an option of emergency charging if the grid is off. Even with y6he zero own power generation, it saves money and gives the UPS feature to my system. What ever comes from solar will be the plus. Then I got 30A MPPT 12/24V controler for free practically. I have had a small 12V pure sinus inverter that I had for light in case of emergency. So I saw 12V 150AH Lifepo4 battery for 163 Euro made by one of these companies that ""make"" those SRNE inverters and I have ordered it as well. So I have ordered two more solar panels of the same kind I got for the balcony and two more spares 😊 So yeah that will be a small backup power station for charging mobile devices or I could power my fiber optic router with it. I do not like those small boxes but when you get everything so cheap why not. Can't wait to get it all in and build it. Considering its winter and I live in rainy area I do not expect much from solar till the summertime comes. I wish I had roof or garden I would place a lot of nice pannel. I have found JL Solar 450 and 535Watt panels for cheap but they are huge. Also they deliver only per pallet. Pitty I do not have space for them. To achive needed voltage without boosters and not using micro inverters I had to go with small panels that cost way more per Watt. Still they were cheap and have high efficiency and density. But what ever they generate will be free.",solar_renewable_integration,training_educational,how_to_installation_demo,theme_practical_advice
8,5,3,21681,0.06189743881889728,0.7509773542221551,GnZIHwdO--0,Ugx2QT-ZYNjhIf822194AaABAg,"Hi, What I have gleamed from what you said it sounds like the battery, inverter, associated cabling and labour costs are £8,000. The battery for charges/discharges (cycles) lasts until it reaches the end of its useful life. I assume the inverter is guaranteed for at least ten years. I could have missed that bit, sorry. Will new technology likely come out soon to make the batteries last long or make them cheaper and inverter more reliable? I keep asking Octopus Energy if they just supply batteries with inverters (I assume these are called power walls?) I think we would have to buy solar panels too otherwise they would have replied by now. In the old days I used to get a more comprehensive reply but they are so massive now that they have set on a lot more of the less experienced people at the enquiries department over the last year or so. Still love the ethos of Octopus though and would never move away.😁",solar_renewable_integration,diy_renovator_homeowner,project_walkthrough,theme_question_request
8,5,4,13701,0.061380189454221454,0.800424969400748,Kz5JbXTo4rM,Ugw8HutIY_Epwgco-fd4AaABAg,"Really series or parallel on these sorts of panels, you need an isolator switch if there are surges which your panels either in series or parallel can connect to before going to your controller/regulator, then you send that to a display meter and then to your inverter. You really need separate isolator from the panel in case you can cut the power off and save your panels, and your other equipment straight away. Then having separate controller and then a meter for seeing watts, amps and voltage then going to your inverter you can manage and watch usage. If you use too much on panels you will draw too much power (watts) and your system will cut off. Of course from your regulator/controller you can attach a battery bank. Where you might use a complete box with isolator regulator/controller/display power meter and also inverter, is if you have a box in your home and it is three phase. You wouldn't use that much expense for single phase, and even then you wouldn't just have single phase in your home to run all your appliances incase the line failed, because if it fails, and your box which has everything in it gets broken, you have to buy the whole new box, rather than just the one part like isolator switch or controller or inverter, and it is best for thermo-dynamic application from solar being photon power, never to have a box with multiple use on the one device. It will explode. Even if it says it is safe, it isn't always in your home unless it is three phase, use separate parts to run different use, like separate isolator, regulator and inverter with your points, and of course keep your battery well away too on a separate part of your house, wired in three phase. Three phase is so important to take the full load of your home which anything over 10kwh system will need three phase, which totals 30kwh system. Even on a 10kwh battery and 10kw solar panel, have 30kw three phase electrical current in your home and wire the current in with one line neutral to earth one to negative and one to positive, never just have positive and negative on a big system, it is ok for smaller dc systems with small inverter under 2kw. On larger over 10kw systems if any problem happens the three phase will open up and the lightning strike will disperse throughout the three lines equally, breaking down 30kw into 10kw each and that will then reduce as one is grounded and one negative to the opposite of only 10kw your initial charge, which isn't deadly. You can pass a charge of 10kw with two grounds or one ground and one negative through your body.. but please don't try it that is a healthy person you might have congestion which will make it heart failure. Read more here: https://ewheelermedia.com/f/how-home-solar-works-never-use-an-all-in-one-box?blogcategory=Gadgets My website.",solar_renewable_integration,training_educational,practical_advice_explainer,theme_question_request
8,5,5,15254,0.06137544022237112,0.707190816789186,bOkQEFi55oU,UgzUkBNcPB_f0UDVU8Z4AaABAg,"I had a look at my house and did the measurements of how many solar panels I could fit, it's around 50 400 watt panels I could fit, this is including the garage which is quite big, but I could actually go further and use the garden fencing for solar panels, and to be fair, the house I live in is quite big. With a bit of creative use, I could build a big setup that is overkill for summer but very nice to have in winter, and being that the solar panels themselves are cheap, it makes a lot of sense to do so. Now if only we had dirt cheap battery tech that can store enough energy to last for weeks, I think I could go fully off grid then with that kind of setup, even in UK winters, because we do many days in winter of clear blue skies which with that kind of setup will deliver enough power to cover the house for many days, the main problem is not having a big enough battery storage, meaning in winter I would need to be grid tied even with that setup, if I could store the energy for weeks at a time, then there's a fair chance I wouldn't need to be connected to the grid, summer energy generating would be off the scale whereas winter energy, I would only need a few days of blue skies to really top up the batteries. God forbid if we actually see wind turbines that actually work well for local use, we hear the promise of it, but it doesn't deliver, at least not yet, if it does, that would complement solar very nicely in winter and nighttimes and then going off grid would be a lot easier on a much more modest battery setup, but for now, you really need to oversize your setup, both energy generating and battery storage for it to work, that could change over the next decade.",solar_renewable_integration,installer_tradesperson,project_walkthrough,theme_personal_experience
8,5,6,31035,0.06011371391228508,0.7441393755896769,ZruXLnqBd-Y,UgzoQ4uY8m7--vmbaDp4AaABAg,"Do you know anything about solar panels? I have 4 6volt batteries wired as one big 12 volt battery. I just charge them with a battery charger but would like to be able to charge with a solar panel in times when the power is out. I'm just not sure what to get. Those batteries are just used in the camper or when not in the camper in the house for backup power for small things, if the power is out for a long time then I fire my generator up but I would like to be able to charge with solar also. Just wondering?",solar_renewable_integration,training_educational,how_to_installation_demo,theme_question_request
8,5,7,41358,0.05997061027572294,1.0,uHAReQbcGvQ,UgzOU1toTUjw4mbebtN4AaABAg,"I started with solar 20 years ago with average panels around 250 watts/ panel. Now averaging 460 watt. Some larger commercial grade 500-700 watts per panel. Less panels are needed. The battery storage really makes the difference especially at night. I can charge my EV fully free if the sun is out and the batteries have some charge from the sun. Power companies love grid and home batteries as they do not have to dump or waste excess energy. The can keep wind turbines going even when low power demand as batteries are available. Hawaii is 30% renewable not because of government or power companies but private rooftop solar. Electricity on Maui 50 cents/kwh. Solar panels and batteries make for easy cash returns at those prices. Sell excess to grid. USA heading to microgrids vs macrogids now: less issue with total city power outages. Home Batteries are nice especially with outages. Powers your whole house. You never know when house switches to batteries. You can run air conditioning, everything. Residential wind turbines are more efficient than solar but you need to be in a windy area. I would love to have both but HOA’s have issues with small wind turbines",solar_renewable_integration,training_educational,how_to_installation_demo,theme_practical_advice
8,5,8,12753,0.05898209404560005,0.9542783174545767,1N_ZsLrfUJM,Ugw37ELSftOVU-tKkZl4AaABAg,"I dont get it when people try to justify a battery via cost. Lets assume a 10kwh battery costs 12k to install. Lets assume it is fully charged every day, which is unlikely. That means that you get 10kwh in a day. For me, 10kwh costs $2.21 inc GST. That is a saving of $806.65 per year. This means it would take 14.9 years to break even, well beyond the warranty and at best approaching, but more likely beyond the cost in the first place. That is before you get a feed in tarrif, in my case 10 cents per kwh. That means without a battery in this case I get a dollar per day back, so subtract $365 per year off the $806.65 saving, leaving a saving of $441.65 and taking over 27 years to break even. Now, if you want to virtue signal, you think you are helping the environment, just want to show off or live where power is patchy, go ahead, but my 5kw system cost $6k to install, I just hit the 12 month mark and have saved $1800 on the previous year and if I had $12k to spend on extra solar, it would be to triple the capacity of the panels, not waste money on a battery.",solar_renewable_integration,training_educational,practical_advice_explainer,theme_personal_experience
8,5,9,36073,0.05672106000532429,0.7530209313172161,2Apa2WcG9z0,UgyIkw0vcpMI9nbR4m94AaABAg,"I did a solar panel installation last year on my barn and like you did most of the work myself. I didn't really need a new roof, but I did refelt an rebaton my roof and reused most of my old slate and had to buy some reclaimed to swap out any damages. I installed 10 new panels and a used Tesla powerwall (just £500 on Facebook) and I am fairly happy with the power generated. The whole job, including the reroof cost me £5.3k, but I saved money on the install because I only relied on a qualified friend to actually make the connections and do all the certification for me for a small sum. The only downside is I have no warranty at this point. My first full year and my electricity bill for the year was £78, typically around £900, but I get a pretty bad deal when it comes to selling back my electricity, but I am locked in to my energy provider so will look at that again. I think my system will pay for itself in 7 or 8 years and that is with a huge chunk of the work DIYed, personally I think solar is overhyped and paying a professional might take too long to recover your money, possibly 15 years, that is if it is still working correctly.",solar_renewable_integration,diy_renovator_homeowner,how_to_installation_demo,theme_personal_experience
8,5,10,13687,0.05669605623869762,0.6835228579535163,Kz5JbXTo4rM,UgzcaRMgbDdL-3j21gp4AaABAg,"What if you have 5 panels, can you split them up on 3 and 2? or it has to evenly match the panels cut in half ?. i got 13.13A per panel and 31.61V, its either 31.61v and 65.65 Amps with a 70 Amp inverter or 158.05v and 13.13A with a 20 amp fuse, parallel im assuming its best to put a 15 amp fuse per panel, if i cant do 3 and 2, ill just do 2 and 2, in order to make it simple, i got 26.26A and 63.22Volt. I think i want to try the 2 and 2 series split parallel. What i was thinking since its on a 5 panel solar tracker, i want to power a 100A panel that a 60Amp breaker is feeding. I figured for the continuous loads like fridge and A/C/Furnace etc etc i could wire the 3 panels on series or parallel and same with the other 2, then 3 solar panels with 2-3 100 AH batteries hooked up to it powering one half of the house, and 2 solar panels and 2 batteries powering the other half of non-continuous house load. Id figure id need 2 inverters for that? Or do they sell inverters that can be wired to have 2 hots and a neutral ? I figured id need 2 inverters, one for the 3 and one for the 2 then with that ill have 2 hots, then have like a 30 amp and a 20 amp breaker feeding that 100 amp/60Amp panel, we are only gonna use like 25 amps or less per side. Maybe im over thinking it, but he wants to be able to shut main off and turn on the solar one when its being used and visa versa. Ill just do a 60amp disconnect at bottom of panel and power the casita from there and run the solar wires in there to swap them out when removing main breaker wires for solar. Im sure theres a better way. I figured i could just run my panel wires from the right side of inverter ( gen lighting ) to a 50-100 main Amp disconnect that carries wires to the other 60 amp disconnect to unhook main power and hook solar when needed to that 60 amp breaker to power the casita, he has a module but wasnt turning DC into AC, but he didnt have an inverter hooked up to the battery, would that be a reason why he was not getting he power to AC? This is a lot, doubt you reply, ill keep on reading.",solar_renewable_integration,training_educational,practical_advice_explainer,theme_question_request
8,6,1,11555,0.2578881985468344,1.0,w6wo2URorG4,UgwTJXtYT8CzfCAqmFx4AaABAg,"As always, great video!",heat_pump_heating_retrofit,builder_contractor,problem_warning_mistakes,theme_practical_advice
8,6,2,3448,0.2578881985468344,1.0,jYNufQVIFfA,UgxUq-MVpFxzwQN6yMN4AaABAg,Great video as always 👍,damp_condensation_moisture,builder_contractor,problem_warning_mistakes,theme_practical_advice
8,6,3,31058,0.2578881985468344,1.0,C5lPpLUw-Ts,Ugwr2Msi9gMhtiGW-kx4AaABAg,Great video as always!!,external_wall_insulation,diy_renovator_homeowner,how_to_installation_demo,theme_practical_advice
8,6,4,26493,0.22748127305656068,1.0,9jRpO_kKgJM,UgzKSTff0h8q76aIy4N4AaABAg,"As always, great video, thanks so much.",smart_heating_controls,training_educational,how_to_installation_demo,theme_practical_advice
8,6,5,18304,0.19579732740577832,1.0,LL6YhT_HkIY,UgxNfEVefVeIAleh-794AaABAg,Top video as always 👍👍,heat_pump_heating_retrofit,installer_tradesperson,how_to_installation_demo,theme_practical_advice
8,6,6,4129,0.1940625251724937,1.0,1mJkjrwxdP4,Ugz6JPHkBE55sXDz4p14AaABAg,Great video. Is that polished metal one?,smart_heating_controls,training_educational,how_to_installation_demo,theme_question_request
8,6,7,16203,0.19211871651165388,0.6900579418778274,uv75G4ed2dw,UgxmU03x2_v_GF23LIF4AaABAg,Another great video. Have you said what your first name is?,heat_pump_heating_retrofit,diy_renovator_homeowner,project_walkthrough,theme_question_request
8,6,8,17216,0.19040720248742812,1.0,NuBYWUFiuww,UgzgM48EDlJ1_Kff5e14AaABAg,"I always keep the screws for reusing, great video thanks",windows_doors_glazing,installer_tradesperson,how_to_installation_demo,theme_practical_advice
8,6,9,5046,0.1809598366708422,0.9907733181631024,irytqcJZSps,UgyT5ygyZNogFrYAKwh4AaABAg,Great video thanks. So do you have to remove the plaster first?,damp_condensation_moisture,builder_contractor,problem_warning_mistakes,theme_question_request
8,6,10,26284,0.17353503946721385,1.0,7dhfqmm_c2M,UgyuVIXwSGh5HU9KhNp4AaABAg,Ps. Great video & thanks. It highlights the problem.,cavity_wall_insulation,installer_tradesperson,how_to_installation_demo,theme_safety_risk_warning
8,7,1,24953,0.23110483476509233,1.0,GZAce6iz2gg,Ugz9lgNYahQVKq1u3Ed4AaABAg,why brazing and not stabrite8??,heat_pump_heating_retrofit,installer_tradesperson,how_to_installation_demo,theme_question_request
8,7,2,28552,0.20740279834723369,1.0,bKTsLHSS7i4,UgycH5xlYvdPoVmODsx4AaABAg,Don't do it.,heat_pump_heating_retrofit,diy_renovator_homeowner,problem_warning_mistakes,theme_practical_advice
8,7,3,26270,0.20740279834723369,1.0,pvUA6iFJKy8,Ugx0m3fprRWNNSLzA8J4AaABAg,Don't do it,damp_condensation_moisture,diy_renovator_homeowner,how_to_installation_demo,theme_practical_advice
8,7,4,18162,0.20740279834723369,1.0,H51FYrDR5xs,UgzvA4lqcqrhpH69mkF4AaABAg,Don't give up,damp_condensation_moisture,diy_renovator_homeowner,project_walkthrough,theme_practical_advice
8,7,5,35374,0.20740279834723369,1.0,I7GD0MB8SzY,Ugw4Op9DpB6qYC0gKR54AaABAg,£525 ... not £325!,floor_insulation,diy_renovator_homeowner,how_to_installation_demo,theme_cost_finance
8,7,6,35714,0.20740279834723369,1.0,FXXgjvOJcYI,UgxKnQ6BWW4LleMUhh14AaABAg,I don't undertand.,airtightness_draught_proofing,training_educational,practical_advice_explainer,theme_practical_advice
8,7,7,1210,0.20740279834723369,1.0,kwVleBvWH64,Ugwf2E-xTzn2NPKSE9B4AaABAg,Fire or not,ventilation_mvhr,builder_contractor,how_to_installation_demo,theme_safety_risk_warning
8,7,8,3160,0.18265476747027776,1.0,xcAwujfTN64,Ugy0GVd7YA0P_q9aqkx4AaABAg,Why install from top to bottom? Why not bottom to top????,solar_renewable_integration,installer_tradesperson,how_to_installation_demo,theme_question_request
8,7,9,1744,0.16903125638839406,0.9657243359021589,4-6KqpUoM3g,UgwiBUdxt1dHW5Ap6Kx4AaABAg,Why not use a calkline?,airtightness_draught_proofing,installer_tradesperson,how_to_installation_demo,theme_question_request
8,7,10,2820,0.1685534018138811,0.922674318552724,GhAKMAcmJFg,UgyO8b5aQVaog0ElQrt4AaABAg,why aren't you boris's heating tzar yet?,heat_pump_heating_retrofit,builder_contractor,practical_advice_explainer,theme_question_request
8,8,1,5110,0.19608349924301954,1.0,jKiXJOX4ol8,UgxwhEvjXdkzouWG22l4AaABAg,Do you also have a heat pump?,solar_renewable_integration,installer_tradesperson,how_to_installation_demo,theme_question_request
8,8,2,31740,0.17660396108015936,1.0,fh_KDoj2Qm8,UgyYhjQHQxQiclZiGD14AaABAg,"Heat pump At 50c! , you need to rethink that one.",heat_pump_heating_retrofit,training_educational,how_to_installation_demo,theme_practical_advice
8,8,3,41658,0.15878259724355195,0.7277572218519027,QLGANlbqIFY,UgyHPCFH1wQ5Y9osiXN4AaABAg,There seem to be two heat pumps out the front. What is the second heat pump for?,heat_pump_heating_retrofit,training_educational,project_walkthrough,theme_question_request
8,8,4,28746,0.14018785988715948,1.0,xOUBlKTynes,UgzokSIQDFqfOrCzZTh4AaABAg,Get a quote for a heat pump: https://tech.referrals.octopus.energy/uOYXOG2p,heat_pump_heating_retrofit,installer_tradesperson,how_to_installation_demo,theme_cost_finance
8,8,5,22581,0.13531595028776017,0.7941990324290189,qmWRN3Ob1Po,UgzKJJAHgWprZndih1x4AaABAg,I don't have the funds for this heat pump solution or do I have the space.,heat_pump_heating_retrofit,training_educational,how_to_installation_demo,theme_practical_advice
8,8,6,24893,0.13073313135398087,1.0,Hyv_vQEvHgo,Ugy_h-jUZMVmv9eM0qF4AaABAg,Is it a heat storage heat pump boiler?,heat_pump_heating_retrofit,diy_renovator_homeowner,how_to_installation_demo,theme_question_request
8,8,7,33336,0.12804582172965728,0.6209881008683258,lpRNEcK3fGA,Ugwh4X9U_q8zY2bjC_l4AaABAg,How noisy is your heat pump?,heat_pump_heating_retrofit,installer_tradesperson,how_to_installation_demo,theme_question_request
8,8,8,38984,0.12715034410714832,1.0,0oDLwBZurp8,UgzBS1s0mT8OG-pJbGd4AaABAg,Are you showing the installation of the heat pump?,whole_house_deep_retrofit,builder_contractor,project_walkthrough,theme_question_request
8,8,9,38980,0.12435679669945014,1.0,0oDLwBZurp8,UgxX1c5x8CcJ3RIBB6N4AaABAg,Do you have a heat pump episode?,whole_house_deep_retrofit,builder_contractor,project_walkthrough,theme_question_request
8,8,10,41794,0.12425385846139064,1.0,MUGaC890lJ8,UgyaGaVI25InQbK3IUd4AaABAg,So a heat pump comes pre installed? Also are all heat pump heaters electric?,heat_pump_heating_retrofit,installer_tradesperson,how_to_installation_demo,theme_question_request
10,1,1,2129,0.09861542859821602,1.0,dIPM5yk2u38,UgxDBm2E0cM3Ff05O6h4AaABAg,I have one for insulation!,airtightness_draught_proofing,installer_tradesperson,how_to_installation_demo,theme_energy_performance
10,1,2,1136,0.09861542859821602,1.0,MzSCf_LkyNw,Ugy-u5O1GuWuYQSdmVp4AaABAg,Insulation thief. 😂,loft_roof_insulation,installer_tradesperson,how_to_installation_demo,theme_energy_performance
10,1,3,26808,0.09861542859821602,1.0,fm11vZii5Es,Ugyg1_I19Ehy5_gYI5R4AaABAg,200mm insulation - blimey,loft_roof_insulation,builder_contractor,how_to_installation_demo,theme_energy_performance
10,1,4,33151,0.07550762267146459,1.0,y3g4Vpec1_M,Ugzd1eOwGHTinM8FjOV4AaABAg,Is that a 300mm wall and 100mm insulation?,damp_condensation_moisture,builder_contractor,how_to_installation_demo,theme_question_request
10,1,5,18021,0.06845023716991457,0.9942630013345758,H51FYrDR5xs,Ugx7Z1UkNwGRUKOEJ3R4AaABAg,"14:40on the inside you can seal the stone work off with a 1"" air gap for drying, then insulation and Vapour Barrier . you connect the air gap all the way up to the attic vented space . the coating to the inside of the stone walls needs to be removed at least mostly removed anyways. that wall needs to have a gap that actually is vented top and bottom. you can probably vent the bottom inside air gap to the outside thru the stone wall. the outside wall needs to be a rain screen, then the insulation and attic is the dry heated conditioned space.",damp_condensation_moisture,diy_renovator_homeowner,project_walkthrough,theme_practical_advice
10,1,6,37306,0.06545646074870566,0.5317024003857591,Lc2D5U4DJew,UgxbWQiZbNopN3zp-wp4AaABAg,"Hi Steve, loving the videos. I am learning quite a bit about vapour barriers and insulation. The only part that confuses me is where to vapour barrier the wall? I'm making a garden room with a warm roof where the osb for the roof will have a sticky vapour barrier applied on top, followed by insulation and then another later of osb on top as you explain in many of your videos. I will be tucking in the insulation in between the joists under the osb on top of the wall as you explain. My question is if i use a barrier on the inside of the wall and take this over the insulation between the joists (where it's been 'tucked'), what would i do about the joist? if i tape around the joints could there still be a dew point inside the joists themselves due to thermal bridging? will air movement pass through the joists (the wood itself) and pass laterally through the osb? is this even an issue I should be concerned about?",loft_roof_insulation,installer_tradesperson,problem_warning_mistakes,theme_question_request
10,1,7,39271,0.06395269895327184,1.0,3tfqdP68umQ,UgwEHSQyJJhbqwv039Z4AaABAg,Be careful fitting cavity wall insulation. It can ruin a house with damp and mould. (The insulation carries moisture from the wet external bricks across the void and into the internal walls). There is a company near me that used to specialise in cavity wall insulation but now the specialise in cavity wall insulation removal! Internal wall insulation can help but the damp air will condense somewhere. Keep windows slightly open. Extractor fans. Create less steam during cooking if possible.,internal_wall_insulation,diy_renovator_homeowner,how_to_installation_demo,theme_damp_moisture_condensation
10,1,8,10343,0.06345876125783828,0.8396514096685116,QnFoiUXr4h4,UgyhdmUa1T2hEmPStt94AaABAg,"Im renovating our basement now, the wall framing and insulation is dry and no mold at all. And thats with a vapor barrier. The floor had vapor barrier on the concrete, then 5cm insulation. A lot of water there, so we're doing 10cm xps, then vapor barrier, then 5cm xps with concrete on top. That'll fix the floor issues. But should i put vapour barrier on the walls as well then since its worked fine in the existing walls for 40 years? We're putting up wooden panels again, since it's better than drywall in moist enviroments. Only difference is that we wont put up the black paper stuff behind the wood. just a 2cm air gap with a thick layer of asphalt stuff under the wood so its not in direct contact with the concrete.",damp_condensation_moisture,training_educational,practical_advice_explainer,theme_question_request
10,1,9,34074,0.06291168662212274,0.7134638872344166,EOAm2mlzfTg,UgzSrXD_XNCWAhmZXa14AaABAg,"Thank you for the very helpful introduction, I'm in the process of renovating a timber framed house from the 1980's. The general construction principle seems to be a ventilated living space (ceiling level vents through the outer walls, vents in the window frames and vents in the floor space) with a vapour barrier in the ceiling but no barrier in the walls (50mm glass fibre, 12mm marine ply, outer tropical hardwood T+G cladding). They got that wrong - there are more roof level vents than floor level, so there's no chance of creating a proper updraft, especially if doors were closed, and of course the barrier had plenty of perforations for cables and light fittings. It has been 'renovated' in the past, which consisted of adding what a pitched roof (which appears to be unventilated) over a flat root - which is probably bitumen roofing felt (I've not cut through the aluminium sheet below the felt, YET!). The void below the aluminium sheet was filled with 150mm glass fibre insulation and this void was unventilated, although somehow there had been a rodent infestation (mice, judging from the droppings, not recent) in at least part of this space. The ceiling was 12mm plasterboard with an aluminium vapour barrier on the top face and a nice coating of Artex on the ceiling surface (professionally tested and being handled appropriately based on the contents found). On the basis that the flat roof is unventilated I propose to treat it as a 'warm roof', reinstalling PIR insulation, probably 100mm between the rafters and taping all the joints along the bottom face of the joists. I intend to leave a void below the aluminium panel although its impossible to ventilate along the 'eaves'. The new ceiling will be installed on battens leaving a space below the insulation for cabling and luminaires installed into the ceiling material. I intend to replace the wall insulation with PIR, then a layer of breathable membrane, then horizontal battening, creating a wall void for installation of services, then the wall surface material. All the windows are being replaced with new units, all with trickle ventilation. I'm also intending to install a positive input ventilation system, drawing air from the loft space. In your opinion, does this sound like a sound approach?",damp_condensation_moisture,builder_contractor,how_to_installation_demo,theme_question_request
10,1,10,12005,0.062759539558824,1.0,i41oW85zPm8,UgyS5fJ3thy0N5H4x2p4AaABAg,Couldnt you put 20mm insulation on top for a warm roof then the 120mm under the osb and seal that in with no air gap?,loft_roof_insulation,builder_contractor,practical_advice_explainer,theme_energy_performance
10,2,1,31075,0.24454720498069518,1.0,C5lPpLUw-Ts,UgxB5hdL70bOwrRX3cV4AaABAg,SPRAY FOAM! 😉🤣,external_wall_insulation,diy_renovator_homeowner,how_to_installation_demo,theme_product_material_tool
10,2,2,34498,0.24454720498069518,1.0,tUWJTF9nyaQ,UgxtCcp6ToRsN4-kzzF4AaABAg,SPRAY FOAM IS A RIPOFF!,loft_roof_insulation,builder_contractor,problem_warning_mistakes,theme_product_material_tool
10,2,3,9907,0.24454720498069518,1.0,9OFpzKn0cq4,UgxWncWZz4ymf4GMPll4AaABAg,😂 spray foam bandit struck again!,loft_roof_insulation,diy_renovator_homeowner,problem_warning_mistakes,theme_product_material_tool
10,2,4,17746,0.22280338238624256,1.0,5ScJj0YlUAM,UgwSfM5zgyKhjzB0CVZ4AaABAg,Spray foam man. SPRAY FOAM!!,loft_roof_insulation,installer_tradesperson,practical_advice_explainer,theme_product_material_tool
10,2,5,19045,0.2186914622345683,0.9928698489948298,_RQ9S1u7ag4,UgxN6dpbyQdfHRNkTvZ4AaABAg,Time for closecell spray foam,airtightness_draught_proofing,diy_renovator_homeowner,how_to_installation_demo,theme_product_material_tool
10,2,6,34575,0.21347420990327529,1.0,tUWJTF9nyaQ,UgwbOF_qfUV7Yoap6UJ4AaABAg,"Spray foam, got it.",loft_roof_insulation,builder_contractor,problem_warning_mistakes,theme_product_material_tool
10,2,7,36373,0.20472873500352545,1.0,Genu_Plnp2M,UgwHMTSiKmcIANPqAz54AaABAg,i thought spray foam was hazardeous?,airtightness_draught_proofing,installer_tradesperson,how_to_installation_demo,theme_product_material_tool
10,2,8,29990,0.18611842526359235,1.0,AADAMH0TRQU,Ugz53GrW4sOGctMr6Cp4AaABAg,I hate spray foam.,loft_roof_insulation,training_educational,how_to_installation_demo,theme_product_material_tool
10,2,9,598,0.18562942814824354,0.9993329628570489,ZInm0mt0pXQ,Ugw94E9kmzTPcMAjDhl4AaABAg,That spray foam is going to leave you bankrupt😂,external_wall_insulation,builder_contractor,how_to_installation_demo,theme_product_material_tool
10,2,10,714,0.1786636347396675,1.0,ZInm0mt0pXQ,UgxLoIvtsq_MID0z9fZ4AaABAg,That foam 🤦,external_wall_insulation,builder_contractor,how_to_installation_demo,theme_product_material_tool
10,3,1,41834,0.2794167521034611,1.0,5q4S12q9m7E,UgyPM135UqEGLSydq7x4AaABAg,What about VanEE ? 6:59 7:02,ventilation_mvhr,installer_tradesperson,how_to_installation_demo,theme_question_request
10,3,2,32268,0.2794167521034611,1.0,s93KLWSSZMk,UgxenGicZ5s-MrYIaUZ4AaABAg,What is your HNC in please?,smart_heating_controls,builder_contractor,how_to_installation_demo,theme_question_request
10,3,3,29861,0.2794167521034611,1.0,OWALq8C5Wkg,UgyXKweO6Gil5bqGWB94AaABAg,what is this?,smart_heating_controls,installer_tradesperson,how_to_installation_demo,theme_question_request
10,3,4,12662,0.2794167521034611,1.0,1N_ZsLrfUJM,UgxX27bbHjPQsGfIrvN4AaABAg,What about Hauwei?,solar_renewable_integration,training_educational,practical_advice_explainer,theme_question_request
10,3,5,955,0.2794167521034611,1.0,J0e6fuIiuic,Ugy8Aj5z8hnwfwd3Lp14AaABAg,What is this?,heat_pump_heating_retrofit,installer_tradesperson,how_to_installation_demo,theme_question_request
10,3,6,956,0.2794167521034611,1.0,J0e6fuIiuic,UgwwJa2zyGA6_UrLC7B4AaABAg,What is this..?,heat_pump_heating_retrofit,installer_tradesperson,how_to_installation_demo,theme_question_request
10,3,7,30091,0.2794167521034611,1.0,bYnBAisrVGQ,UgzHSl37pfiSyyAg9fl4AaABAg,what is this?,smart_heating_controls,installer_tradesperson,how_to_installation_demo,theme_question_request
10,3,8,1044,0.2794167521034611,1.0,MzSCf_LkyNw,Ugzd6fNkwW1vg3wwyB14AaABAg,Now what ?,loft_roof_insulation,installer_tradesperson,how_to_installation_demo,theme_question_request
10,3,9,1099,0.2794167521034611,1.0,MzSCf_LkyNw,UgygAw6h-iNJ4w8Zo8l4AaABAg,And then what? 🧐🤨,loft_roof_insulation,installer_tradesperson,how_to_installation_demo,theme_question_request
10,3,10,3135,0.2794167521034611,1.0,xcAwujfTN64,UgzdkqsymdISnDR8YNh4AaABAg,What’s the ig?,solar_renewable_integration,installer_tradesperson,how_to_installation_demo,theme_question_request
10,4,1,172,0.2840942315920594,1.0,UUalCAU4W8g,UgzokD-y9cqTYGYPO0F4AaABAg,Please how can I get this,internal_wall_insulation,installer_tradesperson,how_to_installation_demo,theme_question_request
10,4,2,1029,0.2840942315920594,1.0,MzSCf_LkyNw,Ugyb_WwCUCve7N2GIQl4AaABAg,How is he a gangster in paradise?,loft_roof_insulation,installer_tradesperson,how_to_installation_demo,theme_question_request
10,4,3,19092,0.2840942315920594,1.0,ukgh7mrTd-Y,UgzWJu9O8P_JiNCc10B4AaABAg,How much is this?,solar_renewable_integration,installer_tradesperson,how_to_installation_demo,theme_question_request
10,4,4,33839,0.2840942315920594,1.0,f9wxGMxavgM,UgwWAZaJVdfWgJuAiJt4AaABAg,How much for that system??? 😊,windows_doors_glazing,installer_tradesperson,how_to_installation_demo,theme_question_request
10,4,5,15415,0.2840942315920594,1.0,P6rA-E-HmQ0,UgwCHor35FidVlGrelR4AaABAg,how much all???,solar_renewable_integration,installer_tradesperson,how_to_installation_demo,theme_question_request
10,4,6,14918,0.2840942315920594,1.0,tyTT9jNfnc8,UgxtIHBXYrr9KJ1UgEp4AaABAg,How much? 😂😂😂😂😂😂,loft_roof_insulation,training_educational,problem_warning_mistakes,theme_question_request
10,4,7,3003,0.2840942315920594,1.0,EY77sPyVM2c,UgzMcMysyImMD4RYOq94AaABAg,How much is the PF?,heat_pump_heating_retrofit,installer_tradesperson,how_to_installation_demo,theme_question_request
10,4,8,41956,0.2840942315920594,1.0,hqFU3zjv-fs,Ugz1XqgYbjDVvLOiiLB4AaABAg,How much is it?,loft_roof_insulation,installer_tradesperson,problem_warning_mistakes,theme_question_request
10,4,9,1343,0.2840942315920594,1.0,mobbhOH5teg,UgzjtCX1HHkagVxbjQN4AaABAg,How can I get this.,external_wall_insulation,builder_contractor,how_to_installation_demo,theme_question_request
10,4,10,30595,0.2840942315920594,1.0,UFQrJ_okXBg,UgwwOoTTEp_TAgGUEJx4AaABAg,how do i do that,smart_heating_controls,installer_tradesperson,how_to_installation_demo,theme_question_request
10,5,1,5110,0.18374666466845987,1.0,jKiXJOX4ol8,UgxwhEvjXdkzouWG22l4AaABAg,Do you also have a heat pump?,solar_renewable_integration,installer_tradesperson,how_to_installation_demo,theme_question_request
10,5,2,31740,0.16567673868572255,1.0,fh_KDoj2Qm8,UgyYhjQHQxQiclZiGD14AaABAg,"Heat pump At 50c! , you need to rethink that one.",heat_pump_heating_retrofit,training_educational,how_to_installation_demo,theme_practical_advice
10,5,3,41658,0.14904488827389334,0.7119375472260888,QLGANlbqIFY,UgyHPCFH1wQ5Y9osiXN4AaABAg,There seem to be two heat pumps out the front. What is the second heat pump for?,heat_pump_heating_retrofit,training_educational,project_walkthrough,theme_question_request
10,5,4,28746,0.1314135871884595,1.0,xOUBlKTynes,UgzokSIQDFqfOrCzZTh4AaABAg,Get a quote for a heat pump: https://tech.referrals.octopus.energy/uOYXOG2p,heat_pump_heating_retrofit,installer_tradesperson,how_to_installation_demo,theme_cost_finance
10,5,5,22581,0.1246746889916547,0.7491218371741232,qmWRN3Ob1Po,UgzKJJAHgWprZndih1x4AaABAg,I don't have the funds for this heat pump solution or do I have the space.,heat_pump_heating_retrofit,training_educational,how_to_installation_demo,theme_practical_advice
10,5,6,24893,0.12348312013947807,1.0,Hyv_vQEvHgo,Ugy_h-jUZMVmv9eM0qF4AaABAg,Is it a heat storage heat pump boiler?,heat_pump_heating_retrofit,diy_renovator_homeowner,how_to_installation_demo,theme_question_request
10,5,7,33336,0.12034454339329281,0.5922407978557178,lpRNEcK3fGA,Ugwh4X9U_q8zY2bjC_l4AaABAg,How noisy is your heat pump?,heat_pump_heating_retrofit,installer_tradesperson,how_to_installation_demo,theme_question_request
10,5,8,38984,0.11924748469122629,0.9939610566024742,0oDLwBZurp8,UgzBS1s0mT8OG-pJbGd4AaABAg,Are you showing the installation of the heat pump?,whole_house_deep_retrofit,builder_contractor,project_walkthrough,theme_question_request
10,5,9,41794,0.1168849865342326,1.0,MUGaC890lJ8,UgyaGaVI25InQbK3IUd4AaABAg,So a heat pump comes pre installed? Also are all heat pump heaters electric?,heat_pump_heating_retrofit,installer_tradesperson,how_to_installation_demo,theme_question_request
10,5,10,38980,0.11651788452374401,1.0,0oDLwBZurp8,UgxX1c5x8CcJ3RIBB6N4AaABAg,Do you have a heat pump episode?,whole_house_deep_retrofit,builder_contractor,project_walkthrough,theme_question_request
10,6,1,11555,0.2683456265735053,1.0,w6wo2URorG4,UgwTJXtYT8CzfCAqmFx4AaABAg,"As always, great video!",heat_pump_heating_retrofit,builder_contractor,problem_warning_mistakes,theme_practical_advice
10,6,2,3448,0.2683456265735053,1.0,jYNufQVIFfA,UgxUq-MVpFxzwQN6yMN4AaABAg,Great video as always 👍,damp_condensation_moisture,builder_contractor,problem_warning_mistakes,theme_practical_advice
10,6,3,31058,0.2683456265735053,1.0,C5lPpLUw-Ts,Ugwr2Msi9gMhtiGW-kx4AaABAg,Great video as always!!,external_wall_insulation,diy_renovator_homeowner,how_to_installation_demo,theme_practical_advice
10,6,4,26493,0.2363478227614901,1.0,9jRpO_kKgJM,UgzKSTff0h8q76aIy4N4AaABAg,"As always, great video, thanks so much.",smart_heating_controls,training_educational,how_to_installation_demo,theme_practical_advice
10,6,5,18304,0.2031612965607969,1.0,LL6YhT_HkIY,UgxNfEVefVeIAleh-794AaABAg,Top video as always 👍👍,heat_pump_heating_retrofit,installer_tradesperson,how_to_installation_demo,theme_practical_advice
10,6,6,4129,0.20184437277938713,1.0,1mJkjrwxdP4,Ugz6JPHkBE55sXDz4p14AaABAg,Great video. Is that polished metal one?,smart_heating_controls,training_educational,how_to_installation_demo,theme_question_request
10,6,7,16203,0.20013567092687226,0.6949961228487707,uv75G4ed2dw,UgxmU03x2_v_GF23LIF4AaABAg,Another great video. Have you said what your first name is?,heat_pump_heating_retrofit,diy_renovator_homeowner,project_walkthrough,theme_question_request
10,6,8,17216,0.19780609077515132,1.0,NuBYWUFiuww,UgzgM48EDlJ1_Kff5e14AaABAg,"I always keep the screws for reusing, great video thanks",windows_doors_glazing,installer_tradesperson,how_to_installation_demo,theme_practical_advice
10,6,9,5046,0.18799660652564623,0.9899207714952752,irytqcJZSps,UgyT5ygyZNogFrYAKwh4AaABAg,Great video thanks. So do you have to remove the plaster first?,damp_condensation_moisture,builder_contractor,problem_warning_mistakes,theme_question_request
10,6,10,26284,0.18034915259579443,1.0,7dhfqmm_c2M,UgyuVIXwSGh5HU9KhNp4AaABAg,Ps. Great video & thanks. It highlights the problem.,cavity_wall_insulation,installer_tradesperson,how_to_installation_demo,theme_safety_risk_warning
10,7,1,22718,0.3057427379151626,1.0,fK7xyDSxa0I,UgxxJsugpvJjguyChw94AaABAg,Why only 70 ?,smart_heating_controls,installer_tradesperson,practical_advice_explainer,theme_question_request
10,7,2,9200,0.3057427379151626,1.0,xc_BbbMi1cg,UgyWpt6yP-b24FRX8E14AaABAg,why all the curses?,heat_pump_heating_retrofit,diy_renovator_homeowner,practical_advice_explainer,theme_question_request
10,7,3,31887,0.3057427379151626,1.0,5t9PwXUV3SA,Ugxzk1Jco9ZeRdgKFeJ4AaABAg,Why the blurring?,heat_pump_heating_retrofit,installer_tradesperson,how_to_installation_demo,theme_question_request
10,7,4,24953,0.2752289470967718,0.7504717597907822,GZAce6iz2gg,Ugz9lgNYahQVKq1u3Ed4AaABAg,why brazing and not stabrite8??,heat_pump_heating_retrofit,installer_tradesperson,how_to_installation_demo,theme_question_request
10,7,5,3160,0.27298222714163917,0.90858842949035,xcAwujfTN64,Ugy0GVd7YA0P_q9aqkx4AaABAg,Why install from top to bottom? Why not bottom to top????,solar_renewable_integration,installer_tradesperson,how_to_installation_demo,theme_question_request
10,7,6,20832,0.2355730496366056,0.6531224075354418,hjlVL4sgqKw,UgwKQKhdT-Cjp1e8fAV4AaABAg,boring! why video?,heat_pump_heating_retrofit,training_educational,practical_advice_explainer,theme_question_request
10,7,7,2200,0.23495996800480193,0.8070834692888874,dIPM5yk2u38,Ugz2OCm1uBHmEzfgj594AaABAg,why the cone off insulation,airtightness_draught_proofing,installer_tradesperson,how_to_installation_demo,theme_energy_performance
10,7,8,2820,0.22636034013849834,0.7875776565822268,GhAKMAcmJFg,UgyO8b5aQVaog0ElQrt4AaABAg,why aren't you boris's heating tzar yet?,heat_pump_heating_retrofit,builder_contractor,practical_advice_explainer,theme_question_request
10,7,9,1744,0.2188481964797999,0.8200137743926896,4-6KqpUoM3g,UgwiBUdxt1dHW5Ap6Kx4AaABAg,Why not use a calkline?,airtightness_draught_proofing,installer_tradesperson,how_to_installation_demo,theme_question_request
10,7,10,10293,0.2150532739962256,0.8441988321794012,RwHD7D6avyQ,UgyhpFciQr-6gDv2TXB4AaABAg,Why not do this why not do that?,floor_insulation,builder_contractor,how_to_installation_demo,theme_question_request
10,8,1,21681,0.10353455371569799,0.8229893586187564,GnZIHwdO--0,Ugx2QT-ZYNjhIf822194AaABAg,"Hi, What I have gleamed from what you said it sounds like the battery, inverter, associated cabling and labour costs are £8,000. The battery for charges/discharges (cycles) lasts until it reaches the end of its useful life. I assume the inverter is guaranteed for at least ten years. I could have missed that bit, sorry. Will new technology likely come out soon to make the batteries last long or make them cheaper and inverter more reliable? I keep asking Octopus Energy if they just supply batteries with inverters (I assume these are called power walls?) I think we would have to buy solar panels too otherwise they would have replied by now. In the old days I used to get a more comprehensive reply but they are so massive now that they have set on a lot more of the less experienced people at the enquiries department over the last year or so. Still love the ethos of Octopus though and would never move away.😁",solar_renewable_integration,diy_renovator_homeowner,project_walkthrough,theme_question_request
10,8,2,7281,0.1005655904618085,0.7092527277677103,rRqV8BHE8lY,UgzqQJlSaTK1AALLetx4AaABAg,"I just couldn't resist. I am building emergency system/ cost offset system. Plus considering prices I saw I am making one micro system as well. I bought 10.2 KW hybrid inverter white label SRNE model for 340 Euro. Then I have bought 48V 200AH Lifepo4 battey that's providing more than 10KWh. Battery has strangest format I have ever seen. It's not a golf cart battery format and its not a server rack battery. Its in the metal case and has M8 terminals. It has 200A BMS with the Bluetooth. It has small display and voltage is present on the terminals always it seems despite yhat there is an on button on the display. On a top it has another terminal that has to be for toys because cables is thin and connector is more like 75 to 100A size. First time I have seen battery like this. No communication port either. Promisses new A grade cells and its built in June last year. Battery came very cold and pretty empty. So empty that I have ordered overnight delivery of charger that I am not going to use after this. My inverter is still not in and all my chargers are meant for lower voltages. All that aside battery was a steal. 900 Euro. I am going to open it and check it out but it looks good for now and its 55Kg heavy. It has JBD BMS. Living in flats I can't have real solar arrey but I might be able to place small one on a small balcony. I can charge it from mains mainly and charge it in off peak hours plus help out tiny bit with the solar panels. Then use stored energy in battery for my main room in the peak cost hours. I bought all materials to wire everything properly. Everything will be waterproof and each group will have its own dustribution box and dedicated breakers. There will be solar disconnect and battery breaker as well. Main AC output Thats on its own rated to 10KW will have 3x16A 230V breakers and 3 wall outlets. Secondary AC output rated to but over 3KW will have 2x16A breakers and two outlets. I am getting a dual fuel generator (inverter clean power kind) to have an option of emergency charging if the grid is off. Even with y6he zero own power generation, it saves money and gives the UPS feature to my system. What ever comes from solar will be the plus. Then I got 30A MPPT 12/24V controler for free practically. I have had a small 12V pure sinus inverter that I had for light in case of emergency. So I saw 12V 150AH Lifepo4 battery for 163 Euro made by one of these companies that ""make"" those SRNE inverters and I have ordered it as well. So I have ordered two more solar panels of the same kind I got for the balcony and two more spares 😊 So yeah that will be a small backup power station for charging mobile devices or I could power my fiber optic router with it. I do not like those small boxes but when you get everything so cheap why not. Can't wait to get it all in and build it. Considering its winter and I live in rainy area I do not expect much from solar till the summertime comes. I wish I had roof or garden I would place a lot of nice pannel. I have found JL Solar 450 and 535Watt panels for cheap but they are huge. Also they deliver only per pallet. Pitty I do not have space for them. To achive needed voltage without boosters and not using micro inverters I had to go with small panels that cost way more per Watt. Still they were cheap and have high efficiency and density. But what ever they generate will be free.",solar_renewable_integration,training_educational,how_to_installation_demo,theme_practical_advice
10,8,3,41358,0.09914257053026268,0.9594783708232284,uHAReQbcGvQ,UgzOU1toTUjw4mbebtN4AaABAg,"I started with solar 20 years ago with average panels around 250 watts/ panel. Now averaging 460 watt. Some larger commercial grade 500-700 watts per panel. Less panels are needed. The battery storage really makes the difference especially at night. I can charge my EV fully free if the sun is out and the batteries have some charge from the sun. Power companies love grid and home batteries as they do not have to dump or waste excess energy. The can keep wind turbines going even when low power demand as batteries are available. Hawaii is 30% renewable not because of government or power companies but private rooftop solar. Electricity on Maui 50 cents/kwh. Solar panels and batteries make for easy cash returns at those prices. Sell excess to grid. USA heading to microgrids vs macrogids now: less issue with total city power outages. Home Batteries are nice especially with outages. Powers your whole house. You never know when house switches to batteries. You can run air conditioning, everything. Residential wind turbines are more efficient than solar but you need to be in a windy area. I would love to have both but HOA’s have issues with small wind turbines",solar_renewable_integration,training_educational,how_to_installation_demo,theme_practical_advice
10,8,4,31035,0.09778218012286996,0.7684698338268928,ZruXLnqBd-Y,UgzoQ4uY8m7--vmbaDp4AaABAg,"Do you know anything about solar panels? I have 4 6volt batteries wired as one big 12 volt battery. I just charge them with a battery charger but would like to be able to charge with a solar panel in times when the power is out. I'm just not sure what to get. Those batteries are just used in the camper or when not in the camper in the house for backup power for small things, if the power is out for a long time then I fire my generator up but I would like to be able to charge with solar also. Just wondering?",solar_renewable_integration,training_educational,how_to_installation_demo,theme_question_request
10,8,5,15254,0.09765167929496593,0.7103734463947137,bOkQEFi55oU,UgzUkBNcPB_f0UDVU8Z4AaABAg,"I had a look at my house and did the measurements of how many solar panels I could fit, it's around 50 400 watt panels I could fit, this is including the garage which is quite big, but I could actually go further and use the garden fencing for solar panels, and to be fair, the house I live in is quite big. With a bit of creative use, I could build a big setup that is overkill for summer but very nice to have in winter, and being that the solar panels themselves are cheap, it makes a lot of sense to do so. Now if only we had dirt cheap battery tech that can store enough energy to last for weeks, I think I could go fully off grid then with that kind of setup, even in UK winters, because we do many days in winter of clear blue skies which with that kind of setup will deliver enough power to cover the house for many days, the main problem is not having a big enough battery storage, meaning in winter I would need to be grid tied even with that setup, if I could store the energy for weeks at a time, then there's a fair chance I wouldn't need to be connected to the grid, summer energy generating would be off the scale whereas winter energy, I would only need a few days of blue skies to really top up the batteries. God forbid if we actually see wind turbines that actually work well for local use, we hear the promise of it, but it doesn't deliver, at least not yet, if it does, that would complement solar very nicely in winter and nighttimes and then going off grid would be a lot easier on a much more modest battery setup, but for now, you really need to oversize your setup, both energy generating and battery storage for it to work, that could change over the next decade.",solar_renewable_integration,installer_tradesperson,project_walkthrough,theme_personal_experience
10,8,6,13701,0.09682038058916785,0.7135081645653397,Kz5JbXTo4rM,Ugw8HutIY_Epwgco-fd4AaABAg,"Really series or parallel on these sorts of panels, you need an isolator switch if there are surges which your panels either in series or parallel can connect to before going to your controller/regulator, then you send that to a display meter and then to your inverter. You really need separate isolator from the panel in case you can cut the power off and save your panels, and your other equipment straight away. Then having separate controller and then a meter for seeing watts, amps and voltage then going to your inverter you can manage and watch usage. If you use too much on panels you will draw too much power (watts) and your system will cut off. Of course from your regulator/controller you can attach a battery bank. Where you might use a complete box with isolator regulator/controller/display power meter and also inverter, is if you have a box in your home and it is three phase. You wouldn't use that much expense for single phase, and even then you wouldn't just have single phase in your home to run all your appliances incase the line failed, because if it fails, and your box which has everything in it gets broken, you have to buy the whole new box, rather than just the one part like isolator switch or controller or inverter, and it is best for thermo-dynamic application from solar being photon power, never to have a box with multiple use on the one device. It will explode. Even if it says it is safe, it isn't always in your home unless it is three phase, use separate parts to run different use, like separate isolator, regulator and inverter with your points, and of course keep your battery well away too on a separate part of your house, wired in three phase. Three phase is so important to take the full load of your home which anything over 10kwh system will need three phase, which totals 30kwh system. Even on a 10kwh battery and 10kw solar panel, have 30kw three phase electrical current in your home and wire the current in with one line neutral to earth one to negative and one to positive, never just have positive and negative on a big system, it is ok for smaller dc systems with small inverter under 2kw. On larger over 10kw systems if any problem happens the three phase will open up and the lightning strike will disperse throughout the three lines equally, breaking down 30kw into 10kw each and that will then reduce as one is grounded and one negative to the opposite of only 10kw your initial charge, which isn't deadly. You can pass a charge of 10kw with two grounds or one ground and one negative through your body.. but please don't try it that is a healthy person you might have congestion which will make it heart failure. Read more here: https://ewheelermedia.com/f/how-home-solar-works-never-use-an-all-in-one-box?blogcategory=Gadgets My website.",solar_renewable_integration,training_educational,practical_advice_explainer,theme_question_request
10,8,7,33746,0.09648630242361798,0.9748497624656223,Y7WNb0hAY1M,UgxoKx53aGs412p0Vep4AaABAg,i would defo go electric heating if it was £1000 max i was quoted 4300 i have 3 bed house aslo i have solar panels got them end of 2024 12 455w panels 6 front 6 back of house also have 20kw total batteries to me years to save for my solar,heat_pump_heating_retrofit,installer_tradesperson,how_to_installation_demo,theme_cost_finance
10,8,8,27723,0.09626175779303535,0.5588779562418361,qxtbHYf0OT0,UgzWJPqw9on7iBdBmI94AaABAg,"It appears that a lot of people in the world, here in the States and everywhere else around the globe, no one seems to realize that before there was gasoline, natural gas and oil to make those products from... that people did in fact have electric lights that were powered by engines somewhere around 1800 to 1810, in America... The history books they gave us back in grade school were wrong as hell and intentionally so! I mean, not all of it was made up but, the parts relating to any and all forms of energy, along with the places and dates are completely fabricated! THEY CHANGED EVERYTHING SO THAT POWER SOURCES COULD BE MONETIZED AND IN DOING SO, THEY WOULD ENSLAVE THE MASSES BY STRAPPING THEM INTO EARNING CASH IN ORDER TO SURVIVE! They sought to make the world a place where their money system would become more important to the people than God Himself! Yes, it was certainly the long game they were playing but, play it they did... very well I might add. Just look around, its not hard to see where we are these days! I'm not privy as to the exact time line on this part but, this system was in use well before their claim of the first city lit with electric lights in 1880 at a courthouse in Indiana, USA! This system actually has its roots in Europe & Russia and was brought over to the USA! So well before 1880 a significant amount of people, other than the Chinese, enjoyed electric lights at night because they actually had free electricity, pulled straight out of the Earth's atmosphere by using tall needle shaped antenna made of copper placed on the highest point of their structure, building or home. Street lights outside were wired to the closest building for power. DC current degrades over distance so, there was no need for any centralized power plants and sub stations or even a grid, like what we have today! which is prone to failure, etc.. anyhow, back to the free energy; Said copper antenna, if put high enough into the sky, would indeed pull a low voltage, roughly 9 volts dc. The taller the antenna, the higher the current... and if you look at old old pictures, the building were covered in these antenna! One building could have a dozen.. but most had 4 to 6.. while smaller places had but just one.. And they would use those antenna to power lights and probably other stuff that I haven't discovered as of yet.. I mean, Surely people would've made progress and we would still have tv's and shit like that today, it would just be based off low voltage dc power systems instead of high voltage alternating current. Like what we use today! The important part however, is said power would've been FREE! After the initial cost of setting it all up but... i digress... because in reality... If you get free energy, that also translates into, on the large scale, it means that PEOPLE are free to do as they please... with more of their lives being of their choosing and by their design! in other words; Free will, as its written in the Bible and afforded to us all by God! As for the fuel they were using, lol.. there was steam power to begin with ...and from there, the fuel source they used was just ordinary sea water, straight out of the oceans! They used electrolysis to break down the water molecules into their base elements and the only by-product from combustion was ... WATER! the salinity of the water makes it conductive so, they probably just added salt for those folks who lived inland. Again FREE ENERGY! AND THAT MY FRIEND, SIMPLY WON'T DO FOR THE BIG WIGS WHO THINK THEY'RE IN CHARGE... NO SIR! So they trashed that part of history and rewrote that shit to suit their needs while using the new world, the USA to solidify the experiment in history... And they did it that way because they could tell the immigrants who came over by the boat load, whatever they wanted to, especially since the new world was stolen ( by their armies ) and they had empty cities across an entire nation to fill as they were cleared out from east to west! That's right, the USA was Hijacked, town by town in one hell of a serious campaign! When it was over, a lot of cities that were already built, roads and railroads included! like New York, San Francisco, St. Augustine, Miami, Atlanta, and many many more were already here when they arrived. They were able to take them, either by force or just claimed them along the way because the previous inhabitance fled or were simply no longer there. So here they have this whole country and if they told the people what actually happened, the new society would be chaotic and more than likely unmanageable.. However, if they could get the powers back in Europe to concur to rewrite history ( his-story ) and sing along all kumbaya and shit, then the history they would write together would become solid gold, literally money in the bank and a new form of uncaged slaves could and would be created from this ungodly creation of theirs! The Vatican probably being at the center of it all... So as history would go, generation after generation of these new slaves are born for exploitation and are kept under their thumb....just as planned.... And for the most part, none would even realize what the hell was actually happening in time to do anything about it!! Which is where we all sit today! iF YOU'RE READING THIS AND THIS NEWS TO YOU, I HOPE YOU'RE STILL YOUNG ENOUGH TO MAKE TOMORROW A BETTER PLACE FOR YOUR CHILDREN... Because, it's too late for me... And they did all this in the name of progress, power and their own personal freedom ....however, if you disagree, you think I'm full of shit... then you tell me what money is, if its not a pair of handcuffs and a set of chains that bind you to their system of work your ass off week in and week out making just enough money to cover the bare necessities in life like, food and shelter and transportation so that you can work for them some more!?!? We all pay taxes, we all buy goods and they get the lion's share of every dollar from the whole planet! Just look at Blackrock, Vanguard and like one or two more ""entities"" and its just them who sit at the top of this pyramid scheme we call life on earth... See it for what it really is, its a fucking cage, its a jail cell and it only seems like you're free but, you're not... you're a slave, just like I am! They literally made money the center of attention while making sure that they would posses the majority of ALL the money, every dollar ~ around the entire globe! Then they would use said money, according to their plan, to in fact remain in control and to allow them to do whatever they want... like fly around in private jets while bitching and moaning about global warming and telling us that we need to use less fossil fuels, as they burn the shit faster than they can cut down the trees in the rain forests!.... are they fucking serious? The hypocrisy they sweat is mind blowing! We wouldn't even be using fossil fuels to start with, if it weren't for them! Every ounce of pollution in our atmosphere is literally their fault... and not only do they continue to cause pollution on the daily, they also wanna blame us for the vast majority of it... lol.. assclowns! They can fuck off! Fuck way the fuck off! Anyhow, my apologies, I didn't mean for that to run on and on like it did.. your video was great! The installation was cleaner than anything I've ever seen, even of my own work, I'm sad to say.. but I call'em as I see'em; good, bad or ugly... but, You Do Nice Work Man! KUDOS! I'll be borrowing some of the techniques I learned by watching your video... for sure! Again, my apology for the long winded life lesson I left in your comments, that was totally and honestly not anything close to what my intensions were to write.. IT JUST KINDA BURST FORTH... God Bless and keep up the good work!",heat_pump_heating_retrofit,installer_tradesperson,how_to_installation_demo,theme_question_request
10,8,9,12753,0.09500113268905354,0.8181614160926982,1N_ZsLrfUJM,Ugw37ELSftOVU-tKkZl4AaABAg,"I dont get it when people try to justify a battery via cost. Lets assume a 10kwh battery costs 12k to install. Lets assume it is fully charged every day, which is unlikely. That means that you get 10kwh in a day. For me, 10kwh costs $2.21 inc GST. That is a saving of $806.65 per year. This means it would take 14.9 years to break even, well beyond the warranty and at best approaching, but more likely beyond the cost in the first place. That is before you get a feed in tarrif, in my case 10 cents per kwh. That means without a battery in this case I get a dollar per day back, so subtract $365 per year off the $806.65 saving, leaving a saving of $441.65 and taking over 27 years to break even. Now, if you want to virtue signal, you think you are helping the environment, just want to show off or live where power is patchy, go ahead, but my 5kw system cost $6k to install, I just hit the 12 month mark and have saved $1800 on the previous year and if I had $12k to spend on extra solar, it would be to triple the capacity of the panels, not waste money on a battery.",solar_renewable_integration,training_educational,practical_advice_explainer,theme_personal_experience
10,8,10,36088,0.09428435216598234,0.9973135972629971,2Apa2WcG9z0,UgxyU0KFXSOF7y1Z-tp4AaABAg,"Looks like the LuxPower is DC coupled to the batteries, which has pros and cons. Main Pro: far less complicated hardware install and no conversion loss sending DC from solar into batteries Main Con: you're limited to the 3.68kw total combined from solar and battery, so if your house is drawing more than that on a sunny day your batteries are no help and you'll be importing from the grid. With an AC-coupled battery (which has its own built in inverter), it's usually more expensive, and you lose some energy in the conversion from DC -> AC -> DC but the advantage is that you can have both the 3.68kw from the solar _plus_ whatever the AC battery inverter can supply. We've had solar for a few years, and I'm still in two minds about battery storage. WFH so day time usage is higher than most, but with the unit cost going up I batteries are becoming a smarter investment even as an add-on to an existing PV installation.",solar_renewable_integration,diy_renovator_homeowner,how_to_installation_demo,theme_cost_finance
10,9,1,26270,0.25330916408198856,0.9733879779561064,pvUA6iFJKy8,Ugx0m3fprRWNNSLzA8J4AaABAg,Don't do it,damp_condensation_moisture,diy_renovator_homeowner,how_to_installation_demo,theme_practical_advice
10,9,2,35714,0.25330916408198856,0.9733879779561064,FXXgjvOJcYI,UgxKnQ6BWW4LleMUhh14AaABAg,I don't undertand.,airtightness_draught_proofing,training_educational,practical_advice_explainer,theme_practical_advice
10,9,3,18162,0.25330916408198856,0.9733879779561064,H51FYrDR5xs,UgzvA4lqcqrhpH69mkF4AaABAg,Don't give up,damp_condensation_moisture,diy_renovator_homeowner,project_walkthrough,theme_practical_advice
10,9,4,1210,0.25330916408198856,0.9733879779561064,kwVleBvWH64,Ugwf2E-xTzn2NPKSE9B4AaABAg,Fire or not,ventilation_mvhr,builder_contractor,how_to_installation_demo,theme_safety_risk_warning
10,9,5,35374,0.25330916408198856,0.9733879779561064,I7GD0MB8SzY,Ugw4Op9DpB6qYC0gKR54AaABAg,£525 ... not £325!,floor_insulation,diy_renovator_homeowner,how_to_installation_demo,theme_cost_finance
10,9,6,28552,0.25330916408198856,0.9733879779561064,bKTsLHSS7i4,UgycH5xlYvdPoVmODsx4AaABAg,Don't do it.,heat_pump_heating_retrofit,diy_renovator_homeowner,problem_warning_mistakes,theme_practical_advice
10,9,7,22003,0.1757553679095741,0.9952305955846321,U-hVUczzlL4,UgwQN_WLDXlT3g4YY8l4AaABAg,"So, it doesn’t work.",ventilation_mvhr,diy_renovator_homeowner,how_to_installation_demo,theme_skepticism_critique
10,9,8,14600,0.13906774618681325,0.9961484717508521,Oz8WcD385cY,UgynE4pLLFZTk9oKPwl4AaABAg,That cheap plastic doesn't work.,airtightness_draught_proofing,diy_renovator_homeowner,problem_warning_mistakes,theme_cost_finance
10,9,9,35898,0.1379032758489419,0.5465124640351945,sSDytAtzk0U,Ugw9-GMM3dFgzlQ0LyJ4AaABAg,"You said it does not work with 4 wires but I did not see you install a 5th wire and it works, why is that? Thanks",smart_heating_controls,installer_tradesperson,how_to_installation_demo,theme_question_request
10,9,10,13816,0.1376550521787884,0.9591809202664799,NoEnHZ8OyCM,Ugyb8hR6FCYARmZt_Pt4AaABAg,Don’t fck with me. Does this work?,smart_heating_controls,installer_tradesperson,problem_warning_mistakes,theme_question_request
10,10,1,3139,0.2953372727251004,1.0,xcAwujfTN64,UgygrArH5LZjgJMLFoV4AaABAg,Where is your harnesses?,solar_renewable_integration,installer_tradesperson,how_to_installation_demo,theme_question_request
10,10,2,1371,0.2953372727251004,1.0,co7pKcoVJu0,Ugx90JcjMB9bAQmTir94AaABAg,Where can I get this,external_wall_insulation,diy_renovator_homeowner,how_to_installation_demo,theme_question_request
10,10,3,2109,0.2953372727251004,1.0,dIPM5yk2u38,Ugy6cCrz3mtjy5Jzynd4AaABAg,Where do you bui it ?,airtightness_draught_proofing,installer_tradesperson,how_to_installation_demo,theme_question_request
10,10,4,2289,0.2953372727251004,1.0,kGXwcm6_ZMU,UgxzBh6-BLYgK_4sEEN4AaABAg,where can i get that vape,damp_condensation_moisture,builder_contractor,problem_warning_mistakes,theme_question_request
10,10,5,33840,0.2953372727251004,1.0,yiov8ZpIF2U,UgwKe7iISSTMDKtXzHF4AaABAg,Where do you get this from?,windows_doors_glazing,diy_renovator_homeowner,problem_warning_mistakes,theme_question_request
10,10,6,27112,0.2953372727251004,1.0,JcTgSwtljcY,Ugykmq0tqJiz3D4Iz1V4AaABAg,Where can we get one?,ventilation_mvhr,diy_renovator_homeowner,how_to_installation_demo,theme_question_request
10,10,7,17431,0.2953372727251004,1.0,XPSkyecmmEE,UgxbzF6R2zfjbbtqkTV4AaABAg,Where do you get this???,airtightness_draught_proofing,diy_renovator_homeowner,how_to_installation_demo,theme_question_request
10,10,8,34239,0.2953372727251004,1.0,P87qeSIxKT0,UgymUaNJ8Z2KoTqBiOZ4AaABAg,Where is part 3 ?,loft_roof_insulation,builder_contractor,how_to_installation_demo,theme_question_request
10,10,9,2348,0.2953372727251004,1.0,kGXwcm6_ZMU,Ugy1CY_OeJEHLsKOWBd4AaABAg,Where do you get that smoker at?,damp_condensation_moisture,builder_contractor,problem_warning_mistakes,theme_question_request
10,10,10,29578,0.2953372727251004,1.0,IT_Eme9XSl8,UgwPniLllC1G_NYMnKR4AaABAg,"""Eve-neen"". Where's the ing? I call anyone who 'eens' their ing's, eeners.",ventilation_mvhr,diy_renovator_homeowner,how_to_installation_demo,theme_question_request
12,1,1,27723,0.04958354001293225,0.3755076439782162,qxtbHYf0OT0,UgzWJPqw9on7iBdBmI94AaABAg,"It appears that a lot of people in the world, here in the States and everywhere else around the globe, no one seems to realize that before there was gasoline, natural gas and oil to make those products from... that people did in fact have electric lights that were powered by engines somewhere around 1800 to 1810, in America... The history books they gave us back in grade school were wrong as hell and intentionally so! I mean, not all of it was made up but, the parts relating to any and all forms of energy, along with the places and dates are completely fabricated! THEY CHANGED EVERYTHING SO THAT POWER SOURCES COULD BE MONETIZED AND IN DOING SO, THEY WOULD ENSLAVE THE MASSES BY STRAPPING THEM INTO EARNING CASH IN ORDER TO SURVIVE! They sought to make the world a place where their money system would become more important to the people than God Himself! Yes, it was certainly the long game they were playing but, play it they did... very well I might add. Just look around, its not hard to see where we are these days! I'm not privy as to the exact time line on this part but, this system was in use well before their claim of the first city lit with electric lights in 1880 at a courthouse in Indiana, USA! This system actually has its roots in Europe & Russia and was brought over to the USA! So well before 1880 a significant amount of people, other than the Chinese, enjoyed electric lights at night because they actually had free electricity, pulled straight out of the Earth's atmosphere by using tall needle shaped antenna made of copper placed on the highest point of their structure, building or home. Street lights outside were wired to the closest building for power. DC current degrades over distance so, there was no need for any centralized power plants and sub stations or even a grid, like what we have today! which is prone to failure, etc.. anyhow, back to the free energy; Said copper antenna, if put high enough into the sky, would indeed pull a low voltage, roughly 9 volts dc. The taller the antenna, the higher the current... and if you look at old old pictures, the building were covered in these antenna! One building could have a dozen.. but most had 4 to 6.. while smaller places had but just one.. And they would use those antenna to power lights and probably other stuff that I haven't discovered as of yet.. I mean, Surely people would've made progress and we would still have tv's and shit like that today, it would just be based off low voltage dc power systems instead of high voltage alternating current. Like what we use today! The important part however, is said power would've been FREE! After the initial cost of setting it all up but... i digress... because in reality... If you get free energy, that also translates into, on the large scale, it means that PEOPLE are free to do as they please... with more of their lives being of their choosing and by their design! in other words; Free will, as its written in the Bible and afforded to us all by God! As for the fuel they were using, lol.. there was steam power to begin with ...and from there, the fuel source they used was just ordinary sea water, straight out of the oceans! They used electrolysis to break down the water molecules into their base elements and the only by-product from combustion was ... WATER! the salinity of the water makes it conductive so, they probably just added salt for those folks who lived inland. Again FREE ENERGY! AND THAT MY FRIEND, SIMPLY WON'T DO FOR THE BIG WIGS WHO THINK THEY'RE IN CHARGE... NO SIR! So they trashed that part of history and rewrote that shit to suit their needs while using the new world, the USA to solidify the experiment in history... And they did it that way because they could tell the immigrants who came over by the boat load, whatever they wanted to, especially since the new world was stolen ( by their armies ) and they had empty cities across an entire nation to fill as they were cleared out from east to west! That's right, the USA was Hijacked, town by town in one hell of a serious campaign! When it was over, a lot of cities that were already built, roads and railroads included! like New York, San Francisco, St. Augustine, Miami, Atlanta, and many many more were already here when they arrived. They were able to take them, either by force or just claimed them along the way because the previous inhabitance fled or were simply no longer there. So here they have this whole country and if they told the people what actually happened, the new society would be chaotic and more than likely unmanageable.. However, if they could get the powers back in Europe to concur to rewrite history ( his-story ) and sing along all kumbaya and shit, then the history they would write together would become solid gold, literally money in the bank and a new form of uncaged slaves could and would be created from this ungodly creation of theirs! The Vatican probably being at the center of it all... So as history would go, generation after generation of these new slaves are born for exploitation and are kept under their thumb....just as planned.... And for the most part, none would even realize what the hell was actually happening in time to do anything about it!! Which is where we all sit today! iF YOU'RE READING THIS AND THIS NEWS TO YOU, I HOPE YOU'RE STILL YOUNG ENOUGH TO MAKE TOMORROW A BETTER PLACE FOR YOUR CHILDREN... Because, it's too late for me... And they did all this in the name of progress, power and their own personal freedom ....however, if you disagree, you think I'm full of shit... then you tell me what money is, if its not a pair of handcuffs and a set of chains that bind you to their system of work your ass off week in and week out making just enough money to cover the bare necessities in life like, food and shelter and transportation so that you can work for them some more!?!? We all pay taxes, we all buy goods and they get the lion's share of every dollar from the whole planet! Just look at Blackrock, Vanguard and like one or two more ""entities"" and its just them who sit at the top of this pyramid scheme we call life on earth... See it for what it really is, its a fucking cage, its a jail cell and it only seems like you're free but, you're not... you're a slave, just like I am! They literally made money the center of attention while making sure that they would posses the majority of ALL the money, every dollar ~ around the entire globe! Then they would use said money, according to their plan, to in fact remain in control and to allow them to do whatever they want... like fly around in private jets while bitching and moaning about global warming and telling us that we need to use less fossil fuels, as they burn the shit faster than they can cut down the trees in the rain forests!.... are they fucking serious? The hypocrisy they sweat is mind blowing! We wouldn't even be using fossil fuels to start with, if it weren't for them! Every ounce of pollution in our atmosphere is literally their fault... and not only do they continue to cause pollution on the daily, they also wanna blame us for the vast majority of it... lol.. assclowns! They can fuck off! Fuck way the fuck off! Anyhow, my apologies, I didn't mean for that to run on and on like it did.. your video was great! The installation was cleaner than anything I've ever seen, even of my own work, I'm sad to say.. but I call'em as I see'em; good, bad or ugly... but, You Do Nice Work Man! KUDOS! I'll be borrowing some of the techniques I learned by watching your video... for sure! Again, my apology for the long winded life lesson I left in your comments, that was totally and honestly not anything close to what my intensions were to write.. IT JUST KINDA BURST FORTH... God Bless and keep up the good work!",heat_pump_heating_retrofit,installer_tradesperson,how_to_installation_demo,theme_question_request
12,1,2,39049,0.04915789930777952,0.9487158890837277,YhGoeR4Q4tM,UgwZttjW9va6kBQ2_0d4AaABAg,can you do our house please?,loft_roof_insulation,diy_renovator_homeowner,how_to_installation_demo,theme_question_request
12,1,3,32195,0.04915789930777952,0.9487158890837277,OKuaURXqQ0E,UgwReZewjkvadJIbke14AaABAg,Is that my house?,airtightness_draught_proofing,builder_contractor,how_to_installation_demo,theme_question_request
12,1,4,3784,0.04915789930777952,0.9487158890837277,jYNufQVIFfA,Ugy-_4queRzKwpWlR5V4AaABAg,I do everything myself on my house 🏘️,damp_condensation_moisture,builder_contractor,problem_warning_mistakes,theme_personal_experience
12,1,5,34559,0.04915789930777952,0.9487158890837277,tUWJTF9nyaQ,Ugx2GeQyv1bg8RBflNB4AaABAg,I have it at my house and it’s divine,loft_roof_insulation,builder_contractor,problem_warning_mistakes,theme_personal_experience
12,1,6,28332,0.04668638554862415,0.4233339173530942,wWWfFER9Spw,UgwyyazPuBTBWbioWHV4AaABAg,"Ron, thanks for directing me to this video. This is going to be very helpful on my old house. I'm a carpenter up in Maine. Been pounding nails for 47 years but all but the first 5 years has been commercial building, maintenance and repairs. I know big commercial steam heating systems fairly well but not residential and especially radiant. We have a 1000 square foot, 500 feet per floor, old house that has pretty good insulation in it that we heat with a pellet stove, and it works well. I'm not getting any younger, almost 66, and I want a more automatic system, but I don't want to put fin tube is as our rooms are very small so it's hard to keep the furniture away from the walls. Radiant is the way to go for me. One of my nephews is building a new house right now and he put in radiant. I can't believe how well it works. I had never seen it before. I'm sold on it. I just can't afford to do it the way it is ""supposed"" to be done so I'm looking for alternatives. I figure if you did it this way before and it didn't work you wouldn't be doing it again. Next, I'm going to watch your inwall system video. I have been thinking about that for the second floor. Pannel rads are way too expensive for me. BTW, I buy a lot from supplyhouse.com too and have been for years.",heat_pump_heating_retrofit,installer_tradesperson,how_to_installation_demo,theme_practical_advice
12,1,7,41554,0.04636241649034211,0.5857052822335026,DSCWGAE1BVQ,UgyEr3kEMzMtSXpYN3B4AaABAg,"I will say as a pretty competent DIYer mainly focused on carpentry you have to understand the tissue backed pir might look good on a spec sheet and I've never used it but my assumption is people don't want to use it for a few reasons 1. It's going to be a nightmare to put in without ripping or breaking and that suvirely decreases the insulations thermal performance 2 then imagine you get it in and any moisture not just water gets to it even the slightest condensation it's going to be ruined and make a big mess. 3 at the end of the day the tradesperson has to 'back' the work they do and might not be comfortable using a new or cheap product that's is inferior because if something goes wrong they have to take the time and spend they're money to fix it when we have had insulations that work fine for over a hundred years. Just my two cents as someone who does alot of this stuff for themself. I certainly see the value in not doing a job twice because I cheaped out or tried to use a 'new' way to do something. I as you might have guessed live in a 100 year old house and it is true what they say they don't build things like they used to. But with that also is important to see the downsides such as asbestos in artex among other things that are not used anymore because of health and safety, So there is also that nothing is perfect.",general_energy_retrofit,training_educational,practical_advice_explainer,theme_practical_advice
12,1,8,18191,0.04626666689818239,0.8732877712651099,H51FYrDR5xs,UgxbltX3RPJMufK8sRR4AaABAg,"I understand the desire to preserve history and renew an old house but with projects like this I always wonder if this isn't just a way to torture yourself. Starting over and building a new house with all the latest building innovations would be so much cheaper, faster, less stressful and provide such a better living experience. I don't know. We all see the world differently and that's a good thing.",damp_condensation_moisture,diy_renovator_homeowner,project_walkthrough,theme_practical_advice
12,1,9,38928,0.04547243372392154,0.49878680848167695,0oDLwBZurp8,UgxP6uxNG7W-Rm6JPLB4AaABAg,"Hitchhiked around New Zealand in the late-80s. Took a while to get around both islands. At that time Kiwis weren't really running over each other to pick up strangers. Which means I had some extended stays. Ended up in Nelson on three occasions. One time, a lovely old lady recommended I rent a sea kayak and check out Abel Tasman National Park. So I did. A friend and I showed up to rent kayaks in Kaiteriteri, expecting some training, maybe a few safety tips. A map. Nope. ""Have you ever kayaked before?"" ""Did some canoeing. On a lake. At an amusement park. Lots of goose poop."" ""No worries. Three things: Watch the tide, beware of the headland weather, and avoid big waves."" They took our driver's licenses for collateral- and to notify next of kin- and our cash. Then they battened us into the kayaks and shoved us into the Tasman Sea. Dreaming about camping on the beach in Wainui Bay, steaming some freshly plucked green lipped mussels with wine and garlic, we didn't watch the tide as the headland became more distant and the waves grew bigger. Six hours later, arms cramping and well on our way to Australia, we were saved by a pod of dolphins (long story) who were much more willing to help out strangers than many a Kiwi driver (the cat guy from North Palmerston is the exception). Only in New Zealand would an old woman recommend renting a sea kayak. Maybe she wanted to knock off a couple Yanks. I'm leaning towards she wanted me to see- and appreciate- her amazing country. If she did, it worked. Would move there in a heartbeat. These days I'm a builder in the Pacific NW. We insulate things. And the new energy codes require us to insulate things even more. As folks have commented below, there is a difference between R values you're using and those in Canada and the US, so I won't get into that. I think your video raises a larger point, though. Most builders here in the US will probably feel the same: code requirements have increased substantially over the last decade and building costs have gone way up. And, for the most part, the one has begat the other. Some of the requirements are justified. No doubt some are for the better. I've seen enough of how old houses were built to not always get a nostalgic twinkle in my eye for the good ol' days and those noble craftsmen of yore. But I think some people are looking in the wrong place to lay the blame. Some complain about the government demanding all this stuff. But most of the codes here are written by the industry; they have created their own necessity. For example, Simpson Strong-tie writes up the structural numbers engineers use to calculate all the stresses on a house. And, not coincidentally, they also manufacture all the hardware you'll need to make sure all those calcs work out, and, therefore, all the metal you're required to install on a house. It's the same with most materials; engineered lumber, insulation- you name it. The Latin expression of ""Who benefits?"" can be answered by everyone. Except homeowners. Industry is happy; more joist hangers, more wood, more money. Engineers are happy; more structural notes, more billable hours, more money. Cities are happy; more permit costs, more inspections, more money. Builders are happy; more justification to throw more things into a house, more money. Homeowners are not so happy; more money. Just some thoughts. Curious where you're at in New Zealand. Watching your videos, my sense is you're at that moment right before things go nuts.",whole_house_deep_retrofit,builder_contractor,project_walkthrough,theme_question_request
12,1,10,30036,0.04533164061332904,0.47130624332632487,VwUjkSjllPs,UgyGFi__CiNiZ1ETS1B4AaABAg,Could you show how door and Windows opening are done in this system? I’m really curious as i have an 1945 house I would like to insulate this way,external_wall_insulation,builder_contractor,how_to_installation_demo,theme_question_request
12,2,1,31075,0.23970959290526792,1.0,C5lPpLUw-Ts,UgxB5hdL70bOwrRX3cV4AaABAg,SPRAY FOAM! 😉🤣,external_wall_insulation,diy_renovator_homeowner,how_to_installation_demo,theme_product_material_tool
12,2,2,34498,0.23970959290526792,1.0,tUWJTF9nyaQ,UgxtCcp6ToRsN4-kzzF4AaABAg,SPRAY FOAM IS A RIPOFF!,loft_roof_insulation,builder_contractor,problem_warning_mistakes,theme_product_material_tool
12,2,3,9907,0.23970959290526792,1.0,9OFpzKn0cq4,UgxWncWZz4ymf4GMPll4AaABAg,😂 spray foam bandit struck again!,loft_roof_insulation,diy_renovator_homeowner,problem_warning_mistakes,theme_product_material_tool
12,2,4,17746,0.21828966508284017,1.0,5ScJj0YlUAM,UgwSfM5zgyKhjzB0CVZ4AaABAg,Spray foam man. SPRAY FOAM!!,loft_roof_insulation,installer_tradesperson,practical_advice_explainer,theme_product_material_tool
12,2,5,19045,0.21416844687165343,0.9972162652466122,_RQ9S1u7ag4,UgxN6dpbyQdfHRNkTvZ4AaABAg,Time for closecell spray foam,airtightness_draught_proofing,diy_renovator_homeowner,how_to_installation_demo,theme_product_material_tool
12,2,6,34575,0.20913200860671607,1.0,tUWJTF9nyaQ,UgwbOF_qfUV7Yoap6UJ4AaABAg,"Spray foam, got it.",loft_roof_insulation,builder_contractor,problem_warning_mistakes,theme_product_material_tool
12,2,7,36373,0.20058401321499547,1.0,Genu_Plnp2M,UgwHMTSiKmcIANPqAz54AaABAg,i thought spray foam was hazardeous?,airtightness_draught_proofing,installer_tradesperson,how_to_installation_demo,theme_product_material_tool
12,2,8,29990,0.18238080572104096,1.0,AADAMH0TRQU,Ugz53GrW4sOGctMr6Cp4AaABAg,I hate spray foam.,loft_roof_insulation,training_educational,how_to_installation_demo,theme_product_material_tool
12,2,9,598,0.18187543220812022,0.9998710545651129,ZInm0mt0pXQ,Ugw94E9kmzTPcMAjDhl4AaABAg,That spray foam is going to leave you bankrupt😂,external_wall_insulation,builder_contractor,how_to_installation_demo,theme_product_material_tool
12,2,10,714,0.17496417535266653,1.0,ZInm0mt0pXQ,UgxLoIvtsq_MID0z9fZ4AaABAg,That foam 🤦,external_wall_insulation,builder_contractor,how_to_installation_demo,theme_product_material_tool
12,3,1,22965,0.2803157717509067,1.0,Q4iG6O7JEM0,UgxO6Ecfrj2YHFuu0wN4AaABAg,What's your name ?,smart_heating_controls,installer_tradesperson,how_to_installation_demo,theme_question_request
12,3,2,1607,0.2803157717509067,1.0,35kJvNW81pU,Ugxj3mkNiB-EC9h1t1l4AaABAg,What is it?,floor_insulation,builder_contractor,how_to_installation_demo,theme_question_request
12,3,3,17310,0.2803157717509067,1.0,KIbJ6CBhWoI,UgwRhpYRfKBJ0dQm5sB4AaABAg,What about the molds?,windows_doors_glazing,diy_renovator_homeowner,how_to_installation_demo,theme_question_request
12,3,4,1044,0.2803157717509067,1.0,MzSCf_LkyNw,Ugzd6fNkwW1vg3wwyB14AaABAg,Now what ?,loft_roof_insulation,installer_tradesperson,how_to_installation_demo,theme_question_request
12,3,5,16925,0.2803157717509067,1.0,DA5okoaEhQ4,UgwQGLo6vylUzI5EvBV4AaABAg,What is C for????,smart_heating_controls,installer_tradesperson,how_to_installation_demo,theme_question_request
12,3,6,26734,0.2803157717509067,1.0,BqflmLgXTzQ,UgwALwxd64ZjszZoE4V4AaABAg,What is this for?,ventilation_mvhr,diy_renovator_homeowner,how_to_installation_demo,theme_question_request
12,3,7,1315,0.2803157717509067,1.0,cCLM8T1TtMU,Ugx2l-YWfjN_GhIT1Lh4AaABAg,What in the f***? 😳,external_wall_insulation,installer_tradesperson,how_to_installation_demo,theme_question_request
12,3,8,41305,0.2803157717509067,1.0,dB8p6pVuPAo,UgxIGcGDvrtmmZFuLBR4AaABAg,what was the invoice?,heat_pump_heating_retrofit,installer_tradesperson,how_to_installation_demo,theme_question_request
12,3,9,9055,0.2803157717509067,1.0,NZNyK7W8yKI,UgxGMg7Ks-u_wKP0BMN4AaABAg,His what out???,windows_doors_glazing,builder_contractor,how_to_installation_demo,theme_question_request
12,3,10,32268,0.2803157717509067,1.0,s93KLWSSZMk,UgxenGicZ5s-MrYIaUZ4AaABAg,What is your HNC in please?,smart_heating_controls,builder_contractor,how_to_installation_demo,theme_question_request
12,4,1,41956,0.2816570625401158,1.0,hqFU3zjv-fs,Ugz1XqgYbjDVvLOiiLB4AaABAg,How much is it?,loft_roof_insulation,installer_tradesperson,problem_warning_mistakes,theme_question_request
12,4,2,172,0.2816570625401158,1.0,UUalCAU4W8g,UgzokD-y9cqTYGYPO0F4AaABAg,Please how can I get this,internal_wall_insulation,installer_tradesperson,how_to_installation_demo,theme_question_request
12,4,3,1029,0.2816570625401158,1.0,MzSCf_LkyNw,Ugyb_WwCUCve7N2GIQl4AaABAg,How is he a gangster in paradise?,loft_roof_insulation,installer_tradesperson,how_to_installation_demo,theme_question_request
12,4,4,30595,0.2816570625401158,1.0,UFQrJ_okXBg,UgwwOoTTEp_TAgGUEJx4AaABAg,how do i do that,smart_heating_controls,installer_tradesperson,how_to_installation_demo,theme_question_request
12,4,5,14918,0.2816570625401158,1.0,tyTT9jNfnc8,UgxtIHBXYrr9KJ1UgEp4AaABAg,How much? 😂😂😂😂😂😂,loft_roof_insulation,training_educational,problem_warning_mistakes,theme_question_request
12,4,6,553,0.2816570625401158,1.0,RlQjU6gQcFU,UgzOc6u9y_EY2bD40Zl4AaABAg,"So, that's how it done...? 😱",external_wall_insulation,installer_tradesperson,how_to_installation_demo,theme_question_request
12,4,7,15415,0.2816570625401158,1.0,P6rA-E-HmQ0,UgwCHor35FidVlGrelR4AaABAg,how much all???,solar_renewable_integration,installer_tradesperson,how_to_installation_demo,theme_question_request
12,4,8,33839,0.2816570625401158,1.0,f9wxGMxavgM,UgwWAZaJVdfWgJuAiJt4AaABAg,How much for that system??? 😊,windows_doors_glazing,installer_tradesperson,how_to_installation_demo,theme_question_request
12,4,9,3003,0.2816570625401158,1.0,EY77sPyVM2c,UgzMcMysyImMD4RYOq94AaABAg,How much is the PF?,heat_pump_heating_retrofit,installer_tradesperson,how_to_installation_demo,theme_question_request
12,4,10,19092,0.2816570625401158,1.0,ukgh7mrTd-Y,UgzWJu9O8P_JiNCc10B4AaABAg,How much is this?,solar_renewable_integration,installer_tradesperson,how_to_installation_demo,theme_question_request
12,5,1,5110,0.1935001311087011,1.0,jKiXJOX4ol8,UgxwhEvjXdkzouWG22l4AaABAg,Do you also have a heat pump?,solar_renewable_integration,installer_tradesperson,how_to_installation_demo,theme_question_request
12,5,2,31740,0.17432976794375069,1.0,fh_KDoj2Qm8,UgyYhjQHQxQiclZiGD14AaABAg,"Heat pump At 50c! , you need to rethink that one.",heat_pump_heating_retrofit,training_educational,how_to_installation_demo,theme_practical_advice
12,5,3,41658,0.15651422646510912,0.7209013361349392,QLGANlbqIFY,UgyHPCFH1wQ5Y9osiXN4AaABAg,There seem to be two heat pumps out the front. What is the second heat pump for?,heat_pump_heating_retrofit,training_educational,project_walkthrough,theme_question_request
12,5,4,28746,0.1384542905388515,1.0,xOUBlKTynes,UgzokSIQDFqfOrCzZTh4AaABAg,Get a quote for a heat pump: https://tech.referrals.octopus.energy/uOYXOG2p,heat_pump_heating_retrofit,installer_tradesperson,how_to_installation_demo,theme_cost_finance
12,5,5,22581,0.13240688009544888,0.8277834903913763,qmWRN3Ob1Po,UgzKJJAHgWprZndih1x4AaABAg,I don't have the funds for this heat pump solution or do I have the space.,heat_pump_heating_retrofit,training_educational,how_to_installation_demo,theme_practical_advice
12,5,6,24893,0.12889507370918915,1.0,Hyv_vQEvHgo,Ugy_h-jUZMVmv9eM0qF4AaABAg,Is it a heat storage heat pump boiler?,heat_pump_heating_retrofit,diy_renovator_homeowner,how_to_installation_demo,theme_question_request
12,5,7,33336,0.12666471650262284,0.6069821286696218,lpRNEcK3fGA,Ugwh4X9U_q8zY2bjC_l4AaABAg,How noisy is your heat pump?,heat_pump_heating_retrofit,installer_tradesperson,how_to_installation_demo,theme_question_request
12,5,8,38984,0.12588998361187165,0.9918353999549748,0oDLwBZurp8,UgzBS1s0mT8OG-pJbGd4AaABAg,Are you showing the installation of the heat pump?,whole_house_deep_retrofit,builder_contractor,project_walkthrough,theme_question_request
12,5,9,41794,0.1230638730025013,1.0,MUGaC890lJ8,UgyaGaVI25InQbK3IUd4AaABAg,So a heat pump comes pre installed? Also are all heat pump heaters electric?,heat_pump_heating_retrofit,installer_tradesperson,how_to_installation_demo,theme_question_request
12,5,10,38980,0.12273480946843378,1.0,0oDLwBZurp8,UgxX1c5x8CcJ3RIBB6N4AaABAg,Do you have a heat pump episode?,whole_house_deep_retrofit,builder_contractor,project_walkthrough,theme_question_request
12,6,1,31058,0.26999585019990313,1.0,C5lPpLUw-Ts,Ugwr2Msi9gMhtiGW-kx4AaABAg,Great video as always!!,external_wall_insulation,diy_renovator_homeowner,how_to_installation_demo,theme_practical_advice
12,6,2,11555,0.26999585019990313,1.0,w6wo2URorG4,UgwTJXtYT8CzfCAqmFx4AaABAg,"As always, great video!",heat_pump_heating_retrofit,builder_contractor,problem_warning_mistakes,theme_practical_advice
12,6,3,3448,0.26999585019990313,1.0,jYNufQVIFfA,UgxUq-MVpFxzwQN6yMN4AaABAg,Great video as always 👍,damp_condensation_moisture,builder_contractor,problem_warning_mistakes,theme_practical_advice
12,6,4,26493,0.2370123907599181,1.0,9jRpO_kKgJM,UgzKSTff0h8q76aIy4N4AaABAg,"As always, great video, thanks so much.",smart_heating_controls,training_educational,how_to_installation_demo,theme_practical_advice
12,6,5,18304,0.20368032998457428,1.0,LL6YhT_HkIY,UgxNfEVefVeIAleh-794AaABAg,Top video as always 👍👍,heat_pump_heating_retrofit,installer_tradesperson,how_to_installation_demo,theme_practical_advice
12,6,6,4129,0.20302971996207336,0.9990497854258269,1mJkjrwxdP4,Ugz6JPHkBE55sXDz4p14AaABAg,Great video. Is that polished metal one?,smart_heating_controls,training_educational,how_to_installation_demo,theme_question_request
12,6,7,16203,0.2013486698200111,0.6947898811254021,uv75G4ed2dw,UgxmU03x2_v_GF23LIF4AaABAg,Another great video. Have you said what your first name is?,heat_pump_heating_retrofit,diy_renovator_homeowner,project_walkthrough,theme_question_request
12,6,8,17216,0.19833066644355501,1.0,NuBYWUFiuww,UgzgM48EDlJ1_Kff5e14AaABAg,"I always keep the screws for reusing, great video thanks",windows_doors_glazing,installer_tradesperson,how_to_installation_demo,theme_practical_advice
12,6,9,5046,0.18794476432276774,0.9714273416748059,irytqcJZSps,UgyT5ygyZNogFrYAKwh4AaABAg,Great video thanks. So do you have to remove the plaster first?,damp_condensation_moisture,builder_contractor,problem_warning_mistakes,theme_question_request
12,6,10,26284,0.1803538454859019,0.9938596570910251,7dhfqmm_c2M,UgyuVIXwSGh5HU9KhNp4AaABAg,Ps. Great video & thanks. It highlights the problem.,cavity_wall_insulation,installer_tradesperson,how_to_installation_demo,theme_safety_risk_warning
12,7,1,24953,0.2942508266970029,0.9470246819095365,GZAce6iz2gg,Ugz9lgNYahQVKq1u3Ed4AaABAg,why brazing and not stabrite8??,heat_pump_heating_retrofit,installer_tradesperson,how_to_installation_demo,theme_question_request
12,7,2,31887,0.2782643356580665,1.0,5t9PwXUV3SA,Ugxzk1Jco9ZeRdgKFeJ4AaABAg,Why the blurring?,heat_pump_heating_retrofit,installer_tradesperson,how_to_installation_demo,theme_question_request
12,7,3,22718,0.2782643356580665,1.0,fK7xyDSxa0I,UgxxJsugpvJjguyChw94AaABAg,Why only 70 ?,smart_heating_controls,installer_tradesperson,practical_advice_explainer,theme_question_request
12,7,4,9200,0.2782643356580665,1.0,xc_BbbMi1cg,UgyWpt6yP-b24FRX8E14AaABAg,why all the curses?,heat_pump_heating_retrofit,diy_renovator_homeowner,practical_advice_explainer,theme_question_request
12,7,5,3160,0.2712367189825195,0.9991730874824735,xcAwujfTN64,Ugy0GVd7YA0P_q9aqkx4AaABAg,Why install from top to bottom? Why not bottom to top????,solar_renewable_integration,installer_tradesperson,how_to_installation_demo,theme_question_request
12,7,6,2820,0.23436030547815337,0.9225148377365509,GhAKMAcmJFg,UgyO8b5aQVaog0ElQrt4AaABAg,why aren't you boris's heating tzar yet?,heat_pump_heating_retrofit,builder_contractor,practical_advice_explainer,theme_question_request
12,7,7,1744,0.22768304205547785,0.9362593155815323,4-6KqpUoM3g,UgwiBUdxt1dHW5Ap6Kx4AaABAg,Why not use a calkline?,airtightness_draught_proofing,installer_tradesperson,how_to_installation_demo,theme_question_request
12,7,8,10293,0.2225353063652766,0.9975961609829125,RwHD7D6avyQ,UgyhpFciQr-6gDv2TXB4AaABAg,Why not do this why not do that?,floor_insulation,builder_contractor,how_to_installation_demo,theme_question_request
12,7,9,20832,0.21454092783581846,0.6310667191863535,hjlVL4sgqKw,UgwKQKhdT-Cjp1e8fAV4AaABAg,boring! why video?,heat_pump_heating_retrofit,training_educational,practical_advice_explainer,theme_question_request
12,7,10,2573,0.21451025010936015,0.9665519980742291,ZAZWYBFipmI,Ugxtr4zIDAl1LqOLnyh4AaABAg,Why not concrete?,airtightness_draught_proofing,builder_contractor,how_to_installation_demo,theme_question_request
12,8,1,5542,0.24428712298654318,0.7256518412043765,1kz1c-rZsDk,UgwDbEB1_ESMMuKeoYl4AaABAg,How to interconnect 2 solar panels?,solar_renewable_integration,installer_tradesperson,how_to_installation_demo,theme_question_request
12,8,2,5107,0.2109686787143142,0.9468386748260146,jKiXJOX4ol8,UgxYPtpstc23SGFUcm14AaABAg,"I have Tesla solar panels, can I use this system with them?",solar_renewable_integration,installer_tradesperson,how_to_installation_demo,theme_question_request
12,8,3,23436,0.18721881973891003,0.703070617093846,Gw8lLhMzLho,UgwLCmYhVOqjGki2WfN4AaABAg,Where can I get these solar generators to buy and do they come with solar panels?,solar_renewable_integration,installer_tradesperson,how_to_installation_demo,theme_question_request
12,8,4,10028,0.1825272348711815,0.7438562745678039,WBrL9153zJQ,Ugw3HV2ANsGnpTlVfZ94AaABAg,What solar panels are these?,solar_renewable_integration,training_educational,practical_advice_explainer,theme_question_request
12,8,5,12678,0.1804954456232013,0.8319567235714614,1N_ZsLrfUJM,UgzgrDdoWtR3yHbylJp4AaABAg,"Hi Finn, I have a 6.65kw solar system inc.14 panels on the roof, with a Goodwe inverter. I have been told about fitting a 7.68kw Jinko battery to our system, as we have Jinko panels on the roof. Do you have any thoughts on this battery and fitment please?",solar_renewable_integration,training_educational,practical_advice_explainer,theme_question_request
12,8,6,19230,0.17973204283851404,1.0,H8Ms_siUiCk,UgyTYKcLmSRGzGOeXRZ4AaABAg,Yeah the solar panels leak. Always!,solar_renewable_integration,installer_tradesperson,problem_warning_mistakes,theme_practical_advice
12,8,7,37928,0.17576849362271485,1.0,gLFH0GvBLlA,UgxwnzECFUtF371lFcZ4AaABAg,"I’m upgrading my setup with additional solar panels and a 9.4kWh battery. I already have a 10-year-old 4kW solar system, so this will be an add-on. The full package, 8.5kW of solar panels, a 6kW inverter, a 9.4kWh battery, installation, anti-bird protection, and scaffolding, costs £8,650 all in. There’s also the option to expand the battery storage at a later date with extra 9.4kWh batteries at £2,000 each.",solar_renewable_integration,training_educational,practical_advice_explainer,theme_cost_finance
12,8,8,13640,0.17573944023089846,0.7513479503744427,Kz5JbXTo4rM,UgxxFzKqBm2rr6azUN94AaABAg,"What is the use of the Powmr brand 4.2kw, 24v battery system for 200watt 18.6v solar panels?",solar_renewable_integration,training_educational,practical_advice_explainer,theme_question_request
12,8,9,30319,0.17374033578273165,1.0,5ftY0QMe2qY,UgzXNkZYv2aBOB5u3AB4AaABAg,So all the solar panels with battery and install all for 4 grand thats cheap,solar_renewable_integration,installer_tradesperson,how_to_installation_demo,theme_cost_finance
12,8,10,39097,0.1735012484725966,0.9822625896867923,5sqw7vHwhGU,UgwiVTC34cbOegGbi8R4AaABAg,"Since you have switched to a string inverter, all your solar panels are now operating as one solar panel. It's recommended that you now orient your solar panels in the same direction. This is because right now you are not getting the full potential out of the panels. Panels in a string are always all as efficient as the least efficient panel in the string.",solar_renewable_integration,diy_renovator_homeowner,project_walkthrough,theme_practical_advice
12,9,1,22003,0.21541578869058606,0.9834591602647409,U-hVUczzlL4,UgwQN_WLDXlT3g4YY8l4AaABAg,"So, it doesn’t work.",ventilation_mvhr,diy_renovator_homeowner,how_to_installation_demo,theme_skepticism_critique
12,9,2,13816,0.1708930049943003,0.9388083047420437,NoEnHZ8OyCM,Ugyb8hR6FCYARmZt_Pt4AaABAg,Don’t fck with me. Does this work?,smart_heating_controls,installer_tradesperson,problem_warning_mistakes,theme_question_request
12,9,3,14600,0.16729463917780074,0.96487985628307,Oz8WcD385cY,UgynE4pLLFZTk9oKPwl4AaABAg,That cheap plastic doesn't work.,airtightness_draught_proofing,diy_renovator_homeowner,problem_warning_mistakes,theme_cost_finance
12,9,4,40123,0.16078317331883168,0.8676094648807776,3zUMOblSJ60,UgzTBo7QROLBLVbwmu14AaABAg,No loft or flat this doesn't work.,airtightness_draught_proofing,training_educational,how_to_installation_demo,theme_skepticism_critique
12,9,5,22687,0.15964985688999028,0.9803745246762504,ZMp5ofZpPWo,UgwmX-0xVGN_jNQ0imB4AaABAg,Doesn't work. My garage is still freezing,airtightness_draught_proofing,diy_renovator_homeowner,practical_advice_explainer,theme_skepticism_critique
12,9,6,24986,0.15787317792886735,0.7592552020455071,GZAce6iz2gg,UgxeG2WIRsiQPT4fX0l4AaABAg,this video doesn't work,heat_pump_heating_retrofit,installer_tradesperson,how_to_installation_demo,theme_skepticism_critique
12,9,7,30591,0.15693538429483095,0.939041503457382,UFQrJ_okXBg,UgxBrYxBAk25APPcTJN4AaABAg,I have two of these old thermostats actually. The one upstairs doesn't work. The light comes on to say it's on but it doesn't seem to have any effect on the radiators.,smart_heating_controls,installer_tradesperson,how_to_installation_demo,theme_skepticism_critique
12,9,8,20009,0.15385188967826596,1.0,95YJjFOKDOY,Ugy-lCVto7gxKeAmdBd4AaABAg,Does anyone's nest buzz?,smart_heating_controls,diy_renovator_homeowner,practical_advice_explainer,theme_question_request
12,9,9,35898,0.1533851449529227,0.5520248438407283,sSDytAtzk0U,Ugw9-GMM3dFgzlQ0LyJ4AaABAg,"You said it does not work with 4 wires but I did not see you install a 5th wire and it works, why is that? Thanks",smart_heating_controls,installer_tradesperson,how_to_installation_demo,theme_question_request
12,9,10,22690,0.1528192204199083,1.0,ZMp5ofZpPWo,UgyCaHxEmzr8tf0v-dh4AaABAg,Does it work??,airtightness_draught_proofing,diy_renovator_homeowner,practical_advice_explainer,theme_question_request
12,10,1,2348,0.28248123330317,1.0,kGXwcm6_ZMU,Ugy1CY_OeJEHLsKOWBd4AaABAg,Where do you get that smoker at?,damp_condensation_moisture,builder_contractor,problem_warning_mistakes,theme_question_request
12,10,2,2289,0.28248123330317,1.0,kGXwcm6_ZMU,UgxzBh6-BLYgK_4sEEN4AaABAg,where can i get that vape,damp_condensation_moisture,builder_contractor,problem_warning_mistakes,theme_question_request
12,10,3,14575,0.28248123330317,1.0,Oz8WcD385cY,UgxNAPFBl-OwgtDtkAh4AaABAg,where do you find it?,airtightness_draught_proofing,diy_renovator_homeowner,problem_warning_mistakes,theme_question_request
12,10,4,12010,0.28248123330317,1.0,i41oW85zPm8,UgxtY1LinqZVaE-F7eN4AaABAg,Where are you Stakker?,loft_roof_insulation,builder_contractor,practical_advice_explainer,theme_question_request
12,10,5,2109,0.28248123330317,1.0,dIPM5yk2u38,Ugy6cCrz3mtjy5Jzynd4AaABAg,Where do you bui it ?,airtightness_draught_proofing,installer_tradesperson,how_to_installation_demo,theme_question_request
12,10,6,29578,0.28248123330317,1.0,IT_Eme9XSl8,UgwPniLllC1G_NYMnKR4AaABAg,"""Eve-neen"". Where's the ing? I call anyone who 'eens' their ing's, eeners.",ventilation_mvhr,diy_renovator_homeowner,how_to_installation_demo,theme_question_request
12,10,7,1753,0.28248123330317,1.0,4-6KqpUoM3g,UgzWMylZQGVUoQec3wl4AaABAg,Where I get that?😮,airtightness_draught_proofing,installer_tradesperson,how_to_installation_demo,theme_question_request
12,10,8,17431,0.28248123330317,1.0,XPSkyecmmEE,UgxbzF6R2zfjbbtqkTV4AaABAg,Where do you get this???,airtightness_draught_proofing,diy_renovator_homeowner,how_to_installation_demo,theme_question_request
12,10,9,34239,0.28248123330317,1.0,P87qeSIxKT0,UgymUaNJ8Z2KoTqBiOZ4AaABAg,Where is part 3 ?,loft_roof_insulation,builder_contractor,how_to_installation_demo,theme_question_request
12,10,10,10978,0.28248123330317,1.0,46-e73YYEpM,Ugxia5I7WdjBMWuRYv94AaABAg,Where can i get them?,airtightness_draught_proofing,builder_contractor,problem_warning_mistakes,theme_question_request
12,11,1,26808,0.1650698960590024,1.0,fm11vZii5Es,Ugyg1_I19Ehy5_gYI5R4AaABAg,200mm insulation - blimey,loft_roof_insulation,builder_contractor,how_to_installation_demo,theme_energy_performance
12,11,2,1136,0.1650698960590024,1.0,MzSCf_LkyNw,Ugy-u5O1GuWuYQSdmVp4AaABAg,Insulation thief. 😂,loft_roof_insulation,installer_tradesperson,how_to_installation_demo,theme_energy_performance
12,11,3,2129,0.1650698960590024,1.0,dIPM5yk2u38,UgxDBm2E0cM3Ff05O6h4AaABAg,I have one for insulation!,airtightness_draught_proofing,installer_tradesperson,how_to_installation_demo,theme_energy_performance
12,11,4,33151,0.12846955467410792,1.0,y3g4Vpec1_M,Ugzd1eOwGHTinM8FjOV4AaABAg,Is that a 300mm wall and 100mm insulation?,damp_condensation_moisture,builder_contractor,how_to_installation_demo,theme_question_request
12,11,5,22328,0.10108117679064495,0.9945444208005542,FH0U8hehXr8,UgwqSLsM83YmFXbNzxJ4AaABAg,Whatever happened to cavity wall insulation.,external_wall_insulation,training_educational,how_to_installation_demo,theme_energy_performance
12,11,6,2200,0.09945725064812576,0.3173879783284224,dIPM5yk2u38,Ugz2OCm1uBHmEzfgj594AaABAg,why the cone off insulation,airtightness_draught_proofing,installer_tradesperson,how_to_installation_demo,theme_energy_performance
12,11,7,17857,0.09272976941240464,0.9983847368032838,O2xQjzYs5M4,UgxDN_vroj6yUZbhnHp4AaABAg,Can this be done in a 90s build property thats had cavity wall insulation?,internal_wall_insulation,builder_contractor,how_to_installation_demo,theme_question_request
12,11,8,29484,0.09237053339754815,1.0,p2A-JY83iQ8,UgwiJ3UezqCai7AQFyN4AaABAg,Is external wall insulation better or internal wall insulation?,internal_wall_insulation,builder_contractor,how_to_installation_demo,theme_question_request
12,11,9,26338,0.0916020277255557,0.8362166060439584,7dhfqmm_c2M,UgxE2ek19ov2YgmrPSd4AaABAg,I know of a company that used to specialise in cavity wall insulation. They now specialise in its removal. Cavity wall insulation can wreck a house. Don’t do it!,cavity_wall_insulation,installer_tradesperson,how_to_installation_demo,theme_energy_performance
12,11,10,33637,0.09040387626468614,1.0,n2c5VtzwalY,UgwL4ih2VN6--NeA7Ah4AaABAg,"are you kidding me? NO, cavity wall insulation is a nightmare",cavity_wall_insulation,installer_tradesperson,how_to_installation_demo,theme_question_request
12,12,1,32028,0.11076138883210146,1.0,Hwn6WciiGy4,UgzA_GAshbEAOVA-5Dp4AaABAg,Warm roof then,loft_roof_insulation,installer_tradesperson,problem_warning_mistakes,theme_energy_performance
12,12,2,26779,0.11076138883210146,1.0,fm11vZii5Es,Ugx1xwu5JRveBmsEbwh4AaABAg,now that`s a warm roof,loft_roof_insulation,builder_contractor,how_to_installation_demo,theme_energy_performance
12,12,3,39042,0.10974991360852507,0.5688280194755975,YhGoeR4Q4tM,UgwuDuYrGevj573HUWx4AaABAg,"What I don't quite understand about leaving an air gap is that if air is comming in vents through the soffit and going up to the ridge board where does it vent out, air will stop moving if it's not vented at the other end, and if you have roof vents you would need one between each roof joist on both sides of the roof.",loft_roof_insulation,diy_renovator_homeowner,how_to_installation_demo,theme_practical_advice
12,12,4,33954,0.10954968433948113,0.9870760585743704,WATmq9zSvW8,UgxGvLn0wOmkynQ2W0Z4AaABAg,Can an air to air unit be put on a flat roof?,heat_pump_heating_retrofit,installer_tradesperson,how_to_installation_demo,theme_question_request
12,12,5,31355,0.10913850465763517,0.8234961474320791,ykKwmSqpznM,UgyMJuJN3Qi6NNIAwNd4AaABAg,"Might be too late to help, but I have a 1905 in Pittsburgh. I replaced roof about 7-8 yrs ago. I had ridge vents put in and decided to run ridge venting from gap at soffit up to ridge vent. Once that’s done I’m going to place batt insulation along the baffles. That should allow free flowing air along the roof line and create an air space in the attic. I’ve researched this and newer homes seem to work well with this method. As long as the roof gets cold air running along it, I should retain heat. Good luck.",ventilation_mvhr,diy_renovator_homeowner,how_to_installation_demo,theme_personal_experience
12,12,6,17554,0.10726350025240823,0.6317957088078682,Kl3EAJD7Kbs,UgzYI5fnz0BWbi8YFF54AaABAg,No air gap mush ? Flat roof problem all day . Needs to be a warm roof really . Cold roof design is bad great video by the way . Yes learnt a lot for once,damp_condensation_moisture,builder_contractor,problem_warning_mistakes,theme_energy_performance
12,12,7,11302,0.10689926329514851,0.7347869204638063,U522et_9P70,UgxTZC8KFON7jNzI-T14AaABAg,"The hottest air in an attic will always rise out the ridge vents at the top of the roof regardless of gable vents being present. Gable vents introducing fresh cool air along with the soffit vents is NOT a bad thing. Everyone says it but can not explain why that makes any sense. Thermodynamics (heat rising) will not change because gable vents are open with soffit vents, the inrush of cool air from the gable vent to the ridge vent increases the total CFM of cool outside air moving through a hot attic. Air is just dry water, the more cool water (air) being moved through a vessel (roof) the better for cooling overall. In an all year hot climate like Florida ot Texas the more venitlation a roof gets the better.",ventilation_mvhr,builder_contractor,practical_advice_explainer,theme_practical_advice
12,12,8,11975,0.10656838798307829,0.9450273668645289,i41oW85zPm8,UgxLIFJOhodQgkkOfkR4AaABAg,"my flat roof(which i want to turn into a warm roof) runs into a pitched roof, would i seal the warm roof completely & then add some vent tiles to the bottom of the pitch roof to regain the ventilation i had from the old cold roof?",loft_roof_insulation,builder_contractor,practical_advice_explainer,theme_question_request
12,12,9,6744,0.10467493907126364,0.5366191356893787,q6q_70hEl2g,UgxJeRB5stdmiwg3ctN4AaABAg,Does this also keep out cold air?,airtightness_draught_proofing,builder_contractor,problem_warning_mistakes,theme_question_request
12,12,10,11271,0.10420153225028217,0.8863511987354554,U522et_9P70,UgzvQu6hS-UyWNxcuGt4AaABAg,"i dont agree that 'over-ventilating' is a problem. you're saying cool air entering through the gable vent will prevent soffit vent intake and essentially short circuit the ventilation system. however, the cool air from the gable vents will not flow directly upwards to the box vents or ridge vent. instead, because cooler air is more dense it will fall to attic floor to displace the air exiting near the roof peak. the air near the box vents or ridge vent will always be the hottest air in the attic. nice thing about gable vents is it's quick and easy and inexpensive to get a lot of ventilation square footage out of them, and they offer little resistance to air flow. and these ones are already in place so maybe the homeowner wants to replace the box vents with ridge vents to expand the roof exhaust. but there is no good reason to defeat the existing gable vents and good reason not to",ventilation_mvhr,builder_contractor,practical_advice_explainer,theme_practical_advice
14,1,1,1136,0.1411638709437623,1.0,MzSCf_LkyNw,Ugy-u5O1GuWuYQSdmVp4AaABAg,Insulation thief. 😂,loft_roof_insulation,installer_tradesperson,how_to_installation_demo,theme_energy_performance
14,1,2,26808,0.1411638709437623,1.0,fm11vZii5Es,Ugyg1_I19Ehy5_gYI5R4AaABAg,200mm insulation - blimey,loft_roof_insulation,builder_contractor,how_to_installation_demo,theme_energy_performance
14,1,3,2129,0.1411638709437623,1.0,dIPM5yk2u38,UgxDBm2E0cM3Ff05O6h4AaABAg,I have one for insulation!,airtightness_draught_proofing,installer_tradesperson,how_to_installation_demo,theme_energy_performance
14,1,4,33151,0.10951417356732232,1.0,y3g4Vpec1_M,Ugzd1eOwGHTinM8FjOV4AaABAg,Is that a 300mm wall and 100mm insulation?,damp_condensation_moisture,builder_contractor,how_to_installation_demo,theme_question_request
14,1,5,22328,0.08693664083563522,0.9955501943481471,FH0U8hehXr8,UgwqSLsM83YmFXbNzxJ4AaABAg,Whatever happened to cavity wall insulation.,external_wall_insulation,training_educational,how_to_installation_demo,theme_energy_performance
14,1,6,2200,0.08505427638330411,0.2719735886385135,dIPM5yk2u38,Ugz2OCm1uBHmEzfgj594AaABAg,why the cone off insulation,airtightness_draught_proofing,installer_tradesperson,how_to_installation_demo,theme_energy_performance
14,1,7,17857,0.0794367327196919,0.9994892183998354,O2xQjzYs5M4,UgxDN_vroj6yUZbhnHp4AaABAg,Can this be done in a 90s build property thats had cavity wall insulation?,internal_wall_insulation,builder_contractor,how_to_installation_demo,theme_question_request
14,1,8,26338,0.0791492100109756,0.7661547567819739,7dhfqmm_c2M,UgxE2ek19ov2YgmrPSd4AaABAg,I know of a company that used to specialise in cavity wall insulation. They now specialise in its removal. Cavity wall insulation can wreck a house. Don’t do it!,cavity_wall_insulation,installer_tradesperson,how_to_installation_demo,theme_energy_performance
14,1,9,29484,0.07858314351617798,1.0,p2A-JY83iQ8,UgwiJ3UezqCai7AQFyN4AaABAg,Is external wall insulation better or internal wall insulation?,internal_wall_insulation,builder_contractor,how_to_installation_demo,theme_question_request
14,1,10,33637,0.07636639764523098,1.0,n2c5VtzwalY,UgwL4ih2VN6--NeA7Ah4AaABAg,"are you kidding me? NO, cavity wall insulation is a nightmare",cavity_wall_insulation,installer_tradesperson,how_to_installation_demo,theme_question_request
14,2,1,34498,0.2347696091243477,1.0,tUWJTF9nyaQ,UgxtCcp6ToRsN4-kzzF4AaABAg,SPRAY FOAM IS A RIPOFF!,loft_roof_insulation,builder_contractor,problem_warning_mistakes,theme_product_material_tool
14,2,2,9907,0.2347696091243477,1.0,9OFpzKn0cq4,UgxWncWZz4ymf4GMPll4AaABAg,😂 spray foam bandit struck again!,loft_roof_insulation,diy_renovator_homeowner,problem_warning_mistakes,theme_product_material_tool
14,2,3,31075,0.2347696091243477,1.0,C5lPpLUw-Ts,UgxB5hdL70bOwrRX3cV4AaABAg,SPRAY FOAM! 😉🤣,external_wall_insulation,diy_renovator_homeowner,how_to_installation_demo,theme_product_material_tool
14,2,4,17746,0.2138689653484812,1.0,5ScJj0YlUAM,UgwSfM5zgyKhjzB0CVZ4AaABAg,Spray foam man. SPRAY FOAM!!,loft_roof_insulation,installer_tradesperson,practical_advice_explainer,theme_product_material_tool
14,2,5,19045,0.21001004988840774,1.0,_RQ9S1u7ag4,UgxN6dpbyQdfHRNkTvZ4AaABAg,Time for closecell spray foam,airtightness_draught_proofing,diy_renovator_homeowner,how_to_installation_demo,theme_product_material_tool
14,2,6,34575,0.20497382955141183,0.9959573207465509,tUWJTF9nyaQ,UgwbOF_qfUV7Yoap6UJ4AaABAg,"Spray foam, got it.",loft_roof_insulation,builder_contractor,problem_warning_mistakes,theme_product_material_tool
14,2,7,36373,0.19655817875519094,1.0,Genu_Plnp2M,UgwHMTSiKmcIANPqAz54AaABAg,i thought spray foam was hazardeous?,airtightness_draught_proofing,installer_tradesperson,how_to_installation_demo,theme_product_material_tool
14,2,8,29990,0.17863364441407995,1.0,AADAMH0TRQU,Ugz53GrW4sOGctMr6Cp4AaABAg,I hate spray foam.,loft_roof_insulation,training_educational,how_to_installation_demo,theme_product_material_tool
14,2,9,598,0.17830863651570203,0.992394657501331,ZInm0mt0pXQ,Ugw94E9kmzTPcMAjDhl4AaABAg,That spray foam is going to leave you bankrupt😂,external_wall_insulation,builder_contractor,how_to_installation_demo,theme_product_material_tool
14,2,10,193,0.17159685584561965,1.0,UUalCAU4W8g,UgyPLh41DmY6e4nHS114AaABAg,Is it foam❓,internal_wall_insulation,installer_tradesperson,how_to_installation_demo,theme_product_material_tool
14,3,1,26734,0.28052741742179876,1.0,BqflmLgXTzQ,UgwALwxd64ZjszZoE4V4AaABAg,What is this for?,ventilation_mvhr,diy_renovator_homeowner,how_to_installation_demo,theme_question_request
14,3,2,436,0.28052741742179876,1.0,LVYSz1CuuDw,UgwoqmayVm_re-VGdf94AaABAg,What for ?,solar_renewable_integration,installer_tradesperson,how_to_installation_demo,theme_question_request
14,3,3,9055,0.28052741742179876,1.0,NZNyK7W8yKI,UgxGMg7Ks-u_wKP0BMN4AaABAg,His what out???,windows_doors_glazing,builder_contractor,how_to_installation_demo,theme_question_request
14,3,4,29861,0.28052741742179876,1.0,OWALq8C5Wkg,UgyXKweO6Gil5bqGWB94AaABAg,what is this?,smart_heating_controls,installer_tradesperson,how_to_installation_demo,theme_question_request
14,3,5,41834,0.28052741742179876,1.0,5q4S12q9m7E,UgyPM135UqEGLSydq7x4AaABAg,What about VanEE ? 6:59 7:02,ventilation_mvhr,installer_tradesperson,how_to_installation_demo,theme_question_request
14,3,6,21377,0.28052741742179876,1.0,ibHeGgsRMkE,UgzrSwXH_bWzQ79MRZp4AaABAg,Soooooooooooooooooooooooooooooooooooooooooooooooooooooooooooooooooooooooooooooooooooooooooooooooooooooooooooooooooooooooooooooooooooooooooooooooooooooooooooooooooooooooooooooooooooooooooooooooooooooooooooooooooooooooooooooooooooooooooooooooooooooooooooooooooooooooooooooooooooooooooooooooooooooooooooooooooooooooooooooooooooooooooooooooooooooooooooooooooooooooooooooooooooooooooooooooooooooooooooooooooooooooooooooooooooooooooooooooooooooooooooooooooooooooooooooooooooooooooooooooooooooooooooooooooooooooooooooooooooooooooooooooooooooooooooooooooooooooooooooooooooooooooooooooooooooooooooooooooooooooooooooooooooooooooooooooooooooooooooooooooooooooooooooooooooooooooooooooooooooooooooooooooooooooooooooooooooooooooooooooooooooooooooooooooooooooooooooooooooooooooooooooooooooooooooooooooooooooo what do I do? 🤣,damp_condensation_moisture,diy_renovator_homeowner,problem_warning_mistakes,theme_question_request
14,3,7,30091,0.28052741742179876,1.0,bYnBAisrVGQ,UgzHSl37pfiSyyAg9fl4AaABAg,what is this?,smart_heating_controls,installer_tradesperson,how_to_installation_demo,theme_question_request
14,3,8,33546,0.28052741742179876,1.0,gIhAyS38-f4,Ugzgjo86w6j9Z7jT2Lp4AaABAg,"So, what’s the verdict ?",smart_heating_controls,training_educational,how_to_installation_demo,theme_question_request
14,3,9,9073,0.28052741742179876,1.0,NZNyK7W8yKI,UgzO38aWxHf09IUfzXl4AaABAg,Since you have your what out ?,windows_doors_glazing,builder_contractor,how_to_installation_demo,theme_question_request
14,3,10,1607,0.28052741742179876,1.0,35kJvNW81pU,Ugxj3mkNiB-EC9h1t1l4AaABAg,What is it?,floor_insulation,builder_contractor,how_to_installation_demo,theme_question_request
14,4,1,172,0.2803073529718901,1.0,UUalCAU4W8g,UgzokD-y9cqTYGYPO0F4AaABAg,Please how can I get this,internal_wall_insulation,installer_tradesperson,how_to_installation_demo,theme_question_request
14,4,2,33839,0.2803073529718901,1.0,f9wxGMxavgM,UgwWAZaJVdfWgJuAiJt4AaABAg,How much for that system??? 😊,windows_doors_glazing,installer_tradesperson,how_to_installation_demo,theme_question_request
14,4,3,14918,0.2803073529718901,1.0,tyTT9jNfnc8,UgxtIHBXYrr9KJ1UgEp4AaABAg,How much? 😂😂😂😂😂😂,loft_roof_insulation,training_educational,problem_warning_mistakes,theme_question_request
14,4,4,1029,0.2803073529718901,1.0,MzSCf_LkyNw,Ugyb_WwCUCve7N2GIQl4AaABAg,How is he a gangster in paradise?,loft_roof_insulation,installer_tradesperson,how_to_installation_demo,theme_question_request
14,4,5,553,0.2803073529718901,1.0,RlQjU6gQcFU,UgzOc6u9y_EY2bD40Zl4AaABAg,"So, that's how it done...? 😱",external_wall_insulation,installer_tradesperson,how_to_installation_demo,theme_question_request
14,4,6,19092,0.2803073529718901,1.0,ukgh7mrTd-Y,UgzWJu9O8P_JiNCc10B4AaABAg,How much is this?,solar_renewable_integration,installer_tradesperson,how_to_installation_demo,theme_question_request
14,4,7,3003,0.2803073529718901,1.0,EY77sPyVM2c,UgzMcMysyImMD4RYOq94AaABAg,How much is the PF?,heat_pump_heating_retrofit,installer_tradesperson,how_to_installation_demo,theme_question_request
14,4,8,15415,0.2803073529718901,1.0,P6rA-E-HmQ0,UgwCHor35FidVlGrelR4AaABAg,how much all???,solar_renewable_integration,installer_tradesperson,how_to_installation_demo,theme_question_request
14,4,9,30595,0.2803073529718901,1.0,UFQrJ_okXBg,UgwwOoTTEp_TAgGUEJx4AaABAg,how do i do that,smart_heating_controls,installer_tradesperson,how_to_installation_demo,theme_question_request
14,4,10,41956,0.2803073529718901,1.0,hqFU3zjv-fs,Ugz1XqgYbjDVvLOiiLB4AaABAg,How much is it?,loft_roof_insulation,installer_tradesperson,problem_warning_mistakes,theme_question_request
14,5,1,5110,0.20349452600422843,1.0,jKiXJOX4ol8,UgxwhEvjXdkzouWG22l4AaABAg,Do you also have a heat pump?,solar_renewable_integration,installer_tradesperson,how_to_installation_demo,theme_question_request
14,5,2,31740,0.1828064626308667,0.9746850316337627,fh_KDoj2Qm8,UgyYhjQHQxQiclZiGD14AaABAg,"Heat pump At 50c! , you need to rethink that one.",heat_pump_heating_retrofit,training_educational,how_to_installation_demo,theme_practical_advice
14,5,3,41658,0.16432118010867894,0.7296211209414809,QLGANlbqIFY,UgyHPCFH1wQ5Y9osiXN4AaABAg,There seem to be two heat pumps out the front. What is the second heat pump for?,heat_pump_heating_retrofit,training_educational,project_walkthrough,theme_question_request
14,5,4,28746,0.14578917697689003,1.0,xOUBlKTynes,UgzokSIQDFqfOrCzZTh4AaABAg,Get a quote for a heat pump: https://tech.referrals.octopus.energy/uOYXOG2p,heat_pump_heating_retrofit,installer_tradesperson,how_to_installation_demo,theme_cost_finance
14,5,5,22581,0.13831409769480166,0.7367439732988942,qmWRN3Ob1Po,UgzKJJAHgWprZndih1x4AaABAg,I don't have the funds for this heat pump solution or do I have the space.,heat_pump_heating_retrofit,training_educational,how_to_installation_demo,theme_practical_advice
14,5,6,33336,0.133279143486229,0.6197179226700554,lpRNEcK3fGA,Ugwh4X9U_q8zY2bjC_l4AaABAg,How noisy is your heat pump?,heat_pump_heating_retrofit,installer_tradesperson,how_to_installation_demo,theme_question_request
14,5,7,38984,0.132595990393703,0.9928832970324645,0oDLwBZurp8,UgzBS1s0mT8OG-pJbGd4AaABAg,Are you showing the installation of the heat pump?,whole_house_deep_retrofit,builder_contractor,project_walkthrough,theme_question_request
14,5,8,24893,0.13254488049525104,0.9643082305410725,Hyv_vQEvHgo,Ugy_h-jUZMVmv9eM0qF4AaABAg,Is it a heat storage heat pump boiler?,heat_pump_heating_retrofit,diy_renovator_homeowner,how_to_installation_demo,theme_question_request
14,5,9,38980,0.12912921401923513,1.0,0oDLwBZurp8,UgxX1c5x8CcJ3RIBB6N4AaABAg,Do you have a heat pump episode?,whole_house_deep_retrofit,builder_contractor,project_walkthrough,theme_question_request
14,5,10,41794,0.12834025984081107,1.0,MUGaC890lJ8,UgyaGaVI25InQbK3IUd4AaABAg,So a heat pump comes pre installed? Also are all heat pump heaters electric?,heat_pump_heating_retrofit,installer_tradesperson,how_to_installation_demo,theme_question_request
14,6,1,11555,0.26402332977514015,1.0,w6wo2URorG4,UgwTJXtYT8CzfCAqmFx4AaABAg,"As always, great video!",heat_pump_heating_retrofit,builder_contractor,problem_warning_mistakes,theme_practical_advice
14,6,2,31058,0.26402332977514015,1.0,C5lPpLUw-Ts,Ugwr2Msi9gMhtiGW-kx4AaABAg,Great video as always!!,external_wall_insulation,diy_renovator_homeowner,how_to_installation_demo,theme_practical_advice
14,6,3,3448,0.26402332977514015,1.0,jYNufQVIFfA,UgxUq-MVpFxzwQN6yMN4AaABAg,Great video as always 👍,damp_condensation_moisture,builder_contractor,problem_warning_mistakes,theme_practical_advice
14,6,4,26493,0.23049871998092436,1.0,9jRpO_kKgJM,UgzKSTff0h8q76aIy4N4AaABAg,"As always, great video, thanks so much.",smart_heating_controls,training_educational,how_to_installation_demo,theme_practical_advice
14,6,5,18304,0.19871536386703248,1.0,LL6YhT_HkIY,UgxNfEVefVeIAleh-794AaABAg,Top video as always 👍👍,heat_pump_heating_retrofit,installer_tradesperson,how_to_installation_demo,theme_practical_advice
14,6,6,4129,0.1986137391461898,1.0,1mJkjrwxdP4,Ugz6JPHkBE55sXDz4p14AaABAg,Great video. Is that polished metal one?,smart_heating_controls,training_educational,how_to_installation_demo,theme_question_request
14,6,7,16203,0.19728554319836109,0.6900608916513853,uv75G4ed2dw,UgxmU03x2_v_GF23LIF4AaABAg,Another great video. Have you said what your first name is?,heat_pump_heating_retrofit,diy_renovator_homeowner,project_walkthrough,theme_question_request
14,6,8,17216,0.1929521430341312,1.0,NuBYWUFiuww,UgzgM48EDlJ1_Kff5e14AaABAg,"I always keep the screws for reusing, great video thanks",windows_doors_glazing,installer_tradesperson,how_to_installation_demo,theme_practical_advice
14,6,9,5046,0.18284838452708915,0.9803762286064096,irytqcJZSps,UgyT5ygyZNogFrYAKwh4AaABAg,Great video thanks. So do you have to remove the plaster first?,damp_condensation_moisture,builder_contractor,problem_warning_mistakes,theme_question_request
14,6,10,26284,0.17572550240704182,1.0,7dhfqmm_c2M,UgyuVIXwSGh5HU9KhNp4AaABAg,Ps. Great video & thanks. It highlights the problem.,cavity_wall_insulation,installer_tradesperson,how_to_installation_demo,theme_safety_risk_warning
14,7,1,9200,0.29639450035114906,1.0,xc_BbbMi1cg,UgyWpt6yP-b24FRX8E14AaABAg,why all the curses?,heat_pump_heating_retrofit,diy_renovator_homeowner,practical_advice_explainer,theme_question_request
14,7,2,31887,0.29639450035114906,1.0,5t9PwXUV3SA,Ugxzk1Jco9ZeRdgKFeJ4AaABAg,Why the blurring?,heat_pump_heating_retrofit,installer_tradesperson,how_to_installation_demo,theme_question_request
14,7,3,22718,0.29639450035114906,1.0,fK7xyDSxa0I,UgxxJsugpvJjguyChw94AaABAg,Why only 70 ?,smart_heating_controls,installer_tradesperson,practical_advice_explainer,theme_question_request
14,7,4,24953,0.26306095426836956,0.7376512037117758,GZAce6iz2gg,Ugz9lgNYahQVKq1u3Ed4AaABAg,why brazing and not stabrite8??,heat_pump_heating_retrofit,installer_tradesperson,how_to_installation_demo,theme_question_request
14,7,5,3160,0.26103938091041073,0.88364189389601,xcAwujfTN64,Ugy0GVd7YA0P_q9aqkx4AaABAg,Why install from top to bottom? Why not bottom to top????,solar_renewable_integration,installer_tradesperson,how_to_installation_demo,theme_question_request
14,7,6,20832,0.22847427576158147,0.6506852195689908,hjlVL4sgqKw,UgwKQKhdT-Cjp1e8fAV4AaABAg,boring! why video?,heat_pump_heating_retrofit,training_educational,practical_advice_explainer,theme_question_request
14,7,7,2200,0.2276756354036516,0.7280264113614865,dIPM5yk2u38,Ugz2OCm1uBHmEzfgj594AaABAg,why the cone off insulation,airtightness_draught_proofing,installer_tradesperson,how_to_installation_demo,theme_energy_performance
14,7,8,2820,0.21624923389005946,0.7793115709890722,GhAKMAcmJFg,UgyO8b5aQVaog0ElQrt4AaABAg,why aren't you boris's heating tzar yet?,heat_pump_heating_retrofit,builder_contractor,practical_advice_explainer,theme_question_request
14,7,9,10293,0.20511133283398,0.8182536595799695,RwHD7D6avyQ,UgyhpFciQr-6gDv2TXB4AaABAg,Why not do this why not do that?,floor_insulation,builder_contractor,how_to_installation_demo,theme_question_request
14,7,10,1744,0.20426341010772034,0.7814980649200461,4-6KqpUoM3g,UgwiBUdxt1dHW5Ap6Kx4AaABAg,Why not use a calkline?,airtightness_draught_proofing,installer_tradesperson,how_to_installation_demo,theme_question_request
14,8,1,5542,0.17823069895608534,0.6612307132750582,1kz1c-rZsDk,UgwDbEB1_ESMMuKeoYl4AaABAg,How to interconnect 2 solar panels?,solar_renewable_integration,installer_tradesperson,how_to_installation_demo,theme_question_request
14,8,2,5107,0.15955455256240123,0.9568277076258265,jKiXJOX4ol8,UgxYPtpstc23SGFUcm14AaABAg,"I have Tesla solar panels, can I use this system with them?",solar_renewable_integration,installer_tradesperson,how_to_installation_demo,theme_question_request
14,8,3,10047,0.15042857928855433,0.7192246981637245,WBrL9153zJQ,UgwyCj7cHXj7EMYy8lB4AaABAg,Do you have links for the solar panels as well? Wanted to see how much all-in this system would cost.,solar_renewable_integration,training_educational,practical_advice_explainer,theme_question_request
14,8,4,31037,0.14048684522313398,0.7792719819579642,ZruXLnqBd-Y,UgzFZuCA5BM90UjDrAR4AaABAg,"My Mercedes-Benz Sprinter van has 400w solar panels that are connected with two 12.8v 100ah batteries in parallel. I would like to add another 12.8v 200ah battery to this system. Right now, the existing red and black cables from the solar panels are connected to the 1st battery with the parallel connection to the 2nd one and to the 3000w inverter. If I add the 3rd 12.8v 200ah, how would I do it? Thanks for your help. Antoine",solar_renewable_integration,training_educational,how_to_installation_demo,theme_question_request
14,8,5,36277,0.14046244499881824,1.0,HW4iyMnblZ8,UgzQf3ZPVbyy1mm0AmV4AaABAg,"*Solar panels had a price decline of more than 50% since 2022!* *Today, solar panels generate at least 10 times more green electricity with the same investment in time & money.*",solar_renewable_integration,training_educational,practical_advice_explainer,theme_cost_finance
14,8,6,13665,0.14038734782945847,0.9678008409519825,Kz5JbXTo4rM,Ugy4yDQyasgNUpUQl354AaABAg,Which brand would you recommend for rigid solar panels and wiring for Canadians?,solar_renewable_integration,training_educational,practical_advice_explainer,theme_question_request
14,8,7,23436,0.14024359079254595,0.6430448901529198,Gw8lLhMzLho,UgwLCmYhVOqjGki2WfN4AaABAg,Where can I get these solar generators to buy and do they come with solar panels?,solar_renewable_integration,installer_tradesperson,how_to_installation_demo,theme_question_request
14,8,8,39619,0.1386258113151749,0.9085186608315128,lxZwPhCmQ2w,UgzgBlyDxoq-W51rvuJ4AaABAg,Excellent video.I got 2 x pylon tech batteries (9 kw)with a Solis inverter over 2 years ago.I have no solar panels.I worked out it would take 15 to 20 years to recoup the cost of the installing solar panels. The savings are excellent with battery only.I also charge my car on the cheap octopus go tariff. Will this Fogstar battery work with a solis inverter ?,solar_renewable_integration,training_educational,practical_advice_explainer,theme_question_request
14,8,9,37928,0.1379107907534984,1.0,gLFH0GvBLlA,UgxwnzECFUtF371lFcZ4AaABAg,"I’m upgrading my setup with additional solar panels and a 9.4kWh battery. I already have a 10-year-old 4kW solar system, so this will be an add-on. The full package, 8.5kW of solar panels, a 6kW inverter, a 9.4kWh battery, installation, anti-bird protection, and scaffolding, costs £8,650 all in. There’s also the option to expand the battery storage at a later date with extra 9.4kWh batteries at £2,000 each.",solar_renewable_integration,training_educational,practical_advice_explainer,theme_cost_finance
14,8,10,15299,0.13687384010091622,0.6147743588509559,bOkQEFi55oU,Ugx9k9ubqnKe7qsF9-V4AaABAg,"It's well and good, but the cost of, for example, 6KW of solar, what would it cost for the panels, inverters, and battery banks ?, and how long would it take you to get that money back ?",solar_renewable_integration,installer_tradesperson,project_walkthrough,theme_question_request
14,9,1,26270,0.24012522500101535,0.9943739236557562,pvUA6iFJKy8,Ugx0m3fprRWNNSLzA8J4AaABAg,Don't do it,damp_condensation_moisture,diy_renovator_homeowner,how_to_installation_demo,theme_practical_advice
14,9,2,28552,0.24012522500101535,0.9943739236557562,bKTsLHSS7i4,UgycH5xlYvdPoVmODsx4AaABAg,Don't do it.,heat_pump_heating_retrofit,diy_renovator_homeowner,problem_warning_mistakes,theme_practical_advice
14,9,3,18162,0.24012522500101535,0.9943739236557562,H51FYrDR5xs,UgzvA4lqcqrhpH69mkF4AaABAg,Don't give up,damp_condensation_moisture,diy_renovator_homeowner,project_walkthrough,theme_practical_advice
14,9,4,35714,0.24012522500101535,0.9943739236557562,FXXgjvOJcYI,UgxKnQ6BWW4LleMUhh14AaABAg,I don't undertand.,airtightness_draught_proofing,training_educational,practical_advice_explainer,theme_practical_advice
14,9,5,35374,0.24012522500101535,0.9943739236557562,I7GD0MB8SzY,Ugw4Op9DpB6qYC0gKR54AaABAg,£525 ... not £325!,floor_insulation,diy_renovator_homeowner,how_to_installation_demo,theme_cost_finance
14,9,6,1210,0.24012522500101535,0.9943739236557562,kwVleBvWH64,Ugwf2E-xTzn2NPKSE9B4AaABAg,Fire or not,ventilation_mvhr,builder_contractor,how_to_installation_demo,theme_safety_risk_warning
14,9,7,22003,0.16155272391717507,0.9827247490572772,U-hVUczzlL4,UgwQN_WLDXlT3g4YY8l4AaABAg,"So, it doesn’t work.",ventilation_mvhr,diy_renovator_homeowner,how_to_installation_demo,theme_skepticism_critique
14,9,8,14600,0.12887335929913998,0.9836401444181898,Oz8WcD385cY,UgynE4pLLFZTk9oKPwl4AaABAg,That cheap plastic doesn't work.,airtightness_draught_proofing,diy_renovator_homeowner,problem_warning_mistakes,theme_cost_finance
14,9,9,13816,0.12786770104590336,0.9406795347062086,NoEnHZ8OyCM,Ugyb8hR6FCYARmZt_Pt4AaABAg,Don’t fck with me. Does this work?,smart_heating_controls,installer_tradesperson,problem_warning_mistakes,theme_question_request
14,9,10,40123,0.1205739555294386,0.8674610758117053,3zUMOblSJ60,UgzTBo7QROLBLVbwmu14AaABAg,No loft or flat this doesn't work.,airtightness_draught_proofing,training_educational,how_to_installation_demo,theme_skepticism_critique
14,10,1,12010,0.2774226022625374,1.0,i41oW85zPm8,UgxtY1LinqZVaE-F7eN4AaABAg,Where are you Stakker?,loft_roof_insulation,builder_contractor,practical_advice_explainer,theme_question_request
14,10,2,2109,0.2774226022625374,1.0,dIPM5yk2u38,Ugy6cCrz3mtjy5Jzynd4AaABAg,Where do you bui it ?,airtightness_draught_proofing,installer_tradesperson,how_to_installation_demo,theme_question_request
14,10,3,14575,0.2774226022625374,1.0,Oz8WcD385cY,UgxNAPFBl-OwgtDtkAh4AaABAg,where do you find it?,airtightness_draught_proofing,diy_renovator_homeowner,problem_warning_mistakes,theme_question_request
14,10,4,1753,0.2774226022625374,1.0,4-6KqpUoM3g,UgzWMylZQGVUoQec3wl4AaABAg,Where I get that?😮,airtightness_draught_proofing,installer_tradesperson,how_to_installation_demo,theme_question_request
14,10,5,17431,0.2774226022625374,1.0,XPSkyecmmEE,UgxbzF6R2zfjbbtqkTV4AaABAg,Where do you get this???,airtightness_draught_proofing,diy_renovator_homeowner,how_to_installation_demo,theme_question_request
14,10,6,2348,0.2774226022625374,1.0,kGXwcm6_ZMU,Ugy1CY_OeJEHLsKOWBd4AaABAg,Where do you get that smoker at?,damp_condensation_moisture,builder_contractor,problem_warning_mistakes,theme_question_request
14,10,7,34239,0.2774226022625374,1.0,P87qeSIxKT0,UgymUaNJ8Z2KoTqBiOZ4AaABAg,Where is part 3 ?,loft_roof_insulation,builder_contractor,how_to_installation_demo,theme_question_request
14,10,8,1371,0.2774226022625374,1.0,co7pKcoVJu0,Ugx90JcjMB9bAQmTir94AaABAg,Where can I get this,external_wall_insulation,diy_renovator_homeowner,how_to_installation_demo,theme_question_request
14,10,9,24596,0.2774226022625374,1.0,0IvGe4JZLSU,UgzI2qEe3RS9_5ZHgzp4AaABAg,-2°C? Where is that?,heat_pump_heating_retrofit,installer_tradesperson,how_to_installation_demo,theme_question_request
14,10,10,29578,0.2774226022625374,1.0,IT_Eme9XSl8,UgwPniLllC1G_NYMnKR4AaABAg,"""Eve-neen"". Where's the ing? I call anyone who 'eens' their ing's, eeners.",ventilation_mvhr,diy_renovator_homeowner,how_to_installation_demo,theme_question_request
14,11,1,41977,0.15551083925094153,1.0,hqFU3zjv-fs,UgxCrg47yHo1PbpS_RZ4AaABAg,Can this vapour barrier be used for a cold roof.?,loft_roof_insulation,installer_tradesperson,problem_warning_mistakes,theme_question_request
14,11,2,34071,0.13542258958894657,0.8069751970254659,EOAm2mlzfTg,Ugyw9cX-NYDycfBM2C54AaABAg,"What type of vapour barrier you recommend for a warm flat roof, breathable vapour barrier or airtight vapour barrier?",damp_condensation_moisture,builder_contractor,how_to_installation_demo,theme_question_request
14,11,3,15773,0.12562905032539473,0.5374500928591954,ejubOh5tegY,UgxV7p4zaoB6Ky2bm8l4AaABAg,Where is the vapour barrier ?,loft_roof_insulation,installer_tradesperson,project_walkthrough,theme_question_request
14,11,4,11864,0.1252730489284271,1.0,i41oW85zPm8,UgySI12H40hUc9g47w94AaABAg,"mmm, in the original warm roof concept you describe the vapour barrier keeps the moisture within the osp, is that good?",loft_roof_insulation,builder_contractor,practical_advice_explainer,theme_question_request
14,11,5,37358,0.12258728124565675,0.8437937168682977,Lc2D5U4DJew,Ugxq9NzcvI43Sl0r9px4AaABAg,Do you not have a sub deck on your warm roof with a vapour barrier?,loft_roof_insulation,installer_tradesperson,problem_warning_mistakes,theme_question_request
14,11,6,41972,0.11543574026845678,0.9426061489411011,hqFU3zjv-fs,UgyNKziI-7ebbI5Znv54AaABAg,Morning Steve I’ve just had my flat roof replaced with warm roof and fibreglassed the vapour barrier they used was a black plastic is this correct?,loft_roof_insulation,installer_tradesperson,problem_warning_mistakes,theme_question_request
14,11,7,35200,0.11225674608958697,1.0,LL2-8RXSYKc,UgyBmlp_LedVVYfL0eN4AaABAg,So essentially with a cold roof you always vent the roof space and install a vapour barrier ?,damp_condensation_moisture,installer_tradesperson,problem_warning_mistakes,theme_practical_advice
14,11,8,11974,0.11113967884385706,1.0,i41oW85zPm8,UgyunM4XSEnn9_prX0d4AaABAg,"On the cold roof, do you still install a vapour barrier",loft_roof_insulation,builder_contractor,practical_advice_explainer,theme_damp_moisture_condensation
14,11,9,29895,0.10796035016457495,0.8620935348768329,ygdC9eB-QEw,Ugx_YKRooqfPEZk35mZ4AaABAg,"For a warm falt roof construction, could you put the vapour barrier on top of rafters, then osb , insulation etc?",loft_roof_insulation,builder_contractor,how_to_installation_demo,theme_question_request
14,11,10,32028,0.10664021596617135,1.0,Hwn6WciiGy4,UgzA_GAshbEAOVA-5Dp4AaABAg,Warm roof then,loft_roof_insulation,installer_tradesperson,problem_warning_mistakes,theme_energy_performance
14,12,1,3784,0.12059425394026353,1.0,jYNufQVIFfA,Ugy-_4queRzKwpWlR5V4AaABAg,I do everything myself on my house 🏘️,damp_condensation_moisture,builder_contractor,problem_warning_mistakes,theme_personal_experience
14,12,2,32195,0.12059425394026353,1.0,OKuaURXqQ0E,UgwReZewjkvadJIbke14AaABAg,Is that my house?,airtightness_draught_proofing,builder_contractor,how_to_installation_demo,theme_question_request
14,12,3,34559,0.12059425394026353,1.0,tUWJTF9nyaQ,Ugx2GeQyv1bg8RBflNB4AaABAg,I have it at my house and it’s divine,loft_roof_insulation,builder_contractor,problem_warning_mistakes,theme_personal_experience
14,12,4,39049,0.12059425394026353,1.0,YhGoeR4Q4tM,UgwZttjW9va6kBQ2_0d4AaABAg,can you do our house please?,loft_roof_insulation,diy_renovator_homeowner,how_to_installation_demo,theme_question_request
14,12,5,12411,0.08633109495411548,0.870389054843168,QS16O9aYfq4,UgxUQNorMcjveQSMreN4AaABAg,No air flow in old house equals mold in the house don't make an old house air tight it will rot from the inside out 😢,airtightness_draught_proofing,builder_contractor,how_to_installation_demo,theme_practical_advice
14,12,6,26616,0.08496647730977393,0.9159072723508956,Mx9X6maasbY,UgzyCKtj87rLkQBYwzd4AaABAg,MY house smelt of the attic 🤢,ventilation_mvhr,installer_tradesperson,problem_warning_mistakes,theme_personal_experience
14,12,7,10885,0.08491520288210593,0.6162793999819541,HCo8nWzfFVc,UgyCUuqTH_cNODvJFAx4AaABAg,"30 to 60 well I would say you’ll never get any household in the uk ever down to 30 but anything below 50% should be exceptable, I live in a mid terrace house in north England and I’ve had issues with high humidity , condensation and black mould and we did have one of those units fitted in the loft but we found it not very effective as it just blew cold and damp air in to the house from the loft so how these units are supposed to reduce humidity levels I’m not sure but I did invest in dehumidifiers in problem rooms and I run them 2 to 3 hours in the morning and late evening and they work really well, infact they are very impressive as you shouldn’t even open your windows as the outside humidity can be higher than inside your house so when people say open your windows to reduce humidity or condensation I just think is ridiculous as you need a device like a dehumidifier to extract the moisture from your home which lowers the humidity and like you said makes the inside air drier which is easier to heat up especially in winter so I believe dehumidifiers pay for themselves by cutting heating costs down because it’s easier to heat up a dry room than a damp one, simple, also I applied and damp proof membrane paint on my problem outside walls then 4 layers of thermal paint or condensation paint with a mould inhibiting product added to the paint and this has completely stopped the condensation building up as the inside walls are now dry and not damp or cold in winter so it’s completely eliminated the condensation problem so it’s all to do with using knowledgeable information and applying the methods into practice. Good luck",damp_condensation_moisture,diy_renovator_homeowner,practical_advice_explainer,theme_practical_advice
14,12,8,40104,0.08454509630298938,0.8402526900952629,3zUMOblSJ60,Ugyx7TH-pf8e9xUOQEt4AaABAg,"This is the best video I've seen on damp, it should be compulsory viewing for every household. Well done! Old houses had chimneys galore and drafty sash windows but coal was cheap and every room had a fireplace. An open fire or a stove sucks huge volumes of air out of the room while warming the structure so old houses never had damp. Block those flues and fit draftproof windows and you're heading for trouble - at the mininum, condensation under the sarking in your attic and high humidity ruining anything stored up there. At worst, mould inside the house. We live in a modern house built to the latest Scottish regs. You'd have to try very hard indeed to burn it down as every ceiling is double thickness. The first floors are solid and soundproof. It's extremely well insulated and totally sealed BUT every bathroom and the utility has a small Vent-Axia extractor running at trickle on 5 watts that ramps up when it senses moisture. The kitchen has two powerful extractors that actually suck the door open causing a draft to come through when we cook. Consequently we have no damp, no odours and no mould in the shower sealant. Your suggestion of a positive pressure heater in the attic is the easiest and cheapest solution and as good as trickle fans in each room; a very low positive pressure in the house will keep drafts out and push out moisture. Great idea!",airtightness_draught_proofing,training_educational,how_to_installation_demo,theme_practical_advice
14,12,9,39947,0.08305381584068268,0.672721905167681,3zUMOblSJ60,Ugx0GRLpETAtzlLPjPN4AaABAg,My last home had damp problems. Funny how this new house with older windows doesn't have mold on the walls. We only have mold on the black window sill between the glass and the frame. Our bathroom extractor fan is shit and we still get no mold. Make sure you close your bathroom door because the moisture will travel around the house otherwise. I always have my window open in the day because I get hot easily and I like having new air in my bedroom. I live my parents by the way. Mold is a strange issue for sure because some people do everything wrong yet they never get mold because they have old windows or just lucky.,airtightness_draught_proofing,training_educational,how_to_installation_demo,theme_practical_advice
14,12,10,18248,0.08286643801946482,0.7051091370056956,H51FYrDR5xs,UgwfV7NJizLkBO_OZXV4AaABAg,I think your all wrong and missing the issues. Heating is not an effctive way to remove damp. If you increase temp the rh will drop. But the air water content is the same. As soon as heating is off you will get condensation. This is my solution. Remove all cement render from inside. Walls. Repair roof and gutters. Add a french drain 0.5m from wall around the perimeter of the house but the area between foundation wall and drain must be soil. Not gravel. Check no ground is above damp proof course. Remove excess soil if necessary. Divert all water from down pipes away from property Check for areas of saturated ground near walls investigate and fix Install positive pressure air flow from outside i.e outside air being forced in rather than extraction. Only operate this when rh outside is lower than inside. In the winter seal house as best you can to stop damp air from outside entering house. This will reduce the rh. Ie dont ventalate. On days when air is dry outside even if veryv cold outside open windows and doors for an hour to completly refresh the humid air inside with dryer air outside. By doing these actions you should significantly cut down on damp walls as the dew point will be much lower. Once you have the house dry from the above its pretty easy to make if more comfortable by adding heating and insulation.,damp_condensation_moisture,diy_renovator_homeowner,project_walkthrough,theme_practical_advice
14,13,1,13894,0.1500525741717457,0.8320877853872362,ge6pQeFlj3k,UgxN9VITsHHzlEXKgWp4AaABAg,"Hi Jay, I have an old Lennox furnace from the 90’s and it does not have a c terminal. I am installing a Honeywell smart thermostat requiring a c terminal. When I follow the 2 wire from the A/C unit outside to the furnace the red wire goes to the “R” terminal on the furnace panel but the white wire does not connect to the furnace panel it is connected with the yellow wire from the thermostat cable of wires with a wire nut. Does that mean the common can be achieve by connecting into the white and yellow wires that are in the wire nut? In the thermostat bundle of wires is an unused blue wire that is not connected at either end. I was planning to use that blue wire as my c wire. Can I connect that blue wire into the wire nut bundle I mentioned and then connect the blue wire to the “c” on the smart thermostat?",smart_heating_controls,training_educational,practical_advice_explainer,theme_question_request
14,13,2,24119,0.14408612663696474,0.9510035841221326,zi1Mkt1Nc8s,UgxuHCGZ8-U-PXWx0FV4AaABAg,I am replacing my honeywell thermostat with nest. But nest requires a c wire. When I remove the old thermostat it is connected on R and W wire. There are 2 extra wires sitting in the box (not connected). So I went to boiler and see that 3 wires connected to the zone terminal. I am wondering if the 3rd wire is a C wire? Any suggestions?,smart_heating_controls,diy_renovator_homeowner,how_to_installation_demo,theme_question_request
14,13,3,24084,0.14381875465941327,0.898977307745134,zi1Mkt1Nc8s,UgxsSO51td2UUoYJfIZ4AaABAg,"I have a thermostat with 2 wires connected, the R and W wire, however there are 3 other wires not used. Two of the 3 wires provides 24 volts when I tested it. Do I need a C wire? It's a boiler only setup. Can this work if I connect the 2 two wires to match the color on the nest thermostat?",smart_heating_controls,diy_renovator_homeowner,how_to_installation_demo,theme_question_request
14,13,4,13881,0.14306803984580396,0.8884083740017514,ge6pQeFlj3k,UgyE7OzAYyoRFlZmtAl4AaABAg,"I'm trying to connect the C wire from thermostat at the furnace end to the correct wire. There is no terminal block or control board with marking, just bunch of wires.I have the brown from condenser with two leads.1. White wire connecting to Yellow on Thermostat wire (Y). 2. Red wire connecting to a blue wire that goes to the steel frame of furnace board. My guess is red wire is the C wire in my case and need to connect thermostat C wire with that. Did I identify C wire correctly since it goes to the frame?",smart_heating_controls,training_educational,practical_advice_explainer,theme_question_request
14,13,5,25524,0.1422408020334912,0.9318141534104869,vG-K5TDYYNA,Ugx5pvpwmR9T51tguM54AaABAg,I have an older Honeywell thermostat and it has a white wire to W yellow wire to Y green wire to G black wire to W2 and blue wire to Y2. I don't see that I have a C wire. I want to install a newer thermostat with wifi. can I do this with the existing wires? Or do I need to install a converter at the AC unit?,smart_heating_controls,installer_tradesperson,how_to_installation_demo,theme_question_request
14,13,6,35874,0.14220632658171828,1.0,sSDytAtzk0U,UgwbCjtLHnvlPSYmbpB4AaABAg,"my thermostat has 5wires, red to RH, white to o/b, Y to yellow, G to green and C to blue wire, do i swap the G green wire & connect it to the C and the blue wire to G? and do i connect the red wire to RC or R on the honeywell thermostat? any assistance is appreciated, thank you!",smart_heating_controls,installer_tradesperson,how_to_installation_demo,theme_question_request
14,13,7,35814,0.14064855888902825,1.0,sSDytAtzk0U,UgyJFJZj__ZQ40TzGDt4AaABAg,"If I have a previous thermostat with a ""G"" wire, Can I connect the ""G"" wire to the C at this thermostat model? Do you think that will be enough?",smart_heating_controls,installer_tradesperson,how_to_installation_demo,theme_question_request
14,13,8,8971,0.1396830064974568,0.9303768339074192,Af6aaUyMc3E,Ugx4tmdymE2qxipfiX54AaABAg,Question - I do not have a C wire to my knowledge in my thermostat wiring.I have the white wire but it is hooked up to the W.My thermostat right now is battery operated.In my furnace I do have a white wire connected to the C slot.So do I have a common wire for power for a smart thermostat?I have a red to RV.A black to R.White to W or O/B.Another black to Y and a green to G in my existing thermostat.C is empty but again in the furnace a white is hooked up to the C.,smart_heating_controls,diy_renovator_homeowner,how_to_installation_demo,theme_question_request
14,13,9,25471,0.13739961638342849,0.7921617766401083,pd926OwKAiA,UgzQDO412tTr2i-XAZZ4AaABAg,"Great video. I have both the blue and green wire connected to the C on my old iComfort thermostat. Trying to upgrade to the Nest 4th gen thermostat , can I connect green and blue wire to the C slot in the Nest thermostat or do I separate them?",smart_heating_controls,installer_tradesperson,how_to_installation_demo,theme_question_request
14,13,10,25459,0.13739961638342849,0.7921617766401083,pd926OwKAiA,UgyJpvsYKrDui29hx3R4AaABAg,"Great video. I have both the blue and green wire connected to the C on my old iComfort thermostat. Trying to upgrade to the Nest 4th gen thermostat , can I connect green and blue wire to the C slot in the Nest thermostat or do I separate them?",smart_heating_controls,installer_tradesperson,how_to_installation_demo,theme_question_request
14,14,1,374,0.2514616068038521,1.0,qNQafR_5ALk,Ugx2TTTnlei_qCdzsnd4AaABAg,I did that.,damp_condensation_moisture,builder_contractor,problem_warning_mistakes,theme_personal_experience
14,14,2,32168,0.2514616068038521,1.0,IH7pXvIhHHE,UgyBoVn2fnYv3_-h9Gd4AaABAg,"I get it, but did you have to crumble it on yourself 😆 🤣",damp_condensation_moisture,diy_renovator_homeowner,problem_warning_mistakes,theme_practical_advice
14,14,3,19180,0.2514616068038521,1.0,o93IFuUkPhs,UgxKfjiuAzUDc3Ff6n54AaABAg,"Also, did you have to readjust the tensioner?",airtightness_draught_proofing,diy_renovator_homeowner,how_to_installation_demo,theme_practical_advice
14,14,4,27396,0.13816337689866431,0.607365562048386,YsVCTGRR7fc,Ugw9yp-_LnPZFXZOclh4AaABAg,You didn't show the slant ceiling area. How did you insulate that?,loft_roof_insulation,builder_contractor,how_to_installation_demo,theme_question_request
14,14,5,35988,0.1355890013675063,0.6079167324114122,2Apa2WcG9z0,UgxiKMF26yySUQSWTol4AaABAg,"Hi, did you do earthing with it? Thanks!",solar_renewable_integration,diy_renovator_homeowner,how_to_installation_demo,theme_question_request
14,14,6,25559,0.13478695834182255,0.7109490978428955,K_GmdyM8WVQ,UgxP9eaELKGnsJVhB5R4AaABAg,I did this and it didn't work,smart_heating_controls,installer_tradesperson,how_to_installation_demo,theme_personal_experience
14,14,7,27117,0.1323031789496932,0.5004568054633908,JcTgSwtljcY,Ugwa47ITJKyHlpsR0454AaABAg,How much did your power bill go up?,ventilation_mvhr,diy_renovator_homeowner,how_to_installation_demo,theme_question_request
14,14,8,20457,0.132000162246723,0.5363004880371592,B5wwIv7ZhGI,UgyzLcdhIOOml0-roYV4AaABAg,How much did your electric bill go down by ?,loft_roof_insulation,installer_tradesperson,project_walkthrough,theme_question_request
14,14,9,2359,0.1301793315081067,0.5574705192869418,kGXwcm6_ZMU,Ugxn-X7cGL7Rucqkyox4AaABAg,And what did we do about it?,damp_condensation_moisture,builder_contractor,problem_warning_mistakes,theme_question_request
14,14,10,10405,0.1301793315081067,0.5574705192869418,QnFoiUXr4h4,UgxvWt1swCW4Qw2HtWl4AaABAg,"That’s what I did, all of it",damp_condensation_moisture,training_educational,practical_advice_explainer,theme_personal_experience
16,1,1,3784,0.05607616860265182,1.0,jYNufQVIFfA,Ugy-_4queRzKwpWlR5V4AaABAg,I do everything myself on my house 🏘️,damp_condensation_moisture,builder_contractor,problem_warning_mistakes,theme_personal_experience
16,1,2,32195,0.05607616860265182,1.0,OKuaURXqQ0E,UgwReZewjkvadJIbke14AaABAg,Is that my house?,airtightness_draught_proofing,builder_contractor,how_to_installation_demo,theme_question_request
16,1,3,39049,0.05607616860265182,1.0,YhGoeR4Q4tM,UgwZttjW9va6kBQ2_0d4AaABAg,can you do our house please?,loft_roof_insulation,diy_renovator_homeowner,how_to_installation_demo,theme_question_request
16,1,4,34559,0.05607616860265182,1.0,tUWJTF9nyaQ,Ugx2GeQyv1bg8RBflNB4AaABAg,I have it at my house and it’s divine,loft_roof_insulation,builder_contractor,problem_warning_mistakes,theme_personal_experience
16,1,5,18199,0.04343809458713438,0.8061466740603894,H51FYrDR5xs,UgwjsQiU8cpAdrYMjXJ4AaABAg,"Them old house , were not house as we called them now , they were more like shelter. They had an open fire continously burning. Not shower to create steam . They had no money to use good materials to build the house in the first place. As we have experience the same problem, I came to the conclusion is to build a new house in the old one and often it's the best. Keep the old walls for the look outside and build new ones inside. It will reduce the space but in the short term it will not upset you and you will have a good home to live in . I know this because I moved in the West of Ireland into an old rectory. Dampness of tge North West of Europe is nothing to the one of Normandie. Oh , by the way , I'm French too 😂😂",damp_condensation_moisture,diy_renovator_homeowner,project_walkthrough,theme_safety_risk_warning
16,1,6,8604,0.04191635324861495,0.36267822141306444,kGs_biFA87Q,Ugz2BBX4yZ8elryMKxR4AaABAg,"Assuming a modern gas boiler and (and assuming you used the free cavity/roof insulation offers when they were available years ago), Set your heating to the outside temp, and then turn it up by 1C at a time (waiting at least half an hour between each) until you are not uncomfortable but not cold. this is the temp you need to set at night or times of non occupancy. Then turn it up 0.5C at a time (with 1 hour waits) until you are just comfortable. That's the temperature you need to set during occupancy time. You save by setting semi-constant and low heat settings because: (1) your boiler will work at its most efficient when set at low temps for long times rather than at high temps for short bursts, and (2) your house maintains the heat better when the differential between inside and outside is as low as possible. Many people turn up the heat for psychological comfort rather than physical comfort, but its less psychologically comfortable today when you will be worrying about the bills! Also, if you have a non uniform house with cold rooms, the problem is often poor settings on the radiators; radiator-thermostat valves are the answer, and NOT heating the house with the coldest room in mind. Also, make sure they are not all just set fully-on (that is often the problem if you have them badly set up). Finally, non-bill payers are more likely to mess with the thermostat (I think we all know who we're talking about here!), and there may be some training involved here! The temps you will use are often unexpectedly low. For us, they are 14C and 16.5C. Big thing to remember; *you should not change the values if it gets colder*; the heating will maintain the set temps, so you don't need to change them higher! Our energy bills have actually gone *down* so far this Autumn since using this system. Also, if you need to air the home or leave doors open, do it for 30 minutes max and do one room at a time; you lose the freshening effect soon after 30 minutes per room, and are just throwing heat away! Consider using air purifiers instead during the coldest weather period. I recommend Levoit (they're pretty cheap and the filters last forever if you clean them with a vacuum cleaner hose once a month - plus you can leave them constantly on on 'sleep' so the air never gets dusty)",heat_pump_heating_retrofit,training_educational,practical_advice_explainer,theme_practical_advice
16,1,7,16435,0.04139347215987166,0.5283887402774851,KxHcu7JvZwk,UgxU1Q4iStVi5wNm0014AaABAg,"I have a solid brick old terraced house. After 3 years of being here I have only just attempted this. Last year I had the same boiler, same thermostat but it was on a timer, now my issue is that when my heating is not on for a few hours it could drop to 17 degrees, so last year when it was on a timer it was having to go from 16/17 to 19/20 each time. This year I have kept my heating at 19 when I am in the house and 18 when I am not in the house. I’ve just got my bill and it says that my usage is down 85%. In certain houses this does in fact work and I wish I knew this 3 years ago!! I move out in a few months.",heat_pump_heating_retrofit,training_educational,practical_advice_explainer,theme_personal_experience
16,1,8,41554,0.04091695661105199,0.4509575295554533,DSCWGAE1BVQ,UgyEr3kEMzMtSXpYN3B4AaABAg,"I will say as a pretty competent DIYer mainly focused on carpentry you have to understand the tissue backed pir might look good on a spec sheet and I've never used it but my assumption is people don't want to use it for a few reasons 1. It's going to be a nightmare to put in without ripping or breaking and that suvirely decreases the insulations thermal performance 2 then imagine you get it in and any moisture not just water gets to it even the slightest condensation it's going to be ruined and make a big mess. 3 at the end of the day the tradesperson has to 'back' the work they do and might not be comfortable using a new or cheap product that's is inferior because if something goes wrong they have to take the time and spend they're money to fix it when we have had insulations that work fine for over a hundred years. Just my two cents as someone who does alot of this stuff for themself. I certainly see the value in not doing a job twice because I cheaped out or tried to use a 'new' way to do something. I as you might have guessed live in a 100 year old house and it is true what they say they don't build things like they used to. But with that also is important to see the downsides such as asbestos in artex among other things that are not used anymore because of health and safety, So there is also that nothing is perfect.",general_energy_retrofit,training_educational,practical_advice_explainer,theme_practical_advice
16,1,9,26267,0.039923565640652484,1.0,pvUA6iFJKy8,UgwKVY3oHN3ub320Svl4AaABAg,Depending on your climate it may not be of any value to insulate an old house. Good way to rot out a house that has stood for 150 years or more already. Same with windows. Refurbish the old windows. New windows just have to be replaced in 15 years. No energy saving overall.,damp_condensation_moisture,diy_renovator_homeowner,how_to_installation_demo,theme_energy_performance
16,1,10,39947,0.03939671152066824,0.38454480982439065,3zUMOblSJ60,Ugx0GRLpETAtzlLPjPN4AaABAg,My last home had damp problems. Funny how this new house with older windows doesn't have mold on the walls. We only have mold on the black window sill between the glass and the frame. Our bathroom extractor fan is shit and we still get no mold. Make sure you close your bathroom door because the moisture will travel around the house otherwise. I always have my window open in the day because I get hot easily and I like having new air in my bedroom. I live my parents by the way. Mold is a strange issue for sure because some people do everything wrong yet they never get mold because they have old windows or just lucky.,airtightness_draught_proofing,training_educational,how_to_installation_demo,theme_practical_advice
16,2,1,34498,0.23063381405409322,1.0,tUWJTF9nyaQ,UgxtCcp6ToRsN4-kzzF4AaABAg,SPRAY FOAM IS A RIPOFF!,loft_roof_insulation,builder_contractor,problem_warning_mistakes,theme_product_material_tool
16,2,2,31075,0.23063381405409322,1.0,C5lPpLUw-Ts,UgxB5hdL70bOwrRX3cV4AaABAg,SPRAY FOAM! 😉🤣,external_wall_insulation,diy_renovator_homeowner,how_to_installation_demo,theme_product_material_tool
16,2,3,9907,0.23063381405409322,1.0,9OFpzKn0cq4,UgxWncWZz4ymf4GMPll4AaABAg,😂 spray foam bandit struck again!,loft_roof_insulation,diy_renovator_homeowner,problem_warning_mistakes,theme_product_material_tool
16,2,4,17746,0.21005452171355435,1.0,5ScJj0YlUAM,UgwSfM5zgyKhjzB0CVZ4AaABAg,Spray foam man. SPRAY FOAM!!,loft_roof_insulation,installer_tradesperson,practical_advice_explainer,theme_product_material_tool
16,2,5,19045,0.20599973605860633,0.9916592815167181,_RQ9S1u7ag4,UgxN6dpbyQdfHRNkTvZ4AaABAg,Time for closecell spray foam,airtightness_draught_proofing,diy_renovator_homeowner,how_to_installation_demo,theme_product_material_tool
16,2,6,34575,0.2012370496610628,0.9992076012648449,tUWJTF9nyaQ,UgwbOF_qfUV7Yoap6UJ4AaABAg,"Spray foam, got it.",loft_roof_insulation,builder_contractor,problem_warning_mistakes,theme_product_material_tool
16,2,7,36373,0.1929615651705873,0.9951862667904596,Genu_Plnp2M,UgwHMTSiKmcIANPqAz54AaABAg,i thought spray foam was hazardeous?,airtightness_draught_proofing,installer_tradesperson,how_to_installation_demo,theme_product_material_tool
16,2,8,29990,0.1754765569280401,1.0,AADAMH0TRQU,Ugz53GrW4sOGctMr6Cp4AaABAg,I hate spray foam.,loft_roof_insulation,training_educational,how_to_installation_demo,theme_product_material_tool
16,2,9,598,0.17496107085786047,0.9907055786596326,ZInm0mt0pXQ,Ugw94E9kmzTPcMAjDhl4AaABAg,That spray foam is going to leave you bankrupt😂,external_wall_insulation,builder_contractor,how_to_installation_demo,theme_product_material_tool
16,2,10,17769,0.1682634226831866,1.0,5ScJj0YlUAM,Ugx-8gwMMlVAGZYqbDx4AaABAg,Or foam it,loft_roof_insulation,installer_tradesperson,practical_advice_explainer,theme_product_material_tool
16,3,1,41834,0.2811717394190763,1.0,5q4S12q9m7E,UgyPM135UqEGLSydq7x4AaABAg,What about VanEE ? 6:59 7:02,ventilation_mvhr,installer_tradesperson,how_to_installation_demo,theme_question_request
16,3,2,41305,0.2811717394190763,1.0,dB8p6pVuPAo,UgxIGcGDvrtmmZFuLBR4AaABAg,what was the invoice?,heat_pump_heating_retrofit,installer_tradesperson,how_to_installation_demo,theme_question_request
16,3,3,22965,0.2811717394190763,1.0,Q4iG6O7JEM0,UgxO6Ecfrj2YHFuu0wN4AaABAg,What's your name ?,smart_heating_controls,installer_tradesperson,how_to_installation_demo,theme_question_request
16,3,4,3135,0.2811717394190763,1.0,xcAwujfTN64,UgzdkqsymdISnDR8YNh4AaABAg,What’s the ig?,solar_renewable_integration,installer_tradesperson,how_to_installation_demo,theme_question_request
16,3,5,29861,0.2811717394190763,1.0,OWALq8C5Wkg,UgyXKweO6Gil5bqGWB94AaABAg,what is this?,smart_heating_controls,installer_tradesperson,how_to_installation_demo,theme_question_request
16,3,6,3664,0.2811717394190763,1.0,jYNufQVIFfA,Ugyc_8hpPw0w51eyTXd4AaABAg,What about Airkrete?,damp_condensation_moisture,builder_contractor,problem_warning_mistakes,theme_question_request
16,3,7,33546,0.2811717394190763,1.0,gIhAyS38-f4,Ugzgjo86w6j9Z7jT2Lp4AaABAg,"So, what’s the verdict ?",smart_heating_controls,training_educational,how_to_installation_demo,theme_question_request
16,3,8,9073,0.2811717394190763,1.0,NZNyK7W8yKI,UgzO38aWxHf09IUfzXl4AaABAg,Since you have your what out ?,windows_doors_glazing,builder_contractor,how_to_installation_demo,theme_question_request
16,3,9,9055,0.2811717394190763,1.0,NZNyK7W8yKI,UgxGMg7Ks-u_wKP0BMN4AaABAg,His what out???,windows_doors_glazing,builder_contractor,how_to_installation_demo,theme_question_request
16,3,10,436,0.2811717394190763,1.0,LVYSz1CuuDw,UgwoqmayVm_re-VGdf94AaABAg,What for ?,solar_renewable_integration,installer_tradesperson,how_to_installation_demo,theme_question_request
16,4,1,172,0.27955852805766784,1.0,UUalCAU4W8g,UgzokD-y9cqTYGYPO0F4AaABAg,Please how can I get this,internal_wall_insulation,installer_tradesperson,how_to_installation_demo,theme_question_request
16,4,2,1343,0.27955852805766784,1.0,mobbhOH5teg,UgzjtCX1HHkagVxbjQN4AaABAg,How can I get this.,external_wall_insulation,builder_contractor,how_to_installation_demo,theme_question_request
16,4,3,1029,0.27955852805766784,1.0,MzSCf_LkyNw,Ugyb_WwCUCve7N2GIQl4AaABAg,How is he a gangster in paradise?,loft_roof_insulation,installer_tradesperson,how_to_installation_demo,theme_question_request
16,4,4,553,0.27955852805766784,1.0,RlQjU6gQcFU,UgzOc6u9y_EY2bD40Zl4AaABAg,"So, that's how it done...? 😱",external_wall_insulation,installer_tradesperson,how_to_installation_demo,theme_question_request
16,4,5,14918,0.27955852805766784,1.0,tyTT9jNfnc8,UgxtIHBXYrr9KJ1UgEp4AaABAg,How much? 😂😂😂😂😂😂,loft_roof_insulation,training_educational,problem_warning_mistakes,theme_question_request
16,4,6,30595,0.27955852805766784,1.0,UFQrJ_okXBg,UgwwOoTTEp_TAgGUEJx4AaABAg,how do i do that,smart_heating_controls,installer_tradesperson,how_to_installation_demo,theme_question_request
16,4,7,3003,0.27955852805766784,1.0,EY77sPyVM2c,UgzMcMysyImMD4RYOq94AaABAg,How much is the PF?,heat_pump_heating_retrofit,installer_tradesperson,how_to_installation_demo,theme_question_request
16,4,8,15415,0.27955852805766784,1.0,P6rA-E-HmQ0,UgwCHor35FidVlGrelR4AaABAg,how much all???,solar_renewable_integration,installer_tradesperson,how_to_installation_demo,theme_question_request
16,4,9,19092,0.27955852805766784,1.0,ukgh7mrTd-Y,UgzWJu9O8P_JiNCc10B4AaABAg,How much is this?,solar_renewable_integration,installer_tradesperson,how_to_installation_demo,theme_question_request
16,4,10,33839,0.27955852805766784,1.0,f9wxGMxavgM,UgwWAZaJVdfWgJuAiJt4AaABAg,How much for that system??? 😊,windows_doors_glazing,installer_tradesperson,how_to_installation_demo,theme_question_request
16,5,1,5110,0.20369783555572646,1.0,jKiXJOX4ol8,UgxwhEvjXdkzouWG22l4AaABAg,Do you also have a heat pump?,solar_renewable_integration,installer_tradesperson,how_to_installation_demo,theme_question_request
16,5,2,31740,0.18288551042419593,0.9889685340125799,fh_KDoj2Qm8,UgyYhjQHQxQiclZiGD14AaABAg,"Heat pump At 50c! , you need to rethink that one.",heat_pump_heating_retrofit,training_educational,how_to_installation_demo,theme_practical_advice
16,5,3,41658,0.16449464727193713,0.7291508888832287,QLGANlbqIFY,UgyHPCFH1wQ5Y9osiXN4AaABAg,There seem to be two heat pumps out the front. What is the second heat pump for?,heat_pump_heating_retrofit,training_educational,project_walkthrough,theme_question_request
16,5,4,28746,0.14579708099402752,1.0,xOUBlKTynes,UgzokSIQDFqfOrCzZTh4AaABAg,Get a quote for a heat pump: https://tech.referrals.octopus.energy/uOYXOG2p,heat_pump_heating_retrofit,installer_tradesperson,how_to_installation_demo,theme_cost_finance
16,5,5,22581,0.1393127054972768,0.7762839627859853,qmWRN3Ob1Po,UgzKJJAHgWprZndih1x4AaABAg,I don't have the funds for this heat pump solution or do I have the space.,heat_pump_heating_retrofit,training_educational,how_to_installation_demo,theme_practical_advice
16,5,6,33336,0.1334163444116389,0.6203800704903168,lpRNEcK3fGA,Ugwh4X9U_q8zY2bjC_l4AaABAg,How noisy is your heat pump?,heat_pump_heating_retrofit,installer_tradesperson,how_to_installation_demo,theme_question_request
16,5,7,24893,0.13274941170214677,0.9695290813892739,Hyv_vQEvHgo,Ugy_h-jUZMVmv9eM0qF4AaABAg,Is it a heat storage heat pump boiler?,heat_pump_heating_retrofit,diy_renovator_homeowner,how_to_installation_demo,theme_question_request
16,5,8,38984,0.1325235552892131,0.9846702944093944,0oDLwBZurp8,UgzBS1s0mT8OG-pJbGd4AaABAg,Are you showing the installation of the heat pump?,whole_house_deep_retrofit,builder_contractor,project_walkthrough,theme_question_request
16,5,9,38980,0.12922431481924104,1.0,0oDLwBZurp8,UgxX1c5x8CcJ3RIBB6N4AaABAg,Do you have a heat pump episode?,whole_house_deep_retrofit,builder_contractor,project_walkthrough,theme_question_request
16,5,10,41794,0.12865634014966432,1.0,MUGaC890lJ8,UgyaGaVI25InQbK3IUd4AaABAg,So a heat pump comes pre installed? Also are all heat pump heaters electric?,heat_pump_heating_retrofit,installer_tradesperson,how_to_installation_demo,theme_question_request
16,6,1,31058,0.2703340517268662,1.0,C5lPpLUw-Ts,Ugwr2Msi9gMhtiGW-kx4AaABAg,Great video as always!!,external_wall_insulation,diy_renovator_homeowner,how_to_installation_demo,theme_practical_advice
16,6,2,11555,0.2703340517268662,1.0,w6wo2URorG4,UgwTJXtYT8CzfCAqmFx4AaABAg,"As always, great video!",heat_pump_heating_retrofit,builder_contractor,problem_warning_mistakes,theme_practical_advice
16,6,3,3448,0.2703340517268662,1.0,jYNufQVIFfA,UgxUq-MVpFxzwQN6yMN4AaABAg,Great video as always 👍,damp_condensation_moisture,builder_contractor,problem_warning_mistakes,theme_practical_advice
16,6,4,26493,0.23578311824501033,1.0,9jRpO_kKgJM,UgzKSTff0h8q76aIy4N4AaABAg,"As always, great video, thanks so much.",smart_heating_controls,training_educational,how_to_installation_demo,theme_practical_advice
16,6,5,4129,0.20330417773921777,0.9986194707672416,1mJkjrwxdP4,Ugz6JPHkBE55sXDz4p14AaABAg,Great video. Is that polished metal one?,smart_heating_controls,training_educational,how_to_installation_demo,theme_question_request
16,6,6,18304,0.20274269344215096,1.0,LL6YhT_HkIY,UgxNfEVefVeIAleh-794AaABAg,Top video as always 👍👍,heat_pump_heating_retrofit,installer_tradesperson,how_to_installation_demo,theme_practical_advice
16,6,7,16203,0.2018619853217267,0.6935177405425927,uv75G4ed2dw,UgxmU03x2_v_GF23LIF4AaABAg,Another great video. Have you said what your first name is?,heat_pump_heating_retrofit,diy_renovator_homeowner,project_walkthrough,theme_question_request
16,6,8,17216,0.19729314368734865,1.0,NuBYWUFiuww,UgzgM48EDlJ1_Kff5e14AaABAg,"I always keep the screws for reusing, great video thanks",windows_doors_glazing,installer_tradesperson,how_to_installation_demo,theme_practical_advice
16,6,9,5046,0.18682603533516415,0.9651033225510244,irytqcJZSps,UgyT5ygyZNogFrYAKwh4AaABAg,Great video thanks. So do you have to remove the plaster first?,damp_condensation_moisture,builder_contractor,problem_warning_mistakes,theme_question_request
16,6,10,26284,0.1793177065442279,0.9960343368035439,7dhfqmm_c2M,UgyuVIXwSGh5HU9KhNp4AaABAg,Ps. Great video & thanks. It highlights the problem.,cavity_wall_insulation,installer_tradesperson,how_to_installation_demo,theme_safety_risk_warning
16,7,1,24953,0.28591938097314995,0.9276325017266125,GZAce6iz2gg,Ugz9lgNYahQVKq1u3Ed4AaABAg,why brazing and not stabrite8??,heat_pump_heating_retrofit,installer_tradesperson,how_to_installation_demo,theme_question_request
16,7,2,31887,0.27597011930131315,1.0,5t9PwXUV3SA,Ugxzk1Jco9ZeRdgKFeJ4AaABAg,Why the blurring?,heat_pump_heating_retrofit,installer_tradesperson,how_to_installation_demo,theme_question_request
16,7,3,22718,0.27597011930131315,1.0,fK7xyDSxa0I,UgxxJsugpvJjguyChw94AaABAg,Why only 70 ?,smart_heating_controls,installer_tradesperson,practical_advice_explainer,theme_question_request
16,7,4,9200,0.27597011930131315,1.0,xc_BbbMi1cg,UgyWpt6yP-b24FRX8E14AaABAg,why all the curses?,heat_pump_heating_retrofit,diy_renovator_homeowner,practical_advice_explainer,theme_question_request
16,7,5,3160,0.2672887970456205,0.9884845836369127,xcAwujfTN64,Ugy0GVd7YA0P_q9aqkx4AaABAg,Why install from top to bottom? Why not bottom to top????,solar_renewable_integration,installer_tradesperson,how_to_installation_demo,theme_question_request
16,7,6,2820,0.23006273019863963,0.9202725819994089,GhAKMAcmJFg,UgyO8b5aQVaog0ElQrt4AaABAg,why aren't you boris's heating tzar yet?,heat_pump_heating_retrofit,builder_contractor,practical_advice_explainer,theme_question_request
16,7,7,10293,0.21907973763172325,0.9854277161541188,RwHD7D6avyQ,UgyhpFciQr-6gDv2TXB4AaABAg,Why not do this why not do that?,floor_insulation,builder_contractor,how_to_installation_demo,theme_question_request
16,7,8,1744,0.21766918064425553,0.864371642384096,4-6KqpUoM3g,UgwiBUdxt1dHW5Ap6Kx4AaABAg,Why not use a calkline?,airtightness_draught_proofing,installer_tradesperson,how_to_installation_demo,theme_question_request
16,7,9,2200,0.21363708416467642,0.6364369015699324,dIPM5yk2u38,Ugz2OCm1uBHmEzfgj594AaABAg,why the cone off insulation,airtightness_draught_proofing,installer_tradesperson,how_to_installation_demo,theme_energy_performance
16,7,10,20832,0.21348596439718184,0.6292362514839605,hjlVL4sgqKw,UgwKQKhdT-Cjp1e8fAV4AaABAg,boring! why video?,heat_pump_heating_retrofit,training_educational,practical_advice_explainer,theme_question_request
16,8,1,5542,0.233923644353941,0.7175034303712087,1kz1c-rZsDk,UgwDbEB1_ESMMuKeoYl4AaABAg,How to interconnect 2 solar panels?,solar_renewable_integration,installer_tradesperson,how_to_installation_demo,theme_question_request
16,8,2,5107,0.20047941187746215,0.9216816310211238,jKiXJOX4ol8,UgxYPtpstc23SGFUcm14AaABAg,"I have Tesla solar panels, can I use this system with them?",solar_renewable_integration,installer_tradesperson,how_to_installation_demo,theme_question_request
16,8,3,23436,0.1792764611839599,0.7281952306008329,Gw8lLhMzLho,UgwLCmYhVOqjGki2WfN4AaABAg,Where can I get these solar generators to buy and do they come with solar panels?,solar_renewable_integration,installer_tradesperson,how_to_installation_demo,theme_question_request
16,8,4,10028,0.1748739785667763,0.733926104378744,WBrL9153zJQ,Ugw3HV2ANsGnpTlVfZ94AaABAg,What solar panels are these?,solar_renewable_integration,training_educational,practical_advice_explainer,theme_question_request
16,8,5,19230,0.1720337206238541,1.0,H8Ms_siUiCk,UgyTYKcLmSRGzGOeXRZ4AaABAg,Yeah the solar panels leak. Always!,solar_renewable_integration,installer_tradesperson,problem_warning_mistakes,theme_practical_advice
16,8,6,12678,0.17189986308593727,0.8033468182326281,1N_ZsLrfUJM,UgzgrDdoWtR3yHbylJp4AaABAg,"Hi Finn, I have a 6.65kw solar system inc.14 panels on the roof, with a Goodwe inverter. I have been told about fitting a 7.68kw Jinko battery to our system, as we have Jinko panels on the roof. Do you have any thoughts on this battery and fitment please?",solar_renewable_integration,training_educational,practical_advice_explainer,theme_question_request
16,8,7,37928,0.16790238177387343,1.0,gLFH0GvBLlA,UgxwnzECFUtF371lFcZ4AaABAg,"I’m upgrading my setup with additional solar panels and a 9.4kWh battery. I already have a 10-year-old 4kW solar system, so this will be an add-on. The full package, 8.5kW of solar panels, a 6kW inverter, a 9.4kWh battery, installation, anti-bird protection, and scaffolding, costs £8,650 all in. There’s also the option to expand the battery storage at a later date with extra 9.4kWh batteries at £2,000 each.",solar_renewable_integration,training_educational,practical_advice_explainer,theme_cost_finance
16,8,8,13640,0.1673383400026065,0.7327293305610815,Kz5JbXTo4rM,UgxxFzKqBm2rr6azUN94AaABAg,"What is the use of the Powmr brand 4.2kw, 24v battery system for 200watt 18.6v solar panels?",solar_renewable_integration,training_educational,practical_advice_explainer,theme_question_request
16,8,9,30319,0.16629697985053568,1.0,5ftY0QMe2qY,UgzXNkZYv2aBOB5u3AB4AaABAg,So all the solar panels with battery and install all for 4 grand thats cheap,solar_renewable_integration,installer_tradesperson,how_to_installation_demo,theme_cost_finance
16,8,10,6972,0.16598613102413845,0.7013734541200619,zg9IM061rbU,UgyGWAxBf1hXQLAPRS54AaABAg,What kind of solar panels are those?,solar_renewable_integration,diy_renovator_homeowner,how_to_installation_demo,theme_question_request
16,9,1,22003,0.23600813992377684,0.9834662674809721,U-hVUczzlL4,UgwQN_WLDXlT3g4YY8l4AaABAg,"So, it doesn’t work.",ventilation_mvhr,diy_renovator_homeowner,how_to_installation_demo,theme_skepticism_critique
16,9,2,13816,0.19189023639102484,0.9531114374277329,NoEnHZ8OyCM,Ugyb8hR6FCYARmZt_Pt4AaABAg,Don’t fck with me. Does this work?,smart_heating_controls,installer_tradesperson,problem_warning_mistakes,theme_question_request
16,9,3,14600,0.18530439547384578,0.9495077573042184,Oz8WcD385cY,UgynE4pLLFZTk9oKPwl4AaABAg,That cheap plastic doesn't work.,airtightness_draught_proofing,diy_renovator_homeowner,problem_warning_mistakes,theme_cost_finance
16,9,4,40123,0.17616987150358554,0.8558414388945325,3zUMOblSJ60,UgzTBo7QROLBLVbwmu14AaABAg,No loft or flat this doesn't work.,airtightness_draught_proofing,training_educational,how_to_installation_demo,theme_skepticism_critique
16,9,5,24986,0.17538535176282694,0.7679065439986358,GZAce6iz2gg,UgxeG2WIRsiQPT4fX0l4AaABAg,this video doesn't work,heat_pump_heating_retrofit,installer_tradesperson,how_to_installation_demo,theme_skepticism_critique
16,9,6,22687,0.1753735574968274,0.9643100937778288,ZMp5ofZpPWo,UgwmX-0xVGN_jNQ0imB4AaABAg,Doesn't work. My garage is still freezing,airtightness_draught_proofing,diy_renovator_homeowner,practical_advice_explainer,theme_skepticism_critique
16,9,7,22690,0.17203596314895706,0.9723609577695185,ZMp5ofZpPWo,UgyCaHxEmzr8tf0v-dh4AaABAg,Does it work??,airtightness_draught_proofing,diy_renovator_homeowner,practical_advice_explainer,theme_question_request
16,9,8,14282,0.17203596314895706,0.9723609577695185,ABjqoJ0eXYo,UgyYVcOMgpmx6jnLvuV4AaABAg,Does this work for a 830?,smart_heating_controls,training_educational,how_to_installation_demo,theme_question_request
16,9,9,29685,0.1655178523131033,0.7907925175543629,CWYKUAb-Acg,UgyQbLSKkO0LDdSFBkV4AaABAg,Mine does move like that and I bleed the reditoar but one that doesn't heat up?,smart_heating_controls,installer_tradesperson,how_to_installation_demo,theme_question_request
16,9,10,30591,0.16355830665175453,0.9002693938379898,UFQrJ_okXBg,UgxBrYxBAk25APPcTJN4AaABAg,I have two of these old thermostats actually. The one upstairs doesn't work. The light comes on to say it's on but it doesn't seem to have any effect on the radiators.,smart_heating_controls,installer_tradesperson,how_to_installation_demo,theme_skepticism_critique
16,10,1,374,0.24996126313425718,1.0,qNQafR_5ALk,Ugx2TTTnlei_qCdzsnd4AaABAg,I did that.,damp_condensation_moisture,builder_contractor,problem_warning_mistakes,theme_personal_experience
16,10,2,32168,0.24996126313425718,1.0,IH7pXvIhHHE,UgyBoVn2fnYv3_-h9Gd4AaABAg,"I get it, but did you have to crumble it on yourself 😆 🤣",damp_condensation_moisture,diy_renovator_homeowner,problem_warning_mistakes,theme_practical_advice
16,10,3,19180,0.24996126313425718,1.0,o93IFuUkPhs,UgxKfjiuAzUDc3Ff6n54AaABAg,"Also, did you have to readjust the tensioner?",airtightness_draught_proofing,diy_renovator_homeowner,how_to_installation_demo,theme_practical_advice
16,10,4,25559,0.1440492618908543,0.7508145535245365,K_GmdyM8WVQ,UgxP9eaELKGnsJVhB5R4AaABAg,I did this and it didn't work,smart_heating_controls,installer_tradesperson,how_to_installation_demo,theme_personal_experience
16,10,5,27396,0.14306616530319605,0.6371184856617682,YsVCTGRR7fc,Ugw9yp-_LnPZFXZOclh4AaABAg,You didn't show the slant ceiling area. How did you insulate that?,loft_roof_insulation,builder_contractor,how_to_installation_demo,theme_question_request
16,10,6,14597,0.13680037486388652,0.801601435685913,Oz8WcD385cY,Ugw6zfwmn207Sd3bbT54AaABAg,🔵 *u didn't show product name or brand* 👎,airtightness_draught_proofing,diy_renovator_homeowner,problem_warning_mistakes,theme_product_material_tool
16,10,7,35988,0.13511530915430398,0.6128293425279617,2Apa2WcG9z0,UgxiKMF26yySUQSWTol4AaABAg,"Hi, did you do earthing with it? Thanks!",solar_renewable_integration,diy_renovator_homeowner,how_to_installation_demo,theme_question_request
16,10,8,27117,0.1307792975112587,0.4800907049916525,JcTgSwtljcY,Ugwa47ITJKyHlpsR0454AaABAg,How much did your power bill go up?,ventilation_mvhr,diy_renovator_homeowner,how_to_installation_demo,theme_question_request
16,10,9,631,0.13073801064354648,0.714719743866283,ZInm0mt0pXQ,UgyxVh3w2Zsu09Xt8Dl4AaABAg,It said on the can use gloves ?????? didn't see them,external_wall_insulation,builder_contractor,how_to_installation_demo,theme_question_request
16,10,10,20457,0.1300403825379083,0.5189950946204183,B5wwIv7ZhGI,UgyzLcdhIOOml0-roYV4AaABAg,How much did your electric bill go down by ?,loft_roof_insulation,installer_tradesperson,project_walkthrough,theme_question_request
16,11,1,2348,0.23800658854794388,1.0,kGXwcm6_ZMU,Ugy1CY_OeJEHLsKOWBd4AaABAg,Where do you get that smoker at?,damp_condensation_moisture,builder_contractor,problem_warning_mistakes,theme_question_request
16,11,2,1753,0.23800658854794388,1.0,4-6KqpUoM3g,UgzWMylZQGVUoQec3wl4AaABAg,Where I get that?😮,airtightness_draught_proofing,installer_tradesperson,how_to_installation_demo,theme_question_request
16,11,3,27112,0.23800658854794388,1.0,JcTgSwtljcY,Ugykmq0tqJiz3D4Iz1V4AaABAg,Where can we get one?,ventilation_mvhr,diy_renovator_homeowner,how_to_installation_demo,theme_question_request
16,11,4,17431,0.23800658854794388,1.0,XPSkyecmmEE,UgxbzF6R2zfjbbtqkTV4AaABAg,Where do you get this???,airtightness_draught_proofing,diy_renovator_homeowner,how_to_installation_demo,theme_question_request
16,11,5,34239,0.23800658854794388,1.0,P87qeSIxKT0,UgymUaNJ8Z2KoTqBiOZ4AaABAg,Where is part 3 ?,loft_roof_insulation,builder_contractor,how_to_installation_demo,theme_question_request
16,11,6,12010,0.23800658854794388,1.0,i41oW85zPm8,UgxtY1LinqZVaE-F7eN4AaABAg,Where are you Stakker?,loft_roof_insulation,builder_contractor,practical_advice_explainer,theme_question_request
16,11,7,33840,0.23800658854794388,1.0,yiov8ZpIF2U,UgwKe7iISSTMDKtXzHF4AaABAg,Where do you get this from?,windows_doors_glazing,diy_renovator_homeowner,problem_warning_mistakes,theme_question_request
16,11,8,2109,0.23800658854794388,1.0,dIPM5yk2u38,Ugy6cCrz3mtjy5Jzynd4AaABAg,Where do you bui it ?,airtightness_draught_proofing,installer_tradesperson,how_to_installation_demo,theme_question_request
16,11,9,2289,0.23800658854794388,1.0,kGXwcm6_ZMU,UgxzBh6-BLYgK_4sEEN4AaABAg,where can i get that vape,damp_condensation_moisture,builder_contractor,problem_warning_mistakes,theme_question_request
16,11,10,1371,0.23800658854794388,1.0,co7pKcoVJu0,Ugx90JcjMB9bAQmTir94AaABAg,Where can I get this,external_wall_insulation,diy_renovator_homeowner,how_to_installation_demo,theme_question_request
16,12,1,32028,0.1199878172149532,1.0,Hwn6WciiGy4,UgzA_GAshbEAOVA-5Dp4AaABAg,Warm roof then,loft_roof_insulation,installer_tradesperson,problem_warning_mistakes,theme_energy_performance
16,12,2,26779,0.1199878172149532,1.0,fm11vZii5Es,Ugx1xwu5JRveBmsEbwh4AaABAg,now that`s a warm roof,loft_roof_insulation,builder_contractor,how_to_installation_demo,theme_energy_performance
16,12,3,39042,0.11878227061588027,0.5452518055538919,YhGoeR4Q4tM,UgwuDuYrGevj573HUWx4AaABAg,"What I don't quite understand about leaving an air gap is that if air is comming in vents through the soffit and going up to the ridge board where does it vent out, air will stop moving if it's not vented at the other end, and if you have roof vents you would need one between each roof joist on both sides of the roof.",loft_roof_insulation,diy_renovator_homeowner,how_to_installation_demo,theme_practical_advice
16,12,4,33954,0.117539987304522,0.9713153036284667,WATmq9zSvW8,UgxGvLn0wOmkynQ2W0Z4AaABAg,Can an air to air unit be put on a flat roof?,heat_pump_heating_retrofit,installer_tradesperson,how_to_installation_demo,theme_question_request
16,12,5,31355,0.11651118411533384,0.7871279492524749,ykKwmSqpznM,UgyMJuJN3Qi6NNIAwNd4AaABAg,"Might be too late to help, but I have a 1905 in Pittsburgh. I replaced roof about 7-8 yrs ago. I had ridge vents put in and decided to run ridge venting from gap at soffit up to ridge vent. Once that’s done I’m going to place batt insulation along the baffles. That should allow free flowing air along the roof line and create an air space in the attic. I’ve researched this and newer homes seem to work well with this method. As long as the roof gets cold air running along it, I should retain heat. Good luck.",ventilation_mvhr,diy_renovator_homeowner,how_to_installation_demo,theme_personal_experience
16,12,6,11975,0.11433650628311838,0.8159187073133695,i41oW85zPm8,UgxLIFJOhodQgkkOfkR4AaABAg,"my flat roof(which i want to turn into a warm roof) runs into a pitched roof, would i seal the warm roof completely & then add some vent tiles to the bottom of the pitch roof to regain the ventilation i had from the old cold roof?",loft_roof_insulation,builder_contractor,practical_advice_explainer,theme_question_request
16,12,7,11302,0.11239622931924856,0.7183149282008823,U522et_9P70,UgxTZC8KFON7jNzI-T14AaABAg,"The hottest air in an attic will always rise out the ridge vents at the top of the roof regardless of gable vents being present. Gable vents introducing fresh cool air along with the soffit vents is NOT a bad thing. Everyone says it but can not explain why that makes any sense. Thermodynamics (heat rising) will not change because gable vents are open with soffit vents, the inrush of cool air from the gable vent to the ridge vent increases the total CFM of cool outside air moving through a hot attic. Air is just dry water, the more cool water (air) being moved through a vessel (roof) the better for cooling overall. In an all year hot climate like Florida ot Texas the more venitlation a roof gets the better.",ventilation_mvhr,builder_contractor,practical_advice_explainer,theme_practical_advice
16,12,8,17554,0.11207799795944567,0.6328168628183368,Kl3EAJD7Kbs,UgzYI5fnz0BWbi8YFF54AaABAg,No air gap mush ? Flat roof problem all day . Needs to be a warm roof really . Cold roof design is bad great video by the way . Yes learnt a lot for once,damp_condensation_moisture,builder_contractor,problem_warning_mistakes,theme_energy_performance
16,12,9,27368,0.11197144454959194,0.46317314783405555,YsVCTGRR7fc,UgxGiKGrkUHUM3tJQ-54AaABAg,How does the vent work? Is the air going out into the roof ridge up into the top attic?,loft_roof_insulation,builder_contractor,how_to_installation_demo,theme_question_request
16,12,10,15795,0.11161290763613856,0.9646255200605609,ejubOh5tegY,Ugw8YdblblEyspHlnFJ4AaABAg,Dil you have to put air vents in the slate between the 50mm air gap and the out side?,loft_roof_insulation,installer_tradesperson,project_walkthrough,theme_practical_advice
16,13,1,1136,0.198284315287961,1.0,MzSCf_LkyNw,Ugy-u5O1GuWuYQSdmVp4AaABAg,Insulation thief. 😂,loft_roof_insulation,installer_tradesperson,how_to_installation_demo,theme_energy_performance
16,13,2,26808,0.198284315287961,1.0,fm11vZii5Es,Ugyg1_I19Ehy5_gYI5R4AaABAg,200mm insulation - blimey,loft_roof_insulation,builder_contractor,how_to_installation_demo,theme_energy_performance
16,13,3,2129,0.198284315287961,1.0,dIPM5yk2u38,UgxDBm2E0cM3Ff05O6h4AaABAg,I have one for insulation!,airtightness_draught_proofing,installer_tradesperson,how_to_installation_demo,theme_energy_performance
16,13,4,33151,0.15399141408034595,1.0,y3g4Vpec1_M,Ugzd1eOwGHTinM8FjOV4AaABAg,Is that a 300mm wall and 100mm insulation?,damp_condensation_moisture,builder_contractor,how_to_installation_demo,theme_question_request
16,13,5,22328,0.12260842708219745,0.9926415713714954,FH0U8hehXr8,UgwqSLsM83YmFXbNzxJ4AaABAg,Whatever happened to cavity wall insulation.,external_wall_insulation,training_educational,how_to_installation_demo,theme_energy_performance
16,13,6,2200,0.12203968699313453,0.36356309843006773,dIPM5yk2u38,Ugz2OCm1uBHmEzfgj594AaABAg,why the cone off insulation,airtightness_draught_proofing,installer_tradesperson,how_to_installation_demo,theme_energy_performance
16,13,7,17857,0.11193160534199038,0.997328279824481,O2xQjzYs5M4,UgxDN_vroj6yUZbhnHp4AaABAg,Can this be done in a 90s build property thats had cavity wall insulation?,internal_wall_insulation,builder_contractor,how_to_installation_demo,theme_question_request
16,13,8,26338,0.11074421324986694,0.8317669194704428,7dhfqmm_c2M,UgxE2ek19ov2YgmrPSd4AaABAg,I know of a company that used to specialise in cavity wall insulation. They now specialise in its removal. Cavity wall insulation can wreck a house. Don’t do it!,cavity_wall_insulation,installer_tradesperson,how_to_installation_demo,theme_energy_performance
16,13,9,29484,0.11003048357779044,1.0,p2A-JY83iQ8,UgwiJ3UezqCai7AQFyN4AaABAg,Is external wall insulation better or internal wall insulation?,internal_wall_insulation,builder_contractor,how_to_installation_demo,theme_question_request
16,13,10,33637,0.1080991537201476,0.9985019257235784,n2c5VtzwalY,UgwL4ih2VN6--NeA7Ah4AaABAg,"are you kidding me? NO, cavity wall insulation is a nightmare",cavity_wall_insulation,installer_tradesperson,how_to_installation_demo,theme_question_request
16,14,1,13894,0.12695044373612188,0.730115364085604,ge6pQeFlj3k,UgxN9VITsHHzlEXKgWp4AaABAg,"Hi Jay, I have an old Lennox furnace from the 90’s and it does not have a c terminal. I am installing a Honeywell smart thermostat requiring a c terminal. When I follow the 2 wire from the A/C unit outside to the furnace the red wire goes to the “R” terminal on the furnace panel but the white wire does not connect to the furnace panel it is connected with the yellow wire from the thermostat cable of wires with a wire nut. Does that mean the common can be achieve by connecting into the white and yellow wires that are in the wire nut? In the thermostat bundle of wires is an unused blue wire that is not connected at either end. I was planning to use that blue wire as my c wire. Can I connect that blue wire into the wire nut bundle I mentioned and then connect the blue wire to the “c” on the smart thermostat?",smart_heating_controls,training_educational,practical_advice_explainer,theme_question_request
16,14,2,25524,0.12162203667353792,0.9572069771923695,vG-K5TDYYNA,Ugx5pvpwmR9T51tguM54AaABAg,I have an older Honeywell thermostat and it has a white wire to W yellow wire to Y green wire to G black wire to W2 and blue wire to Y2. I don't see that I have a C wire. I want to install a newer thermostat with wifi. can I do this with the existing wires? Or do I need to install a converter at the AC unit?,smart_heating_controls,installer_tradesperson,how_to_installation_demo,theme_question_request
16,14,3,24119,0.12083670308054112,0.9862867767872245,zi1Mkt1Nc8s,UgxuHCGZ8-U-PXWx0FV4AaABAg,I am replacing my honeywell thermostat with nest. But nest requires a c wire. When I remove the old thermostat it is connected on R and W wire. There are 2 extra wires sitting in the box (not connected). So I went to boiler and see that 3 wires connected to the zone terminal. I am wondering if the 3rd wire is a C wire? Any suggestions?,smart_heating_controls,diy_renovator_homeowner,how_to_installation_demo,theme_question_request
16,14,4,24084,0.12082406031911724,0.9044964896321571,zi1Mkt1Nc8s,UgxsSO51td2UUoYJfIZ4AaABAg,"I have a thermostat with 2 wires connected, the R and W wire, however there are 3 other wires not used. Two of the 3 wires provides 24 volts when I tested it. Do I need a C wire? It's a boiler only setup. Can this work if I connect the 2 two wires to match the color on the nest thermostat?",smart_heating_controls,diy_renovator_homeowner,how_to_installation_demo,theme_question_request
16,14,5,13881,0.12072175653422665,0.8667688053362962,ge6pQeFlj3k,UgyE7OzAYyoRFlZmtAl4AaABAg,"I'm trying to connect the C wire from thermostat at the furnace end to the correct wire. There is no terminal block or control board with marking, just bunch of wires.I have the brown from condenser with two leads.1. White wire connecting to Yellow on Thermostat wire (Y). 2. Red wire connecting to a blue wire that goes to the steel frame of furnace board. My guess is red wire is the C wire in my case and need to connect thermostat C wire with that. Did I identify C wire correctly since it goes to the frame?",smart_heating_controls,training_educational,practical_advice_explainer,theme_question_request
16,14,6,35874,0.12031451139016394,1.0,sSDytAtzk0U,UgwbCjtLHnvlPSYmbpB4AaABAg,"my thermostat has 5wires, red to RH, white to o/b, Y to yellow, G to green and C to blue wire, do i swap the G green wire & connect it to the C and the blue wire to G? and do i connect the red wire to RC or R on the honeywell thermostat? any assistance is appreciated, thank you!",smart_heating_controls,installer_tradesperson,how_to_installation_demo,theme_question_request
16,14,7,35814,0.11881207645385523,1.0,sSDytAtzk0U,UgyJFJZj__ZQ40TzGDt4AaABAg,"If I have a previous thermostat with a ""G"" wire, Can I connect the ""G"" wire to the C at this thermostat model? Do you think that will be enough?",smart_heating_controls,installer_tradesperson,how_to_installation_demo,theme_question_request
16,14,8,8971,0.11848287567641472,0.9046681172738881,Af6aaUyMc3E,Ugx4tmdymE2qxipfiX54AaABAg,Question - I do not have a C wire to my knowledge in my thermostat wiring.I have the white wire but it is hooked up to the W.My thermostat right now is battery operated.In my furnace I do have a white wire connected to the C slot.So do I have a common wire for power for a smart thermostat?I have a red to RV.A black to R.White to W or O/B.Another black to Y and a green to G in my existing thermostat.C is empty but again in the furnace a white is hooked up to the C.,smart_heating_controls,diy_renovator_homeowner,how_to_installation_demo,theme_question_request
16,14,9,25459,0.1157533986550828,0.7522432747871245,pd926OwKAiA,UgyJpvsYKrDui29hx3R4AaABAg,"Great video. I have both the blue and green wire connected to the C on my old iComfort thermostat. Trying to upgrade to the Nest 4th gen thermostat , can I connect green and blue wire to the C slot in the Nest thermostat or do I separate them?",smart_heating_controls,installer_tradesperson,how_to_installation_demo,theme_question_request
16,14,10,25471,0.1157533986550828,0.7522432747871245,pd926OwKAiA,UgzQDO412tTr2i-XAZZ4AaABAg,"Great video. I have both the blue and green wire connected to the C on my old iComfort thermostat. Trying to upgrade to the Nest 4th gen thermostat , can I connect green and blue wire to the C slot in the Nest thermostat or do I separate them?",smart_heating_controls,installer_tradesperson,how_to_installation_demo,theme_question_request
16,15,1,15773,0.2593532411705646,0.7366057441327352,ejubOh5tegY,UgxV7p4zaoB6Ky2bm8l4AaABAg,Where is the vapour barrier ?,loft_roof_insulation,installer_tradesperson,project_walkthrough,theme_question_request
16,15,2,1052,0.2162930425760029,1.0,MzSCf_LkyNw,Ugx2woGFrJo9sGbHP2R4AaABAg,No vapour barrier too!,loft_roof_insulation,installer_tradesperson,how_to_installation_demo,theme_damp_moisture_condensation
16,15,3,1702,0.2162930425760029,1.0,35kJvNW81pU,UgzlgFRE18j-JvYr06t4AaABAg,No vapour barrier,floor_insulation,builder_contractor,how_to_installation_demo,theme_damp_moisture_condensation
16,15,4,34359,0.2162930425760029,1.0,AlVATirl5ac,UgyDtMU-EVGyUgMPHlt4AaABAg,No vapour barrier?,internal_wall_insulation,diy_renovator_homeowner,how_to_installation_demo,theme_damp_moisture_condensation
16,15,5,33273,0.2162930425760029,1.0,63bv_a9jOBs,UgwO1xvkkn45-2mVLHd4AaABAg,No vapour barrier on top?,damp_condensation_moisture,installer_tradesperson,how_to_installation_demo,theme_damp_moisture_condensation
16,15,6,30950,0.2162930425760029,1.0,KJava-6Slu8,UgzNieLkm6sjVKQl6D94AaABAg,No vapour barrier?,internal_wall_insulation,builder_contractor,how_to_installation_demo,theme_damp_moisture_condensation
16,15,7,29669,0.2118342868893608,1.0,YS6NzCAG4l8,Ugx8GiwZiYXJIZpQ1FF4AaABAg,Any links to the vapour barrier,loft_roof_insulation,builder_contractor,how_to_installation_demo,theme_damp_moisture_condensation
16,15,8,10810,0.21148081377890207,0.7631769387298702,HCo8nWzfFVc,UgweX3zao0ah-0U46uh4AaABAg,Do you have a subfloor? What about a vapour barrier?,damp_condensation_moisture,diy_renovator_homeowner,practical_advice_explainer,theme_question_request
16,15,9,16720,0.21064640535869517,0.7629293710972379,KltU08BK7Oc,UgxFkB7qDHX4PsWvAMp4AaABAg,I would put vapor barrier on the ground itself,floor_insulation,training_educational,practical_advice_explainer,theme_damp_moisture_condensation
16,15,10,15617,0.20877401879698,0.9377557159337545,M5tyd3ayt80,Ugw3a8MQzPJ0JL4M5qx4AaABAg,OSB is like a vapor barrier,damp_condensation_moisture,training_educational,practical_advice_explainer,theme_damp_moisture_condensation
16,16,1,33740,0.1208528925320867,0.9190585131127846,1rhmEAggMqU,Ugy1x8YHE_uJknq-lnp4AaABAg,I'd do it with rockwool 🤩🤩🤩,airtightness_draught_proofing,diy_renovator_homeowner,how_to_installation_demo,theme_product_material_tool
16,16,2,7399,0.10254705017403343,0.5454920996837924,rRqV8BHE8lY,UgwraP-sG8KdmiziXKh4AaABAg,How would this be made into a 240v system? Would I need 5 of these 48v batteries?,solar_renewable_integration,training_educational,how_to_installation_demo,theme_question_request
16,16,3,19572,0.10044764001152019,0.9108647146986292,kqO5SyKJ5SI,Ugx8VSJMjuOs8FKRzBB4AaABAg,Who would I call to do this job ? HVAC ?,ventilation_mvhr,diy_renovator_homeowner,how_to_installation_demo,theme_question_request
16,16,4,5321,0.10009567871648768,0.759103221445733,AN4_mkEfDPE,UgzSpvuFGKz_PIKvZNd4AaABAg,"I would use this in the bottom corners, but then i would tape the rest",windows_doors_glazing,builder_contractor,how_to_installation_demo,theme_practical_advice
16,16,5,32952,0.09957634846813346,0.5305811116687394,NHgE0lyJNmE,UgxW8FnZTl1V-MHNHGV4AaABAg,What would you recommend please ? Thank you 🙏,loft_roof_insulation,builder_contractor,problem_warning_mistakes,theme_question_request
16,16,6,28578,0.09777740282145068,0.7271757912695437,tGQrIF7wD2U,UgwrRTwgDkr-cdjl0hx4AaABAg,Our dimmers get hot. Is it good idea to seal them? They would get hotter wouldn’t they.,airtightness_draught_proofing,diy_renovator_homeowner,how_to_installation_demo,theme_question_request
16,16,7,39267,0.09738630985519024,0.5550414281728628,3tfqdP68umQ,Ugxu1JQUia-vds6HRYZ4AaABAg,How Dunelm would you like your bedroom? Yes.,internal_wall_insulation,diy_renovator_homeowner,how_to_installation_demo,theme_question_request
16,16,8,31294,0.09670995980514273,0.9452154276771405,TozuzG0Vb_c,UgxuvyFMfxkac6DTtjl4AaABAg,I would never even has though to do this,ventilation_mvhr,installer_tradesperson,how_to_installation_demo,theme_practical_advice
16,16,9,2205,0.09636815563891134,0.6089402154475456,dIPM5yk2u38,UgwAf9VSpk3iY27Y1U14AaABAg,It would not only keep the insulation in one spot it would also help insulate,airtightness_draught_proofing,installer_tradesperson,how_to_installation_demo,theme_energy_performance
16,16,10,39322,0.0935996617316084,0.7444947253388385,dULHUbLsRGY,UgwaWWmvK3xRRclBxWd4AaABAg,Would wd-40 work as a lubricant on the pin?,smart_heating_controls,installer_tradesperson,how_to_installation_demo,theme_question_request
20,1,1,35714,0.13146805821478158,1.0,FXXgjvOJcYI,UgxKnQ6BWW4LleMUhh14AaABAg,I don't undertand.,airtightness_draught_proofing,training_educational,practical_advice_explainer,theme_practical_advice
20,1,2,35374,0.13146805821478158,1.0,I7GD0MB8SzY,Ugw4Op9DpB6qYC0gKR54AaABAg,£525 ... not £325!,floor_insulation,diy_renovator_homeowner,how_to_installation_demo,theme_cost_finance
20,1,3,28552,0.13146805821478158,1.0,bKTsLHSS7i4,UgycH5xlYvdPoVmODsx4AaABAg,Don't do it.,heat_pump_heating_retrofit,diy_renovator_homeowner,problem_warning_mistakes,theme_practical_advice
20,1,4,26270,0.13146805821478158,1.0,pvUA6iFJKy8,Ugx0m3fprRWNNSLzA8J4AaABAg,Don't do it,damp_condensation_moisture,diy_renovator_homeowner,how_to_installation_demo,theme_practical_advice
20,1,5,1210,0.13146805821478158,1.0,kwVleBvWH64,Ugwf2E-xTzn2NPKSE9B4AaABAg,Fire or not,ventilation_mvhr,builder_contractor,how_to_installation_demo,theme_safety_risk_warning
20,1,6,18162,0.13146805821478158,1.0,H51FYrDR5xs,UgzvA4lqcqrhpH69mkF4AaABAg,Don't give up,damp_condensation_moisture,diy_renovator_homeowner,project_walkthrough,theme_practical_advice
20,1,7,24953,0.057433920076829244,0.20899122921461866,GZAce6iz2gg,Ugz9lgNYahQVKq1u3Ed4AaABAg,why brazing and not stabrite8??,heat_pump_heating_retrofit,installer_tradesperson,how_to_installation_demo,theme_question_request
20,1,8,14597,0.056929018631142324,0.71336067676282,Oz8WcD385cY,Ugw6zfwmn207Sd3bbT54AaABAg,🔵 *u didn't show product name or brand* 👎,airtightness_draught_proofing,diy_renovator_homeowner,problem_warning_mistakes,theme_product_material_tool
20,1,9,1123,0.056166129408042845,0.46670096287252216,MzSCf_LkyNw,UgxDX3mKiB2RYbqHTeZ4AaABAg,"you didn't put the egg crates in, you don't know what you're doing",loft_roof_insulation,installer_tradesperson,how_to_installation_demo,theme_practical_advice
20,1,10,8216,0.05358753684435064,0.7417512608287637,OZvrTuhJhXs,Ugxv_J5iJHYW-rs1QLF4AaABAg,"I did not know about fuses, very interesting...😊😊😊",solar_renewable_integration,training_educational,how_to_installation_demo,theme_personal_experience
20,2,1,34498,0.21613525541019127,1.0,tUWJTF9nyaQ,UgxtCcp6ToRsN4-kzzF4AaABAg,SPRAY FOAM IS A RIPOFF!,loft_roof_insulation,builder_contractor,problem_warning_mistakes,theme_product_material_tool
20,2,2,31075,0.21613525541019127,1.0,C5lPpLUw-Ts,UgxB5hdL70bOwrRX3cV4AaABAg,SPRAY FOAM! 😉🤣,external_wall_insulation,diy_renovator_homeowner,how_to_installation_demo,theme_product_material_tool
20,2,3,9907,0.21613525541019127,1.0,9OFpzKn0cq4,UgxWncWZz4ymf4GMPll4AaABAg,😂 spray foam bandit struck again!,loft_roof_insulation,diy_renovator_homeowner,problem_warning_mistakes,theme_product_material_tool
20,2,4,17746,0.1968237478275586,1.0,5ScJj0YlUAM,UgwSfM5zgyKhjzB0CVZ4AaABAg,Spray foam man. SPRAY FOAM!!,loft_roof_insulation,installer_tradesperson,practical_advice_explainer,theme_product_material_tool
20,2,5,19045,0.19335964468030006,0.9658101880661923,_RQ9S1u7ag4,UgxN6dpbyQdfHRNkTvZ4AaABAg,Time for closecell spray foam,airtightness_draught_proofing,diy_renovator_homeowner,how_to_installation_demo,theme_product_material_tool
20,2,6,34575,0.1887142442325458,0.9865987998694894,tUWJTF9nyaQ,UgwbOF_qfUV7Yoap6UJ4AaABAg,"Spray foam, got it.",loft_roof_insulation,builder_contractor,problem_warning_mistakes,theme_product_material_tool
20,2,7,36373,0.18083239082107289,0.9748598183654097,Genu_Plnp2M,UgwHMTSiKmcIANPqAz54AaABAg,i thought spray foam was hazardeous?,airtightness_draught_proofing,installer_tradesperson,how_to_installation_demo,theme_product_material_tool
20,2,8,29990,0.16442684361790652,1.0,AADAMH0TRQU,Ugz53GrW4sOGctMr6Cp4AaABAg,I hate spray foam.,loft_roof_insulation,training_educational,how_to_installation_demo,theme_product_material_tool
20,2,9,598,0.16408104243407765,0.9650477694230345,ZInm0mt0pXQ,Ugw94E9kmzTPcMAjDhl4AaABAg,That spray foam is going to leave you bankrupt😂,external_wall_insulation,builder_contractor,how_to_installation_demo,theme_product_material_tool
20,2,10,714,0.1565724950505878,0.9943529252732145,ZInm0mt0pXQ,UgxLoIvtsq_MID0z9fZ4AaABAg,That foam 🤦,external_wall_insulation,builder_contractor,how_to_installation_demo,theme_product_material_tool
20,3,1,1044,0.2772673908690364,1.0,MzSCf_LkyNw,Ugzd6fNkwW1vg3wwyB14AaABAg,Now what ?,loft_roof_insulation,installer_tradesperson,how_to_installation_demo,theme_question_request
20,3,2,29861,0.2772673908690364,1.0,OWALq8C5Wkg,UgyXKweO6Gil5bqGWB94AaABAg,what is this?,smart_heating_controls,installer_tradesperson,how_to_installation_demo,theme_question_request
20,3,3,1099,0.2772673908690364,1.0,MzSCf_LkyNw,UgygAw6h-iNJ4w8Zo8l4AaABAg,And then what? 🧐🤨,loft_roof_insulation,installer_tradesperson,how_to_installation_demo,theme_question_request
20,3,4,33546,0.2772673908690364,1.0,gIhAyS38-f4,Ugzgjo86w6j9Z7jT2Lp4AaABAg,"So, what’s the verdict ?",smart_heating_controls,training_educational,how_to_installation_demo,theme_question_request
20,3,5,13800,0.2772673908690364,1.0,5O6rHbUJRrM,UgwkmIjyJAo7KEnBIrJ4AaABAg,What is this about?,smart_heating_controls,diy_renovator_homeowner,how_to_installation_demo,theme_question_request
20,3,6,1315,0.2772673908690364,1.0,cCLM8T1TtMU,Ugx2l-YWfjN_GhIT1Lh4AaABAg,What in the f***? 😳,external_wall_insulation,installer_tradesperson,how_to_installation_demo,theme_question_request
20,3,7,24045,0.2772673908690364,1.0,7Wk2MF4pEmc,Ugy51xTeSLZAP78O7ct4AaABAg,What's it for?,loft_roof_insulation,diy_renovator_homeowner,practical_advice_explainer,theme_question_request
20,3,8,10121,0.2772673908690364,1.0,WBrL9153zJQ,UgxHtCF6hZzHi_UVPzJ4AaABAg,700W at what 120/240v?,solar_renewable_integration,training_educational,practical_advice_explainer,theme_question_request
20,3,9,9073,0.2772673908690364,1.0,NZNyK7W8yKI,UgzO38aWxHf09IUfzXl4AaABAg,Since you have your what out ?,windows_doors_glazing,builder_contractor,how_to_installation_demo,theme_question_request
20,3,10,12662,0.2772673908690364,1.0,1N_ZsLrfUJM,UgxX27bbHjPQsGfIrvN4AaABAg,What about Hauwei?,solar_renewable_integration,training_educational,practical_advice_explainer,theme_question_request
20,4,1,30595,0.2562786841541723,1.0,UFQrJ_okXBg,UgwwOoTTEp_TAgGUEJx4AaABAg,how do i do that,smart_heating_controls,installer_tradesperson,how_to_installation_demo,theme_question_request
20,4,2,41956,0.2562786841541723,1.0,hqFU3zjv-fs,Ugz1XqgYbjDVvLOiiLB4AaABAg,How much is it?,loft_roof_insulation,installer_tradesperson,problem_warning_mistakes,theme_question_request
20,4,3,1029,0.2562786841541723,1.0,MzSCf_LkyNw,Ugyb_WwCUCve7N2GIQl4AaABAg,How is he a gangster in paradise?,loft_roof_insulation,installer_tradesperson,how_to_installation_demo,theme_question_request
20,4,4,15415,0.2562786841541723,1.0,P6rA-E-HmQ0,UgwCHor35FidVlGrelR4AaABAg,how much all???,solar_renewable_integration,installer_tradesperson,how_to_installation_demo,theme_question_request
20,4,5,19092,0.2562786841541723,1.0,ukgh7mrTd-Y,UgzWJu9O8P_JiNCc10B4AaABAg,How much is this?,solar_renewable_integration,installer_tradesperson,how_to_installation_demo,theme_question_request
20,4,6,14918,0.2562786841541723,1.0,tyTT9jNfnc8,UgxtIHBXYrr9KJ1UgEp4AaABAg,How much? 😂😂😂😂😂😂,loft_roof_insulation,training_educational,problem_warning_mistakes,theme_question_request
20,4,7,3003,0.2562786841541723,1.0,EY77sPyVM2c,UgzMcMysyImMD4RYOq94AaABAg,How much is the PF?,heat_pump_heating_retrofit,installer_tradesperson,how_to_installation_demo,theme_question_request
20,4,8,553,0.2562786841541723,1.0,RlQjU6gQcFU,UgzOc6u9y_EY2bD40Zl4AaABAg,"So, that's how it done...? 😱",external_wall_insulation,installer_tradesperson,how_to_installation_demo,theme_question_request
20,4,9,1343,0.2562786841541723,1.0,mobbhOH5teg,UgzjtCX1HHkagVxbjQN4AaABAg,How can I get this.,external_wall_insulation,builder_contractor,how_to_installation_demo,theme_question_request
20,4,10,33839,0.2562786841541723,1.0,f9wxGMxavgM,UgwWAZaJVdfWgJuAiJt4AaABAg,How much for that system??? 😊,windows_doors_glazing,installer_tradesperson,how_to_installation_demo,theme_question_request
20,5,1,5562,0.18307328251179147,0.5142751276916169,-0vb6-7lOWw,UgyF4O0jr634uYufBpd4AaABAg,how many appliecess can i use this one?,solar_renewable_integration,installer_tradesperson,how_to_installation_demo,theme_question_request
20,5,2,36161,0.1737676600437512,0.5371128937257146,HW4iyMnblZ8,UgxiMT3KDugQiIthnGZ4AaABAg,Are Supercapacitors already in use for WindSolsr like ENSEGA and MAXWELL?,solar_renewable_integration,training_educational,practical_advice_explainer,theme_question_request
20,5,3,33002,0.1650196161134864,0.5924541365097655,meJ6LV6vq9Q,Ugzq8fMx9jtkyNk9u7l4AaABAg,"Foam cutters are a godsend, I use them in modelling...",external_wall_insulation,training_educational,project_walkthrough,theme_product_material_tool
20,5,4,33306,0.13489831238839944,0.9697654283496322,pTN9q3AC0rc,UgxzJViKMXFFlXD_AFN4AaABAg,Can i use this to cool my laptop?,heat_pump_heating_retrofit,installer_tradesperson,project_walkthrough,theme_question_request
20,5,5,5774,0.12450358405923906,0.9775861108632155,PHeTx5sGL3A,UgzVvLWeyj8xeR4kW5R4AaABAg,"hello, do you use it in 240V or 120V ?",solar_renewable_integration,diy_renovator_homeowner,problem_warning_mistakes,theme_question_request
20,5,6,11375,0.12273758983208867,0.7979471423385002,UG7qWFqYQGU,UgwYJNCVOy_HLdSkPS14AaABAg,This “mf can’t even use a tool” 😂😂😂,smart_heating_controls,installer_tradesperson,problem_warning_mistakes,theme_product_material_tool
20,5,7,1285,0.11433092033512117,0.7836357673539246,cCLM8T1TtMU,UgwmQysz9jCtTKoIs6N4AaABAg,Don't you use glue?,external_wall_insulation,installer_tradesperson,how_to_installation_demo,theme_practical_advice
20,5,8,5405,0.11408137158600427,0.9723214567024512,AN4_mkEfDPE,UgwUVVK3N5YUsoNwnrJ4AaABAg,Use sill tape… viola,windows_doors_glazing,builder_contractor,how_to_installation_demo,theme_product_material_tool
20,5,9,21476,0.11106395161014244,0.7429684421862478,YfkMK5GRLG8,UgzXWmITxO88imj-xo14AaABAg,Just use radiator,heat_pump_heating_retrofit,diy_renovator_homeowner,practical_advice_explainer,theme_practical_advice
20,5,10,1744,0.11099957555366036,0.3857843376412097,4-6KqpUoM3g,UgwiBUdxt1dHW5Ap6Kx4AaABAg,Why not use a calkline?,airtightness_draught_proofing,installer_tradesperson,how_to_installation_demo,theme_question_request
20,6,1,3448,0.25282642322655813,1.0,jYNufQVIFfA,UgxUq-MVpFxzwQN6yMN4AaABAg,Great video as always 👍,damp_condensation_moisture,builder_contractor,problem_warning_mistakes,theme_practical_advice
20,6,2,31058,0.25282642322655813,1.0,C5lPpLUw-Ts,Ugwr2Msi9gMhtiGW-kx4AaABAg,Great video as always!!,external_wall_insulation,diy_renovator_homeowner,how_to_installation_demo,theme_practical_advice
20,6,3,11555,0.25282642322655813,1.0,w6wo2URorG4,UgwTJXtYT8CzfCAqmFx4AaABAg,"As always, great video!",heat_pump_heating_retrofit,builder_contractor,problem_warning_mistakes,theme_practical_advice
20,6,4,26493,0.2209505604279634,1.0,9jRpO_kKgJM,UgzKSTff0h8q76aIy4N4AaABAg,"As always, great video, thanks so much.",smart_heating_controls,training_educational,how_to_installation_demo,theme_practical_advice
20,6,5,4129,0.19020884962590673,0.9994668180381054,1mJkjrwxdP4,Ugz6JPHkBE55sXDz4p14AaABAg,Great video. Is that polished metal one?,smart_heating_controls,training_educational,how_to_installation_demo,theme_question_request
20,6,6,18304,0.19008186816113862,1.0,LL6YhT_HkIY,UgxNfEVefVeIAleh-794AaABAg,Top video as always 👍👍,heat_pump_heating_retrofit,installer_tradesperson,how_to_installation_demo,theme_practical_advice
20,6,7,16203,0.1890068273297769,0.6824222757435356,uv75G4ed2dw,UgxmU03x2_v_GF23LIF4AaABAg,Another great video. Have you said what your first name is?,heat_pump_heating_retrofit,diy_renovator_homeowner,project_walkthrough,theme_question_request
20,6,8,17216,0.18490249181477056,1.0,NuBYWUFiuww,UgzgM48EDlJ1_Kff5e14AaABAg,"I always keep the screws for reusing, great video thanks",windows_doors_glazing,installer_tradesperson,how_to_installation_demo,theme_practical_advice
20,6,9,5046,0.17514327356981985,0.9761983439983853,irytqcJZSps,UgyT5ygyZNogFrYAKwh4AaABAg,Great video thanks. So do you have to remove the plaster first?,damp_condensation_moisture,builder_contractor,problem_warning_mistakes,theme_question_request
20,6,10,26284,0.16848143504903312,0.9940994457065015,7dhfqmm_c2M,UgyuVIXwSGh5HU9KhNp4AaABAg,Ps. Great video & thanks. It highlights the problem.,cavity_wall_insulation,installer_tradesperson,how_to_installation_demo,theme_safety_risk_warning
20,7,1,31887,0.24926242138317012,1.0,5t9PwXUV3SA,Ugxzk1Jco9ZeRdgKFeJ4AaABAg,Why the blurring?,heat_pump_heating_retrofit,installer_tradesperson,how_to_installation_demo,theme_question_request
20,7,2,22718,0.24926242138317012,1.0,fK7xyDSxa0I,UgxxJsugpvJjguyChw94AaABAg,Why only 70 ?,smart_heating_controls,installer_tradesperson,practical_advice_explainer,theme_question_request
20,7,3,9200,0.24926242138317012,1.0,xc_BbbMi1cg,UgyWpt6yP-b24FRX8E14AaABAg,why all the curses?,heat_pump_heating_retrofit,diy_renovator_homeowner,practical_advice_explainer,theme_question_request
20,7,4,24953,0.21738105800939858,0.7910087707853812,GZAce6iz2gg,Ugz9lgNYahQVKq1u3Ed4AaABAg,why brazing and not stabrite8??,heat_pump_heating_retrofit,installer_tradesperson,how_to_installation_demo,theme_question_request
20,7,5,3160,0.2149487005379358,0.8811258241160213,xcAwujfTN64,Ugy0GVd7YA0P_q9aqkx4AaABAg,Why install from top to bottom? Why not bottom to top????,solar_renewable_integration,installer_tradesperson,how_to_installation_demo,theme_question_request
20,7,6,2200,0.1930394641684314,0.6340537664580403,dIPM5yk2u38,Ugz2OCm1uBHmEzfgj594AaABAg,why the cone off insulation,airtightness_draught_proofing,installer_tradesperson,how_to_installation_demo,theme_energy_performance
20,7,7,20832,0.19297591850655063,0.620449318907441,hjlVL4sgqKw,UgwKQKhdT-Cjp1e8fAV4AaABAg,boring! why video?,heat_pump_heating_retrofit,training_educational,practical_advice_explainer,theme_question_request
20,7,8,2820,0.17664665754040917,0.6974552251510376,GhAKMAcmJFg,UgyO8b5aQVaog0ElQrt4AaABAg,why aren't you boris's heating tzar yet?,heat_pump_heating_retrofit,builder_contractor,practical_advice_explainer,theme_question_request
20,7,9,10293,0.16785485341792508,0.8452821808308544,RwHD7D6avyQ,UgyhpFciQr-6gDv2TXB4AaABAg,Why not do this why not do that?,floor_insulation,builder_contractor,how_to_installation_demo,theme_question_request
20,7,10,21568,0.16585175845720596,0.9976977249093383,5d5TRMumuSI,UgycA_v2RxuLvQHUG9R4AaABAg,why is there music? WHY????,damp_condensation_moisture,training_educational,practical_advice_explainer,theme_question_request
20,8,1,5110,0.1828173284495894,1.0,jKiXJOX4ol8,UgxwhEvjXdkzouWG22l4AaABAg,Do you also have a heat pump?,solar_renewable_integration,installer_tradesperson,how_to_installation_demo,theme_question_request
20,8,2,31740,0.16348980329682325,0.9552774136407325,fh_KDoj2Qm8,UgyYhjQHQxQiclZiGD14AaABAg,"Heat pump At 50c! , you need to rethink that one.",heat_pump_heating_retrofit,training_educational,how_to_installation_demo,theme_practical_advice
20,8,3,41658,0.14649708351922025,0.7072935337751004,QLGANlbqIFY,UgyHPCFH1wQ5Y9osiXN4AaABAg,There seem to be two heat pumps out the front. What is the second heat pump for?,heat_pump_heating_retrofit,training_educational,project_walkthrough,theme_question_request
20,8,4,28746,0.1309949006922431,1.0,xOUBlKTynes,UgzokSIQDFqfOrCzZTh4AaABAg,Get a quote for a heat pump: https://tech.referrals.octopus.energy/uOYXOG2p,heat_pump_heating_retrofit,installer_tradesperson,how_to_installation_demo,theme_cost_finance
20,8,5,22581,0.1246242494950189,0.8135190193265782,qmWRN3Ob1Po,UgzKJJAHgWprZndih1x4AaABAg,I don't have the funds for this heat pump solution or do I have the space.,heat_pump_heating_retrofit,training_educational,how_to_installation_demo,theme_practical_advice
20,8,6,33336,0.1199841595045373,0.6157126591737575,lpRNEcK3fGA,Ugwh4X9U_q8zY2bjC_l4AaABAg,How noisy is your heat pump?,heat_pump_heating_retrofit,installer_tradesperson,how_to_installation_demo,theme_question_request
20,8,7,38984,0.1191433491323827,0.9808080547411285,0oDLwBZurp8,UgzBS1s0mT8OG-pJbGd4AaABAg,Are you showing the installation of the heat pump?,whole_house_deep_retrofit,builder_contractor,project_walkthrough,theme_question_request
20,8,8,38980,0.11606865831382186,1.0,0oDLwBZurp8,UgxX1c5x8CcJ3RIBB6N4AaABAg,Do you have a heat pump episode?,whole_house_deep_retrofit,builder_contractor,project_walkthrough,theme_question_request
20,8,9,41794,0.11334709006065062,1.0,MUGaC890lJ8,UgyaGaVI25InQbK3IUd4AaABAg,So a heat pump comes pre installed? Also are all heat pump heaters electric?,heat_pump_heating_retrofit,installer_tradesperson,how_to_installation_demo,theme_question_request
20,8,10,28761,0.11096536826535629,0.743545064465432,xOUBlKTynes,Ugyd3xLfz_KmFRZuwul4AaABAg,Should there not be a soakaway under the heat pump?,heat_pump_heating_retrofit,installer_tradesperson,how_to_installation_demo,theme_question_request
20,9,1,22003,0.17996284639521165,0.8471646278119965,U-hVUczzlL4,UgwQN_WLDXlT3g4YY8l4AaABAg,"So, it doesn’t work.",ventilation_mvhr,diy_renovator_homeowner,how_to_installation_demo,theme_skepticism_critique
20,9,2,14282,0.16056895666848092,0.9555625436447903,ABjqoJ0eXYo,UgyYVcOMgpmx6jnLvuV4AaABAg,Does this work for a 830?,smart_heating_controls,training_educational,how_to_installation_demo,theme_question_request
20,9,3,22690,0.16056895666848092,0.9555625436447903,ZMp5ofZpPWo,UgyCaHxEmzr8tf0v-dh4AaABAg,Does it work??,airtightness_draught_proofing,diy_renovator_homeowner,practical_advice_explainer,theme_question_request
20,9,4,13816,0.15531651346482608,0.8416096928077216,NoEnHZ8OyCM,Ugyb8hR6FCYARmZt_Pt4AaABAg,Don’t fck with me. Does this work?,smart_heating_controls,installer_tradesperson,problem_warning_mistakes,theme_question_request
20,9,5,23999,0.14925418854409656,0.6450163650520518,AXamAjE0juw,UgzvmUmgJPL2aLEgyE14AaABAg,How does it work in wintertime with -10C. ?,heat_pump_heating_retrofit,installer_tradesperson,how_to_installation_demo,theme_question_request
20,9,6,14600,0.1412065004316721,0.8201128329462244,Oz8WcD385cY,UgynE4pLLFZTk9oKPwl4AaABAg,That cheap plastic doesn't work.,airtightness_draught_proofing,diy_renovator_homeowner,problem_warning_mistakes,theme_cost_finance
20,9,7,40123,0.13492463600211368,0.7232379314892133,3zUMOblSJ60,UgzTBo7QROLBLVbwmu14AaABAg,No loft or flat this doesn't work.,airtightness_draught_proofing,training_educational,how_to_installation_demo,theme_skepticism_critique
20,9,8,24986,0.13426325535012795,0.65832935313937,GZAce6iz2gg,UgxeG2WIRsiQPT4fX0l4AaABAg,this video doesn't work,heat_pump_heating_retrofit,installer_tradesperson,how_to_installation_demo,theme_skepticism_critique
20,9,9,4353,0.1342510709330786,0.8307124624602357,5dCCntGj1wM,UgxASNKQ7onIsUVAttN4AaABAg,Does this work with nest?,heat_pump_heating_retrofit,diy_renovator_homeowner,problem_warning_mistakes,theme_question_request
20,9,10,22687,0.13406286975830525,0.8369397726554773,ZMp5ofZpPWo,UgwmX-0xVGN_jNQ0imB4AaABAg,Doesn't work. My garage is still freezing,airtightness_draught_proofing,diy_renovator_homeowner,practical_advice_explainer,theme_skepticism_critique
20,10,1,29578,0.2622803600867419,1.0,IT_Eme9XSl8,UgwPniLllC1G_NYMnKR4AaABAg,"""Eve-neen"". Where's the ing? I call anyone who 'eens' their ing's, eeners.",ventilation_mvhr,diy_renovator_homeowner,how_to_installation_demo,theme_question_request
20,10,2,3833,0.2622803600867419,1.0,6bQgwGQAHeU,UgzPkYFGTxuSa-Kc5RB4AaABAg,Where’s the calking?,ventilation_mvhr,diy_renovator_homeowner,how_to_installation_demo,theme_question_request
20,10,3,34239,0.2622803600867419,1.0,P87qeSIxKT0,UgymUaNJ8Z2KoTqBiOZ4AaABAg,Where is part 3 ?,loft_roof_insulation,builder_contractor,how_to_installation_demo,theme_question_request
20,10,4,27112,0.2622803600867419,1.0,JcTgSwtljcY,Ugykmq0tqJiz3D4Iz1V4AaABAg,Where can we get one?,ventilation_mvhr,diy_renovator_homeowner,how_to_installation_demo,theme_question_request
20,10,5,33840,0.2622803600867419,1.0,yiov8ZpIF2U,UgwKe7iISSTMDKtXzHF4AaABAg,Where do you get this from?,windows_doors_glazing,diy_renovator_homeowner,problem_warning_mistakes,theme_question_request
20,10,6,17431,0.2622803600867419,1.0,XPSkyecmmEE,UgxbzF6R2zfjbbtqkTV4AaABAg,Where do you get this???,airtightness_draught_proofing,diy_renovator_homeowner,how_to_installation_demo,theme_question_request
20,10,7,1371,0.2622803600867419,1.0,co7pKcoVJu0,Ugx90JcjMB9bAQmTir94AaABAg,Where can I get this,external_wall_insulation,diy_renovator_homeowner,how_to_installation_demo,theme_question_request
20,10,8,12010,0.2622803600867419,1.0,i41oW85zPm8,UgxtY1LinqZVaE-F7eN4AaABAg,Where are you Stakker?,loft_roof_insulation,builder_contractor,practical_advice_explainer,theme_question_request
20,10,9,2109,0.2622803600867419,1.0,dIPM5yk2u38,Ugy6cCrz3mtjy5Jzynd4AaABAg,Where do you bui it ?,airtightness_draught_proofing,installer_tradesperson,how_to_installation_demo,theme_question_request
20,10,10,14575,0.2622803600867419,1.0,Oz8WcD385cY,UgxNAPFBl-OwgtDtkAh4AaABAg,where do you find it?,airtightness_draught_proofing,diy_renovator_homeowner,problem_warning_mistakes,theme_question_request
20,11,1,5542,0.13145183774613137,0.6106125011817213,1kz1c-rZsDk,UgwDbEB1_ESMMuKeoYl4AaABAg,How to interconnect 2 solar panels?,solar_renewable_integration,installer_tradesperson,how_to_installation_demo,theme_question_request
20,11,2,5107,0.10585220698786678,0.6081371205226369,jKiXJOX4ol8,UgxYPtpstc23SGFUcm14AaABAg,"I have Tesla solar panels, can I use this system with them?",solar_renewable_integration,installer_tradesperson,how_to_installation_demo,theme_question_request
20,11,3,23436,0.10161260372613728,0.5802091431201997,Gw8lLhMzLho,UgwLCmYhVOqjGki2WfN4AaABAg,Where can I get these solar generators to buy and do they come with solar panels?,solar_renewable_integration,installer_tradesperson,how_to_installation_demo,theme_question_request
20,11,4,10028,0.09844034590989781,0.6111235875235687,WBrL9153zJQ,Ugw3HV2ANsGnpTlVfZ94AaABAg,What solar panels are these?,solar_renewable_integration,training_educational,practical_advice_explainer,theme_question_request
20,11,5,19230,0.09712712015425637,0.9997925092493793,H8Ms_siUiCk,UgyTYKcLmSRGzGOeXRZ4AaABAg,Yeah the solar panels leak. Always!,solar_renewable_integration,installer_tradesperson,problem_warning_mistakes,theme_practical_advice
20,11,6,12678,0.09676550438820258,0.7225687811147453,1N_ZsLrfUJM,UgzgrDdoWtR3yHbylJp4AaABAg,"Hi Finn, I have a 6.65kw solar system inc.14 panels on the roof, with a Goodwe inverter. I have been told about fitting a 7.68kw Jinko battery to our system, as we have Jinko panels on the roof. Do you have any thoughts on this battery and fitment please?",solar_renewable_integration,training_educational,practical_advice_explainer,theme_question_request
20,11,7,37928,0.09650503026004802,1.0,gLFH0GvBLlA,UgxwnzECFUtF371lFcZ4AaABAg,"I’m upgrading my setup with additional solar panels and a 9.4kWh battery. I already have a 10-year-old 4kW solar system, so this will be an add-on. The full package, 8.5kW of solar panels, a 6kW inverter, a 9.4kWh battery, installation, anti-bird protection, and scaffolding, costs £8,650 all in. There’s also the option to expand the battery storage at a later date with extra 9.4kWh batteries at £2,000 each.",solar_renewable_integration,training_educational,practical_advice_explainer,theme_cost_finance
20,11,8,36277,0.09636867078750928,1.0,HW4iyMnblZ8,UgzQf3ZPVbyy1mm0AmV4AaABAg,"*Solar panels had a price decline of more than 50% since 2022!* *Today, solar panels generate at least 10 times more green electricity with the same investment in time & money.*",solar_renewable_integration,training_educational,practical_advice_explainer,theme_cost_finance
20,11,9,30319,0.09552663423935903,0.9993634008459723,5ftY0QMe2qY,UgzXNkZYv2aBOB5u3AB4AaABAg,So all the solar panels with battery and install all for 4 grand thats cheap,solar_renewable_integration,installer_tradesperson,how_to_installation_demo,theme_cost_finance
20,11,10,39097,0.09379941311395466,0.9419011168960226,5sqw7vHwhGU,UgwiVTC34cbOegGbi8R4AaABAg,"Since you have switched to a string inverter, all your solar panels are now operating as one solar panel. It's recommended that you now orient your solar panels in the same direction. This is because right now you are not getting the full potential out of the panels. Panels in a string are always all as efficient as the least efficient panel in the string.",solar_renewable_integration,diy_renovator_homeowner,project_walkthrough,theme_practical_advice
20,12,1,32028,0.11229818570837997,1.0,Hwn6WciiGy4,UgzA_GAshbEAOVA-5Dp4AaABAg,Warm roof then,loft_roof_insulation,installer_tradesperson,problem_warning_mistakes,theme_energy_performance
20,12,2,26779,0.11229818570837997,1.0,fm11vZii5Es,Ugx1xwu5JRveBmsEbwh4AaABAg,now that`s a warm roof,loft_roof_insulation,builder_contractor,how_to_installation_demo,theme_energy_performance
20,12,3,39042,0.10997189652872459,0.544030980725447,YhGoeR4Q4tM,UgwuDuYrGevj573HUWx4AaABAg,"What I don't quite understand about leaving an air gap is that if air is comming in vents through the soffit and going up to the ridge board where does it vent out, air will stop moving if it's not vented at the other end, and if you have roof vents you would need one between each roof joist on both sides of the roof.",loft_roof_insulation,diy_renovator_homeowner,how_to_installation_demo,theme_practical_advice
20,12,4,31355,0.10962331972874528,0.7607087788631512,ykKwmSqpznM,UgyMJuJN3Qi6NNIAwNd4AaABAg,"Might be too late to help, but I have a 1905 in Pittsburgh. I replaced roof about 7-8 yrs ago. I had ridge vents put in and decided to run ridge venting from gap at soffit up to ridge vent. Once that’s done I’m going to place batt insulation along the baffles. That should allow free flowing air along the roof line and create an air space in the attic. I’ve researched this and newer homes seem to work well with this method. As long as the roof gets cold air running along it, I should retain heat. Good luck.",ventilation_mvhr,diy_renovator_homeowner,how_to_installation_demo,theme_personal_experience
20,12,5,33954,0.10800807542907973,0.9543851282604597,WATmq9zSvW8,UgxGvLn0wOmkynQ2W0Z4AaABAg,Can an air to air unit be put on a flat roof?,heat_pump_heating_retrofit,installer_tradesperson,how_to_installation_demo,theme_question_request
20,12,6,11975,0.10735023614644933,0.8276307535189329,i41oW85zPm8,UgxLIFJOhodQgkkOfkR4AaABAg,"my flat roof(which i want to turn into a warm roof) runs into a pitched roof, would i seal the warm roof completely & then add some vent tiles to the bottom of the pitch roof to regain the ventilation i had from the old cold roof?",loft_roof_insulation,builder_contractor,practical_advice_explainer,theme_question_request
20,12,7,17554,0.10625135989383218,0.6308938148434355,Kl3EAJD7Kbs,UgzYI5fnz0BWbi8YFF54AaABAg,No air gap mush ? Flat roof problem all day . Needs to be a warm roof really . Cold roof design is bad great video by the way . Yes learnt a lot for once,damp_condensation_moisture,builder_contractor,problem_warning_mistakes,theme_energy_performance
20,12,8,35165,0.10521974310090051,0.9188546166437153,LL2-8RXSYKc,Ugw3FsIco2snWMv-BlZ4AaABAg,Always run the firings across the roof,damp_condensation_moisture,installer_tradesperson,problem_warning_mistakes,theme_practical_advice
20,12,9,27368,0.10495203366819192,0.4645393985883793,YsVCTGRR7fc,UgxGiKGrkUHUM3tJQ-54AaABAg,How does the vent work? Is the air going out into the roof ridge up into the top attic?,loft_roof_insulation,builder_contractor,how_to_installation_demo,theme_question_request
20,12,10,11271,0.10472373043452232,0.8542829840815611,U522et_9P70,UgzvQu6hS-UyWNxcuGt4AaABAg,"i dont agree that 'over-ventilating' is a problem. you're saying cool air entering through the gable vent will prevent soffit vent intake and essentially short circuit the ventilation system. however, the cool air from the gable vents will not flow directly upwards to the box vents or ridge vent. instead, because cooler air is more dense it will fall to attic floor to displace the air exiting near the roof peak. the air near the box vents or ridge vent will always be the hottest air in the attic. nice thing about gable vents is it's quick and easy and inexpensive to get a lot of ventilation square footage out of them, and they offer little resistance to air flow. and these ones are already in place so maybe the homeowner wants to replace the box vents with ridge vents to expand the roof exhaust. but there is no good reason to defeat the existing gable vents and good reason not to",ventilation_mvhr,builder_contractor,practical_advice_explainer,theme_practical_advice
20,13,1,1136,0.18112737399197257,1.0,MzSCf_LkyNw,Ugy-u5O1GuWuYQSdmVp4AaABAg,Insulation thief. 😂,loft_roof_insulation,installer_tradesperson,how_to_installation_demo,theme_energy_performance
20,13,2,26808,0.18112737399197257,1.0,fm11vZii5Es,Ugyg1_I19Ehy5_gYI5R4AaABAg,200mm insulation - blimey,loft_roof_insulation,builder_contractor,how_to_installation_demo,theme_energy_performance
20,13,3,2129,0.18112737399197257,1.0,dIPM5yk2u38,UgxDBm2E0cM3Ff05O6h4AaABAg,I have one for insulation!,airtightness_draught_proofing,installer_tradesperson,how_to_installation_demo,theme_energy_performance
20,13,4,33151,0.13631294184703696,1.0,y3g4Vpec1_M,Ugzd1eOwGHTinM8FjOV4AaABAg,Is that a 300mm wall and 100mm insulation?,damp_condensation_moisture,builder_contractor,how_to_installation_demo,theme_question_request
20,13,5,2200,0.11141336677489858,0.3659462335419596,dIPM5yk2u38,Ugz2OCm1uBHmEzfgj594AaABAg,why the cone off insulation,airtightness_draught_proofing,installer_tradesperson,how_to_installation_demo,theme_energy_performance
20,13,6,22328,0.10737690790051628,0.9907802891395089,FH0U8hehXr8,UgwqSLsM83YmFXbNzxJ4AaABAg,Whatever happened to cavity wall insulation.,external_wall_insulation,training_educational,how_to_installation_demo,theme_energy_performance
20,13,7,17857,0.09769598018867957,0.9973848388980452,O2xQjzYs5M4,UgxDN_vroj6yUZbhnHp4AaABAg,Can this be done in a 90s build property thats had cavity wall insulation?,internal_wall_insulation,builder_contractor,how_to_installation_demo,theme_question_request
20,13,8,29484,0.09703121906584716,1.0,p2A-JY83iQ8,UgwiJ3UezqCai7AQFyN4AaABAg,Is external wall insulation better or internal wall insulation?,internal_wall_insulation,builder_contractor,how_to_installation_demo,theme_question_request
20,13,9,26338,0.09583891317199028,0.7574184605662463,7dhfqmm_c2M,UgxE2ek19ov2YgmrPSd4AaABAg,I know of a company that used to specialise in cavity wall insulation. They now specialise in its removal. Cavity wall insulation can wreck a house. Don’t do it!,cavity_wall_insulation,installer_tradesperson,how_to_installation_demo,theme_energy_performance
20,13,10,33637,0.09435650833763731,0.9811458616649935,n2c5VtzwalY,UgwL4ih2VN6--NeA7Ah4AaABAg,"are you kidding me? NO, cavity wall insulation is a nightmare",cavity_wall_insulation,installer_tradesperson,how_to_installation_demo,theme_question_request
20,14,1,13894,0.13150470364081637,0.7162285793049968,ge6pQeFlj3k,UgxN9VITsHHzlEXKgWp4AaABAg,"Hi Jay, I have an old Lennox furnace from the 90’s and it does not have a c terminal. I am installing a Honeywell smart thermostat requiring a c terminal. When I follow the 2 wire from the A/C unit outside to the furnace the red wire goes to the “R” terminal on the furnace panel but the white wire does not connect to the furnace panel it is connected with the yellow wire from the thermostat cable of wires with a wire nut. Does that mean the common can be achieve by connecting into the white and yellow wires that are in the wire nut? In the thermostat bundle of wires is an unused blue wire that is not connected at either end. I was planning to use that blue wire as my c wire. Can I connect that blue wire into the wire nut bundle I mentioned and then connect the blue wire to the “c” on the smart thermostat?",smart_heating_controls,training_educational,practical_advice_explainer,theme_question_request
20,14,2,25524,0.12702886877173547,0.9406946014636777,vG-K5TDYYNA,Ugx5pvpwmR9T51tguM54AaABAg,I have an older Honeywell thermostat and it has a white wire to W yellow wire to Y green wire to G black wire to W2 and blue wire to Y2. I don't see that I have a C wire. I want to install a newer thermostat with wifi. can I do this with the existing wires? Or do I need to install a converter at the AC unit?,smart_heating_controls,installer_tradesperson,how_to_installation_demo,theme_question_request
20,14,3,35874,0.1267482897209749,0.9960033181044498,sSDytAtzk0U,UgwbCjtLHnvlPSYmbpB4AaABAg,"my thermostat has 5wires, red to RH, white to o/b, Y to yellow, G to green and C to blue wire, do i swap the G green wire & connect it to the C and the blue wire to G? and do i connect the red wire to RC or R on the honeywell thermostat? any assistance is appreciated, thank you!",smart_heating_controls,installer_tradesperson,how_to_installation_demo,theme_question_request
20,14,4,13881,0.12644226487040006,0.907330237228576,ge6pQeFlj3k,UgyE7OzAYyoRFlZmtAl4AaABAg,"I'm trying to connect the C wire from thermostat at the furnace end to the correct wire. There is no terminal block or control board with marking, just bunch of wires.I have the brown from condenser with two leads.1. White wire connecting to Yellow on Thermostat wire (Y). 2. Red wire connecting to a blue wire that goes to the steel frame of furnace board. My guess is red wire is the C wire in my case and need to connect thermostat C wire with that. Did I identify C wire correctly since it goes to the frame?",smart_heating_controls,training_educational,practical_advice_explainer,theme_question_request
20,14,5,35814,0.12252252902920295,0.9933314322855225,sSDytAtzk0U,UgyJFJZj__ZQ40TzGDt4AaABAg,"If I have a previous thermostat with a ""G"" wire, Can I connect the ""G"" wire to the C at this thermostat model? Do you think that will be enough?",smart_heating_controls,installer_tradesperson,how_to_installation_demo,theme_question_request
20,14,6,8971,0.1223872175251912,0.9246492210757713,Af6aaUyMc3E,Ugx4tmdymE2qxipfiX54AaABAg,Question - I do not have a C wire to my knowledge in my thermostat wiring.I have the white wire but it is hooked up to the W.My thermostat right now is battery operated.In my furnace I do have a white wire connected to the C slot.So do I have a common wire for power for a smart thermostat?I have a red to RV.A black to R.White to W or O/B.Another black to Y and a green to G in my existing thermostat.C is empty but again in the furnace a white is hooked up to the C.,smart_heating_controls,diy_renovator_homeowner,how_to_installation_demo,theme_question_request
20,14,7,24119,0.12061616701168285,0.9475972995821467,zi1Mkt1Nc8s,UgxuHCGZ8-U-PXWx0FV4AaABAg,I am replacing my honeywell thermostat with nest. But nest requires a c wire. When I remove the old thermostat it is connected on R and W wire. There are 2 extra wires sitting in the box (not connected). So I went to boiler and see that 3 wires connected to the zone terminal. I am wondering if the 3rd wire is a C wire? Any suggestions?,smart_heating_controls,diy_renovator_homeowner,how_to_installation_demo,theme_question_request
20,14,8,25471,0.1199286491296256,0.7691939541512982,pd926OwKAiA,UgzQDO412tTr2i-XAZZ4AaABAg,"Great video. I have both the blue and green wire connected to the C on my old iComfort thermostat. Trying to upgrade to the Nest 4th gen thermostat , can I connect green and blue wire to the C slot in the Nest thermostat or do I separate them?",smart_heating_controls,installer_tradesperson,how_to_installation_demo,theme_question_request
20,14,9,25459,0.1199286491296256,0.7691939541512982,pd926OwKAiA,UgyJpvsYKrDui29hx3R4AaABAg,"Great video. I have both the blue and green wire connected to the C on my old iComfort thermostat. Trying to upgrade to the Nest 4th gen thermostat , can I connect green and blue wire to the C slot in the Nest thermostat or do I separate them?",smart_heating_controls,installer_tradesperson,how_to_installation_demo,theme_question_request
20,14,10,24084,0.11881563035240801,0.8611456012310709,zi1Mkt1Nc8s,UgxsSO51td2UUoYJfIZ4AaABAg,"I have a thermostat with 2 wires connected, the R and W wire, however there are 3 other wires not used. Two of the 3 wires provides 24 volts when I tested it. Do I need a C wire? It's a boiler only setup. Can this work if I connect the 2 two wires to match the color on the nest thermostat?",smart_heating_controls,diy_renovator_homeowner,how_to_installation_demo,theme_question_request
20,15,1,15773,0.24065847834012427,0.7019074149982488,ejubOh5tegY,UgxV7p4zaoB6Ky2bm8l4AaABAg,Where is the vapour barrier ?,loft_roof_insulation,installer_tradesperson,project_walkthrough,theme_question_request
20,15,2,1052,0.20151228505048194,0.9817687571363553,MzSCf_LkyNw,Ugx2woGFrJo9sGbHP2R4AaABAg,No vapour barrier too!,loft_roof_insulation,installer_tradesperson,how_to_installation_demo,theme_damp_moisture_condensation
20,15,3,1702,0.20151228505048194,0.9817687571363553,35kJvNW81pU,UgzlgFRE18j-JvYr06t4AaABAg,No vapour barrier,floor_insulation,builder_contractor,how_to_installation_demo,theme_damp_moisture_condensation
20,15,4,33273,0.20151228505048194,0.9817687571363553,63bv_a9jOBs,UgwO1xvkkn45-2mVLHd4AaABAg,No vapour barrier on top?,damp_condensation_moisture,installer_tradesperson,how_to_installation_demo,theme_damp_moisture_condensation
20,15,5,34359,0.20151228505048194,0.9817687571363553,AlVATirl5ac,UgyDtMU-EVGyUgMPHlt4AaABAg,No vapour barrier?,internal_wall_insulation,diy_renovator_homeowner,how_to_installation_demo,theme_damp_moisture_condensation
20,15,6,30950,0.20151228505048194,0.9817687571363553,KJava-6Slu8,UgzNieLkm6sjVKQl6D94AaABAg,No vapour barrier?,internal_wall_insulation,builder_contractor,how_to_installation_demo,theme_damp_moisture_condensation
20,15,7,10810,0.19652292799344537,0.7504260789238406,HCo8nWzfFVc,UgweX3zao0ah-0U46uh4AaABAg,Do you have a subfloor? What about a vapour barrier?,damp_condensation_moisture,diy_renovator_homeowner,practical_advice_explainer,theme_question_request
20,15,8,29669,0.19650010676215096,1.0,YS6NzCAG4l8,Ugx8GiwZiYXJIZpQ1FF4AaABAg,Any links to the vapour barrier,loft_roof_insulation,builder_contractor,how_to_installation_demo,theme_damp_moisture_condensation
20,15,9,16720,0.19561643786917288,0.7491541103854965,KltU08BK7Oc,UgxFkB7qDHX4PsWvAMp4AaABAg,I would put vapor barrier on the ground itself,floor_insulation,training_educational,practical_advice_explainer,theme_damp_moisture_condensation
20,15,10,30033,0.19318426089728324,0.8889369530529365,VwUjkSjllPs,Ugwjrs3WWrF8ZWUuAMZ4AaABAg,Is the air barrier in this case also a vapor barrier?,external_wall_insulation,builder_contractor,how_to_installation_demo,theme_question_request
20,16,1,33740,0.11775819009380509,0.8907354174552713,1rhmEAggMqU,Ugy1x8YHE_uJknq-lnp4AaABAg,I'd do it with rockwool 🤩🤩🤩,airtightness_draught_proofing,diy_renovator_homeowner,how_to_installation_demo,theme_product_material_tool
20,16,2,7399,0.10161098139882353,0.5886284897744197,rRqV8BHE8lY,UgwraP-sG8KdmiziXKh4AaABAg,How would this be made into a 240v system? Would I need 5 of these 48v batteries?,solar_renewable_integration,training_educational,how_to_installation_demo,theme_question_request
20,16,3,32952,0.09909253603049936,0.5114736607022803,NHgE0lyJNmE,UgxW8FnZTl1V-MHNHGV4AaABAg,What would you recommend please ? Thank you 🙏,loft_roof_insulation,builder_contractor,problem_warning_mistakes,theme_question_request
20,16,4,19572,0.0965717231856945,0.8061280420688828,kqO5SyKJ5SI,Ugx8VSJMjuOs8FKRzBB4AaABAg,Who would I call to do this job ? HVAC ?,ventilation_mvhr,diy_renovator_homeowner,how_to_installation_demo,theme_question_request
20,16,5,5321,0.09399737723409363,0.5233269651460427,AN4_mkEfDPE,UgzSpvuFGKz_PIKvZNd4AaABAg,"I would use this in the bottom corners, but then i would tape the rest",windows_doors_glazing,builder_contractor,how_to_installation_demo,theme_practical_advice
20,16,6,28578,0.09269165729003906,0.6427223290667037,tGQrIF7wD2U,UgwrRTwgDkr-cdjl0hx4AaABAg,Our dimmers get hot. Is it good idea to seal them? They would get hotter wouldn’t they.,airtightness_draught_proofing,diy_renovator_homeowner,how_to_installation_demo,theme_question_request
20,16,7,2205,0.09255868742419422,0.6369358041754262,dIPM5yk2u38,UgwAf9VSpk3iY27Y1U14AaABAg,It would not only keep the insulation in one spot it would also help insulate,airtightness_draught_proofing,installer_tradesperson,how_to_installation_demo,theme_energy_performance
20,16,8,31294,0.09230224652692198,0.3931985928750537,TozuzG0Vb_c,UgxuvyFMfxkac6DTtjl4AaABAg,I would never even has though to do this,ventilation_mvhr,installer_tradesperson,how_to_installation_demo,theme_practical_advice
20,16,9,39322,0.09229233879505933,0.7283231631136514,dULHUbLsRGY,UgwaWWmvK3xRRclBxWd4AaABAg,Would wd-40 work as a lubricant on the pin?,smart_heating_controls,installer_tradesperson,how_to_installation_demo,theme_question_request
20,16,10,2048,0.09169426683060959,0.4272789858051978,qyZm66j8QU4,UgwygPW3Roor4bMevoN4AaABAg,why would you put plasterboard,damp_condensation_moisture,diy_renovator_homeowner,how_to_installation_demo,theme_product_material_tool
20,17,1,33638,0.2603524976643336,1.0,n2c5VtzwalY,UgxB-BRgNBZo9EA7DbV4AaABAg,Never do this!,cavity_wall_insulation,installer_tradesperson,how_to_installation_demo,theme_practical_advice
20,17,2,16457,0.20297660046305846,1.0,KxHcu7JvZwk,UgwbTPRn1kEQoFpHjfx4AaABAg,Never seen an atheist on his deathbed.,heat_pump_heating_retrofit,training_educational,practical_advice_explainer,theme_practical_advice
20,17,3,2201,0.20297660046305846,1.0,dIPM5yk2u38,UgyqNu06KDOjOyPATmx4AaABAg,Never seen it??,airtightness_draught_proofing,installer_tradesperson,how_to_installation_demo,theme_practical_advice
20,17,4,338,0.20297660046305846,1.0,qNQafR_5ALk,UgzG2ETAUsDyaa8haqF4AaABAg,I have never seen such a masterpiece,damp_condensation_moisture,builder_contractor,problem_warning_mistakes,theme_practical_advice
20,17,5,7542,0.20253116832284176,0.7101644798739043,ZAPNCBbhoqE,UgyRLPEMKYz_b0OvpEd4AaABAg,Heat never go down 😂,heat_pump_heating_retrofit,diy_renovator_homeowner,how_to_installation_demo,theme_practical_advice
20,17,6,1164,0.1950551071957402,0.9599895455275765,kwVleBvWH64,UgwhHBVEaoqmnVVyb8l4AaABAg,Never do it this way! Ever,ventilation_mvhr,builder_contractor,how_to_installation_demo,theme_practical_advice
20,17,7,26662,0.1894127068179918,0.7958969883852142,qgv50bsmhus,Ugz_4gyTq_1k8FBDDJR4AaABAg,Are these still around? Never seen one in a house,heat_pump_heating_retrofit,installer_tradesperson,how_to_installation_demo,theme_question_request
20,17,8,2146,0.18671081831901312,0.9975561896385388,dIPM5yk2u38,Ugx9iSD0g_f21_KWxnp4AaABAg,Never seen or had that problem...,airtightness_draught_proofing,installer_tradesperson,how_to_installation_demo,theme_practical_advice
20,17,9,39699,0.1696697781244514,0.9066427384431437,0D3YVxxqFsI,UgyR6_kqh-2uDcpxkvB4AaABAg,Never electric again for me.,heat_pump_heating_retrofit,diy_renovator_homeowner,how_to_installation_demo,theme_practical_advice
20,17,10,6485,0.1683043353244912,0.8080030299711459,QWkP4P7lUMA,UgygliB-qsiQagzClCd4AaABAg,Never new that thank you.,airtightness_draught_proofing,training_educational,problem_warning_mistakes,theme_practical_advice
20,18,1,20660,0.13148925008105622,0.9404119549852538,6Yu4RpcH2Tc,UgwUw4j0RVI4f1j9-jx4AaABAg,Hot water is still on the furnace/boiler?,heat_pump_heating_retrofit,installer_tradesperson,project_walkthrough,theme_question_request
20,18,2,22093,0.12319762914864785,0.9276357726508216,jUehMdNfGrY,UgzkAdAI0pvisgO6dpV4AaABAg,Are they good for heating your property and cheap for hot water,solar_renewable_integration,installer_tradesperson,problem_warning_mistakes,theme_cost_finance
20,18,3,28450,0.12108093602329038,0.8906220318244485,yqDOLyL3-tA,Ugwlk49Dv1dGTDL0xUR4AaABAg,If you have a gas boiler without a hot water tank I assume you don't need the hot water control?,smart_heating_controls,installer_tradesperson,how_to_installation_demo,theme_practical_advice
20,18,4,12892,0.11892794408138874,0.842398389221263,HkHozg0ckWY,UgzMccWAW7JIhClN5rJ4AaABAg,"Sir, I have a Viessmann combi boiler. The hot water setting is on and in use. When we are done with hot water, the radiators do not switch to combi boiler heating, even though the heating is on. If we turn off the hot water setting, the boiler continues its normal heating. When the two settings are turned on, hot water comes out, the radiators do not automatically heat up.. This may be the cause.",general_energy_retrofit,diy_renovator_homeowner,practical_advice_explainer,theme_practical_advice
20,18,5,40415,0.11604539587753371,0.841864167130806,a-7WxFMzgGE,Ugx1ujV2Gl8h2FcXRkt4AaABAg,If you have a wood fired boiler without additional accumulative hot water storage can you still use radiators on one floor and underfloor Heating on the other and just rely on mixing valve to have lower temperature than radiators?(if lets say heater produces ~60c temp. hot water),smart_heating_controls,training_educational,how_to_installation_demo,theme_question_request
20,18,6,33558,0.11530136236506336,0.838632999291283,Mvvkmfux0_M,UgwJTyYtEfx0N1P2DjF4AaABAg,can i controll/change hot water temperature from this thermostat ? as heating temperature,smart_heating_controls,installer_tradesperson,how_to_installation_demo,theme_question_request
20,18,7,16463,0.1146561447460303,0.6090878357187379,KxHcu7JvZwk,UgzlZUUnQ4VILCILA_Z4AaABAg,"I think you should retire Roger, your so wrong about leaving your heating on 24/7 will cost more. The biggest problem in this industry, nobody wants to spend time learning what manufactures have, they all want to fit the same boiler like sheep to the slaughter. They still fit a boiler and leave the old room stat in. I done that some 40 odd years back, installers need to update, things have changed. A condensing boiler with weather compensation installed correctly and to energy efficiency standards plus the system power flushed and a high recovery cylinder will save money and can be run all day compared to a cast iron boiler with dirty system and old cylinder with red jacket sort of fitted. I have plenty of customers who say they are saving 30 to 40% over these old dinosaur systems, it allows them to run there's all day, plus comfort is so much better when the radiators are holding a set water temperature. I have lived in my home for over 20 years, when I brought it I installed a condensing boiler, two zone control heating & hot water cylinder, pump, radiators, thermostatic valves and new heating carcass, all to the energy efficiency standards, that system lasted 14 years and from year one cost me around £750.00 a year. In the last two years it was costing £1200.00. I then threw the lot out after I built a ground floor extension and fitted underfloor heating downstairs throughout and low water temperature radiators upstairs, plus an unvented hot water cylinder. The underfloor heating is covered in Anhydrite liquid floor screed at between 40 to 45 mm making heat up times around two hours, much quicker than conventional floor screeds. The key to this system is how the system is controlled. I fitted a Glowworm system boiler and Glowworm weather compensation, Vaillant did not have this setup even though they own Glowworm. Yes I have been fitting Glowworm boiler with weather comp for the last 13 years, plus some Vaillant single heat zone W/Comp systems, I fit some Worcester boilers but they don't have multi zone weather comp via wireless controls. My System. The underfloor heating has no PUMP or MIXING SET. The ground floor and first floor Glowworm room stats and outside sensor via a Glowworm Systempro3 control how hot the water gets to heat with the boilers software, the main controller, a Glowworm Systempro3 allows you to set the lower and upper limit to the flow temperature, I have the flow at 46 max and the lower limit at 25. At these settings the boiler works 24/7 in condensing mode and mostly at below 40 degs, the low water temperature radiators use the same water temperature as the underfloor heating, these radiators have cylindrical fans built into them so for the same size as a conventional rad they give the same output even though the water temp is very low, this allows the boiler to work in max condensing mode to heat the 1st floor. Now your wondering how I heat my hot water. The Cylinder is a 210 litre unvented duel coil cylinder with a pocket file, its fed via 28mm copper primary's that divide into 22mm for each coil in the cylinder. Glowworms weather compensation systems are hot water priority, when the sensor in the pocket file registers the hot water has dropped to 54 degs the boiler switches over to hot water demand only and works flat out ( set to 72 degs) to recover the cylinder, even if the shower is being run by one of my daughters (that's 30min shower at least) the cylinder will recover faster than they can use the hot water and so within 20 minuets will be back to around 60 degs, once there it leaves that zone valve open for two minutes as the by-pass before switching back to the heating, any zone valve is controlled to allow for the two minute overrun. upstairs is set to 20 and set back to 18.5. one other factor with weather comp and hot water priority you only need a boiler as big as the maximum demand, if that's 12kw for hot water and 9 kw heating you fit a 12 kw.",heat_pump_heating_retrofit,training_educational,practical_advice_explainer,theme_practical_advice
20,18,8,25249,0.11413714771503229,0.8303369417270781,QEg0TlhN0Z4,UgysmEoHaSpghbz5PgB4AaABAg,Does the 55 degree setting apply to both the heating and hot water? I have just had a combi installed and have the heating temp set at 65 degrees and the hot water at 45 degrees which I find ideal without having to mix cold water,heat_pump_heating_retrofit,training_educational,practical_advice_explainer,theme_question_request
20,18,9,29068,0.11310284530391888,0.805345666907407,mD8KDawFFeI,UgyU1SGgdZSvrvdzyeN4AaABAg,"I have two questions: When I turn on the hot water, does the heating also turn on, is this normal? To have hot water in the kitchen, do I always have to turn on the hot water first using the remote control?",smart_heating_controls,installer_tradesperson,practical_advice_explainer,theme_question_request
20,18,10,28489,0.11310284530391888,0.805345666907407,YZQzzxv4hKI,Ugy_DrqB1WDQb1b8qTp4AaABAg,"I have two questions: When I turn on the hot water, does the heating also turn on, is this normal? To have hot water in the kitchen, do I always have to turn on the hot water first using the remote control?",smart_heating_controls,installer_tradesperson,how_to_installation_demo,theme_question_request
20,19,1,12387,0.15937863919791773,0.9988320835300403,QS16O9aYfq4,UgyxF1L3t9YRZwvwV-V4AaABAg,Looks like mold,airtightness_draught_proofing,builder_contractor,how_to_installation_demo,theme_damp_moisture_condensation
20,19,2,36161,0.14975400937364405,0.46288710627428536,HW4iyMnblZ8,UgxiMT3KDugQiIthnGZ4AaABAg,Are Supercapacitors already in use for WindSolsr like ENSEGA and MAXWELL?,solar_renewable_integration,training_educational,practical_advice_explainer,theme_question_request
20,19,3,15737,0.14146837709562166,0.8641199733389655,VrKYlQPHfno,UgyUq3pPPPJy0rFD8fZ4AaABAg,did anyone ever told you that you looks like Johny Sin?,solar_renewable_integration,installer_tradesperson,how_to_installation_demo,theme_question_request
20,19,4,6970,0.13644330394924475,1.0,zg9IM061rbU,UgxmCfYMuuecYWlW22B4AaABAg,Can we have a Hitman Codename 47 with you starring in it? Mate looks more like 47 than 47 looks like himself.,solar_renewable_integration,diy_renovator_homeowner,how_to_installation_demo,theme_question_request
20,19,5,25944,0.13484287178440615,1.0,fIhlXdk9PFg,UgzoMYSGsyfDfO7r8BZ4AaABAg,Looks like a fire hazard,smart_heating_controls,installer_tradesperson,practical_advice_explainer,theme_safety_risk_warning
20,19,6,12371,0.13080005167867634,0.8986891326200607,QS16O9aYfq4,UgzB6cdKruch_mAdVuF4AaABAg,Looks like a moisture trap to me.,airtightness_draught_proofing,builder_contractor,how_to_installation_demo,theme_damp_moisture_condensation
20,19,7,841,0.13078039785934104,0.7987013685473381,Q3Oufer38ow,UgwQXMNZ7PePj5Cizth4AaABAg,I like tape.,airtightness_draught_proofing,diy_renovator_homeowner,how_to_installation_demo,theme_product_material_tool
20,19,8,922,0.12401164480772157,0.9340102477344343,t8_m-2sUTdU,Ugw4cCzo7dahPYIH_od4AaABAg,You ll get mold like this,airtightness_draught_proofing,diy_renovator_homeowner,problem_warning_mistakes,theme_damp_moisture_condensation
20,19,9,22636,0.12096027656372746,0.896298162887632,qmWRN3Ob1Po,UgzzHlsNUwXa_laYFc54AaABAg,Looks like it’ll cost about 20k 😂😅,heat_pump_heating_retrofit,training_educational,how_to_installation_demo,theme_cost_finance
20,19,10,181,0.11905796206320611,0.818652719848419,UUalCAU4W8g,UgyWnnxIG3TblPYbdSZ4AaABAg,Looks like you'll save on a little foam but it looks like you still need to cut it to make it flush,internal_wall_insulation,installer_tradesperson,how_to_installation_demo,theme_product_material_tool
20,20,1,32195,0.188933561904026,1.0,OKuaURXqQ0E,UgwReZewjkvadJIbke14AaABAg,Is that my house?,airtightness_draught_proofing,builder_contractor,how_to_installation_demo,theme_question_request
20,20,2,39049,0.188933561904026,1.0,YhGoeR4Q4tM,UgwZttjW9va6kBQ2_0d4AaABAg,can you do our house please?,loft_roof_insulation,diy_renovator_homeowner,how_to_installation_demo,theme_question_request
20,20,3,3784,0.188933561904026,1.0,jYNufQVIFfA,Ugy-_4queRzKwpWlR5V4AaABAg,I do everything myself on my house 🏘️,damp_condensation_moisture,builder_contractor,problem_warning_mistakes,theme_personal_experience
20,20,4,34559,0.188933561904026,1.0,tUWJTF9nyaQ,Ugx2GeQyv1bg8RBflNB4AaABAg,I have it at my house and it’s divine,loft_roof_insulation,builder_contractor,problem_warning_mistakes,theme_personal_experience
20,20,5,26616,0.10066000407203311,0.7008571507395734,Mx9X6maasbY,UgzyCKtj87rLkQBYwzd4AaABAg,MY house smelt of the attic 🤢,ventilation_mvhr,installer_tradesperson,problem_warning_mistakes,theme_personal_experience
20,20,6,1037,0.09979046976272551,1.0,MzSCf_LkyNw,Ugx7AjXFqUlF4n7MHZl4AaABAg,This needs to be done to my house,loft_roof_insulation,installer_tradesperson,how_to_installation_demo,theme_personal_experience
20,20,7,31359,0.09362866273940776,1.0,ykKwmSqpznM,Ugw0B-gDFcHqp6MKf6F4AaABAg,My house was built in 1920.,ventilation_mvhr,diy_renovator_homeowner,how_to_installation_demo,theme_personal_experience
20,20,8,1552,0.09362866273940776,1.0,35kJvNW81pU,UgyIvFt8ES2dO-GbQEt4AaABAg,Can this be done if the house is already built?,floor_insulation,builder_contractor,how_to_installation_demo,theme_question_request
20,20,9,19394,0.08913637165411827,0.9988613257980511,TzwC35L8kNE,UgzVBAnl-xM6G8uZaMl4AaABAg,Setup my house,solar_renewable_integration,installer_tradesperson,project_walkthrough,theme_personal_experience
20,20,10,41560,0.08768135892589517,1.0,bX1SphSBWK4,Ugx9hsztSnVLUEMchX14AaABAg,Always wanted one 😢. Next house 🏡,ventilation_mvhr,training_educational,how_to_installation_demo,theme_practical_advice
