video_id,topic_01_relative_weight,topic_02_relative_weight,topic_03_relative_weight,topic_04_relative_weight,topic_05_relative_weight,topic_06_relative_weight,topic_07_relative_weight,topic_08_relative_weight,topic_09_relative_weight,topic_10_relative_weight,topic_11_relative_weight,topic_12_relative_weight,topic_13_relative_weight,topic_14_relative_weight,topic_15_relative_weight,topic_16_relative_weight,modelled_comment_count,dominant_topic_number,secondary_topic_number,dominant_topic_label,dominant_relative_weight,secondary_relative_weight,dominance_margin,effective_topic_count,creator_type,video_type,_video_publication_date,publication_year
-0vb6-7lOWw,0.04334553077546634,0.003955949540504509,0.11319901345426345,0.21811158776745085,0.004834640263114216,0.006551143921074761,0.021490261227475344,0.2563378287751608,0.1594904004890446,0.021588628751946715,0.0004113451459405055,0.07367610534390505,0.000934243199748748,0.006894557522989553,0.026218779708095778,0.042959984113818746,11,8,4,"Solar PV, batteries and power systems",0.2563378287751608,0.21811158776745085,0.038226241007709966,7.9195169141305115,installer_tradesperson,how_to_installation_demo,2024-12-09 09:16:23+00:00,2024
-2o5S8zfOVg,0.1987914110511016,0.05126268078265037,0.1357020064055701,0.037699435542599226,0.03201605993296263,0.06134049149936675,0.04956359960165315,0.027031692203449673,0.036215972749026305,0.0800977152998972,0.023008103484352043,0.14549778424190518,0.008754328465000275,0.017047769635036836,0.004147482979008397,0.09182346612642028,87,1,12,Situated household retrofit experience and building context,0.1987914110511016,0.14549778424190518,0.053293626809196415,11.456014753827308,diy_renovator_homeowner,how_to_installation_demo,2023-06-02 13:00:00+00:00,2023
-H_ZQyxef_w,0.259334982161829,0.05360955900244886,0.005225917687842153,0.058554353762705486,0.0,0.0,0.0,0.0,0.0,0.0,0.09079991733726883,0.0,0.3861848752389678,0.0,0.14629039480893793,0.0,1,13,1,"Wall, cavity and floor insulation",0.3861848752389678,0.259334982161829,0.1268498930771388,4.792042235738991,installer_tradesperson,how_to_installation_demo,2023-02-01 21:46:58+00:00,2023
-JM1bVBwzsw,0.08925753575777341,0.00046362136282276147,0.016747868987519024,0.06417496233350792,0.0,0.01481235151239968,0.04243524739845813,0.5791617753318145,0.07529648110667665,0.0030345041213074493,0.002787681712293132,0.07854604182028978,0.0014989918278999256,0.020431697561584358,0.0021220467219334876,0.009229192443719881,6,8,1,"Solar PV, batteries and power systems",0.5791617753318145,0.08925753575777341,0.48990423957404106,4.715507494044775,installer_tradesperson,how_to_installation_demo,2025-09-19 10:56:43+00:00,2025
-OPjbjcthCA,0.01537045752529596,0.0,0.2708587892773217,0.13613412213939063,0.0,0.08561846396603627,0.014547325415545884,0.0,0.0,0.0,0.001261261169382223,0.007586983009055598,0.0,0.4680872404283248,0.0005353570696469849,0.0,2,14,3,Thermostat wiring and smart heating controls,0.4680872404283248,0.2708587892773217,0.19722845115100307,3.9204946866667547,installer_tradesperson,how_to_installation_demo,2023-09-13 16:30:01+00:00,2023
-VJQLcU_YjU,0.10404873177503368,0.0048078922531856125,0.07256052283938141,0.03924975149060437,0.3249276983709351,0.09028715417978511,0.03778232851607043,0.042348609824057755,0.038289225131941156,0.00774489104598773,0.046985327081170876,0.01667491806077413,0.05516321564099752,0.030021818439407353,0.016174960705261306,0.07293295464540647,31,5,1,Heat pumps and heating systems,0.3249276983709351,0.10404873177503368,0.22087896659590142,10.133669414353122,training_educational,practical_advice_explainer,2022-02-06 18:00:12+00:00,2022
-Y0qNAhj4ik,0.30917733114772294,0.003326197003123256,0.025033761227218433,0.07070126053664928,0.052031903556689726,0.006583401701815298,0.04060320466576213,0.17194302801750797,0.06324249695584927,0.03413738220812011,0.004296646731549422,0.0,0.0,0.10658602335293463,0.0,0.11233736289505754,5,1,8,Situated household retrofit experience and building context,0.30917733114772294,0.17194302801750797,0.13723430313021498,7.9943725590322,installer_tradesperson,practical_advice_explainer,2023-04-30 21:00:00+00:00,2023
-k4kTEE3bS4,0.028699286181477993,0.0018380766418887185,0.3178323379902321,0.0,0.04427306944104314,0.000947275941731551,0.0,0.006799924132076834,0.23415495600734781,0.00018318514987612558,0.011977374444136484,0.145048231981997,0.009124091149945704,0.0,0.02088713118305495,0.17823505975519158,3,3,9,Clarification and specification questions,0.3178323379902321,0.23415495600734781,0.08367738198288427,5.8237906835060524,installer_tradesperson,how_to_installation_demo,2023-05-31 17:14:20+00:00,2023
-l7CAxBeJ50,0.15360914779435253,0.00151776696123017,0.12092724998677115,0.18449567499626024,0.028506888227081348,0.07706552226547202,0.03561081273553909,0.14504628677104237,0.0874481834951514,0.050100355138104735,0.009764719632038713,0.014302984746013962,0.008063694832556027,0.04143616490667907,0.003622254316274828,0.03848229319543233,15,4,1,"Implementation, cost and how-to questions",0.18449567499626024,0.15360914779435253,0.03088652720190771,10.466486407775319,installer_tradesperson,how_to_installation_demo,2022-02-18 21:00:01+00:00,2022
-myHxDsrVqs,0.15378895827557928,0.0051713549538272814,0.000312684928493349,0.011236317361011865,0.18948155122718824,0.003696467155742905,0.014483251711526902,0.014163854268273712,0.0,0.005608743381683666,0.006965759718060403,0.38310355471215707,0.09502905136712023,0.00755203128832967,0.047354173438704114,0.06205224621230135,4,12,5,Roof and attic ventilation and airflow,0.38310355471215707,0.18948155122718824,0.19362200348496883,6.261075511847588,builder_contractor,problem_warning_mistakes,2025-01-23 20:00:25+00:00,2025
-qXLU6xjwFQ,0.05627103527825093,0.0012052412480869394,0.028085886209077045,0.07604400275057423,0.0032439102077507723,0.07012396331040593,0.012189413123334922,0.29655186276920126,0.19717873627294907,0.10342510871913801,0.0034696712741993222,0.01799669524204547,0.009860711138715917,0.07703465713542498,0.008716729505537923,0.03860237581530725,9,8,9,"Solar PV, batteries and power systems",0.29655186276920126,0.19717873627294907,0.09937312649625218,8.517969316498458,diy_renovator_homeowner,how_to_installation_demo,2024-05-23 15:00:00+00:00,2024
-rIyo6bh9A4,0.08043247869551565,0.008887159196008949,0.0750970205993239,0.04744101798927981,0.019659136622661815,0.1840894860455482,0.018591907224278413,0.009577665220362932,0.051756178722811595,0.015804732110400285,0.0017948522114403964,0.08784208050503796,0.3186972255121945,0.009851855282705078,0.047531646691239327,0.022945557371191232,10,13,6,"Wall, cavity and floor insulation",0.3186972255121945,0.1840894860455482,0.13460773946664628,8.813590220203743,training_educational,how_to_installation_demo,2019-04-17 20:30:01+00:00,2019
-vEJ_fthQFk,0.07188515124017324,0.0019130397698246618,0.07121535121021483,0.04304038538967262,0.0674560753169657,0.1806993779380275,0.030392912965481002,0.026352409265436787,0.037672236441016305,0.006913817709582999,0.0026669498667935983,0.011964896085965904,0.21297658319517415,0.01372668520754428,0.08080720744345189,0.14031692095467452,19,13,6,"Wall, cavity and floor insulation",0.21297658319517415,0.1806993779380275,0.03227720525714664,10.09036726458467,builder_contractor,how_to_installation_demo,2023-06-28 08:03:56+00:00,2023
-w5u3R5RELo,0.008546515741655996,0.0,0.0,0.1308363438239618,0.19038529820852282,0.05723057730873653,0.008015150571189615,0.0,0.22735041910274972,0.0,0.001687698218072483,0.0,0.0,0.16818891604918101,0.0,0.2077590809759299,1,9,16,Performance checking and troubleshooting,0.22735041910274972,0.2077590809759299,0.01959133812681982,6.042542844643671,installer_tradesperson,how_to_installation_demo,2024-12-26 19:08:06+00:00,2024
-yx0KyWunLE,0.15865967619329752,0.07120726496364925,0.05474686609458861,0.059345008923752135,0.010497623694473325,0.06420577856529422,0.04413891192865163,0.047122971460417856,0.028210364205296472,0.016922259484280472,0.022526381334479498,0.1643742692138907,0.050534078872859746,0.01353534922837527,0.036111036769591646,0.15786215906710163,17,12,1,Roof and attic ventilation and airflow,0.1643742692138907,0.15865967619329752,0.005714593020593184,12.001823633891437,diy_renovator_homeowner,problem_warning_mistakes,2022-01-29 12:11:29+00:00,2022
-zF_TZVvFIA,0.18409096698399438,0.03688683105698614,0.1810097807042927,0.06488362006280891,0.002689443730871027,0.05384782381222815,0.028437388527848655,0.04955844915725177,0.07636777678576145,0.05001485371257729,0.055696542936744135,0.03991647153351762,0.01900388841196089,0.025174830447699383,0.03848433330153657,0.09393699883392093,17,1,3,Situated household retrofit experience and building context,0.18409096698399438,0.1810097807042927,0.003081186279701692,12.118079145256143,builder_contractor,how_to_installation_demo,2024-09-17 18:41:36+00:00,2024
00wwEMbEc_M,0.23697500400190122,0.002276917687331229,0.051756531992973656,0.10751356590483772,0.1682714828386203,0.008862817895115506,0.06597605715578048,0.11802989643878463,0.04296452276797114,0.01370363580704056,0.014956997059413507,0.051609094529856056,0.0077263340982836595,0.024094811879806003,0.022875583220954447,0.06240674672132988,56,1,5,Situated household retrofit experience and building context,0.23697500400190122,0.1682714828386203,0.0687035211632809,10.156856891100247,training_educational,how_to_installation_demo,2025-01-02 23:00:00+00:00,2025
021LlXChe90,0.35854232088391885,0.01367847188332573,0.050962782152029096,0.07475982064941233,0.02833123561662535,0.0025295148799336802,0.04831205294724449,0.0,0.17244369355486586,0.015193976141733099,0.010522795404975986,0.08555646191571889,0.0,0.014153419036574867,0.026375436074179005,0.09863801885946277,7,1,9,Situated household retrofit experience and building context,0.35854232088391885,0.17244369355486586,0.186098627329053,7.7225353276488935,installer_tradesperson,practical_advice_explainer,2024-08-17 15:15:33+00:00,2024
0D3YVxxqFsI,0.18722573791338173,0.01714842967048837,0.05112267228137269,0.03496879065061444,0.0972270463695938,0.03412075571266698,0.07032644857151188,0.05627775274292359,0.18219924903073986,0.014582106141604781,0.005786794226823451,0.04316696132597662,0.0834943516212238,0.030929183368855983,0.05168327455215699,0.03974044582006506,29,1,9,Situated household retrofit experience and building context,0.18722573791338173,0.18219924903073986,0.005026488882641872,11.901256449165048,diy_renovator_homeowner,how_to_installation_demo,2022-12-30 21:01:34+00:00,2022
0EQ-pJmPZ-M,0.1432501435068761,0.005015489697691342,0.1177712805502154,0.06790651293160473,0.024119885107728778,0.222011332921007,0.04251661148727948,0.027079177742307718,0.08116447785138564,0.029520725636528723,0.014738336806509777,0.06981251379573569,0.020774795076220067,0.02004368848326064,0.014050980430970146,0.10022404797467876,85,6,1,"Praise, gratitude and social endorsement",0.222011332921007,0.1432501435068761,0.0787611894141309,11.029518951434099,training_educational,how_to_installation_demo,2019-12-13 19:00:01+00:00,2019
0IvGe4JZLSU,0.1113844518643507,0.003623519690159162,0.05557305758633913,0.062117718954292245,0.29271330443020144,0.10936179822745593,0.029152316904537873,0.06705431745278803,0.04198555959116649,0.035298079230492864,0.03236705980301873,0.03252809203140206,0.011308954326687127,0.031686424249065384,0.011334902628673803,0.07251044302936907,129,5,1,Heat pumps and heating systems,0.29271330443020144,0.1113844518643507,0.18132885256585074,10.57694399063241,installer_tradesperson,how_to_installation_demo,2022-12-19 21:20:54+00:00,2022
0M9QzdPhm58,0.044729910946084875,0.000987895676559392,0.06633188047517763,0.09186657545155841,0.03360006755549391,0.07065394360530573,0.04736443862755483,0.02413134413571283,0.09651039989392728,0.02836429121668632,0.04372933873562174,0.023597947570829718,0.008665534339405747,0.3941661438719286,0.0039435953351544244,0.021356692562998547,83,14,9,Thermostat wiring and smart heating controls,0.3941661438719286,0.09651039989392728,0.2976557439780013,8.53979299248764,diy_renovator_homeowner,how_to_installation_demo,2023-05-07 22:00:01+00:00,2023
0OsM6Ao-kSA,0.025325869988473554,0.015177403752404428,0.008357489464544876,0.05932778915260486,0.15128209426939881,0.06033644914868489,0.03757328127874481,0.026847639439532212,0.11299304739137979,0.02471898120364255,0.003184366148021078,0.011180217527817888,0.0013727842105557037,0.36702122221556355,0.042199338746415585,0.05310202606221539,5,14,5,Thermostat wiring and smart heating controls,0.36702122221556355,0.15128209426939881,0.21573912794616473,8.269251027776791,installer_tradesperson,how_to_installation_demo,2024-05-23 20:49:45+00:00,2024
0RQFr4QRb2s,0.11930499157781034,0.04133234904956346,0.0487729769094844,0.05543744006985766,0.0072961876699559995,0.04628689251737,0.04791270759535416,0.04517465068250432,0.033860347827414004,0.06364828619691189,0.029711008748381996,0.1327418101624698,0.18004059890871807,0.017014957100583827,0.06545735079504607,0.06600744418857399,38,13,12,"Wall, cavity and floor insulation",0.18004059890871807,0.1327418101624698,0.047298788746248266,12.871121920169251,diy_renovator_homeowner,practical_advice_explainer,2023-04-22 16:13:41+00:00,2023
0TsN6h2UH4Q,0.1263622103921228,0.004939149143009065,0.06850197019710051,0.07240963600533584,0.02113535017894313,0.0961800626956799,0.05403405818990003,0.01060541582255904,0.04414817323415443,0.026444062665624078,0.007097114491864925,0.3294624882143336,0.028672786460271462,0.043007796458113874,0.005510414659778083,0.06148931119120923,18,12,1,Roof and attic ventilation and airflow,0.3294624882143336,0.1263622103921228,0.2031002778222108,9.45016416694512,builder_contractor,how_to_installation_demo,2025-09-02 17:18:14+00:00,2025
0WgfnhWOfvI,0.163419976451595,0.008389267959297255,0.03805335302652048,0.028895958915640677,0.07888745048586472,0.013400074675585271,0.05455008443125185,0.15266523293009698,0.04501699692767177,0.0672932828029758,0.005339972105315727,0.09043993557749,0.1541195475056875,0.006765810107643269,0.05955815374716074,0.03320490235020296,51,1,13,Situated household retrofit experience and building context,0.163419976451595,0.1541195475056875,0.009300428945907518,11.429636684405729,builder_contractor,how_to_installation_demo,2024-02-21 11:06:22+00:00,2024
0WzU-f_ggm4,0.06539732612176273,0.0012699093625706838,0.30472054327802045,0.08114267519998711,0.0,0.040999768418993617,0.013304411242775626,0.028287446406084795,0.0,0.09309906178929821,0.012986338628550212,0.21541299604776076,0.06867256357003561,0.03526855431798804,0.036210958622140445,0.0032274469940317065,3,3,12,Clarification and specification questions,0.30472054327802045,0.21541299604776076,0.08930754723025969,8.09084731800939,installer_tradesperson,how_to_installation_demo,2024-12-27 18:25:44+00:00,2024
0mG9u6qrglA,0.23980189618408004,0.03714108782390675,0.04021019625968215,0.03476657829792772,0.047041981914974454,0.10015700944499781,0.010904849181445114,0.01882357890470815,0.04408340931201249,0.0004697560344809088,0.0015881611959592612,0.08573611938756565,0.12583107814376426,0.004606527186727912,0.11392358350090295,0.09491418722686443,8,1,13,Situated household retrofit experience and building context,0.23980189618408004,0.12583107814376426,0.11397081804031578,10.254161374134586,builder_contractor,problem_warning_mistakes,2025-09-13 14:00:00+00:00,2025
0oDLwBZurp8,0.12923234525399555,0.06094631398691503,0.0352505091303915,0.02692446565503607,0.04281190378332301,0.06821486751878887,0.025619083986682747,0.02672382034297942,0.04028342256662416,0.030166487897628744,0.0182491114389611,0.07723592947583496,0.21845762621587958,0.009817602999623724,0.11236014296789709,0.07770636677943844,344,13,1,"Wall, cavity and floor insulation",0.21845762621587958,0.12923234525399555,0.08922528096188403,12.020717002242556,builder_contractor,project_walkthrough,2022-08-05 17:00:00+00:00,2022
0pOjJ-w733E,0.09060385381183572,0.03254180786407885,0.05033462663192062,0.04602531131211747,0.0023383677514228264,0.14660719761333132,0.0285823180153238,0.00915532183859665,0.06365920140794726,0.012088332695194806,0.0653487054470943,0.04327566172309802,0.22835579531024186,0.006296162303711079,0.10909629317136771,0.06569104310271774,29,13,6,"Wall, cavity and floor insulation",0.22835579531024186,0.14660719761333132,0.08174859769691054,10.957220697531616,training_educational,how_to_installation_demo,2024-01-13 16:00:00+00:00,2024
0qc4CliDuLo,0.06730281304678061,0.0025050076923922647,0.05358231273498765,0.0049739868987185454,0.12494169791241432,0.0027049750045443667,0.23395811111566145,0.022949114123122494,0.14713705557609225,0.0034724934588556394,0.0,0.17070426129246377,0.10158155902160419,0.0025032506193986637,0.00791309671923759,0.053770264783726214,6,7,12,"Alternative methods, challenges and ""why"" questions",0.23395811111566145,0.17070426129246377,0.06325384982319768,8.400780129416358,installer_tradesperson,how_to_installation_demo,2019-04-15 03:58:16+00:00,2019
0sVRsjU8PlA,0.1792195139613919,0.010595537858225621,0.13541991796863792,0.08539128294018787,0.015476772158960614,0.09374799360555648,0.014279306714675014,0.013619513391907362,0.07416946192622201,0.07356406374109135,0.030503627218869993,0.0747457711498298,0.13806763174381945,0.01868549427667108,0.01996368014623794,0.02255043119771557,20,1,13,Situated household retrofit experience and building context,0.1792195139613919,0.13806763174381945,0.04115188221757246,11.46601880478933,diy_renovator_homeowner,how_to_installation_demo,2025-02-20 12:00:01+00:00,2025
0z7OdJe7AQc,0.11719439891787915,0.0014386312660190955,0.041384629313165396,0.050599731956590094,0.21177414220788907,0.20156468751608903,0.14602163053060185,0.00436427331748584,0.039535238194853335,0.04999620949920517,0.010826833372201394,0.012635034150421503,0.0021750211665116067,0.06006087545285513,0.005959513796773086,0.04446914934145922,23,5,6,Heat pumps and heating systems,0.21177414220788907,0.20156468751608903,0.01020945469180004,9.324211709269665,installer_tradesperson,how_to_installation_demo,2022-05-23 07:33:33+00:00,2022
0zASbMENdCk,0.15289795450231572,0.002688078139256532,0.050047715047046124,0.034683018425475644,0.26799711238102275,0.043384337218908095,0.05197520325517457,0.08535401891140082,0.07527461124680827,0.04088857789662735,0.03345851412762708,0.03354955858312561,0.004262058936389372,0.04712813248518995,0.00481710314753332,0.07159400569609879,47,5,1,Heat pumps and heating systems,0.26799711238102275,0.15289795450231572,0.11509915787870703,10.558998599821475,training_educational,how_to_installation_demo,2025-11-30 23:00:05+00:00,2025
1-diFUZo_Cc,0.0,0.274057255461482,0.004056336966998074,0.46646439411625434,0.010455477379317865,0.0,0.024793683538073062,0.02885596937866242,0.0,0.013488742426703367,0.0,0.0,0.13802755381507564,0.01225221187927966,0.027548375038153616,0.0,2,4,2,"Implementation, cost and how-to questions",0.46646439411625434,0.274057255461482,0.19240713865477233,4.3006067534505545,installer_tradesperson,how_to_installation_demo,2023-06-07 21:15:47+00:00,2023
19_ub9qiqZA,0.08296281244129894,0.003544398256383894,0.26877180679662777,0.004852450763621419,0.0,0.12924645670874568,0.0,0.0,0.4675181908443429,0.0,0.0021560391065293697,0.0,0.01334245704543387,0.010432896418990803,0.017172491618025393,0.0,2,9,3,Performance checking and troubleshooting,0.4675181908443429,0.26877180679662777,0.1987463840477151,4.110949832739823,diy_renovator_homeowner,how_to_installation_demo,2025-04-08 20:49:03+00:00,2025
1EsMv9NLf3c,0.07685745563689893,0.0,0.0,0.0,0.0,0.0,0.0,0.0,0.043165311056239844,0.0,0.0,0.0,0.5989079986087972,0.0,0.0,0.28106923469806394,1,13,16,"Wall, cavity and floor insulation",0.5989079986087972,0.28106923469806394,0.31783876391073324,2.709072302244627,installer_tradesperson,how_to_installation_demo,2022-01-09 17:54:58+00:00,2022
1FuGf05MoGM,0.0842168606058337,0.0026544234138158184,0.01314897335896741,0.15880610051120653,0.0,0.005063986929612605,0.0036002108519117594,0.014788269720261323,0.0,0.15686910288975559,0.030253507582728236,0.05860211563910113,0.2903811915520264,0.049371015537628155,0.08304836809735514,0.04919587330979624,4,13,4,"Wall, cavity and floor insulation",0.2903811915520264,0.15880610051120653,0.13157509104081988,8.22949427256484,diy_renovator_homeowner,how_to_installation_demo,2024-02-05 11:33:10+00:00,2024
1N_ZsLrfUJM,0.10207063514345603,0.0014668713225591743,0.05454822807288399,0.030746125309291394,0.017084320304746575,0.03789768054340151,0.06367511188508038,0.48963811518854344,0.046419616795176165,0.026657262101890164,0.02415845181128241,0.017808313699691342,0.007984027480028213,0.011599162848167024,0.004784441323144745,0.06346163617065748,152,8,1,"Solar PV, batteries and power systems",0.48963811518854344,0.10207063514345603,0.3875674800450874,6.810104271229965,training_educational,practical_advice_explainer,2024-04-29 08:00:01+00:00,2024
1Y7d6Pa0ejQ,0.06907375193333797,0.0,0.015024074758854786,0.05042753708766824,0.0002793591426324466,0.1325652958995084,0.05882300673876568,0.013472967855489732,0.18541245791287725,0.02408225166955395,0.00333272072609036,0.05255490481986897,0.26005197204106717,0.012529213846931214,0.10972470905764606,0.012645776509707777,7,13,9,"Wall, cavity and floor insulation",0.26005197204106717,0.18541245791287725,0.07463951412818992,8.776239899884947,installer_tradesperson,how_to_installation_demo,2023-08-27 16:00:02+00:00,2023
1kz1c-rZsDk,0.03429813559635135,0.00535958770252113,0.06298942218469936,0.0842578898875886,0.005984475159237266,0.05080414076232658,0.06344785649259624,0.503702947887864,0.0400011553397361,0.02570579181418548,0.017987893164893864,0.005542478378861517,0.00662334195578477,0.060008532585209766,0.0166323687409059,0.01665398234723812,91,8,4,"Solar PV, batteries and power systems",0.503702947887864,0.0842578898875886,0.4194450580002754,6.626116819995497,installer_tradesperson,how_to_installation_demo,2020-11-26 10:39:54+00:00,2020
1mJkjrwxdP4,0.09055234652402151,0.003643947976789743,0.05089345412684255,0.03758694233268569,0.03405987815452267,0.24959988724193777,0.025559431704652507,0.02623318895758031,0.04630202635332384,0.03167245627645215,0.019673297637994334,0.02622345497545268,0.020406450645777167,0.30122909825884225,0.007598291816519692,0.0287658470166051,146,14,6,Thermostat wiring and smart heating controls,0.30122909825884225,0.24959988724193777,0.051629211016904486,8.740692431825583,training_educational,how_to_installation_demo,2020-04-11 14:15:00+00:00,2020
1nQ7k_X2aXA,0.0818390701123004,0.004702799831355359,0.047617721649367555,0.04927007809897521,0.24833844012758718,0.10176282400657426,0.031740336008155436,0.03173214029903002,0.06359109510971822,0.01803227904435479,0.019121983870361146,0.05557630856830595,0.007491619652342588,0.17047911183958975,0.006695463623544394,0.06200872815843774,82,5,14,Heat pumps and heating systems,0.24833844012758718,0.17047911183958975,0.07785932828799744,10.474170372559668,training_educational,practical_advice_explainer,2020-07-04 11:00:01+00:00,2020
1nv4PAqDKUo,0.15168868611898334,0.000501768665704543,0.0025712480531180494,0.030256504679973102,0.0,0.0,0.67608640176334,0.0,0.047751668026604376,0.020278275518928142,0.006021731135987962,0.06484371603736047,0.0,0.0,0.0,0.0,1,7,1,"Alternative methods, challenges and ""why"" questions",0.67608640176334,0.15168868611898334,0.5243977156443567,3.0288447210273826,diy_renovator_homeowner,project_walkthrough,2023-08-04 12:15:00+00:00,2023
1qOaqofMzoA,0.13422936039378597,0.015056213115648476,0.0,0.11121860680864236,0.006923255369378037,0.0,0.06306604418010303,0.18886908666635963,0.2054267082081278,0.01579401614623785,0.18027375898322703,0.0,0.015119551127271804,0.00022346321761341708,0.0,0.06379993578360457,4,9,8,Performance checking and troubleshooting,0.2054267082081278,0.18886908666635963,0.01655762154176818,7.6970324730015065,installer_tradesperson,how_to_installation_demo,2024-09-22 21:11:01+00:00,2024
1qe5faxJ5UQ,0.060078256111362936,0.0012535145312450946,0.005119009977292827,0.11806115534749499,0.04226540024636563,0.12239462778857904,0.023387949682280654,0.020651698550901803,0.24953837736390827,0.004715046797316529,0.15297666657441875,0.0006654008261488169,4.507007704215557e-05,0.14566849153421055,0.0071214770255057635,0.046057857565926175,9,9,11,Performance checking and troubleshooting,0.24953837736390827,0.15297666657441875,0.09656171078948952,8.474922648105546,training_educational,how_to_installation_demo,2024-09-29 18:45:00+00:00,2024
1rNnFXYBj6U,0.09128364018823618,0.12669194198982647,0.07123283705933553,0.03661466989399692,0.008046144533473062,0.029435984937714193,0.017674204684461185,0.008480014386016777,0.02357810268217339,0.010397033471637881,0.014712891462566255,0.04849806618670563,0.2292378966787798,0.010357917243090436,0.2146408835999601,0.05911777100202619,68,13,15,"Wall, cavity and floor insulation",0.2292378966787798,0.2146408835999601,0.01459701307881972,9.689623279197763,builder_contractor,problem_warning_mistakes,2022-11-28 23:00:01+00:00,2022
1rhmEAggMqU,0.05894804140252264,0.020761284370600215,0.0,0.0,0.0,0.0,0.12438680964126282,0.0,0.12458108425428896,0.045077139561701736,0.0,0.09507766303277336,0.039443096868996115,0.0,0.03219562431146171,0.4595292565563923,2,16,9,"Prospective choices, recommendations and alternatives",0.4595292565563923,0.12458108425428896,0.3349481723021034,5.612268303484352,diy_renovator_homeowner,how_to_installation_demo,2025-08-18 23:21:41+00:00,2025
1sPJC71hwQ4,0.04913145729427318,0.0020068620025338905,0.04953850233026456,0.007428571496041256,0.06845114949534374,0.06753163031234859,0.030642065743734678,0.10392131195024315,0.06329701647795845,0.03621007364229035,0.035661422314306274,0.0243611820185461,0.013461511347116229,0.4001322142642085,0.002176615004794842,0.046048414305996224,19,14,8,Thermostat wiring and smart heating controls,0.4001322142642085,0.10392131195024315,0.2962109023139653,8.476221922886952,builder_contractor,how_to_installation_demo,2025-01-28 23:14:07+00:00,2025
1wNLJ9ojP1g,0.2443115622513426,0.0,0.030237009061190635,0.004148604448893437,0.08556306902858159,0.20712883030058907,0.0,0.1010959839950598,0.0,0.0,0.0,0.0,0.0,0.31944700780419943,0.0,0.008067933110143439,1,14,1,Thermostat wiring and smart heating controls,0.31944700780419943,0.2443115622513426,0.07513544555285684,5.178043166244226,installer_tradesperson,practical_advice_explainer,2024-10-13 16:24:23+00:00,2024
2-nc6E1Kvks,0.1019820009246405,0.02338000619721084,0.04061734323921818,0.07553892306291742,0.0254320562406782,0.17247688529071162,0.08948019410732298,0.029122990777395778,0.0583171932259157,0.060916430763005604,0.03257303596822278,0.03733842919807318,0.10038589499720223,0.030790003601344557,0.026385006952453428,0.09526360545368699,62,6,1,"Praise, gratitude and social endorsement",0.17247688529071162,0.1019820009246405,0.07049488436607111,13.325096085011516,diy_renovator_homeowner,how_to_installation_demo,2024-06-29 14:00:01+00:00,2024
2A7Gl2APM6o,0.047063510567580846,0.00954427978533071,0.03186787620327034,0.04422116458240477,0.006188888071814896,0.10098945448471736,0.04741016858421769,0.022341778410527882,0.07325689829985778,0.021601093605750018,0.024602707892934502,0.2041196434432079,0.22841236746752142,0.01698719523486419,0.0402124190706017,0.08118055429539803,63,13,12,"Wall, cavity and floor insulation",0.22841236746752142,0.2041196434432079,0.02429272402431351,10.568290293271826,installer_tradesperson,how_to_installation_demo,2022-12-02 19:00:12+00:00,2022
2Apa2WcG9z0,0.09925635177951228,0.0024340643438505245,0.04772949513728021,0.04910071969835486,0.02804912470815403,0.09429299595031511,0.04262105122813149,0.3655466618437685,0.03703409907627078,0.04870384234615556,0.025738889027902934,0.04502704728255065,0.009975030818850476,0.019391993668822664,0.007479968405234542,0.07761866468484538,174,8,1,"Solar PV, batteries and power systems",0.3655466618437685,0.09925635177951228,0.2662903100642562,9.23369894544607,diy_renovator_homeowner,how_to_installation_demo,2022-07-15 10:48:40+00:00,2022
2HLLKCUUqxY,0.10199143163496847,0.028024998724788114,0.0,0.0010641202227634568,0.0,0.023221575254362224,0.0,0.0,0.0,0.03858791824688947,0.0,0.19671193744815008,0.32500988840095735,0.0,0.21362224252361545,0.07176588754350521,1,13,15,"Wall, cavity and floor insulation",0.32500988840095735,0.21362224252361545,0.1113876458773419,5.7961617687327776,builder_contractor,how_to_installation_demo,2025-01-12 12:00:02+00:00,2025
2IwMSNOk6hg,0.07775497955204251,0.0,0.2956152362722242,0.0,0.026142740717105078,0.0,0.0,0.0,0.0,0.0,0.0,0.37554333612968793,0.21922854298726485,0.0057151643416754345,0.0,0.0,1,12,3,Roof and attic ventilation and airflow,0.37554333612968793,0.2956152362722242,0.07992809985746374,3.991481319187239,diy_renovator_homeowner,how_to_installation_demo,2020-06-05 06:53:40+00:00,2020
2LDGcVGH0RY,0.07675063363242066,0.15084481571238992,0.04273404025638929,0.026640474198951006,0.006878362593538372,0.029689105502197468,0.02124992365197528,0.04296422006760328,0.02819214480215726,0.000698921956765865,0.018602384360505465,0.25536259966558084,0.12181736744404713,0.0075709535169422625,0.11456258018149583,0.0554414724570401,25,12,2,Roof and attic ventilation and airflow,0.25536259966558084,0.15084481571238992,0.10451778395319092,9.97217702857066,training_educational,practical_advice_explainer,2024-06-29 15:30:01+00:00,2024
2TWEFWY5Uvg,0.42245822211897466,0.0,0.0016606765350202384,0.0,0.22295163268209123,0.012825315849118406,4.4055028299355214e-05,0.0,0.1531378492882185,0.04517437135007334,0.0,0.04643089619391158,0.014998272882486369,0.0,0.0,0.08031870807180626,1,1,5,Situated household retrofit experience and building context,0.42245822211897466,0.22295163268209123,0.19950658943688343,4.957484311650199,installer_tradesperson,problem_warning_mistakes,2025-06-09 07:30:03+00:00,2025
2WaI7q8tin4,0.01285571938658302,0.0,0.24135986158957037,0.04226654384797743,0.02129272957123881,0.0008920565194852108,0.009033549150452184,0.005349813211865708,0.013039659166733126,0.061724357505976366,0.17011953700714808,0.04767724350650017,0.2014598597077764,0.0,0.17253609469195594,0.00039297513673710785,5,3,13,Clarification and specification questions,0.24135986158957037,0.2014598597077764,0.03990000188179396,7.355528679823325,builder_contractor,how_to_installation_demo,2024-09-09 18:15:02+00:00,2024
2_NUFxr5dI0,0.05478102549695601,0.0,0.0014310802012312421,0.02055417054173413,0.0056818388504338325,0.3881474895739188,0.029641411659180387,0.36685277123821697,0.04323623039452227,0.01630144063548512,0.0,0.06475902700013977,0.0,0.003915000663372812,0.0,0.004698513744808598,2,6,8,"Praise, gratitude and social endorsement",0.3881474895739188,0.36685277123821697,0.021294718335701845,4.684501881174826,installer_tradesperson,how_to_installation_demo,2024-04-01 17:01:04+00:00,2024
2bZET18Gy4A,0.0,0.017100372565606602,0.022884954338430383,0.03145450685890592,0.014198252045723642,0.02705783011400364,0.0069208642951795905,0.10005224235577613,0.0,0.3724735520367294,0.29950205893031867,0.0,0.011335063810715692,0.021239437728886736,0.05880307316540742,0.01697779175431627,1,10,11,"Implementation follow-up, outcomes and retrospective questions",0.3724735520367294,0.29950205893031867,0.07297149310641071,5.959616280980597,diy_renovator_homeowner,how_to_installation_demo,2025-02-11 10:09:24+00:00,2025
2ggG8XoX0cA,0.06494634877724459,0.0,0.0,0.0,0.04608710647787961,0.0,0.0,0.004137667900733248,0.7844076308756497,0.0,0.004294993290536767,0.014883804946017647,0.03578726331622695,0.02682252594094381,0.018632658474767673,0.0,1,9,1,Performance checking and troubleshooting,0.7844076308756497,0.06494634877724459,0.7194612820984051,2.4819769190135403,installer_tradesperson,problem_warning_mistakes,2019-05-15 20:38:25+00:00,2019
2hw9XA9qHjA,0.1775769187045674,0.009596033102249761,0.059548460095206666,0.07728924563329616,0.02005648497288146,0.13613074364378636,0.07790301914352835,0.018559098117730283,0.04496989772874115,0.046657948352365496,0.035111572459433076,0.14281498108201085,0.04164843082316594,0.01607666942398384,0.027472504101984048,0.06858799261506916,80,1,12,Situated household retrofit experience and building context,0.1775769187045674,0.14281498108201085,0.034761937622556555,12.17531525214033,diy_renovator_homeowner,practical_advice_explainer,2024-11-10 12:57:18+00:00,2024
2iLjP5z0jXo,0.24814616482769505,0.0,0.0,0.5941619556110407,0.0,0.0,0.0,0.014770563631803946,0.010612691635340848,0.0,0.017076027966984854,0.0,0.09870349606630727,0.0,0.0,0.016529100260827285,2,4,1,"Implementation, cost and how-to questions",0.5941619556110407,0.24814616482769505,0.34601579078334566,3.1004585042063875,builder_contractor,practical_advice_explainer,2025-05-10 15:01:16+00:00,2025
2xFERnXiHTM,0.014458726115907114,0.002817678498719458,0.038432654011145116,0.0743091467890659,0.07694318829476057,0.13486327727559413,0.08287501172722263,0.04032296147297781,0.07535006239848367,0.0,0.10040320664021504,0.06715703129241944,0.013034196869179152,0.27374089592214085,0.00473151425725604,0.0005604484349130634,7,14,6,Thermostat wiring and smart heating controls,0.27374089592214085,0.13486327727559413,0.1388776186465467,9.462529593304518,installer_tradesperson,how_to_installation_demo,2023-12-04 15:15:00+00:00,2023
2ysltLzfWsk,0.1592100719048702,0.0010698434316091464,0.1846459616172363,0.09604551758051594,0.006976358659123715,0.17151466378272723,0.0,0.004766129192361621,0.0229455066126238,0.02284380906934957,0.0008382507890323415,0.03330296758957472,0.13520533180183375,0.011929437829036186,0.01587236567728086,0.13283378446282462,14,3,6,Clarification and specification questions,0.1846459616172363,0.17151466378272723,0.01313129783450906,8.574552321385427,diy_renovator_homeowner,project_walkthrough,2022-04-17 23:13:59+00:00,2022
35C-ZqFVAuM,0.1722461101942153,2.900445267749473e-05,0.264852598144139,0.006201242085148752,0.0,0.15218729630942504,0.06081191262539442,0.2489585061370796,0.0627997090836558,0.014488395509066117,0.0005824997802593565,0.003471075125448016,0.0,0.0038231433463476344,0.0,0.009548507207143534,6,3,8,Clarification and specification questions,0.264852598144139,0.2489585061370796,0.01589409200705938,6.137812280903511,installer_tradesperson,practical_advice_explainer,2023-06-01 14:57:02+00:00,2023
35kJvNW81pU,0.1603022127891292,0.15930488090407374,0.07881301991344944,0.03485973730093253,0.010971080614258189,0.042471239790890944,0.039392188584091534,0.017405764898861066,0.0377080537428654,0.05025174194493032,0.018663628405090248,0.056140681683672415,0.13437564103334446,0.013413641037092638,0.07476491057345333,0.0711615767838645,234,1,2,Situated household retrofit experience and building context,0.1603022127891292,0.15930488090407374,0.0009973318850554636,12.234957070972925,builder_contractor,how_to_installation_demo,2024-09-14 12:24:59+00:00,2024
3G3ZVCgngvY,0.06528770263825913,0.0,0.020563070835864596,0.6579753862942938,0.008914818565940976,0.0,0.0,0.12318796790826761,0.0,0.0,0.11324918569837783,0.0,0.0,0.00923111053696532,0.0,0.0015907575220308085,1,4,8,"Implementation, cost and how-to questions",0.6579753862942938,0.12318796790826761,0.5347874183860262,3.107050522493531,training_educational,how_to_installation_demo,2021-02-24 09:57:56+00:00,2021
3KU9BbN5tWk,0.03130574569013372,0.1023806654442932,0.3050901180605352,0.296556824131543,0.004612261957924776,0.0008833641143841223,0.0,0.019345936559165566,0.0032000694513927377,0.003585082133996123,0.00043779968753985627,0.0,0.14240286569861363,0.014349297809455791,0.06903492294166291,0.006815046319359462,3,3,4,Clarification and specification questions,0.3050901180605352,0.296556824131543,0.008533293928992214,5.875118784848149,diy_renovator_homeowner,how_to_installation_demo,2023-11-18 23:00:01+00:00,2023
3ZUSHZuFBVk,0.16570694995937968,0.000464951129155022,0.0,0.3484587334544766,0.0,0.06209971178540372,0.042736796805373706,0.0,0.21025208558988903,0.015162861580707527,0.0006145781130347595,0.0,0.0,0.0,0.0037888535535467076,0.1507144780290332,2,4,9,"Implementation, cost and how-to questions",0.3484587334544766,0.21025208558988903,0.13820664786458756,5.3568263161326595,installer_tradesperson,how_to_installation_demo,2025-01-26 21:50:44+00:00,2025
3bRxyGXEX3c,0.09215823357976764,0.002224449711187136,0.08995841354773183,0.07005088966999279,0.23105906108986413,0.06795515317771433,0.07791650715373023,0.0773426710927708,0.059466911074435184,0.04198138378733441,0.03365727662506665,0.04064491385869384,0.012581975584994725,0.007363937849942172,0.006463125249231362,0.08917509694754272,26,5,1,Heat pumps and heating systems,0.23105906108986413,0.09215823357976764,0.13890082751009647,11.460235638550778,training_educational,how_to_installation_demo,2021-05-14 22:00:00+00:00,2021
3hOY38uOXxE,0.09148609224013732,0.03857705876718227,0.05061376232572783,0.019164942354318978,0.010794133386882418,0.09551269642319354,0.061422179533516474,0.06690414077064094,0.03175661263523776,0.025482179920134785,0.01165700404849194,0.20256784814780163,0.09454133963264584,0.014504029683977255,0.116047277072059,0.06896870305805203,45,12,15,Roof and attic ventilation and airflow,0.20256784814780163,0.116047277072059,0.08652057107574262,12.107540452595467,training_educational,practical_advice_explainer,2025-11-08 15:00:07+00:00,2025
3hukFwgTFI0,0.09223755724791403,0.003921644047111717,0.050079779230726165,0.04181559549286798,0.014102382746202756,0.2192300022697021,0.03016270246288695,0.2939871397395866,0.043360411423536985,0.022045943722859288,0.019135468175757554,0.012289195916345327,0.006992363852511169,0.04686330955754417,0.013243828318249794,0.09053267579619742,171,8,6,"Solar PV, batteries and power systems",0.2939871397395866,0.2192300022697021,0.07475713746988452,8.893942135008992,training_educational,how_to_installation_demo,2021-12-31 01:39:57+00:00,2021
3q4f_O2541c,0.18539590805425551,0.0,0.001384268712443007,0.011253952574118691,0.024226290905600155,0.33587691923697716,0.0,0.05557279863757736,0.03753561645883523,0.05004722485436495,0.020077168498302468,0.007734269747170325,0.0451237201669628,0.21022778608439818,0.0,0.015544076068994045,5,6,14,"Praise, gratitude and social endorsement",0.33587691923697716,0.21022778608439818,0.12564913315257897,6.758441645452988,installer_tradesperson,how_to_installation_demo,2022-10-16 21:19:23+00:00,2022
3tfqdP68umQ,0.21952291290741252,0.0203593165129404,0.033265898595236425,0.03877522961652182,0.01894672645000292,0.055392005240405724,0.033166444635645116,0.03090138281017513,0.038065721614437574,0.02228498737142956,0.03225118316272306,0.14591164770375276,0.16203145096655294,0.015084672635221124,0.042310997928645996,0.09172942184889694,75,1,13,Situated household retrofit experience and building context,0.21952291290741252,0.16203145096655294,0.05749146194085958,11.235699294843148,diy_renovator_homeowner,how_to_installation_demo,2023-11-22 18:00:02+00:00,2023
3yRVaVyn_Q8,0.2048617786367096,0.0,0.048264949640924475,0.05194675512192498,0.21496463647441388,0.008991887003726032,0.017547789714773145,0.028569969787051508,0.13353258397665957,0.015394113926042013,0.001622917015233652,0.14287526352479035,0.0,0.007203801287289992,0.0,0.12422355389046086,4,5,1,Heat pumps and heating systems,0.21496463647441388,0.2048617786367096,0.010102857837704288,8.054488368350281,installer_tradesperson,how_to_installation_demo,2025-08-08 06:00:08+00:00,2025
3zUMOblSJ60,0.2864927844357869,0.007631328678048185,0.03339707346877456,0.023630397163109308,0.06555789828184266,0.034379156825362,0.04442435016318276,0.03097942791937563,0.05550342397866431,0.020495357686540427,0.0212178068166378,0.2565110344995867,0.04464466353263533,0.009200420642021126,0.023409611386542902,0.042525264521889365,314,1,12,Situated household retrofit experience and building context,0.2864927844357869,0.2565110344995867,0.02998174993620023,9.141793887728921,training_educational,how_to_installation_demo,2025-04-23 10:56:13+00:00,2025
4-6KqpUoM3g,0.21861524480742048,0.036508310270440096,0.08550460948960421,0.05854482592623899,0.030140141312779808,0.04711804320154341,0.0748054483478491,0.03791290577763503,0.08359070598617518,0.04625710625097211,0.04945570368249457,0.04197544734888737,0.05121764949968294,0.027751252688910114,0.03613415326581349,0.07446845214355313,68,1,3,Situated household retrofit experience and building context,0.21861524480742048,0.08550460948960421,0.13311063531781625,13.379042358962696,installer_tradesperson,how_to_installation_demo,2022-08-28 01:00:00+00:00,2022
424kGp_6_JQ,0.23845267903991024,0.0,0.0,0.0,0.0,0.1761437715526067,0.0,0.0,0.030665924870111955,0.0,0.001376717869571009,0.023592471940961084,0.458179314493919,0.0,0.012527839577739898,0.05906128065518025,2,13,1,"Wall, cavity and floor insulation",0.458179314493919,0.23845267903991024,0.21972663545400878,4.185407458133936,builder_contractor,how_to_installation_demo,2019-07-15 05:00:01+00:00,2019
46-e73YYEpM,0.19675056910731079,0.02155624061171085,0.15734309720637485,0.09878854266704432,0.01315103758185686,0.054488885356738175,0.033590898099563164,0.019207822062964362,0.12844856607905505,0.034390311617760766,0.10404423779458392,0.06098536972886885,0.013915840865432284,0.02243392730883226,0.010061308184690455,0.030843345727213048,26,1,3,Situated household retrofit experience and building context,0.19675056910731079,0.15734309720637485,0.039407471900935936,11.149975442485736,builder_contractor,problem_warning_mistakes,2024-09-16 22:13:10+00:00,2024
4C_lAlZkERw,0.44766816437076185,0.031324306082851215,0.40451162762548887,0.0,0.001726110713078566,0.008624521290619282,0.010825723504381785,0.012921076051253895,0.0,0.0,0.014441197733602768,0.026411765194391066,0.0007018217219791903,0.0,0.04084368571159148,0.0,2,1,3,Situated household retrofit experience and building context,0.44766816437076185,0.40451162762548887,0.04315653674527298,3.61266718379729,diy_renovator_homeowner,practical_advice_explainer,2023-10-12 19:38:09+00:00,2023
4Fi08aRWUNE,0.061901728001061466,0.0026489302360773693,0.012129162826550714,0.08963933591958634,0.07927384554051976,0.14471400002472506,0.05054480757624242,0.022047197300689044,0.12227318859566129,0.005497227779587168,0.0015173689733129652,0.006358928338684847,0.0049829011441994055,0.31972814467204136,0.010843098027171778,0.06590013504388902,13,14,6,Thermostat wiring and smart heating controls,0.31972814467204136,0.14471400002472506,0.1750141446473163,8.33251617026162,installer_tradesperson,how_to_installation_demo,2019-11-21 13:37:49+00:00,2019
4GLhIK9tm4c,0.01865291350235377,0.0028951949666354373,0.23192457051198284,0.0,0.258611816827971,0.006799343693595269,0.12610601799585336,0.0,0.0,0.0,0.0015542150553300332,0.006215156824460021,0.0,0.0,0.007442414921053645,0.3397983557007647,2,16,5,"Prospective choices, recommendations and alternatives",0.3397983557007647,0.258611816827971,0.0811865388727937,4.571319721587018,training_educational,how_to_installation_demo,2023-05-16 17:58:34+00:00,2023
4ODG2eI7Eeo,0.13138867234833682,0.0,0.5789207129780115,0.02975011808603514,0.0,0.16969896017372682,0.0233494146181655,0.0,0.05125646187123253,0.005691742422450424,0.0019784922979151926,0.0,0.0,0.0,0.0,0.007965425204126032,1,3,6,Clarification and specification questions,0.5789207129780115,0.16969896017372682,0.4092217528042847,3.70211406516512,diy_renovator_homeowner,project_walkthrough,2020-03-28 13:46:12+00:00,2020
4QDwJ-ZJQPM,0.12171962440791322,0.006552990621927232,0.09003455753164501,0.006052922725419009,0.20636225253648824,0.06205023394523841,0.08083498722034614,0.05937846321284015,0.049827882591459025,0.03231332921901411,0.02486398898256238,0.01786915724446461,0.0028515977324345084,0.07169825435032634,0.013246106251702416,0.15434365142621922,20,5,16,Heat pumps and heating systems,0.20636225253648824,0.15434365142621922,0.052018601110269014,10.822042113455218,installer_tradesperson,how_to_installation_demo,2026-01-11 18:33:08+00:00,2026
4rT7viDgAZk,0.2890153761668995,0.008704591579984154,0.004827586484366416,0.12195111912955577,0.05761544807103453,0.06987415437960237,0.0637714954726265,0.03830306595320216,0.03188877104193173,0.011480853192720422,0.07589223865021617,0.1262050752311965,0.014793429674015035,0.0,0.032914669279866214,0.0527621256927825,6,1,12,Situated household retrofit experience and building context,0.2890153761668995,0.1262050752311965,0.16281030093570298,9.788746517647741,diy_renovator_homeowner,how_to_installation_demo,2023-02-17 19:00:02+00:00,2023
5-dPwCFkWE8,0.19837936427402922,0.0035886935535552485,0.041620123687751906,0.047932000573308875,0.03627337588578257,0.18887047418242733,0.07366781032800084,0.06948938843954962,0.021839783746412832,0.13604428470554655,0.006477466824794806,0.06040167630493374,0.0005302989655414707,0.0567437760507444,0.00398510477708935,0.05415637770053127,12,1,6,Situated household retrofit experience and building context,0.19837936427402922,0.18887047418242733,0.009508890091601885,10.333335774116096,installer_tradesperson,how_to_installation_demo,2020-10-08 18:54:00+00:00,2020
5D9TBj3_Cf4,0.18483378907129847,0.0030198138432762558,0.031016188814907267,0.04243109672683329,0.09855634013552601,0.09816236311885408,0.04256221643289008,0.08329106437448433,0.11163474623965092,0.028264479143907444,0.023904435346586636,0.010405314038686454,0.005142969081049511,0.1546077126278496,0.009623291610972758,0.0725441793932269,72,1,14,Situated household retrofit experience and building context,0.18483378907129847,0.1546077126278496,0.03022607644344888,11.04556351807615,installer_tradesperson,practical_advice_explainer,2022-04-10 10:44:12+00:00,2022
5JhAU-11szU,0.09457706403276875,0.003521402386188795,0.20805154127656866,0.0,0.11801367650161691,0.021907288116897673,0.003501297063846448,0.020241084427431832,0.056858927939754014,0.0,0.0011920706805622957,0.12974452783084037,0.1758685490985506,0.016616697451389346,0.0008028825551754653,0.14910299063840884,5,3,13,Clarification and specification questions,0.20805154127656866,0.1758685490985506,0.032182992178018066,8.194392906089194,training_educational,how_to_installation_demo,2021-02-04 12:15:35+00:00,2021
5O6rHbUJRrM,0.09042724072749317,0.0006138524266249197,0.26141281848343206,0.05539497399054889,0.015518274334519461,0.0162935140860374,0.11220263914501484,0.03077743694557834,0.058640885590826246,0.008042374313688724,0.023139382487321405,0.02311509352143297,0.007882574022418362,0.28629256879410864,0.005019609341520226,0.005226761789434384,22,14,3,Thermostat wiring and smart heating controls,0.28629256879410864,0.26141281848343206,0.024879750310676574,7.742965362316936,diy_renovator_homeowner,how_to_installation_demo,2023-04-21 14:35:24+00:00,2023
5PWBt-sSA3Y,0.006116114095637036,0.0021473623034804594,0.001670492828399491,0.13722462618831996,0.02080333148045539,0.022909828721901882,0.08099312668815621,0.03567416350711207,0.04849221920177952,0.0004446894646480801,0.00026348530769677815,0.0,0.012477620406355314,0.5099145742673998,0.005215508998402605,0.11565285654025537,7,14,4,Thermostat wiring and smart heating controls,0.5099145742673998,0.13722462618831996,0.37268994807907985,5.178615185336287,installer_tradesperson,how_to_installation_demo,2022-12-20 22:15:00+00:00,2022
5RyDxZLA8b8,0.1333865620035983,0.007481524414626869,0.05904716463426306,0.04847029260598584,0.018252056021688383,0.07581507880330611,0.04786554719037372,0.185472847350021,0.10792260269692582,0.03973166391058254,0.029390056351184527,0.012002877021816117,0.007157298684750439,0.06615594436318778,0.01988779495650026,0.14196068899118922,92,8,16,"Solar PV, batteries and power systems",0.185472847350021,0.14196068899118922,0.04351215835883179,11.484086467978335,installer_tradesperson,practical_advice_explainer,2019-09-11 11:00:04+00:00,2019
5ScJj0YlUAM,0.1448609198134681,0.18590196622059682,0.05549426944773614,0.04144634843414149,0.008416286335173622,0.018022029318652134,0.06773869497679261,0.05980353258276735,0.05200580688604313,0.026580513890946577,0.037379989540804896,0.0376196483302906,0.13498975137288424,0.013946859260420875,0.04794269817995152,0.06785068540932987,123,2,1,Spray foam and foam insulation,0.18590196622059682,0.1448609198134681,0.04104104640712872,12.218814134469067,installer_tradesperson,practical_advice_explainer,2023-10-28 14:19:01+00:00,2023
5U06vl2du3M,0.28600566545019734,0.0016730813092820658,0.004234859090753534,0.2227093427786324,0.0029202838370912185,0.04668153629255302,0.0,0.07076841344401401,0.21492327526985727,0.000373672596600423,0.0,0.0,0.0006019948876145695,0.1378388936593801,0.00646998330832322,0.004798998075700832,5,1,4,Situated household retrofit experience and building context,0.28600566545019734,0.2227093427786324,0.06329632267156493,5.714916708232693,installer_tradesperson,how_to_installation_demo,2024-08-30 18:36:55+00:00,2024
5VRwpg3jRF0,0.16395991018316872,0.0097018974316807,0.004515234149274046,0.18188785758197937,0.009279453479140075,0.1926110746984548,0.11275793234607208,0.1130897412182795,0.115595762362244,0.021604311855475507,0.0007811495495453046,0.008012167671296963,0.0013507829807714558,0.03477751487764888,0.02702580245599052,0.0030494071589781424,5,6,4,"Praise, gratitude and social endorsement",0.1926110746984548,0.18188785758197937,0.01072321711647542,8.555664487087212,installer_tradesperson,how_to_installation_demo,2025-09-24 06:58:08+00:00,2025
5_e6-VltfoA,0.2507130925338785,0.005782561529793172,0.27620317084399054,0.2030579660373629,0.0,0.0,0.04637665899506876,0.08517172934122591,0.0,0.0,0.03964836057321089,0.0,0.08804883380804755,0.0008124889603292582,0.004185137377092541,0.0,3,3,1,Clarification and specification questions,0.27620317084399054,0.2507130925338785,0.02549007831011202,5.921365216375035,installer_tradesperson,how_to_installation_demo,2025-04-24 23:00:10+00:00,2025
5abHgZp11C4,0.0956657365293469,0.008084127387662367,0.07603132408537326,0.051421705560593986,0.026013122835924916,0.1285476496251409,0.09454110756302549,0.02340700347302386,0.047760683900813665,0.07099020967392641,0.011702727265716684,0.03819363536326463,0.1280830809682522,0.023195558348639532,0.08750615135831066,0.08885617606098456,18,6,13,"Praise, gratitude and social endorsement",0.1285476496251409,0.1280830809682522,0.00046456865688870863,13.067008245731206,diy_renovator_homeowner,project_walkthrough,2025-10-23 06:29:45+00:00,2025
5d5TRMumuSI,0.11029937972057557,0.02660650838222664,0.06102746783929113,0.05248959456944409,0.01627174019642225,0.021629782845454706,0.06877457394237936,0.021410539743708094,0.02667615994595064,0.01180304589840084,0.03570398584107991,0.08385732447243996,0.106729333541027,0.008771584344758127,0.2669453450622123,0.08100363365462938,93,15,1,Vapour barriers and moisture control,0.2669453450622123,0.11029937972057557,0.15664596534163672,10.95437438516408,training_educational,practical_advice_explainer,2025-03-01 15:00:11+00:00,2025
5dCCntGj1wM,0.13925479778261773,0.011705824360712888,0.08036630491918925,0.07728544786382409,0.055069603117367104,0.10231109141113535,0.03881817170968981,0.06406724473853735,0.07321170249927655,0.08232720064725679,0.022669719688316173,0.034890176370998095,0.038869963364001024,0.08652869085107134,0.02069449384241819,0.07192956683358825,311,1,6,Situated household retrofit experience and building context,0.13925479778261773,0.10231109141113535,0.03694370637148238,13.868329878586152,diy_renovator_homeowner,problem_warning_mistakes,2023-07-23 12:15:00+00:00,2023
5ftY0QMe2qY,0.10247658424784462,0.0016655006205964773,0.05083771681994376,0.051099665757821426,0.03901641325803281,0.03138567654107332,0.0691590223668456,0.33487199369205173,0.04119162825984344,0.04118793994057878,0.004007066179440862,0.1331731308846615,0.01748456300857883,0.013646027155191455,0.007443839478346186,0.061353231789149226,70,8,12,"Solar PV, batteries and power systems",0.33487199369205173,0.1331731308846615,0.20169886280739022,9.246676514166298,installer_tradesperson,how_to_installation_demo,2026-03-14 06:00:10+00:00,2026
5q4S12q9m7E,0.13991432669267315,0.006490611230702015,0.1122304685237419,0.005752152997731676,0.07651439332286447,0.07665280523514542,0.026648934195170056,0.03602318989068868,0.055385277560218986,0.0053125636209222825,0.05119351853919983,0.12869167356675598,0.03771399425592324,0.016002159471316175,0.02855953676964799,0.19691439412729808,21,16,1,"Prospective choices, recommendations and alternatives",0.19691439412729808,0.13991432669267315,0.057000067434624935,11.115019109042473,installer_tradesperson,how_to_installation_demo,2021-05-20 19:57:40+00:00,2021
5sqw7vHwhGU,0.10771083158534073,0.002708361239514704,0.048969417688806555,0.047735039800007074,0.04879709090255879,0.10288741422150048,0.04434975280204556,0.39828545609278737,0.04352820147497263,0.03729503275221585,0.019356489447195445,0.011582140918824592,0.002191918910771978,0.01878304726340562,0.007745951763868456,0.05807385313618414,85,8,1,"Solar PV, batteries and power systems",0.39828545609278737,0.10771083158534073,0.29057462450744664,8.27496842697377,diy_renovator_homeowner,project_walkthrough,2023-07-22 08:00:02+00:00,2023
5t9PwXUV3SA,0.08690148560610937,0.013475580437000317,0.20604115590663943,0.018453897557675607,0.10762514107780173,0.05126231173530134,0.12515056965084917,0.12036074182856026,0.027331177286382183,0.018514303992025555,0.09617748113228831,0.016615255071156444,0.05936355471571601,0.009259164941731084,0.02470596900713971,0.018762210053623492,28,3,7,Clarification and specification questions,0.20604115590663943,0.12515056965084917,0.08089058625579026,11.236541364149723,installer_tradesperson,how_to_installation_demo,2023-08-15 22:17:59+00:00,2023
5tC7X6jvFuE,0.19933743904424484,0.0,0.0,0.0,0.35568595173135853,0.0,0.03059275405032011,0.09111594488704389,0.005779686098886813,0.0,0.0,0.03177212151715166,0.0,0.0,0.0,0.28571610267099395,1,5,16,Heat pumps and heating systems,0.35568595173135853,0.28571610267099395,0.06996984906036458,4.533158827953147,installer_tradesperson,practical_advice_explainer,2025-05-21 08:10:54+00:00,2025
5varW8-Qg5E,0.10872917395013379,0.0,0.08526934163888114,0.010501633113262599,0.023560651002154587,0.0008947079526404432,0.0,0.27325157775296394,0.14185745313589643,0.01953514123766491,0.016429575239542877,0.0,0.04507269349262381,0.2748980514842355,0.0,0.0,2,14,8,Thermostat wiring and smart heating controls,0.2748980514842355,0.27325157775296394,0.0016464737312715805,6.45107108835262,installer_tradesperson,how_to_installation_demo,2024-12-24 11:30:00+00:00,2024
5wNfMHSI1Ug,0.11431106932537541,0.002778741114911605,0.06370958545132269,0.04352399001501478,0.4089240313379512,0.03686245536407544,0.03046852877982479,0.047252507560343514,0.053005933961653574,0.018774633995159058,0.02095333269519898,0.053031361358786513,0.01193193817659031,0.010302492388462961,0.008172496429940846,0.0759969020453884,40,5,1,Heat pumps and heating systems,0.4089240313379512,0.11431106932537541,0.2946129620125758,8.29982460885429,training_educational,practical_advice_explainer,2024-04-08 22:00:04+00:00,2024
60vAJEMsXs0,0.07202995286260487,0.05829743061245537,0.010572457619732134,0.0014013396588919659,0.0,0.0,0.010715019648059891,0.006442156422162854,0.14914578727174538,0.003226171227156432,0.004455934667932722,0.1528093114503854,0.10092915334441781,0.0011035175299919022,0.06651059527883925,0.3623611724056241,3,16,12,"Prospective choices, recommendations and alternatives",0.3623611724056241,0.1528093114503854,0.2095518609552387,6.647016377656734,diy_renovator_homeowner,how_to_installation_demo,2025-08-20 01:00:12+00:00,2025
62Byw_osjUY,0.0,0.0,0.22031009467129464,0.0,0.13129566070683046,0.07407876999322681,0.0,0.2022998279416463,0.007280056113822361,0.0,0.060140008925203756,0.0,0.0,0.25306012982255227,0.0,0.05153545182542334,1,14,3,Thermostat wiring and smart heating controls,0.25306012982255227,0.22031009467129464,0.03275003515125763,6.180336359060258,installer_tradesperson,how_to_installation_demo,2023-01-31 06:25:27+00:00,2023
63bv_a9jOBs,0.11140950253929549,0.013482447074236114,0.005207558160417992,0.0,0.005623625237429827,0.06336866047517517,0.0452727961946297,0.016960165118345766,0.015448694328978293,0.13135944536466754,0.0,0.030119741801875304,0.17791999787805843,0.01204186079050279,0.3198598180704886,0.05192568696589902,6,15,13,Vapour barriers and moisture control,0.3198598180704886,0.17791999787805843,0.14193982019243015,7.832534174475681,installer_tradesperson,how_to_installation_demo,2021-06-07 13:00:06+00:00,2021
6CDL4hwYrtU,0.11288949715565548,0.0,0.0651836433468311,0.03099359686776778,0.2373355444702759,0.054757403495324555,0.11558413174107515,0.02752858682999253,0.0610114830170325,0.02872801313135271,0.020072762035444152,0.0,0.0751711648438893,0.05329883070334647,0.0006766742971129966,0.1167686680648993,5,5,16,Heat pumps and heating systems,0.2373355444702759,0.1167686680648993,0.12056687640537661,10.362579210901202,installer_tradesperson,practical_advice_explainer,2021-10-12 05:00:01+00:00,2021
6DpVZKu4v1o,0.1770161460509699,0.03631969830027252,0.00042399317416669046,0.045168353171469215,0.07597145863999616,0.0,0.013283011175515634,0.0,0.021602771873557563,0.10791376597043978,0.1005010177946974,0.1683810855621146,0.09936074059649441,0.13616151845805222,0.005554521240190614,0.012341917992063321,3,1,12,Situated household retrofit experience and building context,0.1770161460509699,0.1683810855621146,0.008635060488855317,9.595733817885318,installer_tradesperson,how_to_installation_demo,2025-12-06 20:37:12+00:00,2025
6FTZ3QInSGI,0.08460653309533346,0.34018702078057417,0.17084584746805057,0.0001425006519474554,0.00026375680251157957,0.012556300711559306,0.01740065382709834,0.0069017334737225084,0.011300536766942997,0.16038038456829717,0.0007762415545466691,0.02290682457224601,0.09608442554734209,0.0003682126285171187,0.009371340079961427,0.06590768747134915,3,2,3,Spray foam and foam insulation,0.34018702078057417,0.17084584746805057,0.1693411733125236,6.87665244680923,builder_contractor,how_to_installation_demo,2023-07-05 23:02:25+00:00,2023
6MTCHa3hWVo,0.20986964271799094,0.0,0.1126930479939147,0.021463843241946088,0.0,0.0028199473562306385,0.0923191236261951,0.0,0.10948226432709061,0.041978643920750854,0.0030647245662909603,0.1930902578253492,0.0,0.21321850442424087,0.0,0.0,3,14,1,Thermostat wiring and smart heating controls,0.21321850442424087,0.20986964271799094,0.003348861706249928,6.908276630106969,installer_tradesperson,how_to_installation_demo,2019-05-26 13:23:56+00:00,2019
6N2XWDNsY7I,0.12086839518449558,0.09676232427269255,0.13885401908661169,0.08463069385344289,0.0023702864974776516,0.006583943373931549,0.12565723935462864,0.017783726152290038,0.057230074316428355,0.067867405819321,0.0843527472273681,0.014767908183759048,0.12588222072213157,0.004987598278779404,0.01491372888041653,0.036487688796225444,13,3,13,Clarification and specification questions,0.13885401908661169,0.12588222072213157,0.01297179836448012,11.383779618490923,diy_renovator_homeowner,how_to_installation_demo,2024-01-30 14:01:53+00:00,2024
6Q06Bm9rc-Q,0.03595675122288009,0.7098804533787593,0.0,0.0003870402379572728,0.0,0.0,0.0,0.02403503579259014,0.0,0.004713107614596794,0.0,0.0,0.1490279965407746,0.0,0.050410559871947605,0.0255890553404942,1,2,13,Spray foam and foam insulation,0.7098804533787593,0.1490279965407746,0.5608524568379847,2.7423473912712333,builder_contractor,how_to_installation_demo,2025-06-24 12:28:12+00:00,2025
6UUIEt0oYJE,0.07177930997696697,0.0,0.0008491494074331409,0.025396455887483883,0.4977387850034632,0.04389860161108834,0.0,0.10777937388833332,0.0,0.020185271522920895,0.0,0.07730962161896632,0.03625420734074815,0.06585367428037983,0.030581452313386447,0.022374097148829576,2,5,8,Heat pumps and heating systems,0.4977387850034632,0.10777937388833332,0.3899594111151299,5.934052242903223,installer_tradesperson,how_to_installation_demo,2025-09-17 23:44:50+00:00,2025
6V1MvP3-F1w,0.26270942389936364,0.2412693730598282,0.22195523359407798,0.0,0.0,0.003147398715629333,0.13723787603823492,0.01658068258962111,0.0027871920252084837,0.005768826125056066,0.002211763773742159,0.037853032753539365,0.0028639686638464988,0.0016572454623141697,0.0007261203589804313,0.06323186294055763,4,1,2,Situated household retrofit experience and building context,0.26270942389936364,0.2412693730598282,0.02144005083953543,5.916721275199946,installer_tradesperson,how_to_installation_demo,2024-02-14 18:32:47+00:00,2024
6WgK-YFqwLk,0.3440184712788961,0.006852213992460919,0.004105218181923406,0.0009229645937785889,0.02728868788266477,0.019633702266030683,0.12517231981501398,0.02295318081317048,0.05302841817737619,0.01415867230454942,0.08581411311485565,0.17839064106762534,0.018638475892401026,0.005940731007405592,0.02705644870567642,0.06602574090617146,6,1,12,Situated household retrofit experience and building context,0.3440184712788961,0.17839064106762534,0.16562783021127078,7.9127384138749735,diy_renovator_homeowner,problem_warning_mistakes,2025-05-20 18:47:22+00:00,2025
6Yu4RpcH2Tc,0.11769145736093993,0.005908999350422026,0.11174498303620092,0.15343620231228564,0.08353574644136703,0.06685109465392278,0.025589917275467288,0.0786618578220208,0.05666933230207555,0.028934263880984266,0.036847530895398356,0.10972813127717243,0.026806934995030136,0.02497133151196812,0.013585570308125586,0.05903664657661913,80,4,1,"Implementation, cost and how-to questions",0.15343620231228564,0.11769145736093993,0.035744744951345706,12.686978211506403,installer_tradesperson,project_walkthrough,2019-06-11 14:35:16+00:00,2019
6bQgwGQAHeU,0.14748321493131974,0.05027363257068627,0.09866624886075252,0.06363728765641652,0.006833272358508457,0.03997673924474966,0.13264415254332998,0.022099716154875878,0.03816802954356151,0.061593610302247935,0.06416568827074273,0.0669645615922571,0.09706274893665387,0.01714698874606674,0.027991560143740494,0.0652925481440906,81,1,7,Situated household retrofit experience and building context,0.14748321493131974,0.13264415254332998,0.014839062387989765,13.188693399336858,diy_renovator_homeowner,how_to_installation_demo,2023-05-01 22:47:32+00:00,2023
6cEvH7a1qRE,0.12807393449901336,0.042903999809773975,0.0025780706307549387,0.011988172488637275,0.0,0.12872932519882738,0.0,0.04519312106657419,0.035479738305103495,0.007170171033146346,0.2915883163110342,0.0,0.05044178451392527,0.0,0.06482569573414369,0.19102767040906599,1,11,16,"Product sourcing, access and location questions",0.2915883163110342,0.19102767040906599,0.10056064590196823,7.599118679179877,diy_renovator_homeowner,how_to_installation_demo,2021-03-10 17:55:16+00:00,2021
6f8pWJgtvzc,0.11993523060734712,0.013735399283569013,0.16228494562060583,0.1216339004756384,0.04288468180138034,0.05482353702488449,0.032629232304272275,0.12711545753382184,0.010915986406011734,0.015284834941800777,0.1051414948447421,0.0378502526723817,0.05809483082036989,0.015135230646596763,0.061155570086795445,0.02137941492978232,9,3,8,Clarification and specification questions,0.16228494562060583,0.12711545753382184,0.035169488086783995,12.04359050997971,training_educational,how_to_installation_demo,2023-08-04 23:55:07+00:00,2023
6mzPLZUjEvw,0.16042480519097735,0.0,0.004685222314077492,0.0,0.0,0.14759560573902303,0.006044532861218282,0.041619360754526914,0.017602493743504075,0.0,0.09478768151859232,0.013253561304852373,0.01554044446399725,0.3798785702759394,0.02217620124489355,0.09639152058839795,2,14,1,Thermostat wiring and smart heating controls,0.3798785702759394,0.16042480519097735,0.21945376508496206,6.413333575887423,installer_tradesperson,how_to_installation_demo,2022-10-23 19:00:03+00:00,2022
6rN2fylJdZU,0.11271551478425612,0.011965446295089553,0.004146905398484064,0.0,0.15129084183508812,0.0,0.12965600411542033,0.0,0.07353168177437315,0.03568549918267358,0.05053250436833202,0.034336256051525654,0.0,0.3699046669877796,0.026234679206977828,0.0,1,14,5,Thermostat wiring and smart heating controls,0.3699046669877796,0.15129084183508812,0.21861382515269145,6.774727042398458,installer_tradesperson,how_to_installation_demo,2024-08-28 19:25:52+00:00,2024
77Df_yhanvg,0.07903400258182357,0.0063045697919240406,0.08791324711382056,0.20890068935746403,0.01279801067427811,0.08403490704452907,0.06735315487282685,0.13250533503538672,0.0755193975823351,0.006391921237007286,0.007403045860730752,0.010986117941827451,0.008156038268356118,0.14926735431448745,0.018167518061284867,0.045264690261918046,5,4,14,"Implementation, cost and how-to questions",0.20890068935746403,0.14926735431448745,0.059633335042976576,10.341066231764078,installer_tradesperson,how_to_installation_demo,2023-08-22 16:06:51+00:00,2023
77a0-rwdVng,0.04263759657345478,0.0,0.16257577258673295,0.0,0.17922146929221305,0.020180267000455956,0.0,0.005809815387193313,0.044490968518867254,0.0,0.0017215212525277224,0.03546366910723822,0.27514476976364466,0.0,0.0010069538476902755,0.23174719666998173,1,13,16,"Wall, cavity and floor insulation",0.27514476976364466,0.23174719666998173,0.04339757309366293,6.143201679969259,builder_contractor,how_to_installation_demo,2024-08-11 12:40:51+00:00,2024
7Fws1GkBJbs,0.123093035799905,0.001385057437784646,0.14780123193034234,0.10904200897937992,0.0066870515338309875,0.03019335414129466,0.05704792602146906,0.3102560602834611,0.13113368859796073,0.020351421172561404,0.0,0.006383067798312861,0.011667101934778532,0.019014260327901593,0.008835531217752563,0.01710920282326457,5,8,3,"Solar PV, batteries and power systems",0.3102560602834611,0.14780123193034234,0.16245482835311875,7.952071202901443,installer_tradesperson,how_to_installation_demo,2022-10-04 22:00:04+00:00,2022
7IXJnc4nWCg,0.11485262435581949,0.00485445695003541,0.06583153734562251,0.12749076635717066,0.0023965028640266536,0.12028651879490294,0.06635090409983346,0.21276434323502358,0.0677709366525102,0.06874634982114877,0.00704060456043811,0.006262648669125475,0.031053487832927565,0.00803816328927459,0.012295419115571832,0.08396473605656872,43,8,4,"Solar PV, batteries and power systems",0.21276434323502358,0.12749076635717066,0.08527357687785292,10.344058840775453,installer_tradesperson,how_to_installation_demo,2023-05-17 21:13:32+00:00,2023
7InXlYbklLU,0.19913419158275517,0.0007576500955973692,0.07107867708483927,0.12082047065053865,0.1598543562585302,0.006225417244292234,0.029597213409787847,0.01361628988254409,0.0683130180918886,0.06234786196885798,0.0006183098318847106,0.07123435499527987,0.04329766953942275,0.11362420425136616,0.002632208939885734,0.03684810617252942,22,1,5,Situated household retrofit experience and building context,0.19913419158275517,0.1598543562585302,0.039279835324224965,10.246153684512002,installer_tradesperson,practical_advice_explainer,2022-11-29 16:42:47+00:00,2022
7Ml_xOJsLTo,0.12239064633307323,0.0011621311043710724,0.09331870182958009,0.04019576872645775,0.20286623960468586,0.09511258776842219,0.03333605831563148,0.14461356666249836,0.051196721143264116,0.04010492015505803,0.009613077042234333,0.02212662719644622,0.03360454488487541,0.036177149956738396,0.0054758741872508315,0.06870538508941262,48,5,8,Heat pumps and heating systems,0.20286623960468586,0.14461356666249836,0.0582526729421875,11.162832037670343,installer_tradesperson,how_to_installation_demo,2025-05-18 17:58:12+00:00,2025
7NsZ2d2Oups,0.1676819331827303,0.003502856239706463,0.0781672901142737,0.06298398095012733,0.11350660722161295,0.2339840313231727,0.023979256446997443,0.011669663932532262,0.06581446632259076,0.027748807075287714,0.020964480203727754,0.04628647369891788,0.008573199457451261,0.08367625727199042,0.007487129367855188,0.04397356719102589,273,6,1,"Praise, gratitude and social endorsement",0.2339840313231727,0.1676819331827303,0.06630209814044238,10.433978849138105,diy_renovator_homeowner,problem_warning_mistakes,2022-10-15 14:00:03+00:00,2022
7O5zW3ZCDBo,0.18612513862652885,0.0,0.05100868253728106,0.31667799944251246,0.03990529624185942,0.059496825027474276,0.0,0.0014149423529275418,0.16662271517710592,0.0,0.00031942483739626074,0.11740858494741954,0.020847381264834323,0.0,0.0,0.0401730095446604,2,4,1,"Implementation, cost and how-to questions",0.31667799944251246,0.18612513862652885,0.1305528608159836,6.6663790483523995,installer_tradesperson,how_to_installation_demo,2024-11-22 16:36:23+00:00,2024
7Oua2F27iws,0.32480410287240313,0.0,0.0,0.03335837862090137,0.024486220557693915,0.20225713397591763,0.0,0.16090375685858657,0.0,0.0,0.0001609338044995721,0.0,0.0,0.0,0.0,0.25402947330999764,1,1,16,Situated household retrofit experience and building context,0.32480410287240313,0.25402947330999764,0.07077462956240549,4.64707712107107,installer_tradesperson,practical_advice_explainer,2025-11-03 07:00:05+00:00,2025
7PbriOcD500,0.08412748443039715,0.016081703720369975,0.4013694935554042,0.0004977531023488113,0.0,0.09736565516112333,0.0,0.004678389880957223,0.09043813751614573,0.003988232477084522,0.006463926345421848,0.007936552365203272,0.1404477707181109,0.013174741335993556,0.024905225699623088,0.10852493369181641,6,3,13,Clarification and specification questions,0.4013694935554042,0.1404477707181109,0.2609217228372933,6.506383120511756,training_educational,how_to_installation_demo,2024-10-08 22:06:09+00:00,2024
7TMRMH13knk,0.21698317920493856,0.02639682260022088,0.01071030486729919,0.004691015733574421,0.016011972463123688,0.014561821235438015,0.01418652272577536,0.10848230261149842,0.043735288745323245,0.006512543491131337,0.001390478602187575,0.1605727766528089,0.20602442359296955,0.004322229599858946,0.11467476618446455,0.05074355168938731,7,1,13,Situated household retrofit experience and building context,0.21698317920493856,0.20602442359296955,0.010958755611969018,8.597200826551417,training_educational,how_to_installation_demo,2024-10-24 19:00:03+00:00,2024
7U-vwvSwxhA,0.07395187749656776,0.10162554552007753,0.08916755751532442,0.00759462648843203,0.017578055664289934,0.14437316834958266,0.025458185974675907,0.009550247232729271,0.058033693373944456,0.04710853945612702,0.007141810054609148,0.1823127695098224,0.13371411181172033,0.01274718008163392,0.02733393762191986,0.06230869384854342,11,12,6,Roof and attic ventilation and airflow,0.1823127695098224,0.14437316834958266,0.03793960116023973,11.207690209407872,diy_renovator_homeowner,how_to_installation_demo,2021-02-11 04:10:39+00:00,2021
7Wk2MF4pEmc,0.22140888711867138,0.0013981777777025207,0.27573096824235627,0.059434785535465016,0.0,0.0463650325719061,0.021009205194663677,0.08182971052787633,0.01585534109689242,0.12283211770213458,0.0017678388004206851,0.08922241085727611,0.00835412459230324,0.006974531996414908,0.04780153440246484,1.533358345192579e-05,6,3,1,Clarification and specification questions,0.27573096824235627,0.22140888711867138,0.05432208112368489,7.882418083848085,diy_renovator_homeowner,practical_advice_explainer,2023-01-23 14:08:28+00:00,2023
7byWM_0XWzE,0.0,0.24298448829217736,0.11157251104633142,0.0,0.0,0.12867017495097094,0.0,0.006080198869190628,0.0,0.0,0.0,0.17646658324993325,0.2476435195450848,0.0,0.0,0.0865825240463116,2,13,2,"Wall, cavity and floor insulation",0.2476435195450848,0.24298448829217736,0.004659031252907425,5.736841686124246,training_educational,how_to_installation_demo,2020-09-08 08:15:09+00:00,2020
7cTCskg8G2I,0.07761471700346385,0.0015908137987899666,0.033413837420114036,0.033463514657506375,0.391942241794691,0.042680247551753016,0.0333319453098092,0.11893401190335795,0.04031963933384063,0.026075533662958252,0.014559978457859947,0.04609835851399726,0.003317541675340083,0.03284548813584889,0.0045407143472498005,0.09927141643341969,48,5,8,Heat pumps and heating systems,0.391942241794691,0.11893401190335795,0.27300822989133305,8.307256886594237,installer_tradesperson,practical_advice_explainer,2023-03-14 21:15:00+00:00,2023
7dhfqmm_c2M,0.18791384090478447,0.01443769523445492,0.04366368315464983,0.08527788017777771,0.017904341450049217,0.05194046216329699,0.07546069678797325,0.014196196778621278,0.05174960957685799,0.02609780393274314,0.028696866683661604,0.03130789650234855,0.2856948950104156,0.005203192959348304,0.008224864933142334,0.0722300737498748,75,13,1,"Wall, cavity and floor insulation",0.2856948950104156,0.18791384090478447,0.09778105410563115,9.741336536555908,installer_tradesperson,how_to_installation_demo,2026-02-01 16:57:31+00:00,2026
7fFlhX-8mv8,0.051299490295822085,0.006341538587386208,0.11439902919125336,0.039312414923806015,0.056881507064701485,0.021339889387430637,0.04676958792864491,0.03075156905751693,0.07522078554524685,0.03947036169518601,0.020399108457672017,0.023022745396364935,0.012549595290490516,0.4116712623446468,0.014156764745051861,0.036414350088779406,42,14,3,Thermostat wiring and smart heating controls,0.4116712623446468,0.11439902919125336,0.29727223315339346,8.540450467046247,diy_renovator_homeowner,how_to_installation_demo,2022-01-27 22:00:03+00:00,2022
7gEXj_D9yps,0.12699708313563585,0.0014469883413370038,0.27104729881766215,0.008147736046735245,0.21359616271473827,0.11216827649212198,0.05259085491012478,0.012981550749055907,0.07143407644950472,0.010131060692238196,0.004319520785596557,0.0022510346885204605,0.0,0.10879929667147814,0.004089059505250662,0.0,3,3,5,Clarification and specification questions,0.27104729881766215,0.21359616271473827,0.05745113610292388,7.294183267626255,installer_tradesperson,how_to_installation_demo,2023-08-08 01:55:02+00:00,2023
7gbaiLf_6dA,0.10716377463458929,0.028186616171513836,0.04204103859117952,0.06637979730801016,0.0363210137526105,0.07973815987086522,0.05230223451875925,0.022972217421473318,0.09671155333527778,0.026779102023476692,0.04010781734822756,0.043936108997392774,0.14967804942475854,0.015459770594605345,0.028842394673848006,0.16338035133341225,40,16,13,"Prospective choices, recommendations and alternatives",0.16338035133341225,0.14967804942475854,0.013702301908653708,12.8387199031576,builder_contractor,how_to_installation_demo,2023-12-15 13:24:18+00:00,2023
7gm__CCBSjc,0.0,0.0,0.13083722551738544,0.1322013616659651,0.0162492799454298,0.3052058684019266,0.19479413159807343,0.0,0.0,0.0,0.0,0.0,0.0,0.22071213287121966,0.0,0.0,2,6,14,"Praise, gratitude and social endorsement",0.3052058684019266,0.22071213287121966,0.08449373553070694,5.027222803840636,installer_tradesperson,how_to_installation_demo,2024-06-19 14:56:58+00:00,2024
7hY95JosjI0,0.1334005544175986,0.005857164558632562,0.02615116693742409,0.039897559008268295,0.000470126156233691,0.10842126573143883,0.08962376513017381,0.13645791573555305,0.0720270490752849,0.050956455649567155,0.037009286690938996,0.11913184196826573,0.010470108405377963,0.018718869498348847,0.023265261069642287,0.12814160996725119,25,8,1,"Solar PV, batteries and power systems",0.13645791573555305,0.1334005544175986,0.003057361317954449,11.527277476959805,diy_renovator_homeowner,how_to_installation_demo,2022-06-05 21:05:41+00:00,2022
7n2L5g4Z3i8,0.07448232405784076,0.05412828721695054,0.07090196474183481,0.03968270741650342,0.005383299631006945,0.09888186724511532,0.05247611873798155,0.014997567175683124,0.04572387352472007,0.010214533910310226,0.02822751727001155,0.3223261239968586,0.08334443917003802,0.01274333751807483,0.04220548108397926,0.044280557303090946,43,12,6,Roof and attic ventilation and airflow,0.3223261239968586,0.09888186724511532,0.2234442567517433,10.271787146968153,installer_tradesperson,problem_warning_mistakes,2019-05-25 20:59:16+00:00,2019
7oGgL1bdWVs,0.013938167809710602,0.002191235850816216,0.046515780652052856,0.11185064823131663,0.20292410398456587,0.018844018212931815,0.03563000440303163,0.009736454175181233,0.02921591797933035,0.008053484003159328,0.0006680890649450611,0.1549204558869839,0.017338553812126446,0.3388851583866767,0.007006090614050685,0.0022818369331207055,8,14,5,Thermostat wiring and smart heating controls,0.3388851583866767,0.20292410398456587,0.13596105440211084,6.9907534960070485,installer_tradesperson,how_to_installation_demo,2024-12-27 03:35:50+00:00,2024
7oLiirmFSI4,0.16926160969881465,0.0021192796700627774,0.0031454774260140724,0.005292381930693889,0.11069196453566434,0.04971759438142526,0.024296474894320814,0.09311495872185194,0.03107238084529265,0.013714817918042035,0.0,0.26735822654125063,0.20295697930306167,0.0035958402088838363,0.008768735495037325,0.014893278429584102,6,12,13,Roof and attic ventilation and airflow,0.26735822654125063,0.20295697930306167,0.06440124723818896,7.62376762933342,diy_renovator_homeowner,how_to_installation_demo,2023-03-04 22:31:05+00:00,2023
7q62pihBwB0,0.0726963855239291,0.008932082479988434,0.07946459776421626,0.09737853680763074,0.005354404716508643,0.09969580069168672,0.05045033067973454,0.19732081802169515,0.0854226859525815,0.019027711753885974,0.05037623439558366,0.0067051991915493695,0.003528888919438664,0.12080720984380694,0.024144497881686093,0.07869461537607826,39,8,14,"Solar PV, batteries and power systems",0.19732081802169515,0.12080720984380694,0.07651360817788821,11.295466760175835,installer_tradesperson,how_to_installation_demo,2022-02-05 13:00:07+00:00,2022
7y99MtFVjg8,0.12368970074642084,0.02255987779245087,0.16073413077553586,0.008670352138330851,0.0,0.19614543410031607,0.06519719658151112,0.018527006724771974,0.12372368748111794,0.011275354477659691,0.1413349908952943,0.026221750705927905,0.02448041146597578,0.02452308133191237,0.03911935421794654,0.013797670564827919,6,6,3,"Praise, gratitude and social endorsement",0.19614543410031607,0.16073413077553586,0.03541130332478021,9.966411769400601,builder_contractor,project_walkthrough,2024-08-30 14:50:44+00:00,2024
7zjIfTt61mU,0.04773367118634096,0.05741110583392657,0.06831241921904631,0.5307101968428382,0.0,0.048701821395613666,0.03327812241454629,0.0,0.03326076224823855,0.1137255495835989,0.0021600367345101534,0.0,0.06038803063723027,0.002313344905256258,0.002004938998854031,0.0,5,4,10,"Implementation, cost and how-to questions",0.5307101968428382,0.1137255495835989,0.4169846472592392,5.253693071749265,builder_contractor,how_to_installation_demo,2023-11-20 00:15:46+00:00,2023
86l_Gb4TEDs,0.11481527453245165,0.10342617406780598,0.06865677635285371,0.07997484655613885,0.03871269388301126,0.13353108964592328,0.011458340356899346,0.008600943363515037,0.0015423943004087676,0.03207018288878438,0.02629156242598203,0.17715425384950917,0.11674520814744395,0.018133140029943585,0.0063290294733622495,0.06255809012596672,19,12,6,Roof and attic ventilation and airflow,0.17715425384950917,0.13353108964592328,0.04362316420358589,11.105066939307411,training_educational,practical_advice_explainer,2023-02-10 06:57:37+00:00,2023
88VKMB-X0ZM,0.15121876506121915,0.00244165156653188,0.0344103116677456,0.11520063189872194,0.15294974606305378,0.04967558983789041,0.03284570614796058,0.14958179091491863,0.06520798289286618,0.05635800336667858,0.009541148349038108,0.02244816350798018,0.02947733889033794,0.005102745299648503,0.007250015667685885,0.11629040886772264,21,5,1,Heat pumps and heating systems,0.15294974606305378,0.15121876506121915,0.001730981001834636,10.852957071905777,installer_tradesperson,how_to_installation_demo,2026-01-19 07:15:00+00:00,2026
8GdNojhiWcA,0.1300470746856273,0.0008545930152510536,0.05212729268988786,0.1658780414821381,0.2769764487821227,0.07553592664027846,0.09260288870259512,0.0564354192727416,0.03870653328656252,0.012992101040556175,0.022917366875562534,0.0027765629649896995,0.0003831653296676158,0.04294301034470424,0.014211549994251442,0.014612024893063544,18,5,4,Heat pumps and heating systems,0.2769764487821227,0.1658780414821381,0.11109840729998458,9.044464858718408,training_educational,how_to_installation_demo,2023-11-28 23:27:49+00:00,2023
8Ss2LRlnRes,0.048673673970643636,0.0,0.63043865697527,0.0061140840723519965,0.1484848228744828,0.0013373655509221682,0.019618219334461083,0.0,0.0,0.024293465984414567,0.014306490871817758,0.029704428858405938,0.025607558519208828,0.0,0.0454791681164063,0.005942064871614793,1,3,5,Clarification and specification questions,0.63043865697527,0.1484848228744828,0.4819538341007872,3.891107352069914,installer_tradesperson,how_to_installation_demo,2024-09-20 09:59:55+00:00,2024
8U_GQfKSktQ,0.09331075492174731,0.0,0.07094177441342744,0.16708865927425112,0.045267126277406686,0.1608854178801801,0.09212910354251443,0.014461635065607556,0.027915725120376923,0.004604042285179124,0.0034663323444029423,0.13509613176089647,0.031179106425189982,0.015252807178918502,0.00011220291015230474,0.1382891805997491,7,4,6,"Implementation, cost and how-to questions",0.16708865927425112,0.1608854178801801,0.006203241394071024,9.818542048198845,diy_renovator_homeowner,how_to_installation_demo,2023-12-12 19:32:00+00:00,2023
8UjnGVyHOfQ,0.23844818429932255,0.0007915510265816558,0.043946880366690866,0.019077820746769815,0.07109907157886147,0.09732820106476743,0.01821394240032868,0.07338699700897834,0.011559961548281988,0.019144057219527683,0.007026959349873847,0.15456184631590159,0.014532428889584581,0.08237731063012503,0.008292342793236703,0.14021244476116773,6,1,12,Situated household retrofit experience and building context,0.23844818429932255,0.15456184631590159,0.08388633798342096,9.706203328326106,installer_tradesperson,how_to_installation_demo,2024-12-14 15:45:45+00:00,2024
8ZrzGjXTRAo,0.1357091169082466,0.09952767963607066,0.08146271275687099,0.07547409562226812,0.011021396092942606,0.18159267282363614,0.013631874378534303,0.026051554685481513,0.012956719169426905,0.09511254521170452,0.015169833496911998,0.0365223312297034,0.09202201559903805,0.004005400856206748,0.013283770178613041,0.10645628135434437,36,6,1,"Praise, gratitude and social endorsement",0.18159267282363614,0.1357091169082466,0.045883555915389534,11.190491326546855,diy_renovator_homeowner,project_walkthrough,2020-06-18 23:00:03+00:00,2020
8bYasF6h1VM,0.11423176654883267,0.051044646726004846,0.08096762584006383,0.1335433793646135,0.06626075540340136,0.045213526234386035,0.046877213279371034,0.014518371497616561,0.025754245871025268,0.01625915702234555,0.03902152522262192,0.06241495392155499,0.22412657613215842,0.006499280784501874,0.04263265805597033,0.030634318095531854,28,13,4,"Wall, cavity and floor insulation",0.22412657613215842,0.1335433793646135,0.09058319676754492,11.786553501953028,training_educational,how_to_installation_demo,2025-11-01 14:00:22+00:00,2025
8bdaCkOTNOQ,0.06497237435349651,0.0015769666639463067,0.03237193636300065,0.1404454160833313,0.28185516189567195,0.10975711362291829,0.03225137543294391,0.0329103799748998,0.05637334474551734,0.0697951043657617,0.008992924218278008,0.034121474515654726,0.016289526484094884,0.03717100288429845,0.00029263739693907,0.08082326099924714,19,5,4,Heat pumps and heating systems,0.28185516189567195,0.1404454160833313,0.14140974581234064,9.951919376320644,installer_tradesperson,how_to_installation_demo,2023-09-08 17:45:56+00:00,2023
8g2ZIRswrsQ,0.24358986016989795,0.0,0.5660132868872729,0.0,0.0,0.012658854915730232,0.07993152217503113,0.0004481953470791521,0.0946766080984494,0.0026816724065393065,0.0,0.0,0.0,0.0,0.0,0.0,1,3,1,Clarification and specification questions,0.5660132868872729,0.24358986016989795,0.322423426717375,3.208919181443741,builder_contractor,how_to_installation_demo,2025-07-04 17:21:17+00:00,2025
8gHoVpqNl7o,0.1375738399281524,0.018416938933975183,0.020890257807765596,0.0,0.0,0.00450136935629145,0.03244917276498545,0.0,0.1735407132147868,0.0009426512131601217,0.007446103532784208,0.3749681322511689,0.027906404203957316,0.015459598946144461,0.1859048178468282,0.0,3,12,15,Roof and attic ventilation and airflow,0.3749681322511689,0.1859048178468282,0.18906331440434068,5.781989567671582,installer_tradesperson,problem_warning_mistakes,2025-04-07 06:51:27+00:00,2025
8ixXTer9lAE,0.0,0.0,0.0,0.33740729996752455,0.0038470925823559806,0.005217656903702764,0.0,0.033951140664902284,0.2555209439628856,0.0,0.0,0.0,0.18960074047802555,0.0,0.0,0.17445512544060324,1,4,9,"Implementation, cost and how-to questions",0.33740729996752455,0.2555209439628856,0.08188635600463895,4.476227041499282,installer_tradesperson,problem_warning_mistakes,2021-08-14 10:33:37+00:00,2021
8jhOV0ZT4nU,0.0474211834390519,0.0,0.0,0.0,0.03395809421094825,0.0,0.04958431334745807,0.0,0.06015740786049338,0.32692284011899697,0.0,0.0,0.48195616102305144,0.0,0.0,0.0,2,13,10,"Wall, cavity and floor insulation",0.48195616102305144,0.32692284011899697,0.15503332090405447,3.6501775164947765,diy_renovator_homeowner,problem_warning_mistakes,2025-03-12 19:15:34+00:00,2025
8jovCom4ikw,0.09211573361479383,0.006450350838760281,0.29676743993982796,0.1297736145183376,0.0,0.035630088621236865,0.034138326002594165,0.008967110127304756,0.04240162797757532,0.010819743801147122,0.073088978920322,0.009566021083594957,0.016160294407302815,0.052155033015954186,0.016674516536364457,0.17529112059488366,7,3,16,Clarification and specification questions,0.29676743993982796,0.17529112059488366,0.1214763193449443,8.731762278169295,diy_renovator_homeowner,how_to_installation_demo,2024-06-23 22:00:19+00:00,2024
8k0MP7PNJW0,0.1390795208225791,0.01294964461517252,0.07159240472854897,0.05928144407644093,0.0017042336361344189,0.15914218056571366,0.04540485624388,0.02200950837375145,0.027253808065365696,0.04283637467048429,0.026581000952588887,0.013268597000701139,0.17668793704731578,0.013283532322868021,0.06668496119508648,0.12223999568336864,37,13,6,"Wall, cavity and floor insulation",0.17668793704731578,0.15914218056571366,0.017545756481602115,11.0534065884063,diy_renovator_homeowner,how_to_installation_demo,2023-12-16 12:47:01+00:00,2023
8n4gca_N9X0,0.05994611558467317,0.010896157106463984,0.00809390672649928,0.11254136602556863,0.023296976400101907,0.17416462920048834,0.054608476292912475,0.23375752277294382,0.04786353542743316,0.10968900592695045,0.10177709463568776,0.0,0.003429498174254901,0.023327727193644964,0.032113358255471555,0.004494630276905724,4,8,6,"Solar PV, batteries and power systems",0.23375752277294382,0.17416462920048834,0.05959289357245548,9.540991364941124,installer_tradesperson,how_to_installation_demo,2024-05-23 09:11:56+00:00,2024
8ph6kw4dvMw,0.3461472386200149,0.0,0.052561651647912495,0.016069434618045577,0.011542697662301949,0.14860981120873326,0.12907005427538695,0.0,0.09369267832598567,0.18071983196533795,0.0,0.006758734122772527,0.010088053482360004,0.0047398140711487425,0.0,0.0,3,1,10,Situated household retrofit experience and building context,0.3461472386200149,0.18071983196533795,0.16542740665467695,6.196817547598386,installer_tradesperson,how_to_installation_demo,2024-05-03 09:00:12+00:00,2024
8tPZquRNlDw,0.10324387957312757,0.0,0.7579890870755993,0.0,0.08691086729607415,0.0,0.0,0.0,0.0,0.0,0.0,0.0,0.0,0.051856166055198924,0.0,0.0,1,3,1,Clarification and specification questions,0.7579890870755993,0.10324387957312757,0.6547452075024718,2.248423715214734,installer_tradesperson,how_to_installation_demo,2023-10-05 04:00:04+00:00,2023
905IZbKpfWQ,0.11517231360340369,0.0017285894461890243,0.10436132367480018,0.0,0.00012383693675869638,0.0055327384627460756,0.011598316074607672,0.0,0.0,0.2690160302125643,0.0,0.2125871811959992,0.21911009582445623,0.0,0.050459206912949785,0.010310367655525106,1,10,13,"Implementation follow-up, outcomes and retrospective questions",0.2690160302125643,0.21911009582445623,0.049905934388108086,5.990806063713446,builder_contractor,how_to_installation_demo,2024-11-09 13:00:15+00:00,2024
95YJjFOKDOY,0.0370586491250836,0.0022369704755431834,0.03195072657859102,0.053684595616452405,0.07933185557273856,0.0645201535677906,0.01924038978968564,0.04168174516251024,0.10576729331046959,0.019444988408216766,0.02664151840581069,0.011552813500939795,0.013642361507937897,0.4493542794847249,0.005214334820445606,0.03867732467305946,56,14,9,Thermostat wiring and smart heating controls,0.4493542794847249,0.10576729331046959,0.3435869861742553,7.558954883484164,diy_renovator_homeowner,practical_advice_explainer,2020-12-22 19:15:00+00:00,2020
9A-YMXZ_XAk,0.08162464344256869,0.0,0.12808948668800907,0.0584106020827331,0.22516205992343477,0.1466591290807886,7.134439306420931e-05,0.03248065266804651,0.08303043447890097,0.0014144729307389882,0.0005109135180821479,0.007751990018885581,0.008527328204276164,0.21965846938624572,0.006608473184225405,0.0,4,5,14,Heat pumps and heating systems,0.22516205992343477,0.21965846938624572,0.005503590537189046,7.591753714998681,installer_tradesperson,how_to_installation_demo,2023-10-03 16:44:03+00:00,2023
9EPnwFhocwM,0.03892550565543967,0.0011289838868679023,0.0811221938686624,0.039370691167980004,0.03531175590954713,0.03944686679494434,0.054173689695544945,0.019615536320893228,0.08499230857157773,0.0770797518099104,0.03803416345391885,0.016737870984455373,0.0383822028137473,0.40006437800260614,0.0028297882650691404,0.03278431279883549,30,14,9,Thermostat wiring and smart heating controls,0.40006437800260614,0.08499230857157773,0.3150720694310284,8.722974869746825,diy_renovator_homeowner,how_to_installation_demo,2022-11-12 18:06:23+00:00,2022
9G17C0kaD7M,0.12474034798899487,0.05646211907968919,0.04128499723182482,0.04133893345177536,0.025077529218748625,0.11343270198549835,0.011460603431908727,0.016656914979786084,0.022252660405995994,0.05454281562848049,0.049276489366082914,0.03608562947893341,0.22848251771066025,0.011832723434160483,0.0970774375600993,0.06999557904736117,20,13,1,"Wall, cavity and floor insulation",0.22848251771066025,0.12474034798899487,0.10374216972166538,11.679847686015638,diy_renovator_homeowner,how_to_installation_demo,2024-02-08 19:03:46+00:00,2024
9GLHP_fm-vU,0.14870146634845333,0.001992144002700856,0.09592935644153307,0.03084618872340439,0.20258254883981372,0.11477710467387717,0.04926804379510995,0.11369742529533322,0.06204355129525262,0.016835016129051663,0.02170734692365057,0.038442488690983434,0.011086562753379074,0.033245618909506384,0.006310804401675622,0.052534332776274895,61,5,1,Heat pumps and heating systems,0.20258254883981372,0.14870146634845333,0.053881082491360394,10.966717177136333,installer_tradesperson,how_to_installation_demo,2023-02-17 16:49:32+00:00,2023
9N5ScLIdsfA,0.06346350324745255,0.0,0.22738918717105389,0.001252692197539252,0.0,0.19528642641940663,0.48512874196160516,0.0,0.0,0.0,0.002456248752858695,0.025023200250083925,0.0,0.0,0.0,0.0,1,7,3,"Alternative methods, challenges and ""why"" questions",0.48512874196160516,0.22738918717105389,0.2577395547905513,3.658522747865269,builder_contractor,problem_warning_mistakes,2024-08-03 18:21:22+00:00,2024
9OFpzKn0cq4,0.1207415012488541,0.3063971692597494,0.03910136662222826,0.01553391166661013,0.009429911572287465,0.01063536577613763,0.057011565221346566,0.010764997795810707,0.061664463650666246,0.029683680323818382,0.010952423277592861,0.19836880734640128,0.07001141521449117,0.005034943811986412,0.028623558348219162,0.026044918863800212,118,2,12,Spray foam and foam insulation,0.3063971692597494,0.19836880734640128,0.10802836191334814,8.754707584479666,diy_renovator_homeowner,problem_warning_mistakes,2024-11-11 15:00:08+00:00,2024
9VEam5wRanQ,0.38524058012725276,0.0049059532832260245,0.0,0.0,0.10934546728742835,0.0,0.11186060740387671,0.0,0.17154258805545503,0.002100655037066844,0.0,0.0,0.0,0.21500414880569424,0.0,0.0,1,1,14,Situated household retrofit experience and building context,0.38524058012725276,0.21500414880569424,0.17023643132155852,4.601820634580188,installer_tradesperson,how_to_installation_demo,2022-04-23 16:19:12+00:00,2022
9__N_v1PH0Q,0.15332323858325647,0.004053826471667729,0.13693760497643953,0.002165311082906109,0.05948456221617123,0.010772320458094677,0.0,0.066713329568212,0.08588995202394538,0.17199120263492762,0.0381646470137921,0.0,0.0040630035390306655,0.15850437871865486,0.0,0.10793662271290154,2,10,14,"Implementation follow-up, outcomes and retrospective questions",0.17199120263492762,0.15850437871865486,0.013486823916272761,8.89538451739073,builder_contractor,how_to_installation_demo,2022-11-11 20:35:00+00:00,2022
9cUnrWl13GI,0.01946992402623591,0.0,0.013602731712214235,0.747384862413368,0.019984520184549263,0.0,0.0,0.18738560443380434,0.0,0.0059136481063907405,0.0,0.0,0.0,0.0,0.0,0.006258709123437483,1,4,8,"Implementation, cost and how-to questions",0.747384862413368,0.18738560443380434,0.5599992579795636,2.240840861390954,installer_tradesperson,how_to_installation_demo,2024-08-12 20:34:22+00:00,2024
9fcsgrrHSQ8,0.11871817376249277,0.001382840262191944,0.09520123772466023,0.04727027781957995,0.2811444943737844,0.10802749729909744,0.042909549793027184,0.05048859913132885,0.03446089099639313,0.01869623755895701,0.018721656018309017,0.019490464450425463,0.021046319502854596,0.03700025481615004,0.005946457889473151,0.09949504860127478,72,5,1,Heat pumps and heating systems,0.2811444943737844,0.11871817376249277,0.16242632061129164,10.158008704781807,installer_tradesperson,how_to_installation_demo,2022-03-31 17:00:11+00:00,2022
9hbK298cat8,0.2206755889356531,0.01627516790322219,0.055424084882004475,0.0854543773910529,0.005067322796107203,0.1424531707111825,0.13362519789039054,0.0012814830762358975,0.10195352295615893,0.02232318110491172,0.04138950598333573,0.10845564099783392,0.026463115459347857,0.006305390967786017,0.009461254511486387,0.02339199443329069,21,1,6,Situated household retrofit experience and building context,0.2206755889356531,0.1424531707111825,0.0782224182244706,10.006858699442443,training_educational,how_to_installation_demo,2025-11-30 15:00:12+00:00,2025
9jRpO_kKgJM,0.0778059359944859,0.0024903522761393275,0.11641966275975163,0.07277465699203879,0.02393992562937043,0.18892604853164577,0.02714257135547023,0.022030867992333957,0.08048355860301198,0.0745169008563925,0.015812922371013675,0.00840264082243599,0.015620352362330165,0.2215333207852824,0.017443710781962687,0.03465657188633459,29,14,6,Thermostat wiring and smart heating controls,0.2215333207852824,0.18892604853164577,0.03260727225363663,10.265985788456636,training_educational,how_to_installation_demo,2023-01-14 18:15:00+00:00,2023
A21p0LBHuHA,0.002954334997445466,0.0,0.0,0.07240130080019977,0.01222791744220987,0.0,0.2985792484545559,0.010452805878570547,0.012857886247386499,0.0015211702283399466,0.0782233802318592,0.49468198937237845,0.0,0.016099966347054375,0.0,0.0,3,12,7,Roof and attic ventilation and airflow,0.49468198937237845,0.2985792484545559,0.19610274091782254,3.8557101956576108,installer_tradesperson,how_to_installation_demo,2025-01-14 11:43:00+00:00,2025
A4MGntDOos8,0.053395710780795615,0.008449266658957826,0.07586013960351298,0.005103580964857579,0.036295877318977064,0.08100982784875367,0.0945486621720591,0.00789882801231355,0.09115946004464764,0.0010388034520177566,0.22529011304775814,0.05834808428011781,0.009796055143123015,0.11722517008656547,0.011333986402328652,0.12324643418321414,8,11,16,"Product sourcing, access and location questions",0.22529011304775814,0.12324643418321414,0.102043678864544,10.349964325333795,installer_tradesperson,how_to_installation_demo,2023-03-20 22:20:54+00:00,2023
A5qlBbd5xwY,0.11982108298848827,0.004955006226554442,0.0044087054076775815,0.03831230794144445,0.1025661832211119,0.08631585728917036,0.059002701304796706,0.05582774046299847,0.17497234041679577,0.04113300735157779,0.028905444724628082,0.016420996787883363,0.0053691023516992085,0.1997335671281113,0.016432585904771767,0.045823370492290516,17,14,9,Thermostat wiring and smart heating controls,0.1997335671281113,0.17497234041679577,0.02476122671131553,10.668031800433008,training_educational,how_to_installation_demo,2024-11-17 18:00:09+00:00,2024
AADAMH0TRQU,0.0609424389183581,0.48165112432218804,0.0002995085709561813,0.000562432793288088,0.0,0.001986286919320176,0.004026039074982037,0.003048030910573345,0.0,0.0,0.0,0.4035751224946125,0.015450281300004018,0.0010013410399416834,0.017869436753925515,0.009587956901850322,5,2,12,Spray foam and foam insulation,0.48165112432218804,0.4035751224946125,0.07807600182757551,3.1119512949888057,training_educational,how_to_installation_demo,2025-07-14 19:54:08+00:00,2025
ABjqoJ0eXYo,0.06911295659167588,0.0029817994351387027,0.07000265212865105,0.037351555610294185,0.04054714305474666,0.18770601970424644,0.05838866677673019,0.021862388251539272,0.07807459109461559,0.02287369764803646,0.02005224257952959,0.009929391480482838,0.015130582497583539,0.2856242297979474,0.015018661350983358,0.06534342199779887,187,14,6,Thermostat wiring and smart heating controls,0.2856242297979474,0.18770601970424644,0.09791821009370094,9.74453077516829,training_educational,how_to_installation_demo,2022-12-02 18:45:00+00:00,2022
ADS46Ke0fdg,0.019703027575598202,0.003974452251029563,0.13391403966764537,8.260307776212356e-05,0.0,0.0,0.04216693856181519,0.0001431532142479834,0.10331968401749496,0.013095133614425866,0.0,0.0,0.0076735518292631805,0.6609731894602074,0.003013566088687541,0.011940660641822505,6,14,3,Thermostat wiring and smart heating controls,0.6609731894602074,0.13391403966764537,0.5270591497925621,3.2441110189458215,installer_tradesperson,how_to_installation_demo,2023-12-06 23:14:06+00:00,2023
AEKPaFNwibc,0.033806220985063085,0.0034426250853740008,0.0748065962076508,0.07621017267221285,0.23131175461765507,0.024325419995191156,0.082954687529826,0.00250494149136662,0.006864350550129953,0.08273003819361996,0.12848001505063789,0.009620289885275465,0.08552053131701493,0.015864938943095788,0.022831401168484474,0.11872601630740197,6,5,11,Heat pumps and heating systems,0.23131175461765507,0.12848001505063789,0.10283173956701719,10.368173978617385,training_educational,how_to_installation_demo,2025-10-02 22:00:22+00:00,2025
AGgixk6jaew,0.1989024618078421,0.00485868316323233,0.06107671728268607,0.03013660974017708,0.07449191559803509,0.12203133855268662,0.05736878060370408,0.052933752157048784,0.08684741620836614,0.02608953555770881,0.0171043020824466,0.007384485254876717,0.00683184885185766,0.16548536554496304,0.012352458265874555,0.07610432932849431,185,1,14,Situated household retrofit experience and building context,0.1989024618078421,0.16548536554496304,0.03341709626287906,10.89489172352427,installer_tradesperson,problem_warning_mistakes,2022-11-26 10:00:05+00:00,2022
AHKxh1vjMMU,0.22538522089350022,0.04962651823444008,0.05437029496199892,0.013497480508877458,0.0,0.023801276717300132,0.09111631897932775,0.007355102182964205,0.11040002684206845,0.054071525488750195,0.0031932735828981724,0.24094699302609315,0.05265652843477287,0.015884583448695457,0.03618717695020876,0.021507679748104157,16,12,1,Roof and attic ventilation and airflow,0.24094699302609315,0.22538522089350022,0.015561772132592938,9.304155257545123,builder_contractor,how_to_installation_demo,2023-01-16 19:31:38+00:00,2023
AMUU3EQ3qLs,0.07535131895299245,0.0013304583344304539,0.10389969174236081,0.06290465051967323,0.17327464262937337,0.15047110744096764,0.02231298621495659,0.0023762501555126196,0.06427213279559109,0.0034782634216385323,0.02188118368694783,0.014257807370384153,0.0028511303497421414,0.24754294298917906,0.0010652474865543915,0.052730185909695616,16,14,5,Thermostat wiring and smart heating controls,0.24754294298917906,0.17327464262937337,0.0742683003598057,8.722718309303714,installer_tradesperson,how_to_installation_demo,2023-09-23 19:52:06+00:00,2023
AN4_mkEfDPE,0.2706562588860924,0.02399144449526406,0.08038217852361909,0.06828724831800018,0.014295885537969089,0.037366304284339395,0.12408336830236072,0.03225475481000207,0.06496455595201087,0.026939877390344768,0.020233969417985484,0.025097950150880382,0.026705528333635358,0.012514242906358643,0.08920382168664348,0.08302261100449408,240,1,7,Situated household retrofit experience and building context,0.2706562588860924,0.12408336830236072,0.14657289058373169,11.05126898024127,builder_contractor,how_to_installation_demo,2024-06-21 20:39:44+00:00,2024
AQ4EYHNCDzg,0.1369157399887645,0.009991014543911705,0.042958608261691435,0.061024160236033784,0.04526296222283167,0.20660742954140082,0.07372479800921525,0.05401409960506809,0.07718206007931892,0.09255391522811628,0.022348319194276208,0.045030185603296184,0.00788572854921804,0.061025743800963476,0.0207837687907382,0.042691466345155464,88,6,1,"Praise, gratitude and social endorsement",0.20660742954140082,0.1369157399887645,0.06969168955263633,12.261193064428305,diy_renovator_homeowner,how_to_installation_demo,2024-11-26 19:21:18+00:00,2024
AQSkC4RJjhA,0.19861720772126348,0.016227625618278813,0.1328247619999772,0.0,0.0021502887184891716,0.09306881834694161,0.0007713026612552211,0.10032537433330255,0.020010157688172943,0.0,0.007505115746378134,0.13743459674192016,0.10235626376529969,0.03453697351948896,0.03671172959135505,0.117459783547877,5,1,12,Situated household retrofit experience and building context,0.19861720772126348,0.13743459674192016,0.06118261097934333,9.361576414889951,installer_tradesperson,how_to_installation_demo,2021-04-26 01:45:13+00:00,2021
ATk1fx_N_qc,0.1279762641056427,0.004472794458189658,0.0647390092940574,0.08060272463298462,0.0964692363093807,0.15566852396968883,0.05759731559718322,0.06831686014734845,0.07049581119902291,0.02221345338938879,0.03635564845988793,0.0623139626269293,0.01619306445592789,0.062023553214845914,0.014831954321533137,0.05972982381798854,146,6,1,"Praise, gratitude and social endorsement",0.15566852396968883,0.1279762641056427,0.027692259864046137,13.00512033449066,training_educational,practical_advice_explainer,2021-12-11 05:00:07+00:00,2021
AXamAjE0juw,0.10917300843291727,0.0014820011416248667,0.0801993634295192,0.05888284487463884,0.24650871794000107,0.10013439389266392,0.05172484823031235,0.046149751835292754,0.061699168844994295,0.0224845229060296,0.022711810176398315,0.025666891873607548,0.03369793614828161,0.02188114034319378,0.007007697106412565,0.11059590282411202,217,5,16,Heat pumps and heating systems,0.24650871794000107,0.11059590282411202,0.13591281511588904,11.074940714391627,installer_tradesperson,how_to_installation_demo,2023-08-26 11:26:35+00:00,2023
AZlHO1ipodg,0.17625277129627145,0.014051554646802324,0.0,0.0,0.0,0.29234460509792065,0.0025697288253881114,0.0037926058169570386,0.4212977451458028,0.027680392836457676,0.0,0.0,0.018424635052111994,0.043585961282288053,0.0,0.0,1,9,6,Performance checking and troubleshooting,0.4212977451458028,0.29234460509792065,0.12895314004788216,4.20169481768659,diy_renovator_homeowner,practical_advice_explainer,2024-02-13 01:25:59+00:00,2024
Aa1U1jezAwA,0.0,0.0,0.0,0.4249466027785879,0.0,0.0,0.0,0.0,0.0,0.0,0.0,0.0,0.1878301362273601,0.0,0.0,0.3872232609940519,1,4,16,"Implementation, cost and how-to questions",0.4249466027785879,0.3872232609940519,0.03772334178453601,2.8437913810333524,builder_contractor,how_to_installation_demo,2025-10-24 12:22:58+00:00,2025
Aa7SsJto3qU,0.06655356885885803,0.0362173120196095,0.0814403328243493,0.06496912296486962,0.025146839642633485,0.008652824205308959,0.07281591012846392,0.09146236221775007,0.09488060652417646,0.033727175779895174,0.0014062275395023448,0.0173267627997488,0.026095675709341168,0.31179800136220953,0.009413213363858617,0.05809406405942503,21,14,9,Thermostat wiring and smart heating controls,0.31179800136220953,0.09488060652417646,0.21691739483803307,10.080960344851887,training_educational,how_to_installation_demo,2024-05-20 22:00:10+00:00,2024
AbuA88xVIHQ,0.11551957508196449,0.01344148276410041,0.05806004385560088,0.0521780078517162,0.026160518561726177,0.12000303981019231,0.03910680105863075,0.17993904803148356,0.07579749178059607,0.025884518940718974,0.031228721183369144,0.009134424980752707,0.00697495860810418,0.1538429298497716,0.032794734117032355,0.059933703524240184,18,8,14,"Solar PV, batteries and power systems",0.17993904803148356,0.1538429298497716,0.026096118181711953,11.662189549141024,installer_tradesperson,how_to_installation_demo,2024-11-21 02:49:26+00:00,2024
Ac1ofvlsFj0,0.1395960327395492,0.0051613758838715,0.05158416823607638,0.17730401898828183,0.012645806135413284,0.0854739255421194,0.04392163367663462,0.013265913492044992,0.03730446952209527,0.007674998095705829,2.8384288232407774e-06,0.08740006293192877,0.30012691837054956,0.005891042023258097,0.02843692974489126,0.004209866188756744,7,13,4,"Wall, cavity and floor insulation",0.30012691837054956,0.17730401898828183,0.12282289938226773,8.253482897346187,builder_contractor,how_to_installation_demo,2025-07-27 18:00:18+00:00,2025
AcR8e8sMXfo,0.009189215306638358,0.014442539705922491,0.026644423526766273,0.007572571663444092,0.0,0.014880860288422998,0.2897613320281664,0.0,0.005269232832214431,0.013423992278759915,0.0760689431048832,0.05587708932296668,0.07916301735290962,0.0,0.18603283087204567,0.22167395171685977,2,7,16,"Alternative methods, challenges and ""why"" questions",0.2897613320281664,0.22167395171685977,0.06808738031130662,7.026407117436289,builder_contractor,how_to_installation_demo,2024-06-14 06:50:24+00:00,2024
Af6aaUyMc3E,0.07575292656382224,0.0034310418570625964,0.05947356349782834,0.033920766248753134,0.03878500584934455,0.05262503469951126,0.041624269278544686,0.031225443231128882,0.05145745465543585,0.046188006917133095,0.024720634741248665,0.021785171503062726,0.021726620569296792,0.447226190240056,0.007501296745822819,0.04255657340194837,113,14,1,Thermostat wiring and smart heating controls,0.447226190240056,0.07575292656382224,0.3714732636762338,8.188967933361075,diy_renovator_homeowner,how_to_installation_demo,2021-10-28 23:42:59+00:00,2021
Ahv9b4YilEQ,0.0580146608880602,0.0015431561036138798,0.11002793090051773,0.05806860118605538,0.00229044613960007,0.0035093335781126687,0.17214722638559357,0.012303510187174918,0.1781566396683151,0.0071423324737711225,0.0,0.0,0.3831986997130944,0.0021264473582726312,0.011471015417818309,0.0,5,13,9,"Wall, cavity and floor insulation",0.3831986997130944,0.1781566396683151,0.2050420600447793,5.746235509696428,builder_contractor,how_to_installation_demo,2021-11-11 15:23:39+00:00,2021
AlVATirl5ac,0.0,0.0,0.0,0.0,0.0,0.0,0.0,0.0,0.0,0.0,0.0,0.0,0.0,0.0,1.0,0.0,1,15,16,Vapour barriers and moisture control,1.0,0.0,1.0,1.0,diy_renovator_homeowner,how_to_installation_demo,2025-04-03 09:01:25+00:00,2025
AmIIvqsEhto,0.031712315238911694,0.006657026185812859,0.008304030193875489,0.01150965174478019,0.0,0.035263508815281217,0.0,0.0,0.0003970485260868533,0.0,0.9061564192952517,0.0,0.0,0.0,0.0,0.0,1,11,6,"Product sourcing, access and location questions",0.9061564192952517,0.035263508815281217,0.8708929104799705,1.5594528305048578,builder_contractor,practical_advice_explainer,2025-07-30 09:00:17+00:00,2025
ApMPs6p2kJk,0.10879575757900778,0.024453326777366006,0.12777323686853106,0.03701302450322929,0.0027646211105781127,0.03233334348441383,0.07465271514133429,0.03827728478652793,0.05646803948291977,0.052545563869327516,0.014395092631964947,0.03894704737895571,0.1646471562057522,0.025173151423398394,0.15140052204130985,0.05036011671538328,27,13,15,"Wall, cavity and floor insulation",0.1646471562057522,0.15140052204130985,0.013246634164442356,12.102597336348078,installer_tradesperson,how_to_installation_demo,2023-10-03 18:19:02+00:00,2023
At0g_sgj2-Y,0.16910862949189864,0.025632151405387948,0.18125032671873928,0.02083877176803507,0.012383220897469854,0.17245889755463029,0.03210786914760195,0.021710197425736325,0.12004627736161116,0.061594190454921205,0.00343167828526175,0.01595618693494696,0.02705378181339348,0.01469239946354329,0.038719202394760975,0.08301621888206179,12,3,6,Clarification and specification questions,0.18125032671873928,0.17245889755463029,0.008791429164108994,10.376555393746756,builder_contractor,project_walkthrough,2023-07-19 09:30:04+00:00,2023
AwnLmyrzHNA,0.3001475383972302,0.012568935093141049,0.003432612778172908,0.0073541501843859694,0.0,0.006392122897193756,0.042929859957906574,0.0007681647138651232,0.06459793194299415,0.1881505571819805,0.005814807727098345,0.04207773164622794,0.020823339427514014,0.0,0.13582701802938701,0.1691152300229024,8,1,10,Situated household retrofit experience and building context,0.3001475383972302,0.1881505571819805,0.11199698121524967,7.0402582922599075,builder_contractor,how_to_installation_demo,2023-07-04 12:45:16+00:00,2023
B5wwIv7ZhGI,0.08428102320326913,0.2516840987819844,0.10052092517545205,0.08075000439553275,0.014490067220314684,0.03945603678917768,0.035375615273856284,0.016526297821576108,0.04090078743815473,0.07614657707409647,0.012771353098247323,0.14289046173396897,0.04609847788286448,0.006205359038933061,0.019048151909987533,0.03285476316258435,67,2,12,Spray foam and foam insulation,0.2516840987819844,0.14289046173396897,0.10879363704801542,10.873572467931606,installer_tradesperson,project_walkthrough,2024-12-24 18:24:15+00:00,2024
B7HnFHw8tdg,0.0711941911468263,0.13271086588800982,0.03935362013571131,0.07557777737420049,0.07956490637371862,0.0,0.04161095533789367,0.019796905068156036,0.056019223649619226,0.002155974088670324,0.0,0.00826266479318396,0.10355878502238,0.009919936770446555,0.03248217629911839,0.3277920180520654,4,16,2,"Prospective choices, recommendations and alternatives",0.3277920180520654,0.13271086588800982,0.1950811521640556,8.686937044602685,builder_contractor,how_to_installation_demo,2025-10-16 16:00:27+00:00,2025
BAfnGXeQ_C0,0.1139700488396055,8.444736986376978e-05,0.03029450175647196,0.0006338500425734811,0.02496296877212927,0.08194705538636607,0.02153046222285437,0.13883165889557766,0.008573327660575837,0.00929457601643832,0.14577772140488518,0.1751423695246431,0.09898185293363575,0.06457953253863345,0.03512331721896437,0.05027230941678185,3,12,11,Roof and attic ventilation and airflow,0.1751423695246431,0.14577772140488518,0.02936464811975792,10.556635354128087,diy_renovator_homeowner,how_to_installation_demo,2024-05-31 18:04:36+00:00,2024
BGhrTC0o-qg,0.09752100564741559,0.04720667675507216,0.057101779609495,0.10438916176140113,0.0151791885748299,0.0169740013675489,0.02610326994789829,0.011115890638501264,0.046561717161938423,0.013892322816701318,0.015415027070925383,0.08901787386599622,0.2243126039657405,0.014195244604661752,0.12918326045111744,0.09183097576075679,36,13,15,"Wall, cavity and floor insulation",0.2243126039657405,0.12918326045111744,0.09512934351462304,11.129671185150018,training_educational,how_to_installation_demo,2025-01-18 15:00:12+00:00,2025
BQhmBzh7gjo,0.7225836336742036,0.0,0.0,0.0,0.0,0.0,0.039316795090198114,0.0,0.0017585358043493236,0.027809411171851133,0.02605140880539351,0.1128297453792723,0.0,0.0,0.06965047007473198,0.0,1,1,12,Situated household retrofit experience and building context,0.7225836336742036,0.1128297453792723,0.6097538882949314,2.7171145290570866,diy_renovator_homeowner,problem_warning_mistakes,2024-12-16 23:21:03+00:00,2024
BTV2nqretRY,0.051541875124725106,0.011827929934006984,0.03852988829152615,0.003532934095648484,0.01396533349153842,0.05089606591561123,0.12272841884320655,0.0081986639402019,0.04776858446097576,0.009798321945952227,0.015574313583743685,0.4676264358892157,0.04950696150019622,0.014161626908061782,0.02218282112891356,0.07215982494647624,17,12,7,Roof and attic ventilation and airflow,0.4676264358892157,0.12272841884320655,0.34489801704600914,7.049289365094153,installer_tradesperson,practical_advice_explainer,2023-04-03 11:15:01+00:00,2023
BXPR0NUn5fA,0.15668539907762208,0.03770248167734882,0.02602117776198233,0.03662826683398249,0.019505634712711124,0.02423890584299341,0.07460887241570205,0.028015584204407487,0.0796053277889571,0.052430908868239166,0.027170139237356068,0.0489583461233528,0.25404799007381335,0.04026988872708961,0.050896741290622265,0.04321433536381984,245,13,1,"Wall, cavity and floor insulation",0.25404799007381335,0.15668539907762208,0.09736259099619127,11.673591211023355,builder_contractor,problem_warning_mistakes,2023-07-16 15:00:15+00:00,2023
BaXMLIfBiJs,0.004118301910827573,0.01593121642814102,0.013230974536400493,0.0027862687718684604,0.0,0.0722725369207223,0.0,0.013195344264053065,0.7084046168104793,0.0,0.03686397795714511,0.017656167964234335,0.03251099382769414,0.02455247421544738,0.0462274222272335,0.012249704165753293,2,9,6,Performance checking and troubleshooting,0.7084046168104793,0.0722725369207223,0.636132079889757,3.4721473114563537,training_educational,how_to_installation_demo,2020-06-04 02:30:32+00:00,2020
Bbzsfhg1dmg,0.08010469359032353,0.016155028327772346,0.06203445808233568,0.053981596795541154,0.004263662530026222,0.07957273733159385,0.02503534757830763,0.00318525701418184,0.04395086814757588,0.0033669950092176013,0.011964218251322784,0.3186441502959783,0.15887409437940697,0.00404622905801323,0.01748638278325652,0.11733428082514648,16,12,13,Roof and attic ventilation and airflow,0.3186441502959783,0.15887409437940697,0.15977005591657134,8.540572566366608,diy_renovator_homeowner,project_walkthrough,2025-01-11 15:00:13+00:00,2025
Bc60g7YCo1E,0.10261975543741103,0.002857850785340664,0.07883296197142435,0.05069525608690476,0.01038177038511208,0.0536276201682489,0.015875022842454307,0.057112208803451345,0.022135419851461117,0.09900755080595695,0.0017804887017140768,0.08380281796915581,0.34835167325330135,0.006968587658021342,0.014277860938456278,0.05167315434158559,17,13,1,"Wall, cavity and floor insulation",0.34835167325330135,0.10261975543741103,0.24573191781589032,8.87715014845352,diy_renovator_homeowner,how_to_installation_demo,2023-10-16 15:26:49+00:00,2023
BcsBr4cqEAU,0.17265938165609906,0.020592232313165187,0.0038334355682263614,0.03555245057257621,0.004696997475078615,0.018743587922246962,0.08495647980935148,0.057921342939982474,0.030686460892545172,0.06596299966587595,0.022464506273469523,0.030688030860288543,0.14745366702185198,0.1877170514741441,0.05464890420382991,0.06142247135126847,23,14,1,Thermostat wiring and smart heating controls,0.1877170514741441,0.17265938165609906,0.015057669818045044,11.048518446716528,builder_contractor,practical_advice_explainer,2024-03-26 13:00:09+00:00,2024
BqaiSe8ans0,0.008688307003915454,0.0,0.0,0.007250975485446669,0.0,0.016982959240338633,0.03903225632259002,0.0049090280996220755,0.0,0.0,0.0,0.4339168196500986,0.046345628359327665,0.0,0.03722892905883172,0.4056450967798292,1,12,16,Roof and attic ventilation and airflow,0.4339168196500986,0.4056450967798292,0.02827172287026941,3.6401066008414635,diy_renovator_homeowner,how_to_installation_demo,2024-12-19 01:00:09+00:00,2024
BqflmLgXTzQ,0.1131424868798216,0.01568198934112403,0.2438069645493142,0.11420272276711034,0.00429299398296046,0.06194227143764987,0.033247782522997,0.01002500285443725,0.08175890079546758,0.024817519808427294,0.011702176359045083,0.14997084359408422,0.05938702795802043,0.0179632834960615,0.04275912420180351,0.015298909451675672,8,3,12,Clarification and specification questions,0.2438069645493142,0.14997084359408422,0.09383612095522997,10.280897404648721,diy_renovator_homeowner,how_to_installation_demo,2021-12-18 21:12:48+00:00,2021
BuywbScRm-E,0.28804770126894613,0.0,0.009071111215765464,0.0,0.0,0.022278120048329682,0.2885697979150551,0.0,0.2894076862224034,0.047300782961927516,0.0,0.0,0.0,0.0,0.011863404898529072,0.043461395469043484,1,9,7,Performance checking and troubleshooting,0.2894076862224034,0.2885697979150551,0.0008378883073483223,4.648865913534384,installer_tradesperson,how_to_installation_demo,2019-10-18 09:14:33+00:00,2019
C-PEn_VcGqA,0.08513037536267953,0.0019439020047130955,0.12533028482094205,0.04095556911543394,0.0002080368063852049,0.0006951078281658352,0.21184390729502386,0.1514875181487415,0.11157147425441295,0.15208314382868135,0.001285299401853502,0.05204438491574329,0.007950751504497635,0.00746393112711029,0.0070471166855423754,0.04295919690007358,3,7,10,"Alternative methods, challenges and ""why"" questions",0.21184390729502386,0.15208314382868135,0.059760763466342515,8.785506593749922,installer_tradesperson,how_to_installation_demo,2025-06-17 16:43:04+00:00,2025
C0mLHcIEcEs,0.09833215218549393,0.006931222609754763,0.037034252742676146,0.0786886762414555,0.015926834989033738,0.17822900225648258,0.04364671321098797,0.015461606478366351,0.05861484286996694,0.08629320746285388,0.0532020560605227,0.009798877394298728,0.2511079780731841,0.007555315145449976,0.01343348370395811,0.04574377857551461,15,13,6,"Wall, cavity and floor insulation",0.2511079780731841,0.17822900225648258,0.0728789758167015,10.187128094677684,diy_renovator_homeowner,how_to_installation_demo,2023-12-30 20:02:24+00:00,2023
C1Jm82sf_4I,0.0,0.0,0.0,0.0,0.0,0.0,0.08556411751548702,0.0,0.09160048322362192,0.017600298727235952,0.0,0.0,0.36869742460034555,0.0,0.0,0.4365376759333094,1,16,13,"Prospective choices, recommendations and alternatives",0.4365376759333094,0.36869742460034555,0.06784025133296384,3.4216788985504145,training_educational,how_to_installation_demo,2019-03-07 02:46:57+00:00,2019
C1fttmKe-_Q,0.14969063967275748,0.012694202411539022,0.0662310084753371,0.07514364953720817,0.08701146670993924,0.035959030415156086,0.23067589178648013,0.09097557491942894,0.03980785845545847,0.03523734996899889,0.05524904123217582,0.03360994482357411,0.013367742809362934,0.005772014353009885,0.021477993711728333,0.04709659071784544,28,7,1,"Alternative methods, challenges and ""why"" questions",0.23067589178648013,0.14969063967275748,0.08098525211372265,11.43356637796083,training_educational,how_to_installation_demo,2021-03-26 22:00:04+00:00,2021
C2WtdSRzq3E,0.18079259694357014,0.006940627066248234,0.04223820331888244,0.02540889846065413,0.014011556517890862,0.08160406745998243,0.0871628312840845,0.004029650317682723,0.02993143330923649,0.08688199213229274,0.012289367167419584,0.15595117874419165,0.20323595456531454,0.0018121110401305325,0.041802161854487485,0.025907369817931524,11,13,1,"Wall, cavity and floor insulation",0.20323595456531454,0.18079259694357014,0.022443357621744403,9.911230027737426,diy_renovator_homeowner,project_walkthrough,2023-10-16 17:29:55+00:00,2023
C5lPpLUw-Ts,0.1202282271474737,0.07960995897701255,0.03785701597321849,0.019311013343969473,0.0006281749895255298,0.1803591162843472,0.05151064805376276,0.016251008098799393,0.09511855074361979,0.04194580474290927,0.013892292927084951,0.011141179461178595,0.22868662385441793,0.007056474421334397,0.04837709170439768,0.04802681927694835,24,13,6,"Wall, cavity and floor insulation",0.22868662385441793,0.1803591162843472,0.04832750757007073,10.181778646874239,diy_renovator_homeowner,how_to_installation_demo,2021-02-05 22:23:08+00:00,2021
C7jJgrf_kOA,0.11219087611135904,0.014465577821944495,0.0,0.3286033138068691,0.0,0.0,0.041903788628494185,0.0,0.1807230335532436,0.030169269082963666,0.0,0.0009922698320350102,0.0,0.24879086649151988,0.0,0.042161004671571134,1,4,14,"Implementation, cost and how-to questions",0.3286033138068691,0.24879086649151988,0.0798124473153492,5.510173420719216,installer_tradesperson,how_to_installation_demo,2024-10-10 17:40:54+00:00,2024
C8nGKicz_ew,0.06559485088290587,0.10641916118434817,0.07106079110571399,0.05248522165205983,0.018782549467033133,0.07394598974962721,0.026757617894860263,0.002502568139594029,0.0511014930525382,0.04037783952054538,0.009940879606148128,0.21899529831611197,0.12597202262875876,0.0034030997087227247,0.04310151581097296,0.08955910128005935,25,12,13,Roof and attic ventilation and airflow,0.21899529831611197,0.12597202262875876,0.09302327568735322,11.367350738303267,diy_renovator_homeowner,how_to_installation_demo,2023-10-24 23:00:07+00:00,2023
CDoGRY3yUH0,0.0,2.999111362799311e-05,0.26630543904090825,0.24530635028053085,0.0073372599641774216,0.0,0.0,0.16253170960243793,0.3052763439631301,0.0,0.0003005016200990942,0.0005178407812200867,0.0,0.011890395052198632,0.0,0.0005041685816695694,3,9,3,Performance checking and troubleshooting,0.3052763439631301,0.26630543904090825,0.03897090492222183,4.2795406226940464,installer_tradesperson,how_to_installation_demo,2020-02-18 00:23:13+00:00,2020
CFXSu7eU6Hg,0.16191676943305627,0.022508286298994755,0.01784582198571923,0.0,0.00744151878343551,0.0,0.005308929216349132,0.23623878637308304,0.0,0.0,0.0,0.027378135623718863,0.47909030903997496,0.0023854982081673976,0.0006251717793419673,0.03926077325815884,2,13,8,"Wall, cavity and floor insulation",0.47909030903997496,0.23623878637308304,0.24285152266689192,4.281768894369694,builder_contractor,how_to_installation_demo,2024-05-17 16:36:43+00:00,2024
CMOxXJpMJyg,0.05730438170617584,0.02583899958198243,0.028513212068337623,0.07512765816319827,0.0003643722373815095,0.05570718026685412,0.09177839349332492,0.012238517604671689,0.01425814097771708,0.008527984779617909,0.011315606642716127,0.371632294993186,0.044786288875384016,0.008097220209825319,0.10499748306464862,0.0895122653349785,20,12,15,Roof and attic ventilation and airflow,0.371632294993186,0.10499748306464862,0.2666348119285374,8.513369665167316,builder_contractor,how_to_installation_demo,2023-11-12 16:24:08+00:00,2023
CNFXQRKmytc,0.25531803459663754,0.020606133122343565,0.30987702506928333,0.003238922854826592,0.0,0.08220249527797537,0.0,0.019405878066902558,0.0,0.0,0.00025092389510347567,0.14230470295035164,0.03563826519995351,0.012087065546081,0.007105164984555619,0.11196538843598584,6,3,1,Clarification and specification questions,0.30987702506928333,0.25531803459663754,0.054558990472645785,6.197345411843845,diy_renovator_homeowner,practical_advice_explainer,2026-05-28 21:00:04+00:00,2026
CPEs03cYIOs,0.1486388881526559,0.0,0.0,0.0,0.0,0.0924999012681456,0.6353761598179742,0.05805618548960667,0.0,0.0,0.003167894634552297,0.03843385920115404,0.0,0.0,0.0,0.02382711143591129,1,7,1,"Alternative methods, challenges and ""why"" questions",0.6353761598179742,0.1486388881526559,0.4867372716653183,3.285358320436519,installer_tradesperson,how_to_installation_demo,2025-08-16 02:54:10+00:00,2025
CPLkXkKwTFM,0.11701734603064358,0.0044612936043575795,0.058633128143346605,0.023586737958656307,0.01721532277938886,0.02853374451279111,0.051702215743985196,0.0035698748676280968,0.05785254432022935,0.015864997938337837,0.03099313966349192,0.21965609379938353,0.2970276028207234,0.005026216454684781,0.021954315205224787,0.0469054261571271,166,13,12,"Wall, cavity and floor insulation",0.2970276028207234,0.21965609379938353,0.07737150902133985,8.673855479447774,training_educational,practical_advice_explainer,2025-01-07 19:00:12+00:00,2025
CVYF0C-Wb0o,0.2917054563806688,0.01768934974394261,0.006303739988678911,0.000790035011320031,0.044137388831004314,0.0,0.17990907109746038,0.027992538291968634,0.1928683405415501,0.0069270918624710085,0.01037265373090485,0.015895013211216877,0.054053853939936926,0.019375261145933693,0.061738686426400964,0.07024151979654195,4,1,9,Situated household retrofit experience and building context,0.2917054563806688,0.1928683405415501,0.0988371158391187,7.944261413291097,installer_tradesperson,how_to_installation_demo,2025-03-20 18:00:10+00:00,2025
CWYKUAb-Acg,0.061309751956028384,0.0,0.010582089673761506,0.0006740397911539869,0.08028366690904903,0.20161688344535203,0.017591532751023122,0.01941184396882826,0.5184501940315847,0.009436673445869808,0.0006162420809403333,0.025888755449721305,0.0,0.03809363182381663,0.004458775798770646,0.011585918874100291,3,9,6,Performance checking and troubleshooting,0.5184501940315847,0.20161688344535203,0.31683331058623265,4.860629741129115,installer_tradesperson,how_to_installation_demo,2020-03-09 12:12:46+00:00,2020
CXVEmlC-XVE,0.10433667310189311,0.006179448584838534,0.0,0.0,0.03870646666822631,0.0237510756864419,0.030628226781627733,0.0,0.026956056680075145,0.036229951572715226,0.0,0.04016871464601427,0.030146304328012526,0.0,0.0,0.6628970819501552,1,16,1,"Prospective choices, recommendations and alternatives",0.6628970819501552,0.10433667310189311,0.5585604088482621,3.719365769230929,installer_tradesperson,how_to_installation_demo,2024-11-15 12:00:16+00:00,2024
CXebZiR5TYc,0.11595676103499834,0.0014474733601320539,0.11511233106478685,0.1745158749121709,0.07797145063611202,0.0627818509351631,0.054283706092111486,0.02966382152202292,0.13563548404576295,0.018007839345674286,0.011327325571506244,0.01678732773146303,0.020532742551451117,0.13940809539544774,0.005847778109360197,0.020720137691836723,55,4,14,"Implementation, cost and how-to questions",0.1745158749121709,0.13940809539544774,0.03510777951672317,10.757196431620208,installer_tradesperson,how_to_installation_demo,2022-11-29 15:21:58+00:00,2022
CXngoK0cwHQ,0.09944158974958309,0.051937428734348666,0.1873031738466917,0.0036493863700247267,0.003907281166132942,0.02511702864054324,0.0,0.0,0.10300567387832966,0.0,0.0019015327291283975,0.060944145044459254,0.40493820620760884,0.0006691310973859009,0.016989052738914975,0.04019636979684854,9,13,3,"Wall, cavity and floor insulation",0.40493820620760884,0.1873031738466917,0.21763503236091714,6.156504653660837,installer_tradesperson,practical_advice_explainer,2022-10-12 11:09:04+00:00,2022
Cn98RoANnJE,0.0,0.2448517979691377,0.0,0.30004759312822593,0.0,0.0,0.0,0.0,0.3564110342143787,0.0,0.0,0.0,0.0622699381502165,0.0,0.03641963653804136,0.0,1,9,4,Performance checking and troubleshooting,0.3564110342143787,0.30004759312822593,0.056363441086152766,3.923388936791836,installer_tradesperson,how_to_installation_demo,2022-12-08 15:40:15+00:00,2022
CnLwJxCbxfM,0.12633173325704225,0.009339873738268502,0.09401865941585165,0.04276358765472516,0.016349216442002795,0.09656696316027417,0.07706090847472206,0.038280341153977535,0.09104833974160434,0.02840353548265796,0.0237351652389349,0.1930310479710574,0.025604749095486736,0.017283480811184773,0.007771402581040833,0.11241099578116892,55,12,1,Roof and attic ventilation and airflow,0.1930310479710574,0.12633173325704225,0.06669931471401516,11.59464884287966,installer_tradesperson,how_to_installation_demo,2023-11-02 00:44:17+00:00,2023
CoQsGBFVG2Y,0.18940396926562136,0.026937270369649498,0.05990076529568743,0.05771275253016875,0.04877241139397507,0.14925277609720566,0.050757652927454704,0.03673267672049905,0.05731468824579256,0.05626610548182997,0.02581484950724688,0.020734427346658472,0.10337346856038027,0.005827300839687565,0.02480465409215899,0.08639423132598378,60,1,6,Situated household retrofit experience and building context,0.18940396926562136,0.14925277609720566,0.0401511931684157,12.403919941468727,diy_renovator_homeowner,project_walkthrough,2023-03-10 19:08:57+00:00,2023
Csjs2yVVt7A,0.08169083622601289,0.07257860842213874,0.05070374813067637,0.03826725543678573,0.01635278175685255,0.13478488877886105,0.011791336578923808,0.014192167023048,0.030867613161078757,0.003958895043088539,0.020635251865736278,0.05249163092880562,0.21277390621448494,0.009582271211010285,0.15463472876907197,0.09469408045342445,20,13,15,"Wall, cavity and floor insulation",0.21277390621448494,0.15463472876907197,0.05813917744541297,10.706972130473401,builder_contractor,problem_warning_mistakes,2023-12-07 00:00:09+00:00,2023
CsqyrTew2FM,0.5177659557878561,0.0,0.0015308540022302914,0.0018935828258137399,0.0,0.0,0.0,0.0,0.0,0.0,0.019743142358745632,0.17129514438163038,0.1333272874972579,0.11260301279396787,0.041841020352498114,0.0,1,1,12,Situated household retrofit experience and building context,0.5177659557878561,0.17129514438163038,0.3464708114062257,4.013569099008421,installer_tradesperson,how_to_installation_demo,2025-01-31 00:05:06+00:00,2025
Cu4bn0RjwyQ,0.15207997384743357,0.0,0.014453153452203433,0.0,0.0,0.0,0.0,0.0,0.0,0.07321974692627185,0.0,0.3706304179415452,0.0881263133106639,0.0,0.13820703458300485,0.16328335993887724,1,12,16,Roof and attic ventilation and airflow,0.3706304179415452,0.16328335993887724,0.20734705800266798,5.421784063052119,builder_contractor,problem_warning_mistakes,2024-07-23 17:45:00+00:00,2024
Cw80wUAJfd0,0.1344358228418869,0.0,0.0,0.6572191891908201,6.876708894982723e-05,0.14047505177384095,0.0,0.06780116910450219,0.0,0.0,0.0,0.0,0.0,0.0,0.0,0.0,1,4,6,"Implementation, cost and how-to questions",0.6572191891908201,0.14047505177384095,0.5167441374169792,2.7304480385918644,training_educational,practical_advice_explainer,2022-04-14 16:29:00+00:00,2022
D3cbyUtsEVE,0.06750785466767754,0.0,0.0,0.0,0.0,0.0,0.0,0.06343734633836737,0.0,0.0005635024822737573,0.009767396263785803,0.012552023072240216,0.8057284762366197,0.0404434009390356,0.0,0.0,1,13,1,"Wall, cavity and floor insulation",0.8057284762366197,0.06750785466767754,0.7382206215689422,2.1491393300666495,builder_contractor,how_to_installation_demo,2023-05-25 06:13:38+00:00,2023
D6xmOCHZkxg,0.159484411255913,0.02319153288730792,0.00045940652215606696,0.0,0.0,0.0,0.04190961024160606,0.029515623520208124,0.25868545294233586,0.01208303717996077,0.0039003063241238654,0.22101896701836532,0.0420910887375038,0.0,0.0,0.20766056337051922,4,9,12,Performance checking and troubleshooting,0.25868545294233586,0.22101896701836532,0.03766648592397054,6.288267691582041,diy_renovator_homeowner,how_to_installation_demo,2021-01-14 19:33:25+00:00,2021
DA5okoaEhQ4,0.03473828248503691,0.0003472970154964703,0.16633269203113554,0.02206752121313041,0.04842063253558624,0.03222579279067813,0.045941376047111154,0.0,0.08044564315485415,0.0036401877342678427,0.09640866906254443,0.030097052138773856,0.002631227505653123,0.415234443843459,0.0005965979548570327,0.020872584487415753,21,14,3,Thermostat wiring and smart heating controls,0.415234443843459,0.16633269203113554,0.24890175181232344,6.825984631790731,installer_tradesperson,how_to_installation_demo,2023-09-26 21:19:38+00:00,2023
DAhND1ygIgY,0.19017341282568498,0.0025543916768491094,0.04385618382536123,0.09722041462229652,0.1900442280092484,0.01726469949637789,0.02230204664135591,0.13939115825797344,0.05022909987007772,0.028551175463342696,0.003055750493525808,0.12211457382387444,0.007155584771819165,0.04612393844352297,0.005428041242123698,0.03453530053656606,17,1,5,Situated household retrofit experience and building context,0.19017341282568498,0.1900442280092484,0.0001291848164365894,9.853323609986669,installer_tradesperson,practical_advice_explainer,2024-12-13 12:58:43+00:00,2024
DBX6cmga2eE,0.06500917045461285,0.003868079962895721,0.12117411154564879,0.036601730514797086,0.05580818132293948,0.0636603193043977,0.016579568191755597,0.020261806360816485,0.11742190849794527,0.032354479644230945,0.03524719194628753,0.001035078484377069,0.0035511393941394273,0.4104802347731252,0.010392309664245135,0.0065546899377857066,11,14,3,Thermostat wiring and smart heating controls,0.4104802347731252,0.12117411154564879,0.2893061232274764,7.484503193154355,training_educational,how_to_installation_demo,2022-04-14 18:39:27+00:00,2022
DMhi9i7j-Ug,0.2348899342994019,0.0037520028270465475,0.02865305652608479,0.0011253248573058192,0.2629782019374442,0.14993103178576717,0.01621557316371029,0.08334572530283238,0.006337253414044936,0.0039408512833062365,0.0,0.0,0.0,0.1817604910257559,0.01064990284309388,0.01642065073420598,5,5,1,Heat pumps and heating systems,0.2629782019374442,0.2348899342994019,0.028088267638042314,6.423781413323065,diy_renovator_homeowner,practical_advice_explainer,2023-02-20 07:00:04+00:00,2023
DSCWGAE1BVQ,0.102636929902401,0.038092215782974365,0.07440014458179385,0.03134014965468403,0.021541690058196124,0.07989171691397587,0.013172379929853293,0.030165377679577318,0.03487498534385849,0.018348583400882995,0.012396107996519,0.0646719624450414,0.2638135486625278,0.00652321912063222,0.10160798026440089,0.1065230082626813,65,13,16,"Wall, cavity and floor insulation",0.2638135486625278,0.1065230082626813,0.15729054039984652,10.852068972764236,training_educational,practical_advice_explainer,2025-10-26 07:14:01+00:00,2025
DSpJfAKdJLg,0.15360785732567567,0.01183332099880151,0.06443515711765867,0.03770536253305421,0.01425197722685526,0.060910686109627424,0.06788892908086909,0.030822938304620982,0.0703162019808996,0.06208776217461274,0.02706098056890612,0.18276847001290086,0.07813442677314006,0.02391751495863164,0.04722787935511585,0.06703053547863033,92,12,1,Roof and attic ventilation and airflow,0.18276847001290086,0.15360785732567567,0.029160612687225196,12.71499161455662,builder_contractor,how_to_installation_demo,2022-07-20 17:43:54+00:00,2022
DU4ddDIdbs0,0.30366224756427157,0.0051104588786656064,0.09216139278463459,0.040208026894279485,0.0413624743884038,0.009216565018669985,0.04532703904524246,0.2140693320193887,0.09576292292570565,0.03677056554885953,0.014930690558859245,0.015246624750644961,0.012333545562128219,0.01841415105013135,0.003953828160452418,0.051470134849662424,27,1,8,Situated household retrofit experience and building context,0.30366224756427157,0.2140693320193887,0.08959291554488288,8.653810895936513,diy_renovator_homeowner,how_to_installation_demo,2024-09-11 15:30:12+00:00,2024
DYUXqpLYnlw,0.2197894304310083,0.07084148373925245,0.1336447219688323,0.030108385279160915,0.0,0.08806977698194389,0.0915647428915095,0.08862519412828344,0.0,0.05750264332664208,0.0,0.0,0.03542993015020159,0.02316919220959492,0.12710404663972621,0.03415045225384446,2,1,3,Situated household retrofit experience and building context,0.2197894304310083,0.1336447219688323,0.086144708462176,9.874273109838624,installer_tradesperson,how_to_installation_demo,2025-03-10 10:35:43+00:00,2025
DYffo59_47Y,0.060455811999892896,0.0,0.005220805788705719,0.02844121496931912,0.006854012921623751,0.0,0.0,0.07617444138110142,0.0,0.01210431407485696,0.0,0.15320503734925464,0.6570458146436002,0.0,0.0,0.0004985468716451707,2,13,12,"Wall, cavity and floor insulation",0.6570458146436002,0.15320503734925464,0.5038407772943456,3.155624633665484,installer_tradesperson,how_to_installation_demo,2024-05-29 09:05:15+00:00,2024
DcOtQ2PgBTw,0.10598283417832359,0.10552412057925874,0.0635600413366691,0.02132466086209286,0.020316318371063336,0.040609503747150964,0.034383943641131474,0.04689932270151078,0.0636839257599766,0.033406007333647236,0.01280634905824213,0.058800909096000546,0.18604683506525577,0.003952366367336733,0.15021202466800035,0.052490837234339754,88,13,15,"Wall, cavity and floor insulation",0.18604683506525577,0.15021202466800035,0.03583481039725542,12.020244529779749,training_educational,practical_advice_explainer,2025-08-30 14:00:22+00:00,2025
Df7qhfo9atI,0.0,0.0,0.1712753233500978,0.0,0.37763665880702446,0.0,0.0,0.4510880178428778,0.0,0.0,0.0,0.0,0.0,0.0,0.0,0.0,1,8,5,"Solar PV, batteries and power systems",0.4510880178428778,0.37763665880702446,0.07345135903585331,2.7984662053608957,training_educational,practical_advice_explainer,2021-04-19 13:13:44+00:00,2021
Dw_GgXEX1Zw,0.032003874992118875,0.007966173556452114,0.000786442659795697,0.009115512526862227,0.005211312169352673,0.0018767424766677335,0.45251692044001246,0.0013135461769224184,0.0,0.0,0.0,0.0019153487754419603,0.4125268740429578,0.07476725218341604,0.0,0.0,2,7,13,"Alternative methods, challenges and ""why"" questions",0.45251692044001246,0.4125268740429578,0.03999004639705467,3.238019884264767,builder_contractor,project_walkthrough,2023-05-12 20:56:57+00:00,2023
E3JK2zMR53c,0.13764993389643057,0.0007576531948649195,0.2914259865373196,0.006147028999380293,0.0,0.0495918555915102,0.07109095924015744,0.0,0.08675343238964084,0.021442107174755327,0.07949439919897683,0.09488839221254369,0.02326153454578733,0.004969242238557734,0.00841581026157539,0.1241116645184999,4,3,1,Clarification and specification questions,0.2914259865373196,0.13764993389643057,0.15377605264088903,8.484115728745069,training_educational,how_to_installation_demo,2020-05-14 19:30:00+00:00,2020
E8m3hamcAAo,0.20046681513952358,0.08933374307644103,0.08636587853924914,0.03854452689527633,0.0007744409872888241,0.02720444319218921,0.09445190576041072,0.0,0.08457671704665472,0.033148101644725605,0.001632845948967755,0.0254878787797004,0.2999607209950959,0.00604126299700361,0.0076131500766291795,0.004397568920843968,11,13,1,"Wall, cavity and floor insulation",0.2999607209950959,0.20046681513952358,0.09949390585557233,8.007227081589331,installer_tradesperson,how_to_installation_demo,2024-02-06 14:31:41+00:00,2024
ECQ4ruST6y8,0.1133925175462855,0.003067642162599573,0.03119149254318875,0.061217333158760684,0.08234785380552195,0.07220063416731462,0.018332356958599062,0.05422856697741196,0.06465824700291281,0.028935584631295506,0.044714509067211555,0.27457207504310716,0.05775707385817694,0.026877112085922816,0.0075932001890813795,0.05891380080260974,35,12,1,Roof and attic ventilation and airflow,0.27457207504310716,0.1133925175462855,0.16117955749682167,11.13062872336832,installer_tradesperson,how_to_installation_demo,2023-01-14 17:11:19+00:00,2023
ECgCt-NxA6Q,0.318421891854011,0.006923694725802057,0.011111060806696839,0.05045561791300947,0.2371887949263188,0.04646030008137769,0.007511056740333931,0.1571475204065213,0.018885041996633913,0.005333540935206731,0.009347152139778747,0.00915704665191795,0.04394367013836005,0.03558727779603813,0.01096191045191094,0.03156442243608241,5,1,5,Situated household retrofit experience and building context,0.318421891854011,0.2371887949263188,0.08123309692769218,7.501199357935369,installer_tradesperson,how_to_installation_demo,2023-10-26 10:17:33+00:00,2023
ED8HnJDGX8w,0.19895010257806456,0.001701623853708956,0.05457176885762019,0.07845329601738497,0.3214942249295043,0.0725907339259533,0.026151644570548443,0.06699666577194925,0.020166798136159476,0.05032304524832384,0.0001937904403615945,0.004711515277417418,0.025001255486508438,0.012132606051549075,0.004620482112104175,0.06194044674284203,17,5,1,Heat pumps and heating systems,0.3214942249295043,0.19895010257806456,0.12254412235143974,8.339868982605108,installer_tradesperson,practical_advice_explainer,2025-05-06 09:17:39+00:00,2025
EEl3NtMXS78,0.40535316143122047,0.008140918284285419,0.0,0.0,0.17238541022664983,0.09570533020725118,0.03498898191824388,0.12367092950429273,0.0,0.0,0.03433069994319243,0.0,0.0,0.12542456848486414,0.0,0.0,1,1,5,Situated household retrofit experience and building context,0.40535316143122047,0.17238541022664983,0.23296775120457064,5.391175105549444,training_educational,practical_advice_explainer,2024-01-24 17:00:07+00:00,2024
EOAm2mlzfTg,0.04272409237987028,3.676999919886911e-05,0.03498726852096703,0.040776817726206484,0.007346544960029717,0.05502319119452636,0.001008342185039967,0.020823951648363613,0.024803483753061597,0.0005091364833354146,0.0010411529766142223,0.3905235913576744,0.06387124289728073,0.004604783494231159,0.28875366022515686,0.023165970198443332,7,12,15,Roof and attic ventilation and airflow,0.3905235913576744,0.28875366022515686,0.10176993113251753,5.944043532624927,builder_contractor,how_to_installation_demo,2023-04-12 14:53:05+00:00,2023
ETRFUSMf86o,0.15231423576380984,0.0027496563189499407,0.06868215254094144,0.005107345024052893,0.03532135849771118,0.24479285025938655,0.0,0.35257526062282296,0.0,0.0,0.01072994004403507,0.03543211255799156,0.03945702053660907,0.02524630410921315,0.013179566983016434,0.014412196741459882,3,8,6,"Solar PV, batteries and power systems",0.35257526062282296,0.24479285025938655,0.10778241036343642,6.356554035762745,installer_tradesperson,how_to_installation_demo,2021-06-24 11:19:35+00:00,2021
EX51PpXbS_Y,0.06293873058335162,0.00798839706874437,0.20715613658655305,0.22236066913990082,0.0,0.0,0.0,0.0,0.1314882193182462,0.0,0.2297998481928239,0.0027708596798231865,0.10657236555179311,0.0,0.0010844482838392026,0.027840325594924605,2,11,4,"Product sourcing, access and location questions",0.2297998481928239,0.22236066913990082,0.007439179052923073,6.295327601796064,installer_tradesperson,how_to_installation_demo,2025-04-10 15:52:01+00:00,2025
EXAkEa1Kmjo,0.09902912761894522,0.0016773219050451847,0.01993279564117833,0.015321304239557184,0.4209985820888951,0.1319185017768848,0.01828682758213021,0.015106027648773121,0.02188560829277464,0.03098463058156555,0.15383325730929037,0.022811238152981906,0.0,0.016633686726716352,0.0008905057007021925,0.030690584734559802,5,5,11,Heat pumps and heating systems,0.4209985820888951,0.15383325730929037,0.26716532477960475,6.662616912957035,installer_tradesperson,how_to_installation_demo,2025-07-30 14:00:32+00:00,2025
EY77sPyVM2c,0.14859316139409562,0.009923495177559584,0.1377312407675059,0.13006117684782337,0.03647129050758829,0.0261662561039192,0.0648596474187001,0.07004930563418381,0.07244327482134455,0.06800335318164305,0.06190938202511994,0.04510882326396413,0.02550905729029193,0.03819211153854188,0.017026823998743813,0.04795160002897485,113,1,3,Situated household retrofit experience and building context,0.14859316139409562,0.1377312407675059,0.010861920626589722,13.006364099459939,installer_tradesperson,how_to_installation_demo,2023-06-09 11:00:08+00:00,2023
EZX8HSecxL0,0.15328084863206584,0.0006287981847203914,0.158549804196156,0.05188723984686523,0.08770298065749718,0.1584727263810693,0.02553357538914547,0.009866872778099892,0.08909265976255,0.006309668702254099,0.0005569858394966463,0.14002623474640957,0.003911648409974649,0.0950815362084981,0.002802914985211774,0.016295505279985883,7,3,6,Clarification and specification questions,0.158549804196156,0.1584727263810693,7.70778150867013e-05,9.375120082440413,installer_tradesperson,problem_warning_mistakes,2024-01-16 21:16:04+00:00,2024
EauxatCN7vI,0.08380211734544041,0.0025169434394341546,0.19818432858987278,0.18727100339518019,0.0,0.13319009615491437,0.050189251332844215,0.01518805842444486,0.2979015109957447,0.02177722328032807,0.009979467041796227,0.0,0.0,0.0,0.0,0.0,2,9,3,Performance checking and troubleshooting,0.2979015109957447,0.19818432858987278,0.09971718240587191,6.231791959068842,diy_renovator_homeowner,how_to_installation_demo,2021-08-26 06:23:15+00:00,2021
EjAU_-7NRpM,0.19477684745757345,0.03365680483325735,0.14614968983745147,0.055274341425729075,0.010474327427314727,0.16760983212758387,0.09689859994711926,0.004443914719425853,0.0397459165283465,0.005090766984291926,0.01678739356795557,0.07248034657302155,0.057431327153275875,0.01697475751875774,0.0049780947374888865,0.07722703916140691,15,1,6,Situated household retrofit experience and building context,0.19477684745757345,0.16760983212758387,0.02716701532998958,10.408398203641584,diy_renovator_homeowner,how_to_installation_demo,2024-12-22 14:58:51+00:00,2024
End2PwYI1h4,0.19863651236831412,0.009981805327494929,0.11682317898897208,0.010041308965405192,0.017338467217377144,0.10565603695332816,0.002482751899446223,0.05541383605909353,0.0009288086448294823,0.0028326044473943614,0.0065798889311328105,0.3509549270573097,0.032268120701005494,0.04536159259339653,0.024131231099089615,0.020568928746410645,11,12,1,Roof and attic ventilation and airflow,0.3509549270573097,0.19863651236831412,0.15231841468899557,7.3268851078415045,installer_tradesperson,problem_warning_mistakes,2024-05-28 06:37:02+00:00,2024
EtJeMrj38MQ,0.0,0.0,0.0,0.0,0.05736466778747454,0.0,0.0,0.0,0.0,0.0,0.005080466126303115,0.42799162080058883,0.0,0.5095632452856336,0.0,0.0,1,14,12,Thermostat wiring and smart heating controls,0.5095632452856336,0.42799162080058883,0.08157162448504474,2.4536280776240496,installer_tradesperson,how_to_installation_demo,2025-09-03 23:00:24+00:00,2025
EwSBpgAR9PM,0.08425913761454804,0.0006149511530045601,0.06588329872234376,0.3740621908926202,0.06485533920626275,0.013782163702746103,0.03971556745291997,0.01585960593556546,0.08362661686411366,0.0215325428609985,0.0109344246565108,0.06369561365776485,0.004574045468237126,0.1489751249724387,0.004566296074918562,0.0030630807650069243,40,4,14,"Implementation, cost and how-to questions",0.3740621908926202,0.1489751249724387,0.22508706592018152,7.813705638934637,installer_tradesperson,practical_advice_explainer,2023-10-11 18:38:20+00:00,2023
Ex8kTRtwKcY,0.11422485055255995,0.004050620518839385,0.0889529232409496,0.09718751383442437,0.021682700157088626,0.06389374678902406,0.11280882900369386,0.01877095571314657,0.0242710725159887,0.09221276936404253,0.04190408386377929,0.08155222337326343,0.12263338266190496,0.06048771128043424,0.007912359094703482,0.04745425803615694,7,13,1,"Wall, cavity and floor insulation",0.12263338266190496,0.11422485055255995,0.008408532109345015,12.792889886499854,training_educational,how_to_installation_demo,2021-06-27 23:51:16+00:00,2021
EyBIp8Ghabk,0.11748108386671842,0.007311793016727659,0.045001767223120964,0.08059506965482457,0.010930535582879191,0.09855485671445514,0.036121786498039016,0.011570768335017306,0.030147822300215246,0.12077272523287927,0.014544889864789775,0.05041135234938111,0.14577236702550736,0.017404786669677114,0.11283508127320217,0.10054331439256564,22,13,10,"Wall, cavity and floor insulation",0.14577236702550736,0.12077272523287927,0.02499964179262809,11.949836046027915,diy_renovator_homeowner,how_to_installation_demo,2019-05-16 21:04:31+00:00,2019
F7s9lhe_cIw,0.03221778363984016,0.0060049854488544415,0.147837850225324,0.012047107108816263,0.0020736334544473336,0.15080455369218604,0.33175632059901167,0.004532519252367042,0.13219348982051513,0.00940093830763117,0.004341174405383085,0.015518491284568517,0.013411190331805824,0.006146870844311536,0.0037436776507209922,0.1279694139342168,3,7,6,"Alternative methods, challenges and ""why"" questions",0.33175632059901167,0.15080455369218604,0.18095176690682563,6.949099864649883,installer_tradesperson,how_to_installation_demo,2022-02-22 20:56:00+00:00,2022
FAgNEels3nQ,0.11442747964761306,0.025562420553708897,0.08489258114307245,0.023683223586309983,0.007270128738769634,0.12148302032778346,0.09303238453811982,0.00877547048433404,0.05848194865837449,0.06766355838462039,0.045586246723784384,0.057218147672752205,0.16491698885779066,0.008970665963761719,0.03969031768176943,0.07834541703743535,35,13,6,"Wall, cavity and floor insulation",0.16491698885779066,0.12148302032778346,0.043433968530007194,12.354493929640949,installer_tradesperson,how_to_installation_demo,2022-03-18 21:15:45+00:00,2022
FAhOxmYHFTg,0.28319293482505414,0.006517478372581105,0.054568457296706875,0.011731109516410489,0.31829590453722156,0.03348368765374191,0.01645055932018191,0.0667470975320175,0.015048585907972154,0.003835791897794629,0.001244275667174964,0.1379218638198091,0.01723960561624537,0.02471287817976817,0.0,0.00900976985732012,3,5,1,Heat pumps and heating systems,0.31829590453722156,0.28319293482505414,0.03510296971216742,6.667348002182594,diy_renovator_homeowner,practical_advice_explainer,2023-05-23 08:00:12+00:00,2023
FDjXoiylGl4,0.1045931044178605,0.0007015323794255988,0.48132978963968276,0.0,0.09013468532553447,0.009259042821663292,0.0,0.0,0.0,0.004016607868970792,0.006391505769385732,0.0066005022477150475,0.010711771823110238,0.2710120455199778,0.015249412186673755,0.0,2,3,14,Clarification and specification questions,0.48132978963968276,0.2710120455199778,0.21031774411970494,4.084702095322741,builder_contractor,how_to_installation_demo,2022-12-18 10:27:10+00:00,2022
FH0U8hehXr8,0.13612764720945456,0.026633121396320052,0.09091718728919354,0.04209424261854382,0.014891388770745001,0.08635358303831703,0.03441765714775084,0.0406104989172285,0.03503247122617961,0.05724817896421491,0.05699484160537543,0.04132311179903656,0.21327197924582442,0.013859201913503602,0.02919864178889303,0.08102624706941909,63,13,1,"Wall, cavity and floor insulation",0.21327197924582442,0.13612764720945456,0.07714433203636986,12.321421167827955,training_educational,how_to_installation_demo,2024-08-04 16:45:00+00:00,2024
FXXgjvOJcYI,0.10379788947381736,0.026730208567528124,0.06934260355739433,0.060409329294333486,0.01333016212074271,0.09072063677065727,0.035090299313636955,0.015132868994203826,0.04449640042080815,0.03294461863380272,0.03815538031824968,0.07544176985097481,0.056432071489368366,0.00896645441381116,0.2691995005702911,0.05980980621038,181,15,1,Vapour barriers and moisture control,0.2691995005702911,0.10379788947381736,0.16540161109647372,11.467794029482262,training_educational,practical_advice_explainer,2019-02-12 17:36:30+00:00,2019
FZmoyo4_6Xg,0.11925233781805254,6.741075049229833e-05,0.0,0.007979081001297133,0.01218389044558942,0.0012997744651203642,0.005168867975056864,0.7771692845484586,0.008604257954923249,0.00029791617784396266,0.0,0.02863935909555041,0.0003079085407700319,0.0,0.0,0.03902991122684519,4,8,1,"Solar PV, batteries and power systems",0.7771692845484586,0.11925233781805254,0.657916946730406,2.3453477104537073,training_educational,practical_advice_explainer,2025-08-01 12:49:16+00:00,2025
FcXAtVjdRE8,0.10100902741522073,0.0015281076634290414,0.059587736091659224,0.08335605135469094,0.17568263743456758,0.19700233771434258,0.02702234247780901,0.07469578262748237,0.0776662800931775,0.027057497880909793,0.014293241785678774,0.03290071670608497,0.0048711973954104456,0.07087771545645885,0.012578156058112749,0.03987117184496547,35,6,5,"Praise, gratitude and social endorsement",0.19700233771434258,0.17568263743456758,0.021319700279775006,11.020946715803756,training_educational,how_to_installation_demo,2022-08-18 11:36:39+00:00,2022
FhoibYvLaj8,0.19054540391942124,0.0,0.000566439615483781,0.24568976730083655,0.005419991963476283,0.005227271988450452,0.0,0.22633667673526572,0.0,0.0,0.006413406154665499,0.06694779679230192,0.023382425473981488,0.0007929444819203576,0.042034865103453965,0.1866430104707427,3,4,8,"Implementation, cost and how-to questions",0.24568976730083655,0.22633667673526572,0.01935309056557083,6.112976200692169,installer_tradesperson,how_to_installation_demo,2023-01-09 17:22:03+00:00,2023
FiNXBPvIc6E,0.12933366385317313,0.0,0.0,0.05433131288451897,0.15413552745997425,0.0,0.10371245728683123,0.05642210661074278,0.12041131921660775,0.023975567645902307,0.0,0.25717362495489954,0.0,0.05777344700196038,0.0,0.04273097308538957,2,12,5,Roof and attic ventilation and airflow,0.25717362495489954,0.15413552745997425,0.10303809749492529,8.176522183457518,installer_tradesperson,practical_advice_explainer,2023-12-01 14:39:19+00:00,2023
FlQR-5T0KN4,0.0,0.0,0.0,0.0,0.0,0.0008630998038987184,0.0018187023825998489,0.007597848256946435,0.0024050941602186387,0.0017393598561734587,0.0,0.049612670966545695,0.7755183009768073,0.0024313736370772084,0.1580135499597327,0.0,1,13,15,"Wall, cavity and floor insulation",0.7755183009768073,0.1580135499597327,0.6175047510170746,2.0803699818089174,diy_renovator_homeowner,how_to_installation_demo,2025-01-14 21:45:58+00:00,2025
FnQxRWLTabU,0.151390819062424,0.02606231625648773,0.015993412748458405,0.07873473062815324,0.005525332368477458,0.18370309188171458,0.03422663487895333,0.06226204953209595,0.0,0.0149078202539953,0.3083824217495728,0.018907124755449083,0.0,0.01885259163201695,0.049820197329620244,0.03123145692258091,5,11,6,"Product sourcing, access and location questions",0.3083824217495728,0.18370309188171458,0.12467932986785824,8.236348314816755,diy_renovator_homeowner,problem_warning_mistakes,2025-01-24 13:24:56+00:00,2025
Fp4OMhIYzHg,0.10967202960504431,0.02165623058962079,0.1316088415469044,0.0723634135448124,0.0019827411008749457,0.009626286395053535,0.06823262281776186,0.023674513161945583,0.08362839383370219,0.0399320874602649,0.1298310217662953,0.17324968002743102,0.04749491799358443,0.004564410027490536,0.007326763695359458,0.07515604643385435,15,12,3,Roof and attic ventilation and airflow,0.17324968002743102,0.1316088415469044,0.04164083848052663,11.200031808761818,installer_tradesperson,practical_advice_explainer,2023-03-10 17:14:30+00:00,2023
FpxQocfyHSA,0.050591977021980886,0.0,0.0032594219633188715,0.08889489201240175,0.003320157069289919,0.13369934594743174,0.02606756190259162,0.0,0.06124558950521759,0.1644432724963785,0.09877647943232037,0.02647223266601643,0.2594307226119539,0.0,0.043488075021181787,0.04031027234991671,4,13,10,"Wall, cavity and floor insulation",0.2594307226119539,0.1644432724963785,0.09498745011557538,8.814108229080194,diy_renovator_homeowner,how_to_installation_demo,2025-09-24 12:46:41+00:00,2025
FsFTsrfhBug,0.08868694357148266,0.10474303730112833,0.05456770507698325,0.047603250172394064,0.012752500690249434,0.04179620199716229,0.04424760092351298,0.019324651624558403,0.03333825826000781,0.016715875689752944,0.006835950308258515,0.3119725950903329,0.058337016133115316,0.005634958989246036,0.09692087987830898,0.05652257429350599,58,12,2,Roof and attic ventilation and airflow,0.3119725950903329,0.10474303730112833,0.2072295577892046,10.17749165897751,training_educational,practical_advice_explainer,2024-03-16 15:00:12+00:00,2024
FxLVBbGaHH4,0.06469252992185642,0.0,0.0,0.001781128902345857,0.0,0.0,0.5399395156520793,0.0,0.023472692466248498,0.0,0.0027654423995618106,0.025156135887508698,0.005396331700371794,0.04631778462404957,0.0,0.29047843844597804,1,7,16,"Alternative methods, challenges and ""why"" questions",0.5399395156520793,0.29047843844597804,0.24946107720610128,3.482495053158302,diy_renovator_homeowner,how_to_installation_demo,2024-12-12 18:41:17+00:00,2024
G3uGK_JRUrw,0.9449580360920709,0.006588289374813846,0.004440250902844747,0.0008589447502903055,0.0,0.013210142326420553,0.0,0.0,0.0,0.01949289564397493,0.0,0.0,0.0,0.01045144090958484,0.0,0.0,2,1,10,Situated household retrofit experience and building context,0.9449580360920709,0.01949289564397493,0.9254651404480959,1.3475508144122001,builder_contractor,how_to_installation_demo,2025-05-09 21:43:31+00:00,2025
G6ADMAqdaDs,0.17063078276915247,0.005077021939429611,0.06331276174812386,0.045784217874579015,0.06559963370066459,0.2502642959219196,0.035687354680337464,0.020171318890615835,0.06644112983745333,0.044136398838381406,0.019878854872689842,0.01902032720000573,0.012262652735670546,0.08226053614033245,0.020460126574774862,0.07901258627586938,48,6,1,"Praise, gratitude and social endorsement",0.2502642959219196,0.17063078276915247,0.07963351315276715,10.78559746896561,installer_tradesperson,how_to_installation_demo,2022-09-06 18:17:32+00:00,2022
G8qfuf0YcEY,0.02342762241021682,0.0474711671505333,0.10389917012333724,0.014847515791666302,0.045006148329609606,0.034968669608445205,0.04233703645572424,0.03683789698718091,0.021765074905787597,0.008422799048319378,0.002240036231929236,0.26966369159231934,0.08168876513477294,0.006696015370312547,0.19847933679593818,0.062249054063907114,20,12,15,Roof and attic ventilation and airflow,0.26966369159231934,0.19847933679593818,0.07118435479638116,9.633545916926058,training_educational,practical_advice_explainer,2024-07-03 16:17:18+00:00,2024
G9QMUOyUzOA,0.12505389080350002,0.023816241288854647,0.05779200043009074,0.04841032488642668,0.015240449108950657,0.017242563437743698,0.01663042084857138,0.12301243325329167,0.0,0.08962803296583871,0.0,0.22653401467696774,0.07543913334908318,0.10427137351273515,0.045541544156089284,0.031387577281856496,5,12,1,Roof and attic ventilation and airflow,0.22653401467696774,0.12505389080350002,0.10148012387346772,10.51292307205806,installer_tradesperson,how_to_installation_demo,2024-04-01 21:58:16+00:00,2024
GATyK84HnVQ,0.2724310968918582,0.011216007365748112,0.11424076607616596,0.007583013936166765,0.03556724877165187,0.2630931959910814,0.0,0.1562740585314686,0.0,0.00031487680129992237,0.004207733016055813,0.029238800363445002,0.019469927144970752,0.047483417426568676,0.012045252885017982,0.026834604798500944,3,1,6,Situated household retrofit experience and building context,0.2724310968918582,0.2630931959910814,0.009337900900776797,7.029075777075177,builder_contractor,problem_warning_mistakes,2023-10-20 21:10:48+00:00,2023
GCi1VyP1Hac,0.05818705075364079,0.0005357279470251298,0.004444763970492089,0.26475283467530497,0.018132133914972832,0.10169051415928038,0.013133100114658002,0.006898080000043489,0.058531107378158004,0.005661654374301817,0.013330674691433432,0.005984169622617199,0.005512422108441476,0.3744495704482169,0.00549807235427474,0.06325812348713872,11,14,4,Thermostat wiring and smart heating controls,0.3744495704482169,0.26475283467530497,0.10969673577291195,6.203779709793948,installer_tradesperson,how_to_installation_demo,2024-01-18 14:40:12+00:00,2024
GGe8ifunbMk,0.09082269252701038,0.053418517662304384,0.19743797854687642,0.03567730957429242,0.009560805384273681,0.08978213918577084,0.04144149421400158,0.041701168395700185,0.05345997092792148,0.031548921118928215,0.02849171346883747,0.0,0.09246610137614952,0.0,0.21759712915769971,0.016594058460233797,3,15,3,Vapour barriers and moisture control,0.21759712915769971,0.19743797854687642,0.020159150610823295,10.23592389465661,builder_contractor,how_to_installation_demo,2021-04-13 20:17:51+00:00,2021
GL12Tg0NmWc,0.18634308679666556,0.0,0.00011228107115488052,0.45638630033513955,0.0,0.0,0.0,0.0061124196093596955,0.007367992346957737,0.0,0.0,0.0,0.0,0.019713304500880394,0.0,0.3239646153398422,2,4,16,"Implementation, cost and how-to questions",0.45638630033513955,0.3239646153398422,0.13242168499529733,3.2608725502876075,diy_renovator_homeowner,how_to_installation_demo,2021-01-03 04:45:57+00:00,2021
GP3KxAyNI6s,0.1943740929985456,0.007385386714022552,0.1241092891773605,0.0800534313491906,0.07771499823238598,0.11075056525230445,0.03367759135525651,0.0017139821420485667,0.03588581870871366,0.044244646366462775,0.013224495772037477,0.09633376740608764,0.001537811074657978,0.10173915934225847,0.02792603321731225,0.04932893089135498,8,1,3,Situated household retrofit experience and building context,0.1943740929985456,0.1241092891773605,0.0702648038211851,11.177591757280748,installer_tradesperson,how_to_installation_demo,2022-06-15 09:59:00+00:00,2022
GVHI-ibRhgo,0.0,0.0,0.0,0.017020915680103475,0.029907017376031842,0.0,0.0,0.0,0.011466461222716582,0.0,0.0,0.0,0.9363370060456117,0.005268599675536425,0.0,0.0,1,13,5,"Wall, cavity and floor insulation",0.9363370060456117,0.029907017376031842,0.9064299886695798,1.3699333040570592,builder_contractor,how_to_installation_demo,2024-02-09 19:09:42+00:00,2024
GZAce6iz2gg,0.11402302403196457,0.00991044018415083,0.08494311092136136,0.047981956925621704,0.12229320201969063,0.0600920308841746,0.10431277288821264,0.06123780784069069,0.04905167175636414,0.05224200902226192,0.03643933222701326,0.05513917393701586,0.020779887402702348,0.10363845098950651,0.0180566943762357,0.059858434593033215,83,5,1,Heat pumps and heating systems,0.12229320201969063,0.11402302403196457,0.008270177987726057,13.73968412659334,installer_tradesperson,how_to_installation_demo,2025-09-06 12:00:36+00:00,2025
GZfllYLf0Tk,0.0749829942591681,0.017962262454139354,0.005076730196567123,0.0,0.03524049504652869,0.11788221640330769,0.20808292152248284,0.06296595805170756,0.03559702257586555,0.17504016986423462,0.0,0.045933891895510816,0.0,0.026923354667127305,0.041286277211713934,0.15302570585164646,3,7,10,"Alternative methods, challenges and ""why"" questions",0.20808292152248284,0.17504016986423462,0.033042751658248215,9.444314149721446,training_educational,how_to_installation_demo,2023-03-30 18:00:09+00:00,2023
G_EcGlpXGqQ,0.03969888896558467,0.007157537598948563,0.11782381773426877,0.00895792924224836,0.16225450732637348,0.0,0.021971074738043796,0.0,0.029164473902366483,0.012467225672698985,0.0016164241079363604,0.4488673977046325,0.12407217676628901,0.005565765268508814,0.013199313147693986,0.007183467824406133,2,12,5,Roof and attic ventilation and airflow,0.4488673977046325,0.16225450732637348,0.28661289037825904,5.724243503061034,installer_tradesperson,how_to_installation_demo,2025-01-08 21:00:05+00:00,2025
GbWrO6QN_qw,0.30528026422162446,0.18034916195651546,0.03071961921813665,8.565302060810345e-05,0.10034399642402372,0.0,0.007526704579144723,0.02964633791349076,0.010925768787308155,0.03077716045388077,0.09168055255654177,0.1516942373630909,0.007228786510610208,0.005690705752716284,0.04805105124230796,0.0,5,1,2,Situated household retrofit experience and building context,0.30528026422162446,0.18034916195651546,0.124931102265109,7.56308861720144,diy_renovator_homeowner,project_walkthrough,2025-08-29 17:01:35+00:00,2025
Genu_Plnp2M,0.08326502648296663,0.28328372910697464,0.04522883349408521,0.029369330586050558,0.019738715717530785,0.04709574113329129,0.05156583230720747,0.009280939631126998,0.04784827419848743,0.038738711561883514,0.01903787381596258,0.07190441505807844,0.11606870783989487,0.013861778457463975,0.06785310326634326,0.05585898734265235,89,2,13,Spray foam and foam insulation,0.28328372910697464,0.11606870783989487,0.16721502126707977,11.186140122267547,installer_tradesperson,how_to_installation_demo,2022-12-02 18:20:29+00:00,2022
GhAKMAcmJFg,0.17452146728271395,0.0023045966529108724,0.04327377521791016,0.025567012663475393,0.33082880423662786,0.05616463685054632,0.023591012580796034,0.08401490711273202,0.041707652000853586,0.019038544497244486,0.017296475129624886,0.05133823897667975,0.05066648973552348,0.02026129732117629,0.008699194833250703,0.050725894907934194,310,5,1,Heat pumps and heating systems,0.33082880423662786,0.17452146728271395,0.1563073369539139,9.258983615439092,builder_contractor,practical_advice_explainer,2021-07-19 18:00:03+00:00,2021
GnZIHwdO--0,0.1265722430026799,0.0022037216348075343,0.08417337399071773,0.030299658080908523,0.02129964414778996,0.04993983733342283,0.054861303612195565,0.3898451771585814,0.07866902487105862,0.03634279355501021,0.008653833644813117,0.013631657932031815,0.011091069470063839,0.008823002819328282,0.005471771709773091,0.07812188703681758,109,8,1,"Solar PV, batteries and power systems",0.3898451771585814,0.1265722430026799,0.2632729341559015,8.060559794170727,diy_renovator_homeowner,project_walkthrough,2026-01-30 16:00:33+00:00,2026
GszCtrqYThA,0.2702034635062422,0.0,0.0,0.0,0.14803108858088268,0.26218255964187037,0.0,0.0,0.0,0.0,0.0,0.0,0.23002596568554615,0.08955692258545854,0.0,0.0,1,1,6,Situated household retrofit experience and building context,0.2702034635062422,0.26218255964187037,0.00802090386437182,4.671531207162412,installer_tradesperson,how_to_installation_demo,2023-07-10 13:06:06+00:00,2023
Gw8lLhMzLho,0.08918866937994016,0.0012566753838154652,0.07109406137323301,0.07429699157404777,0.010942684234744352,0.030815221927416557,0.015555962140599457,0.4612436680233936,0.036164129599050236,0.05421932231543212,0.014694353019738513,0.00688389976236982,0.008111845330166952,0.050724527879416635,0.004767423491505842,0.07004056456512946,37,8,1,"Solar PV, batteries and power systems",0.4612436680233936,0.08918866937994016,0.3720549986434535,7.097539036730539,installer_tradesperson,how_to_installation_demo,2024-06-16 23:33:41+00:00,2024
H2xIwmdIutY,0.13840375566107496,0.0007846213450266486,0.1677642106967707,0.00026778440517438734,0.3753714340451052,0.07323871469603745,0.008468141962423209,0.05679268139323336,0.053310552803593425,0.002175688884598449,0.0002996275920917916,0.04490267828362811,0.04278752871394167,0.00855594975526179,0.00775720154899419,0.019119428213044583,10,5,3,Heat pumps and heating systems,0.3753714340451052,0.1677642106967707,0.2076072233483345,6.985932366995741,diy_renovator_homeowner,how_to_installation_demo,2026-02-07 11:29:02+00:00,2026
H51FYrDR5xs,0.2542363773492986,0.006834800828292353,0.04114774679494231,0.022106917312591557,0.05709545093800279,0.04959998464982537,0.024723218485218305,0.020711168122601212,0.04066428082194598,0.018339582163159597,0.01896068423019824,0.17094584141974453,0.13557892343909,0.009366480593208854,0.06307166442856275,0.0666168784233175,291,1,12,Situated household retrofit experience and building context,0.2542363773492986,0.17094584141974453,0.08329053592955407,10.300038042469776,diy_renovator_homeowner,project_walkthrough,2023-12-08 19:00:15+00:00,2023
H8Ms_siUiCk,0.11714928210018444,0.008734988926867237,0.04088559563721486,0.011344300808181305,0.00326992803823302,0.01070309273835935,0.06271669978876869,0.4391751633895102,0.04754792791621948,0.017992197094004892,0.005849199576416886,0.1750248424724096,0.005189919580691349,0.0036209286526090703,0.007649177370701291,0.04314675590962841,49,8,12,"Solar PV, batteries and power systems",0.4391751633895102,0.1750248424724096,0.26415032091710056,6.354993419626988,installer_tradesperson,problem_warning_mistakes,2024-01-06 14:12:38+00:00,2024
HCo8nWzfFVc,0.2568301252715508,0.01031481364510525,0.03377663281773109,0.03547595169034058,0.054330610594397526,0.09506319218637624,0.02832881446206171,0.01822537650848819,0.03162384367027963,0.0319819806465404,0.032274543272061716,0.22450464659235345,0.06613082153347724,0.009809716796675253,0.026635598622120525,0.044693331690440374,318,1,12,Situated household retrofit experience and building context,0.2568301252715508,0.22450464659235345,0.032325478679197356,10.0851162871588,diy_renovator_homeowner,practical_advice_explainer,2023-01-06 16:56:49+00:00,2023
HDOA7aiIeOs,0.01369757523507724,0.011012579299759401,0.00967067937133865,0.0,0.04789820934285024,0.25217505175684596,0.015312851685539301,0.014586672481805297,0.0,0.0070363277545697975,0.07767686460964486,0.08727407173815277,0.24022160111118981,0.0022906191278289243,0.04610374260765393,0.17504315387774386,3,6,13,"Praise, gratitude and social endorsement",0.25217505175684596,0.24022160111118981,0.011953450645656144,7.549785709303162,installer_tradesperson,how_to_installation_demo,2020-08-18 02:07:38+00:00,2020
HE7HTlP1b2U,0.184963989056263,0.016463168873885357,0.005893535306591124,0.005645930004226849,0.23397229495543234,0.12676027555771582,0.02986027412589501,0.12007905080935682,0.009957953989925024,0.008593123838346331,0.04367911561126885,0.09378944167490946,0.0041517815868752795,0.016729923005303557,0.044847255362327955,0.05461288624167719,8,5,1,Heat pumps and heating systems,0.23397229495543234,0.184963989056263,0.04900830589916935,9.346466307845606,installer_tradesperson,how_to_installation_demo,2023-04-25 06:40:39+00:00,2023
HEbAISvrOpA,0.16943648746548762,0.001064915141498116,0.11452641204942435,0.0612850709021326,0.0884496954429099,0.17437183951223822,0.05114555486427419,0.0068471646929484,0.0735679667798505,0.04431154471139054,0.021120249086111372,0.05043726525324716,0.015342615945629063,0.10278684326036612,0.004528075639882052,0.02077829925260979,52,6,1,"Praise, gratitude and social endorsement",0.17437183951223822,0.16943648746548762,0.004935352046750607,10.997986265557392,installer_tradesperson,practical_advice_explainer,2019-01-31 09:24:25+00:00,2019
HFlIbNAUWkY,0.1055522324319257,0.002220001054804651,0.08896918278942162,0.07179199170393541,0.23519313639604775,0.12008058130631749,0.05857998919034386,0.03349849819685682,0.08487993456299305,0.024379170537717723,0.022341016499539613,0.014201378869921115,0.02458399858127758,0.026475404957311443,0.014592167453187246,0.07266131546839895,96,5,6,Heat pumps and heating systems,0.23519313639604775,0.12008058130631749,0.11511255508973026,11.188243619386217,installer_tradesperson,how_to_installation_demo,2022-03-17 19:45:10+00:00,2022
HL3XNB48qzg,0.07578179977108736,0.01337920621675045,0.0,0.0,0.0,0.0,0.06297359452878082,0.017597864736584683,0.0716387722200267,0.012611305701184518,0.0,0.6613268743114908,0.08469058251409463,0.0,0.0,0.0,3,12,13,Roof and attic ventilation and airflow,0.6613268743114908,0.08469058251409463,0.5766362917973962,3.4041327250788753,installer_tradesperson,problem_warning_mistakes,2023-03-01 14:42:40+00:00,2023
HW4iyMnblZ8,0.15270673761672196,0.0034373837785432047,0.04317966485573648,0.027017575238798358,0.01852050284789768,0.08401305603581977,0.04008443152829825,0.3930302845022806,0.06130669622563692,0.0345679640571946,0.025317366735055555,0.0283279389694585,0.003410264216773627,0.008549271897561748,0.007706330793089254,0.0688245307011335,162,8,1,"Solar PV, batteries and power systems",0.3930302845022806,0.15270673761672196,0.24032354688555865,8.012014748753444,training_educational,practical_advice_explainer,2024-08-13 11:42:09+00:00,2024
Ha7bnPiDd-w,0.14216769899681309,0.01696006708150721,0.1377624693653278,0.03358674623947129,0.25245239491258076,0.025771457255596993,0.004573186348730346,0.07720049926317744,0.07764074737113899,0.005366604831652506,0.01667141082136649,0.012705104481926504,0.06580401774717264,0.015014832524666434,0.05095508718002058,0.06536767557885095,16,5,1,Heat pumps and heating systems,0.25245239491258076,0.14216769899681309,0.11028469591576767,10.175595415107093,training_educational,how_to_installation_demo,2024-04-20 22:00:13+00:00,2024
HcDTVrbQGB4,0.06913146381312511,0.0,0.0,0.0,0.07568538435358922,0.0,0.0,0.0016175445558510137,0.0,0.0,0.0,0.7973700432087234,0.0,0.0,0.05619556406871129,0.0,1,12,5,Roof and attic ventilation and airflow,0.7973700432087234,0.07568538435358922,0.7216846588551342,2.080878658253099,installer_tradesperson,how_to_installation_demo,2021-02-09 09:39:06+00:00,2021
HcJdN1d9PzY,0.0,0.006019486671264665,0.016200315270051308,0.0,0.0,0.02150299128525887,0.0,0.0,0.0,0.005781954765552719,0.024615697619772964,0.03535614351496263,0.006923583530696528,0.0,0.07743397051898725,0.8061658568234532,1,16,15,"Prospective choices, recommendations and alternatives",0.8061658568234532,0.07743397051898725,0.728731886304466,2.28304623231396,builder_contractor,how_to_installation_demo,2025-10-19 16:05:00+00:00,2025
HdqaNAU7-XE,0.09043983960746628,0.002083909888914957,0.0823768218410292,0.06867499598198401,0.02016144361132211,0.027505262248056432,0.0660775259845589,0.44164106758299054,0.03880776154470626,0.07995542001782317,0.004198699673754068,0.020981843533861146,0.004767093216041875,0.005872141530456576,0.006397500005333913,0.04005867373170057,43,8,1,"Solar PV, batteries and power systems",0.44164106758299054,0.09043983960746628,0.3512012279755243,7.292082271961535,installer_tradesperson,project_walkthrough,2025-02-12 14:00:21+00:00,2025
HeH1B1mmD48,0.10266488472983602,0.04309782784416106,0.05003708076448377,0.058628778869230895,0.026915863761505125,0.11430905422226535,0.04409044349497243,0.015611478613331975,0.04699696603177754,0.0019968528508238314,0.0016475211312831934,0.029498038378647975,0.31975821107598257,0.004408232952076008,0.08728300336920801,0.05305576191041426,23,13,6,"Wall, cavity and floor insulation",0.31975821107598257,0.11430905422226535,0.20544915685371723,9.591755957335948,training_educational,practical_advice_explainer,2019-01-21 13:49:12+00:00,2019
HkHozg0ckWY,0.19230732089982336,0.008775874165629558,0.055896224713339236,0.03710007420524319,0.12824327931868224,0.07517916958326075,0.04878673956115826,0.07208461925069318,0.05584875123759918,0.028562813065324724,0.035329916841280645,0.09802660452987208,0.053226404206576025,0.03956273028975309,0.01704755889630446,0.054021919235460056,312,1,5,Situated household retrofit experience and building context,0.19230732089982336,0.12824327931868224,0.06406404158114112,12.888740315180193,diy_renovator_homeowner,practical_advice_explainer,2022-11-12 14:23:48+00:00,2022
HmmFXljfqfs,0.04741828139020088,0.4163704259081595,0.0016471784598791302,0.048774402815259556,0.04749454603155679,0.0028403514008036,0.0,0.02250452082167916,0.0,0.05679938649601097,0.1526636653351209,0.08876681507492921,0.03696413462055321,0.003654029090132429,0.023578216038737596,0.050524046516977096,6,2,11,Spray foam and foam insulation,0.4163704259081595,0.1526636653351209,0.26370676057303855,7.102429083465872,builder_contractor,project_walkthrough,2022-03-08 15:34:06+00:00,2022
Hwn6WciiGy4,0.11754543459339176,0.10846892785568388,0.04187378888536318,0.06340967747704174,0.0,0.00437186821411918,0.0,0.010581956219922025,0.04290015028163546,0.018633474918209287,0.017955530428848926,0.264599330203104,0.1628396448536744,0.009174924894859703,0.07339020982283397,0.06425508135131248,8,12,13,Roof and attic ventilation and airflow,0.264599330203104,0.1628396448536744,0.10175968534942961,9.135595307275183,installer_tradesperson,problem_warning_mistakes,2023-10-30 23:02:29+00:00,2023
Hyv_vQEvHgo,0.10102940865174798,0.0032768924349506788,0.053780945526272286,0.07506927874094824,0.19281640777269618,0.17138143802137557,0.035699643999080606,0.059752655476769445,0.04742256110759563,0.10592048907107948,0.011737142143561037,0.0224569586574315,0.022312550738616797,0.025377689268676847,0.006723123835133762,0.06524281455406396,122,5,6,Heat pumps and heating systems,0.19281640777269618,0.17138143802137557,0.021434969751320615,11.229123958545042,diy_renovator_homeowner,how_to_installation_demo,2022-08-31 11:52:04+00:00,2022
I3Anbo9ks8Q,0.24728276764427365,0.003286844614544499,0.05823023663053581,0.0,0.0,0.0,0.11389736697011416,0.0,0.12232841300993207,0.06198347723254023,0.0,0.04988316713976779,0.0279203978759319,0.02034339081835227,0.29484393806400755,0.0,2,15,1,Vapour barriers and moisture control,0.29484393806400755,0.24728276764427365,0.0475611704197339,6.655823944856226,installer_tradesperson,how_to_installation_demo,2025-06-19 21:31:07+00:00,2025
I7GD0MB8SzY,0.10009028386820275,0.011248405423058971,0.07798985045997148,0.049600214467544694,0.011932929032378742,0.12050791385588978,0.04968862967899119,0.025081383498981872,0.042361597477594215,0.06295100383813199,0.030326347035219563,0.027589514959262557,0.1770470665875088,0.014040532155097561,0.07147288011205695,0.12807144755010894,127,13,16,"Wall, cavity and floor insulation",0.1770470665875088,0.12807144755010894,0.04897561903739986,12.299305056499646,diy_renovator_homeowner,how_to_installation_demo,2019-01-17 17:22:24+00:00,2019
IA-0NAweiS0,0.09949378923755298,0.0005701759121750816,0.07748505831594746,0.24721730256073216,0.0067024860789846805,0.17193256812724,0.0,0.12802849010920409,0.11266751709909893,0.009686665979508543,0.011105572628114782,0.007357349864330482,0.0,0.12612992751419136,0.0013455157454736316,0.0002775808274458434,6,4,6,"Implementation, cost and how-to questions",0.24721730256073216,0.17193256812724,0.07528473443349215,7.58583344106321,installer_tradesperson,how_to_installation_demo,2023-12-26 15:51:19+00:00,2023
IH7pXvIhHHE,0.09388667162676494,0.28832784459055977,0.028057970113894885,0.0036353594952174603,0.013481241710063643,0.01465165226396254,0.04076241292343677,0.0076344929328046,0.06399638785434016,0.03324706347321626,0.002832845644927339,0.2547318201289702,0.03688021775197552,0.004259701597922011,0.05027402702160222,0.06334029087034163,37,2,12,Spray foam and foam insulation,0.28832784459055977,0.2547318201289702,0.033596024461589546,8.273750438596792,diy_renovator_homeowner,problem_warning_mistakes,2025-07-16 14:45:05+00:00,2025
IK8e7fJPsBs,0.11485727494669673,0.0025858790138289676,0.06119989352058503,0.02971013344679627,0.01169623866644818,0.202091700617639,0.01731218155921681,0.011667367872926883,0.04316977250345611,0.025762400622148386,0.028567479753539154,0.2931724957072378,0.08337866297590751,0.01757429938504514,0.013137658202438765,0.04411656120608923,91,12,6,Roof and attic ventilation and airflow,0.2931724957072378,0.202091700617639,0.09108079508959879,9.031550463036696,diy_renovator_homeowner,practical_advice_explainer,2022-12-31 09:30:02+00:00,2022
IKdzI0aVWgM,0.14076926396069753,0.001579470300104459,0.12014935597820502,0.037759009837900925,0.058919348044426736,0.11603334383316256,0.03839633152627847,0.027128016486216343,0.0446955086128898,0.01093815612088763,0.02161235707403269,0.2146762127339312,0.01310184705276571,0.042790175383194275,0.01873757448740435,0.0927140285679023,47,12,1,Roof and attic ventilation and airflow,0.2146762127339312,0.14076926396069753,0.07390694877323367,10.939986635737649,training_educational,practical_advice_explainer,2022-01-20 17:08:29+00:00,2022
IKe-q2JHORM,0.17356514543074242,0.01929003914364918,0.06260737145920396,0.04478962774461268,0.020262515209931522,0.10948718696188946,0.01975570457893699,0.03168815559117736,0.08725831232830238,0.02878231382926048,0.03427372432842274,0.05407408764853422,0.17446170275118117,0.018668587340701412,0.05170764424321444,0.0693278814102396,51,13,1,"Wall, cavity and floor insulation",0.17446170275118117,0.17356514543074242,0.0008965573204387511,12.25853595420897,builder_contractor,how_to_installation_demo,2024-05-20 20:00:06+00:00,2024
IOu73_HYJ3A,0.14808042166217003,0.005038446930152324,0.07869543481369189,0.061409721197993976,0.17123966167303617,0.14748168695843897,0.01639102869183021,0.057524224529541854,0.06767075390416122,0.01067977824309879,0.014461213222417748,0.03012748080785639,0.013945824370788156,0.10295045851933037,0.019294388368630087,0.05500947610686181,43,5,1,Heat pumps and heating systems,0.17123966167303617,0.14808042166217003,0.02315924001086614,11.28947847311699,training_educational,practical_advice_explainer,2023-12-07 06:00:07+00:00,2023
IQAS48p97kM,0.08184616164066122,0.0009170351776960981,0.118469794878059,0.20749419428004467,0.019406848135247956,0.05375164441788299,0.018792160189240088,0.18200304385635022,0.1689988364645113,0.024984913487785892,0.01681084569237105,0.0016554587339252687,0.009452210645481997,0.02094500356671319,0.0022788394629679447,0.07219300937106111,21,4,8,"Implementation, cost and how-to questions",0.20749419428004467,0.18200304385635022,0.02549115042369446,9.109121982030263,diy_renovator_homeowner,how_to_installation_demo,2019-06-01 16:36:19+00:00,2019
ISrFr9IfXRU,0.0,0.36039476904281964,0.0,0.0,0.0,0.0,0.0,0.0,0.4701969217210996,0.0,0.0,0.038002732444830004,0.03309778440338898,0.0,0.09830779238786173,0.0,1,9,2,Performance checking and troubleshooting,0.4701969217210996,0.36039476904281964,0.10980215267827997,3.2796424899448002,diy_renovator_homeowner,how_to_installation_demo,2022-04-07 13:20:20+00:00,2022
IT_Eme9XSl8,0.18649956611157395,0.0009852993287255186,0.2523455371843203,0.053850968870707006,0.010093569057994902,0.0030463552997229445,0.01726923050643557,0.001629394976333525,0.08225379287479045,0.0036107116947409743,0.20186541751134462,0.15814204401355134,0.0,0.0034050718914428167,0.0,0.025003040678316137,5,3,11,Clarification and specification questions,0.2523455371843203,0.20186541751134462,0.050480119672975665,6.830679624407712,diy_renovator_homeowner,how_to_installation_demo,2021-01-14 19:42:30+00:00,2021
IUhFxJlKbXU,0.14416228914157714,0.0038943960446265287,0.056177329668650335,0.02892547256356579,0.37353120661958006,0.06829327735870591,0.019650013970111964,0.10881866244945483,0.04292309160334681,0.02059558070514225,0.004373724743043967,0.03595998628237898,0.035620360411236535,0.01220872186186528,0.007564128418099446,0.037301758158614154,31,5,1,Heat pumps and heating systems,0.37353120661958006,0.14416228914157714,0.22936891747800292,8.376319800846362,diy_renovator_homeowner,how_to_installation_demo,2025-05-02 17:54:42+00:00,2025
IbQjqDJ2Vuo,0.061413172793522784,0.0016534742002673928,0.02369698707540582,0.08464010143779813,0.04691689160699168,0.03564146997865909,0.04639529957105441,0.01930512819148497,0.1263614774223275,0.07120133010952942,0.04837183892217001,0.017290956492653754,0.012593103177357907,0.35217782032489403,0.006653879452095926,0.04568706924378716,44,14,9,Thermostat wiring and smart heating controls,0.35217782032489403,0.1263614774223275,0.22581634290256652,9.242681228652904,diy_renovator_homeowner,how_to_installation_demo,2022-04-23 18:15:01+00:00,2022
IiHMAilpGrA,0.14654776200778666,0.019033530850453898,0.0018798848690921369,0.17176433165060576,0.005118128421840482,0.02987012403113696,0.15735315349807136,0.2930802336741103,0.09952839841165188,0.0,0.003034636230665845,0.033491678485697014,0.001112179897726685,0.020566983423852225,0.0034660319206720152,0.014152942626636786,4,8,4,"Solar PV, batteries and power systems",0.2930802336741103,0.17176433165060576,0.12131590202350453,7.258020282853797,installer_tradesperson,practical_advice_explainer,2023-08-19 14:24:23+00:00,2023
ImdbQFgf-X8,0.10478240397845158,0.0020253195988553384,0.09434385036769939,0.06045487910768369,0.0647336671370261,0.09270102864670612,0.07264767748738121,0.014982985888156292,0.08300654642836983,0.05642277800015938,0.02635275911537036,0.2651733295612398,0.010658769196038274,0.009854239636481897,0.003320198814025299,0.0385395670363554,30,12,1,Roof and attic ventilation and airflow,0.2651733295612398,0.10478240397845158,0.16039092558278822,10.458177418364583,training_educational,how_to_installation_demo,2020-10-28 22:00:02+00:00,2020
Iqo3sqT8Bjw,0.13017749018295263,0.0025000948873643587,0.013557460997959956,0.0013181651377205603,0.0,0.09712572963779437,0.0,0.0,0.0,0.07860883837810086,0.3513046594097308,0.0,0.19533348808732748,0.0,0.007101853416563562,0.12297221986448545,2,11,13,"Product sourcing, access and location questions",0.3513046594097308,0.19533348808732748,0.15597117132240335,5.772977262568194,installer_tradesperson,how_to_installation_demo,2022-06-27 16:53:00+00:00,2022
IwY3o8ndJx8,0.11910934440465265,0.0002068395231408387,0.0,0.41646812700903624,0.0,0.024451479795304338,0.06127012465148959,0.0,0.0647032805218024,0.002715931181923462,0.0,0.2668993882007999,0.0,0.0,0.0,0.04417548471185052,1,4,12,"Implementation, cost and how-to questions",0.41646812700903624,0.2668993882007999,0.14956873880823635,4.784481626966136,diy_renovator_homeowner,problem_warning_mistakes,2025-05-02 01:40:51+00:00,2025
IxSsOEGs3SU,0.04795136713248587,0.0008828685390225007,0.13197191332860353,0.019499500325812175,0.013905729840415996,0.044864907170314404,0.0,0.39530765975811843,0.004282976202913109,0.19136848726283961,0.0011611881394794862,0.0019347297793048267,0.0041572364307202875,0.05827091197007745,0.00013955300280889322,0.08430097111708339,4,8,10,"Solar PV, batteries and power systems",0.39530765975811843,0.19136848726283961,0.20393917249527882,6.16826924336456,installer_tradesperson,how_to_installation_demo,2025-11-23 18:00:32+00:00,2025
J0e6fuIiuic,0.0726338194464315,0.00309457753020159,0.2686105732501746,0.08332212188915641,0.08943444577629807,0.056534754197545764,0.09472295099565786,0.028270295761915924,0.053767302126549024,0.014468573368710243,0.08569483922538157,0.05316615037989264,0.013918873242832521,0.0038844216329003657,0.01334223599073718,0.06513406518561471,19,3,7,Clarification and specification questions,0.2686105732501746,0.09472295099565786,0.17388762225451676,10.723615812026384,installer_tradesperson,how_to_installation_demo,2023-10-19 08:41:39+00:00,2023
J6Q1F2peyag,0.07188318610774777,0.0029246352100980506,0.007872261348284606,0.0625318667851548,0.0080601812223637,0.10593279492006495,0.05875964881397393,0.24208929550590233,0.06588076369713772,0.003850867546734537,0.0954785509615183,0.007621886259938209,0.00042347919075265216,0.07093700136017501,0.02006144015024862,0.1756921409199048,10,8,16,"Solar PV, batteries and power systems",0.24208929550590233,0.1756921409199048,0.06639715458599754,9.406179562712753,installer_tradesperson,how_to_installation_demo,2025-06-22 17:00:31+00:00,2025
J9C3jHA_TlQ,0.24809871765533456,0.12098323408838847,0.01126040701681035,0.0016600916982424648,0.012638188031786136,0.12367843199924558,0.08723817401496273,0.03610104449122673,0.07012309889378406,0.07400142585885386,0.04295258536223529,0.06309206034718261,0.017850690558132605,0.020486484010450588,0.052628973326442154,0.017206392646921868,15,1,6,Situated household retrofit experience and building context,0.24809871765533456,0.12367843199924558,0.12442028565608898,10.738937682266963,builder_contractor,problem_warning_mistakes,2025-01-16 13:17:26+00:00,2025
JLNQqc5daic,0.005255870606570201,0.0,0.1747931156921957,0.2315715017966833,0.0006630802671438803,0.0006522014699806739,0.0,0.0,0.0,0.13279552417048268,0.0008906067490035054,0.0,0.2913024429058739,0.03412194441317692,0.003487024251761973,0.12446668767712726,4,13,4,"Wall, cavity and floor insulation",0.2913024429058739,0.2315715017966833,0.05973094110919064,5.52255923376512,installer_tradesperson,how_to_installation_demo,2023-09-29 16:05:19+00:00,2023
JOvERrJWrck,0.005324213634831879,0.015256522242593567,0.22485491546598332,0.0009464568194522014,0.0010528038421619985,0.0,0.035438873004866145,0.02735299352030952,0.2876610399513524,0.040632041369009365,0.0,0.12885461626558664,0.08794000065974135,0.006470366281156034,0.12327525213217481,0.014939904810780764,3,9,3,Performance checking and troubleshooting,0.2876610399513524,0.22485491546598332,0.06280612448536907,7.226254199313273,training_educational,how_to_installation_demo,2023-05-24 11:03:02+00:00,2023
JU_Fts-2F7o,0.11262708010419645,0.019571724876864788,0.04553987154800841,0.0691964954910696,0.04444238754426371,0.14687092707145666,0.049257923001420414,0.01793433838761583,0.05179863834440191,0.07538977193733305,0.03340931337471767,0.11960102292301618,0.06432433863569843,0.011172883340593177,0.0018875706394960504,0.13697571277984766,21,6,16,"Praise, gratitude and social endorsement",0.14687092707145666,0.13697571277984766,0.009895214291609,12.37351794213968,installer_tradesperson,how_to_installation_demo,2023-04-22 17:39:21+00:00,2023
JY_3dKSLCz0,0.023763260178334706,0.0021445811512427687,0.09304777781340695,0.009001975016233218,0.13713491641415684,0.0023824333326688055,0.2094901484988382,0.0,0.08269434292376379,0.0,0.002349461651118397,0.0,0.00043748279279350115,0.3553309433973438,0.004232850871264146,0.07798982595883493,5,14,7,Thermostat wiring and smart heating controls,0.3553309433973438,0.2094901484988382,0.14584079489850557,6.00858348500525,installer_tradesperson,how_to_installation_demo,2023-02-12 20:06:21+00:00,2023
JZHWAOAl_nE,0.08232950266559048,0.0,0.0,0.0,0.0,0.47089318022003307,0.31988258639724165,0.10146104325594162,0.0,0.0,0.0,0.0,0.0,0.01193423805830824,0.0,0.013499449402884934,1,6,7,"Praise, gratitude and social endorsement",0.47089318022003307,0.31988258639724165,0.15101059382279142,3.553520919685916,installer_tradesperson,practical_advice_explainer,2024-04-05 09:37:48+00:00,2024
JcTgSwtljcY,0.0884563783178687,0.004664643052065691,0.08999684053342501,0.07256705192738665,0.038888684463987,0.015374454970793936,0.045453166437254514,0.062203594972987934,0.05863300290169781,0.031041893335329578,0.06347023190252626,0.37580280102063507,0.014766637755012338,0.007187449982953764,0.010544087713221354,0.020949080712854364,60,12,3,Roof and attic ventilation and airflow,0.37580280102063507,0.08999684053342501,0.2858059604872101,8.970634167106986,diy_renovator_homeowner,how_to_installation_demo,2023-07-11 20:07:51+00:00,2023
JjuiCQN6yMo,0.10504835936188463,0.021895067401393097,0.006871200143915908,0.0,0.6220177692113875,0.0,0.01320690150484123,0.04128471749280992,0.0,0.0016813452611674357,0.009469808859495828,0.0,0.0,0.0,0.17852483076310452,0.0,1,5,15,Heat pumps and heating systems,0.6220177692113875,0.17852483076310452,0.44349293844828297,3.3238697772941785,installer_tradesperson,how_to_installation_demo,2022-05-04 12:05:47+00:00,2022
JlLAyv-6OZ4,0.15588715360448613,0.003217550607989872,0.07683229951290572,0.03034224209428306,0.08016329451257619,0.032563317721828855,0.05746150697413363,0.06048757685901379,0.08480578346259858,0.013240568896712497,0.01960888132234838,0.012689325630566378,0.005560298030543604,0.33704849903304857,0.0052847681346678095,0.024806933602296907,45,14,1,Thermostat wiring and smart heating controls,0.33704849903304857,0.15588715360448613,0.18116134542856244,8.783900942137988,installer_tradesperson,problem_warning_mistakes,2024-04-19 17:00:09+00:00,2024
JlQ16FEl4zI,0.12311132223931548,0.008575083953677114,0.07933043872948296,0.05792170889178618,0.019483025004628556,0.16344664753514615,0.07005464079761638,0.1573024672022651,0.0591086489795445,0.03214130612695044,0.03221118934076109,0.00945604830072168,0.004611453893516599,0.09351657933134705,0.017521825340600053,0.07220761433264065,54,6,8,"Praise, gratitude and social endorsement",0.16344664753514615,0.1573024672022651,0.006144180332881055,11.636266326020587,installer_tradesperson,how_to_installation_demo,2025-02-21 17:21:06+00:00,2025
JltjcD-3Zzc,0.09464138681296337,0.0,0.0,0.4421448796756194,0.0,0.003057795284707539,0.05377338233489947,0.048097519795429575,0.0772528332902201,0.008279086499433798,0.0,0.0,0.0,0.27275311630672683,0.0,0.0,1,4,14,"Implementation, cost and how-to questions",0.4421448796756194,0.27275311630672683,0.16939176336889256,4.46682418378931,installer_tradesperson,how_to_installation_demo,2021-04-23 09:54:09+00:00,2021
JnxRKblanBs,0.10486152412396788,0.0033275046961146596,0.10482405812372145,0.0708167215909489,0.014379092833182458,0.2551347082485159,0.019707434451669954,0.02683681972674389,0.02239864562243557,0.007627091862677818,0.00486782921127122,0.0291778546009993,0.16888752842805374,0.020619244784112725,0.036337944454985116,0.1101959972405994,28,6,13,"Praise, gratitude and social endorsement",0.2551347082485159,0.16888752842805374,0.08624717982046218,9.569578556143675,builder_contractor,how_to_installation_demo,2021-07-28 14:14:16+00:00,2021
JoMHQAHSGZ0,0.2136085584357291,0.006700371290003837,0.011559573662988494,0.009904339974126684,0.009464669713360237,0.3023657551628833,0.11162163643594179,0.010777217911117602,0.04046112000044291,0.018200847203312234,0.000663367046829685,0.06856683978270096,0.0,0.02546058674510321,0.0164519801661516,0.15419313646930835,3,6,1,"Praise, gratitude and social endorsement",0.3023657551628833,0.2136085584357291,0.08875719672715418,7.392602643929551,diy_renovator_homeowner,problem_warning_mistakes,2024-11-18 16:08:52+00:00,2024
JofgCviM79w,0.16722427868495635,0.0037257969425886135,0.05582660916231166,0.06034104873447345,0.06621000628717623,0.07183655483928823,0.04784614461328237,0.034934303806909976,0.0960472976707916,0.03628330215152908,0.038326297007512763,0.006985760491182092,0.014705736376500312,0.23530703541863052,0.011916698050867335,0.052483129761999384,81,14,1,Thermostat wiring and smart heating controls,0.23530703541863052,0.16722427868495635,0.06808275673367417,10.98996504219679,installer_tradesperson,how_to_installation_demo,2021-06-12 19:00:03+00:00,2021
JqJODEOtoK0,0.09943848396972037,0.0026099697491083003,0.02288493395158082,0.06284792583433338,0.0031402549276628475,0.029787671481304557,0.1484010456424543,0.44903582961308924,0.05313078407631081,0.02799455341173835,0.0013035034102514879,0.01798721984059363,0.008711000061896582,0.01594256818520728,0.0139339744905303,0.042850281354217756,14,8,7,"Solar PV, batteries and power systems",0.44903582961308924,0.1484010456424543,0.3006347839706349,6.750419959127734,installer_tradesperson,practical_advice_explainer,2022-02-25 15:00:15+00:00,2022
JyFMQuSUV2U,0.14644393918907275,0.02696343537566022,0.051840374531374966,0.05701555877612864,0.0082435948030008,0.14355705876072883,0.03155188079015015,0.024023834544004162,0.04731762980508615,0.06245232873936926,0.024575502685275526,0.06914187972322998,0.15610234502035025,0.015514642937590938,0.05568503330343513,0.0795709610155422,97,13,1,"Wall, cavity and floor insulation",0.15610234502035025,0.14644393918907275,0.0096584058312775,12.459308305235732,diy_renovator_homeowner,how_to_installation_demo,2023-02-10 17:05:45+00:00,2023
K2JHmIfIWTY,0.06675689870970278,0.0,0.0,0.8728850960851259,0.013729957646559028,0.033114711227517336,0.0,0.0,0.0,0.0,0.0,0.013513336331095055,0.0,0.0,0.0,0.0,1,4,1,"Implementation, cost and how-to questions",0.8728850960851259,0.06675689870970278,0.8061281973754231,1.697653732711347,installer_tradesperson,how_to_installation_demo,2024-10-07 00:20:16+00:00,2024
K4TS8z617_Y,0.1325053525142672,0.0,0.20501343935350685,0.10596012653594278,0.016831692801913985,0.04740515690644814,0.022672492671466402,0.14691817881902763,0.2250160951633561,0.017290754296078518,0.00043735550203233644,0.00511943808028398,0.0,0.05763653118582606,0.0,0.017193386169849917,4,9,3,Performance checking and troubleshooting,0.2250160951633561,0.20501343935350685,0.02000265580984925,8.020160194354546,installer_tradesperson,how_to_installation_demo,2024-12-19 14:24:46+00:00,2024
K6HR2ftXFss,0.09705731914600453,0.04149697259070883,0.0605467116857814,0.0278446696045723,0.022422508444227825,0.0634998666682333,0.03868344508803644,0.009833156900072087,0.03575676939973441,0.02150813524998901,0.023578363455945238,0.09932243291530263,0.141341052259487,0.0062072970928262715,0.24131850691247306,0.06958279258660567,117,15,13,Vapour barriers and moisture control,0.24131850691247306,0.141341052259487,0.09997745465298605,11.194610128989988,training_educational,practical_advice_explainer,2024-03-09 16:00:09+00:00,2024
K9LZKRr8-HQ,0.04347394348426266,0.0,6.545097577171924e-05,0.35328247182445555,0.23376945361755838,0.3241726407787017,0.0,0.0006196966206398018,0.0,0.016957415748834158,0.00655112153358769,0.0,0.0012758714540444267,0.007708293846756441,0.0,0.012123640115387533,2,4,6,"Implementation, cost and how-to questions",0.35328247182445555,0.3241726407787017,0.02910983104575382,4.119076528132662,training_educational,how_to_installation_demo,2022-05-24 16:00:13+00:00,2022
KExLT4RVplc,0.07653463741554346,0.0006118130973127968,0.4101574537221564,0.0037343587292507814,0.02094210918520888,0.0,0.02357324515345906,0.007086300985999162,0.012664618512221596,0.010641038049150417,0.0,0.3200650593736378,0.07701274727638713,0.0,0.014842736304789725,0.02213388219488288,3,3,12,Clarification and specification questions,0.4101574537221564,0.3200650593736378,0.09009239434851862,4.975857802207426,training_educational,how_to_installation_demo,2025-05-15 10:19:43+00:00,2025
KH1U2gLK8Y8,0.09800665254502505,0.007923413649253362,0.03116484178273559,0.06391288289212826,0.013795220326918302,0.14204920691867612,0.034411564850824264,0.25940409770617545,0.10975472810307768,0.056385629075090614,0.018232691213019608,0.005428519073102066,0.006502983146658254,0.07047724177586326,0.017393321072922793,0.06515700586852936,84,8,6,"Solar PV, batteries and power systems",0.25940409770617545,0.14204920691867612,0.11735489078749933,10.23897973516014,installer_tradesperson,how_to_installation_demo,2024-04-20 14:00:13+00:00,2024
KIbJ6CBhWoI,0.2319609092888604,0.016870965407781362,0.07117482001875411,0.08590419214661688,0.01908159995793898,0.046007122532868226,0.0325556324305018,0.025931816060507613,0.13455726970848098,0.033766684690706476,0.0216291445541846,0.10068206222330524,0.037971909678308796,0.014164256093337308,0.059362895975810216,0.06837871923203699,96,1,9,Situated household retrofit experience and building context,0.2319609092888604,0.13455726970848098,0.09740363958037943,11.75297878575833,diy_renovator_homeowner,how_to_installation_demo,2023-09-23 03:56:08+00:00,2023
KJava-6Slu8,0.0801581922044851,0.022552920054858854,0.1466354297864725,0.025463963200681825,0.00011076734612535173,0.08017600807495741,0.01199690183478717,0.011274469991882839,0.02374090657541631,0.027110009572288592,0.013624853889258597,0.03423878267792341,0.2931779512971264,0.02412905220876542,0.12533018103018606,0.08027961025478411,25,13,3,"Wall, cavity and floor insulation",0.2931779512971264,0.1466354297864725,0.14654252151065392,9.419653456946811,builder_contractor,how_to_installation_demo,2023-07-28 11:56:52+00:00,2023
KLwXZxYlrpo,0.017488638551669444,0.0,0.42953337215940024,0.4702487973184662,0.05155952408596888,0.0,0.0,0.005179253272357386,0.0,0.0,0.0025190105343570607,0.023471404077780793,0.0,0.0,0.0,0.0,1,4,3,"Implementation, cost and how-to questions",0.4702487973184662,0.42953337215940024,0.040715425159065954,2.920670619821903,installer_tradesperson,how_to_installation_demo,2023-07-15 22:43:45+00:00,2023
KMZEbcjmu_g,0.04096206597495418,0.03205879990510585,0.13099021799465227,0.12242467479793132,0.010045225135869886,0.03221569570991707,0.08945443122400998,0.0548030036188931,0.17751767084641584,0.0986039977417437,0.001604981801765237,0.00041457024082450515,0.05571297330325915,0.005464941747752962,0.04579684526766252,0.10192990468924243,5,9,3,Performance checking and troubleshooting,0.17751767084641584,0.13099021799465227,0.04652745285176357,11.119448595407562,builder_contractor,problem_warning_mistakes,2025-07-03 21:22:49+00:00,2025
KMjAD1by_vc,0.20782005842149653,0.05770925696280936,0.1356724154987634,0.03590068180833492,0.019752398792367617,0.06230319422466217,0.05605554981235665,0.038640647175257344,0.14978906547351353,0.04394241901647206,0.04336201923237124,0.041310743429344494,0.00962276166023857,0.008555579453476759,0.021914013596632764,0.06764919544190255,15,1,9,Situated household retrofit experience and building context,0.20782005842149653,0.14978906547351353,0.058030992947983,11.704958630201732,diy_renovator_homeowner,how_to_installation_demo,2020-10-25 17:58:52+00:00,2020
KNJjVP1co6s,0.07275646607311564,0.01461019921412419,0.10842605471191401,0.1468552694928557,0.005335391577650214,0.330708596902612,0.012582447718662538,0.04066620092035438,0.046700011271014356,0.008764050505960847,0.0033464448034382526,0.016447370585700474,0.09692072480610109,0.04945775092598632,0.013735679904326089,0.032687340586183895,12,6,4,"Praise, gratitude and social endorsement",0.330708596902612,0.1468552694928557,0.1838533274097563,8.767077936312802,installer_tradesperson,how_to_installation_demo,2024-09-26 14:16:20+00:00,2024
KRJGh6X073Q,0.2656561306801286,0.006954118451768139,0.07177195881687613,0.05517720276850142,0.11149401112346685,0.04185209936493822,0.042072586958894646,0.03287946247288629,0.074319264794467,0.028800490083542653,0.06636222089377307,0.037191764065542664,0.012824872927064768,0.07039929995586636,0.011310010365720534,0.07093450627656263,48,1,5,Situated household retrofit experience and building context,0.2656561306801286,0.11149401112346685,0.15416211955666176,11.444037929670985,installer_tradesperson,problem_warning_mistakes,2024-12-10 00:23:54+00:00,2024
KVM1hAuYDeM,0.024876656738575188,0.0,0.297777825089118,0.27984946777512243,0.0,0.0,0.0,0.008448804926473753,0.0015178372938987514,0.0,0.00025550604335592694,0.19602319181942016,0.14023393864588574,0.03881438165446464,0.012202390013685416,0.0,2,3,4,Clarification and specification questions,0.297777825089118,0.27984946777512243,0.017928357313995558,5.135024314259639,installer_tradesperson,how_to_installation_demo,2025-05-22 05:18:51+00:00,2025
KW7dWGEwXWQ,0.2339193326378543,0.044501128205528755,0.01055364705974143,0.2216933827965061,0.07634350191303015,0.1511161585532768,0.02031985704381812,0.01301177475990577,0.011189632732034632,0.0,0.010287441575408514,0.02937659901159909,0.023834456943457556,0.05652015291130748,0.0,0.09733293385653134,4,1,4,Situated household retrofit experience and building context,0.2339193326378543,0.2216933827965061,0.0122259498413482,8.6464195606225,training_educational,how_to_installation_demo,2023-05-28 06:40:04+00:00,2023
K_GmdyM8WVQ,0.03691199184856454,0.0054076986521446,0.2460672684773637,0.10138986964285905,0.0,0.0011482497901709322,0.010279431505853694,0.012360165979764632,0.0518432190373335,0.23485259010024134,0.10347790899613515,0.002136923185603922,7.735428544522905e-05,0.17570384531848687,0.014321771827926119,0.004021711352106685,5,3,10,Clarification and specification questions,0.2460672684773637,0.23485259010024134,0.011214678377122367,7.149493096819881,installer_tradesperson,how_to_installation_demo,2025-02-07 01:44:59+00:00,2025
Kl3EAJD7Kbs,0.07432994327947606,0.005921060663998682,0.05147534023861793,0.04097683920146055,0.003909066027978052,0.07205225435314447,0.025565189200702474,0.009759379098708337,0.024933038529153254,0.02118342874400468,0.013248823830208686,0.34249865434074395,0.11028252050197095,0.007145516419650039,0.10944714060469496,0.08727180496548695,105,12,13,Roof and attic ventilation and airflow,0.34249865434074395,0.11028252050197095,0.232216133838773,8.923440775941497,builder_contractor,problem_warning_mistakes,2019-05-18 06:59:56+00:00,2019
KltU08BK7Oc,0.12187720553395617,0.02219584512842415,0.088478273977073,0.025730734593563148,0.02349879742267663,0.03508929226864178,0.026951630874457688,0.013935028005372035,0.04212361046129007,0.06258621070982952,0.016514151242893703,0.09142432364407858,0.21109943239337267,0.01527895009284096,0.11765642084038609,0.08556009281114382,228,13,1,"Wall, cavity and floor insulation",0.21109943239337267,0.12187720553395617,0.0892222268594165,11.70598707328142,training_educational,practical_advice_explainer,2025-01-14 19:00:09+00:00,2025
Ks55Hi2O81I,0.1529980904886079,0.0017200990622604133,0.06559611820476557,0.03643975822858842,0.19967858322819793,0.12135041319296196,0.0686182080704813,0.046327610900787096,0.06595383062453518,0.011850515692054107,0.022147493045326882,0.019059792578944516,0.01763528400027333,0.09597352968822674,0.006768870188646314,0.06788180280534235,44,5,1,Heat pumps and heating systems,0.19967858322819793,0.1529980904886079,0.04668049273959002,11.08565574499593,diy_renovator_homeowner,how_to_installation_demo,2024-11-24 07:00:10+00:00,2024
KwevE9ru8PE,0.016900244378956198,0.0,0.0,0.0,0.677762115274857,0.0,0.14104294222372316,0.0,0.13483321649725494,0.029461481625208678,0.0,0.0,0.0,0.0,0.0,0.0,1,5,7,Heat pumps and heating systems,0.677762115274857,0.14104294222372316,0.5367191730511338,2.6720633724742697,installer_tradesperson,how_to_installation_demo,2024-07-19 15:30:05+00:00,2024
KxHcu7JvZwk,0.25177155078048896,0.0023906389055037393,0.0337703010321703,0.02959389944716869,0.21700453601868178,0.04352305031654768,0.03189271359529099,0.0725565656090574,0.05539707551872556,0.01813762148193027,0.015611265578375255,0.06660703508060327,0.046730275400561065,0.057461333018917905,0.006096823988614014,0.0514553142273631,228,1,5,Situated household retrofit experience and building context,0.25177155078048896,0.21700453601868178,0.034767014761807186,10.154463512515381,training_educational,practical_advice_explainer,2022-01-19 19:00:06+00:00,2022
Kz5JbXTo4rM,0.04259285715740083,0.0030795833419819227,0.07812587439614219,0.06970362114667585,0.0019735836984117374,0.05355707750892157,0.04735492586919861,0.43599273722934284,0.06756887274643972,0.02667006660218568,0.013863200442460312,0.00971349316359087,0.006014399646149777,0.06254238658255247,0.007396009080003161,0.07385131138854244,126,8,3,"Solar PV, batteries and power systems",0.43599273722934284,0.07812587439614219,0.3578668628332007,7.601827150904096,training_educational,practical_advice_explainer,2024-09-04 16:15:01+00:00,2024
L2Hy1IhQ17s,0.06830830280875322,0.02559296623455846,0.09463555128544883,0.05863222723728228,0.0072897279558035745,0.20909980087084715,0.023297246776166663,0.03362285164295871,0.04821571324406992,0.023935714120258727,0.022331570515421534,0.02255257128405912,0.16116481383642814,0.01832628414734202,0.039227666431521466,0.1437669916090802,31,6,13,"Praise, gratitude and social endorsement",0.20909980087084715,0.16116481383642814,0.04793498703441901,11.140837904434465,installer_tradesperson,how_to_installation_demo,2022-08-27 13:06:32+00:00,2022
LC8RkysGVwY,0.14399121344888058,0.008964267320186452,0.02255261134345848,0.03860405250301268,0.0011348279754239286,0.08006513762032372,0.012528037173325679,0.011954782108744106,0.07674906926859647,0.0024547358089619283,0.0022726205661048188,0.06415284544569082,0.4317610069652705,0.001322446616049284,0.02416597283886902,0.0773263729971016,11,13,1,"Wall, cavity and floor insulation",0.4317610069652705,0.14399121344888058,0.28776979351638987,6.761302646799046,installer_tradesperson,how_to_installation_demo,2024-01-15 10:19:19+00:00,2024
LHNQ0GYG07I,0.11343159490200946,0.0077382688704305804,0.10609245062241679,0.057914963174007295,0.012456025778888047,0.07085000146863789,0.03286708070267487,0.14408574064554458,0.14098310409504522,0.03417787935514663,0.023551098235582404,0.020507446829183186,0.008830004389868615,0.13270494290099497,0.0214398301788989,0.07236956785067061,45,8,9,"Solar PV, batteries and power systems",0.14408574064554458,0.14098310409504522,0.0031026365504993603,11.738473090686005,installer_tradesperson,how_to_installation_demo,2020-10-01 13:30:03+00:00,2020
LJvPWIKaZpM,0.028058120559742772,0.008824057010595026,0.10335692529535555,0.09205570228563441,0.008721420996325049,0.056706098945395945,0.3040469954336888,0.01777699235109216,0.002643313797244197,0.0006186511438189424,0.0,0.012005780809136115,0.26147453350225147,0.07965243126792475,0.018435259478244006,0.005623717123550823,6,7,13,"Alternative methods, challenges and ""why"" questions",0.3040469954336888,0.26147453350225147,0.04257246193143732,7.115506063246529,training_educational,how_to_installation_demo,2025-08-07 06:26:00+00:00,2025
LL2-8RXSYKc,0.07964026668039026,0.013356538264420532,0.04779626182066982,0.043369621866410885,0.0027625029924738384,0.09572425172512104,0.03318314850505915,0.012623650827280971,0.0438328197001354,0.016309570580949704,0.008891318578528621,0.28598039907272343,0.08599918043392958,0.011436475870612977,0.1316553268352282,0.08743866624606556,131,12,15,Roof and attic ventilation and airflow,0.28598039907272343,0.1316553268352282,0.15432507223749523,9.934366875463066,installer_tradesperson,problem_warning_mistakes,2020-01-18 18:36:38+00:00,2020
LL6YhT_HkIY,0.14003092098449396,0.0033141315957035938,0.08725680276291164,0.06825399339554639,0.18282702585008953,0.1077863906298914,0.038756862407772694,0.03289347469799588,0.05158666214640903,0.027228379763709166,0.025345179418586387,0.010017103292439945,0.01539424698132144,0.09605513154163835,0.010843756212172997,0.1024099383193176,204,5,1,Heat pumps and heating systems,0.18282702585008953,0.14003092098449396,0.04279610486559557,11.488359045177452,installer_tradesperson,how_to_installation_demo,2024-03-02 14:14:15+00:00,2024
LMOqxyZPivQ,0.12391792020659313,0.044292023288595224,0.07435336741430898,0.040364442336038996,0.022531141864613868,0.08909162130497471,0.02568647405662659,0.03502610752772751,0.028535207409152955,0.018366559131855323,0.010729795727904157,0.1358808807063956,0.14983989409963513,0.006043652927432313,0.09871785411677396,0.09662305788137157,70,13,12,"Wall, cavity and floor insulation",0.14983989409963513,0.1358808807063956,0.013959013393239544,12.138902825690577,training_educational,practical_advice_explainer,2024-03-23 15:00:16+00:00,2024
LVYSz1CuuDw,0.1364322740310911,0.00614146858045628,0.15385047879807592,0.054800897152228294,0.0018903835179841823,0.025862108736353674,0.12334804578222111,0.09396826745936704,0.04547705037875493,0.029293478257577967,0.08155525493832616,0.1304198599769867,0.01560132051676224,0.011687920191701113,0.02865781790556495,0.061013373776548356,98,3,1,Clarification and specification questions,0.15385047879807592,0.1364322740310911,0.01741820476698483,11.476279583366711,installer_tradesperson,how_to_installation_demo,2023-04-27 01:23:08+00:00,2023
LXVmZhiyUQc,0.04949695385136241,0.12088163126645853,0.0967786248554946,0.07280602295055703,0.029146381661816483,0.00534647765774372,0.02683287320999812,0.010979811991873778,0.024699258773031287,0.08601034173095615,0.06743547956483366,0.19708615577756178,0.15741591972174837,0.006495888059057648,0.03134728303920228,0.017240895888304197,19,12,13,Roof and attic ventilation and airflow,0.19708615577756178,0.15741591972174837,0.03967023605581341,11.081248681326752,diy_renovator_homeowner,how_to_installation_demo,2023-04-18 02:07:21+00:00,2023
LZSdQjGvL9k,0.030438889346270592,0.04575595338377466,0.08712094039025862,0.017045277971134587,0.002238072715912286,0.04817134733928725,0.0165999314777907,0.031107586792019037,0.02217047826279651,0.0036195877523595723,0.015790443575245096,0.49620126819351584,0.06656370774620708,0.01150787596096164,0.07744502761275102,0.028223611479715416,5,12,3,Roof and attic ventilation and airflow,0.49620126819351584,0.08712094039025862,0.4090803278032572,6.778559661763783,training_educational,problem_warning_mistakes,2023-06-20 23:00:09+00:00,2023
Lc2D5U4DJew,0.07816798795072455,0.019704783864075433,0.05941478770262417,0.040664527426202635,0.004557768185527063,0.05611899161149248,0.035730234589297145,0.012381670461616786,0.04341472592316238,0.026372791046108107,0.017974405219709163,0.3016879344718039,0.15037863476841087,0.010356878726987383,0.0863304017745595,0.05674347627769846,179,12,13,Roof and attic ventilation and airflow,0.3016879344718039,0.15037863476841087,0.15130929970339305,10.039906374868146,installer_tradesperson,problem_warning_mistakes,2024-02-04 16:34:44+00:00,2024
Lh8aCduBcqo,0.08317568451094023,0.029728468747176544,0.002043882770406034,0.19712214883588144,0.013893529454708335,0.002890829127626783,0.02676684476876426,0.019783661620918862,0.033805968290141965,0.009161570581812014,0.009704818026913165,0.029741660611313517,0.3668471995894842,0.0,0.16825891696796463,0.0070748160959478905,2,13,4,"Wall, cavity and floor insulation",0.3668471995894842,0.19712214883588144,0.16972505075360275,6.717909218108981,training_educational,problem_warning_mistakes,2025-07-22 11:00:44+00:00,2025
Li7CgRYpf5o,0.0,0.0,0.28501364371685994,0.004239330567904042,0.0,0.02699223237482593,0.0,0.0,0.03392575901462167,0.0,0.0,0.0,0.0,0.3658907937271352,0.0,0.2839382405986533,3,14,3,Thermostat wiring and smart heating controls,0.3658907937271352,0.28501364371685994,0.08087715001027523,3.738031743390619,installer_tradesperson,how_to_installation_demo,2025-03-09 21:14:55+00:00,2025
LiPPnHF2pFY,0.12475772475855762,0.007311810268240556,0.4119746949275798,0.00830976242507401,0.00035499690433319915,0.001713605015701759,0.19003712403356882,0.0005633281727133284,0.006912365563021877,0.10387545013446105,0.004063018135044527,0.0,0.08863998916326865,0.005481971156802957,0.0018758981382663129,0.0441282612033655,14,3,7,Clarification and specification questions,0.4119746949275798,0.19003712403356882,0.221937570894011,5.579452957002696,installer_tradesperson,how_to_installation_demo,2022-10-05 19:26:30+00:00,2022
LkCtjVxpO-c,0.15502265688078573,0.005253185560603075,0.2128324245009353,0.0010925002081755408,0.0006663199621547223,0.03707181172025861,0.04477879895647103,0.1027610836810098,0.15498176265714925,0.11561685707167113,0.0068236604098585694,0.0026099152034442163,0.0,0.06419097279297978,0.0033650642732255035,0.09293298612127777,4,3,1,Clarification and specification questions,0.2128324245009353,0.15502265688078573,0.05780976762014958,8.648750909521864,installer_tradesperson,how_to_installation_demo,2025-11-05 16:29:59+00:00,2025
LktNz_AXslE,0.18232028953105783,0.0,0.0,0.0,0.0,0.14992443359624014,0.03377963366959122,0.0,0.1320097488466614,0.030103761838595172,0.0,0.43202087189389315,0.024133390782721205,0.004423305638707356,0.0,0.011284564202532564,1,12,1,Roof and attic ventilation and airflow,0.43202087189389315,0.18232028953105783,0.24970058236283532,4.998087590890063,builder_contractor,how_to_installation_demo,2025-10-28 13:46:03+00:00,2025
LyZ2M3MJqGA,0.06649525670417451,0.08148261408397482,0.21874894739895087,0.09634007169099734,0.0013269504316205125,0.016041096867369393,0.010707670328577872,0.009097987541629932,0.0632560854880138,0.06793320610702198,0.00884331794215311,0.03908394850389777,0.17315165982440422,0.01922509454128668,0.0633116431673185,0.06495444937860874,14,3,13,Clarification and specification questions,0.21874894739895087,0.17315165982440422,0.04559728757454665,10.661121376549534,builder_contractor,how_to_installation_demo,2023-02-02 16:20:23+00:00,2023
LzIbIpMx5SA,0.05259528461245342,0.0,0.05945123953135532,0.0,0.02351192705044024,0.09726390088552021,0.0009260693048735375,0.11811195772666223,0.1600961154548818,0.0027931927189237264,0.0637661753576818,0.0,0.025093406216861118,0.39624263590323283,0.00014809523711371874,0.0,2,14,9,Thermostat wiring and smart heating controls,0.39624263590323283,0.1600961154548818,0.23614652044835102,6.310014240009192,installer_tradesperson,how_to_installation_demo,2019-06-21 20:30:08+00:00,2019
M14wFSDbOCs,0.07608837096836571,0.0,0.1960113197617689,0.002742327113417099,0.018222721341629663,0.004590585454211713,0.0,0.08973492940828431,0.0,0.4102280807018051,0.021267490396506612,0.03584557687840731,0.1136299271298226,0.0013496697495502378,0.013984898860417816,0.01630410223581293,5,10,3,"Implementation follow-up, outcomes and retrospective questions",0.4102280807018051,0.1960113197617689,0.21421676094003622,6.020855293841276,diy_renovator_homeowner,how_to_installation_demo,2023-12-15 22:35:03+00:00,2023
M1KzqaOgtss,0.06615967276324816,0.011598762265968296,0.05330693904523549,0.022947135998529076,0.03420235533770632,0.12926959913714384,0.027332536322780945,0.012914473670297888,0.06756985158330284,0.023205195133655054,0.01597505929215734,0.07191070108325735,0.1869983735491131,0.01992183454484676,0.14177002381322373,0.11491748645953377,62,13,15,"Wall, cavity and floor insulation",0.1869983735491131,0.14177002381322373,0.04522834973588938,11.595765866625172,installer_tradesperson,how_to_installation_demo,2023-08-14 13:43:35+00:00,2023
M5tyd3ayt80,0.11869050906749773,0.011881743262982053,0.05873352732359504,0.03485617185807438,0.018199634625548192,0.0931744634847786,0.03239141710213895,0.015901667179291243,0.02956330764809576,0.012189504528488285,0.020169017304441143,0.23446047086934613,0.13230665150678425,0.01051596372855713,0.11988360719020111,0.05708234332018,229,12,13,Roof and attic ventilation and airflow,0.23446047086934613,0.13230665150678425,0.10215381936256188,10.697296657500107,training_educational,practical_advice_explainer,2021-02-03 18:55:10+00:00,2021
M6LNHyVoXWc,0.15632145859524696,0.002253008048149246,0.02087625343096382,0.049936764724874495,0.025343084841267394,0.19552257702626252,0.036235947226106895,0.08018693235007342,0.0780913999776383,0.09109738665019108,0.025920709034098554,0.018740833235338105,0.015792618959765314,0.17615903040875885,0.004289540554245484,0.023232454937019593,19,6,14,"Praise, gratitude and social endorsement",0.19552257702626252,0.17615903040875885,0.01936354661750367,10.359018756954065,installer_tradesperson,how_to_installation_demo,2025-04-15 18:53:41+00:00,2025
MDb9hLPQ8eE,0.3358584919347812,0.04534831178233953,0.15151514915331885,0.011633189002032097,0.0,0.028706096440805212,0.1287367040176924,0.05499577228015204,0.08118447732677343,0.02476321789780346,0.009693139657348653,0.025424084923918344,0.009310208511759706,0.003495152696207956,0.02988503552798666,0.05945096884708052,12,1,3,Situated household retrofit experience and building context,0.3358584919347812,0.15151514915331885,0.18434334278146233,8.495785972800851,installer_tradesperson,how_to_installation_demo,2023-01-17 08:16:28+00:00,2023
MQmy2PkmlCE,0.12651045501757607,0.0066098931176385685,0.1704134638318447,0.08347412490695935,0.00756195798255929,0.017811054226897726,0.053869179275649964,0.15277205356692072,0.06983481265011955,0.0392183091427546,0.02899537277480031,0.12470188229410228,0.015294294139214059,0.005301315951822879,0.017098784029743297,0.08053304709139665,76,3,8,Clarification and specification questions,0.1704134638318447,0.15277205356692072,0.017641410264923968,10.978553778662167,installer_tradesperson,how_to_installation_demo,2023-06-02 00:28:11+00:00,2023
MSYMzF7R340,0.033911887791057214,0.0,0.1563594491337082,0.3052484381775703,0.003073670091887208,0.0,0.0,0.0,0.299157349387206,0.0,0.003487110096177771,0.0015414149426908662,0.19206973097780491,0.005150949401897502,0.0,0.0,3,4,9,"Implementation, cost and how-to questions",0.3052484381775703,0.299157349387206,0.006091088790364296,4.5706738359785355,diy_renovator_homeowner,how_to_installation_demo,2025-01-31 10:28:20+00:00,2025
MSkP5jaxvt4,0.049123002906502115,0.0,0.0,0.0,0.0007482805675268274,0.6454199952683718,0.0,0.2423501453968693,0.0,0.018723545842177572,0.0,0.0,0.0,0.03569006093014795,0.0,0.007944969088404542,1,6,8,"Praise, gratitude and social endorsement",0.6454199952683718,0.2423501453968693,0.4030698498715025,2.749345105962308,installer_tradesperson,practical_advice_explainer,2022-12-29 21:00:11+00:00,2022
MUGaC890lJ8,0.13388657978145704,0.0015115041258023495,0.02321610874703637,0.09730408001606804,0.28099507058555345,0.1254978144275052,0.03258895128310461,0.03223079224925145,0.04781230097199038,0.05727422376305631,0.04582502760690361,0.017302190750754873,0.030374689546640635,0.023986060692571212,0.008821737356844429,0.04137286809546005,22,5,1,Heat pumps and heating systems,0.28099507058555345,0.13388657978145704,0.1471084908040964,10.19920872224418,installer_tradesperson,how_to_installation_demo,2024-02-29 23:01:01+00:00,2024
MWQWEHA4vjc,0.0388453254989485,0.002906727110130854,0.08101812465869124,0.0,0.029556030996992246,0.06817517064098302,0.02954455903272631,0.03610990812294062,0.10308331458057081,0.05137575646119315,0.00711566740491031,0.016659361848404487,0.009884318501746162,0.37402407555575196,0.013383448187018455,0.1383182113989919,9,14,16,Thermostat wiring and smart heating controls,0.37402407555575196,0.1383182113989919,0.23570586415676006,8.108225184127841,installer_tradesperson,how_to_installation_demo,2024-03-09 14:15:01+00:00,2024
Mt-ZkjoBdVM,0.07590743798073861,0.00472454704892505,0.07892876877830739,0.26628082235832423,0.02038385372992447,0.06706122982445144,0.045597042369405344,0.041606530462417544,0.05181153128865977,0.07112333835206243,0.05688177311150286,0.03569774324649842,0.04965025251528303,0.056623040649621675,0.01762299423135375,0.06009909405252399,35,4,3,"Implementation, cost and how-to questions",0.26628082235832423,0.07892876877830739,0.18735205358001683,11.973016363543099,diy_renovator_homeowner,how_to_installation_demo,2022-07-09 14:00:20+00:00,2022
Mvvkmfux0_M,0.14069921228084778,0.0009371867599888168,0.00804177409359971,0.0022870640963378245,0.12623079892249445,0.007348398873146003,0.16543050981642313,0.07628911655106504,0.174263470520643,0.0,0.0007218574146382044,0.005994232930532337,0.0055506680349800275,0.2772512524778076,0.004513928488022986,0.00444052873947307,5,14,9,Thermostat wiring and smart heating controls,0.2772512524778076,0.174263470520643,0.10298778195716457,6.684286354315305,installer_tradesperson,how_to_installation_demo,2025-04-09 17:30:04+00:00,2025
MwDCWACcfVA,0.1735080830629309,0.006365502500882355,0.03147676600820662,0.10403056691066054,0.07264280306191097,0.046148340015554665,0.05788311801851843,0.16089301833918046,0.09765626548569652,0.013613613662941525,0.023472386220312984,0.07799158415863325,0.007622793751724377,0.034658158321255246,0.008925949438921957,0.08311105104266922,71,1,8,Situated household retrofit experience and building context,0.1735080830629309,0.16089301833918046,0.01261506472375043,11.55331389030255,builder_contractor,how_to_installation_demo,2025-08-13 11:00:40+00:00,2025
Mx9X6maasbY,0.20753361347917307,0.004236776400557922,0.025832053610399787,0.08258582604748052,0.06015014442655076,0.07043271779249771,0.031473269852645556,0.01688365817584347,0.09439537467473286,0.021574300914921993,0.020789196745024396,0.2760726807689866,0.017597742257419256,0.01609948703066363,0.004774461782145424,0.049568696040957025,47,12,1,Roof and attic ventilation and airflow,0.2760726807689866,0.20753361347917307,0.06853906728981354,9.365445562002341,installer_tradesperson,problem_warning_mistakes,2022-10-20 11:52:43+00:00,2022
MzSCf_LkyNw,0.11367757105938767,0.03641132059637131,0.06532767195120834,0.03155424455362188,0.009707453216458028,0.017566034900744595,0.08128511748322678,0.014309021337643323,0.03976303592879964,0.04402435056947684,0.034700824733727965,0.15879133667460313,0.2719746141674274,0.010613929424580096,0.03887221806028113,0.03142125534244189,184,13,12,"Wall, cavity and floor insulation",0.2719746141674274,0.15879133667460313,0.11318327749282428,10.461939516401952,installer_tradesperson,how_to_installation_demo,2025-07-07 23:09:39+00:00,2025
N11syq45m_8,0.1851699732119631,0.004409956144980494,0.005773004062872237,0.0,0.014785982319274539,0.024072071976690552,0.0,0.029300785582402733,0.0019087237707475784,0.004457740172557364,0.0027809950427556277,0.5206060689744987,0.11368847686586565,0.0633412982234533,0.02832509437091088,0.0013798292810271958,2,12,1,Roof and attic ventilation and airflow,0.5206060689744987,0.1851699732119631,0.3354360957625356,4.691246814996453,builder_contractor,how_to_installation_demo,2024-07-04 20:14:23+00:00,2024
NHgE0lyJNmE,0.05704531243848795,0.0019407409486254096,0.09579609067350514,0.03840255968217188,0.0,0.048391118812231064,0.07149614200215518,0.01194602332204041,0.02230773193486101,0.024347521726573732,0.018743740488195652,0.19776071586472724,0.12417181239250233,0.0022714950686206327,0.19364286196204894,0.09173613268325341,7,12,15,Roof and attic ventilation and airflow,0.19776071586472724,0.19364286196204894,0.004117853902678298,9.91129475237813,builder_contractor,problem_warning_mistakes,2024-08-14 05:15:01+00:00,2024
NI1LN6eb94s,0.09251168942943844,0.006009194239540626,0.0010146906099011944,0.005931099381411963,0.31596525279691806,0.012502467975864155,0.2225858261660619,0.01027767767203598,0.0,0.009208095775141591,0.00621567673145887,0.20071733629212699,0.016569130393294985,0.026276517381599543,0.0,0.07421534515520566,3,5,7,Heat pumps and heating systems,0.31596525279691806,0.2225858261660619,0.09337942663085616,6.310961990834551,diy_renovator_homeowner,how_to_installation_demo,2025-08-04 12:28:26+00:00,2025
NOi8oDemN88,0.0002929312259931157,0.013914374828709757,0.00427398317663109,0.30674477130126404,0.07132347590855959,0.0,0.02199486449937539,0.046982330952898776,0.0,0.0020985026836353813,0.0,0.0,0.0,0.4779920966466739,0.03225765008519663,0.022125018691062277,1,14,4,Thermostat wiring and smart heating controls,0.4779920966466739,0.30674477130126404,0.17124732534540987,4.155765547545311,installer_tradesperson,how_to_installation_demo,2024-01-07 00:29:45+00:00,2024
NPTN70IhpCU,0.4302169121236565,0.08979385772831205,0.034833811223958136,0.0017101498885411766,0.0,0.13865234167482113,0.0,0.0,0.0,0.0,0.06880354758698035,0.11679000729343496,0.063766264981291,0.0,0.05543310749900462,0.0,1,1,6,Situated household retrofit experience and building context,0.4302169121236565,0.13865234167482113,0.2915645704488353,5.7655002377904285,installer_tradesperson,problem_warning_mistakes,2024-02-06 20:50:03+00:00,2024
NQMvw_CcWm4,0.02480156752526448,0.00664167059869385,0.042400884714143,0.018502108620464145,0.06718852429617475,0.09002224013000142,0.008809980155627626,0.018849527500877747,0.05600861698672628,0.06435747121614027,0.10480682223103634,0.004540199734533534,0.028601809254407955,0.4124021884629047,0.013740022270107236,0.03832636630289664,13,14,11,Thermostat wiring and smart heating controls,0.4124021884629047,0.10480682223103634,0.3075953662318684,8.1440323568904,installer_tradesperson,how_to_installation_demo,2020-03-28 11:28:37+00:00,2020
NUAbZcyyRT8,0.21307271457700433,0.006607968533799141,0.007734870995037268,0.0019398749496213497,0.09825426994230273,0.07734713112348533,0.03903735274320723,0.020327740475977456,0.04196071545293855,0.01216545902900271,0.03188365640970408,0.07201728303205432,0.00822699041586081,0.30957265320054017,0.025863359853079023,0.03398795926638553,14,14,1,Thermostat wiring and smart heating controls,0.30957265320054017,0.21307271457700433,0.09649993862353584,8.516789504404924,installer_tradesperson,how_to_installation_demo,2024-01-29 18:12:12+00:00,2024
NY9bim5h_WA,0.04968408976525128,0.005638008483515712,0.07469541106044485,0.0003939684265518182,0.11406782288719725,0.02087225726931481,0.04627599494270369,0.06825519323519759,0.24884116222312094,0.07642130958836285,0.001452043772647446,0.009471971243691356,0.003319965047695498,0.19584174986749184,0.01948269529826728,0.0652863568885458,9,9,14,Performance checking and troubleshooting,0.24884116222312094,0.19584174986749184,0.052999412355629105,9.19334542993887,diy_renovator_homeowner,how_to_installation_demo,2024-12-19 14:15:09+00:00,2024
NZNyK7W8yKI,0.2127265787014832,0.020072344986682266,0.1800869289487657,0.04399480200653826,0.012107380401477932,0.08465238794824353,0.06993895464573041,0.02754004842865816,0.08195141834092654,0.03288224857527062,0.026142560845870872,0.039663355780675265,0.044057818933416364,0.01178665441730593,0.040408932935936455,0.07198758410301849,93,1,3,Situated household retrofit experience and building context,0.2127265787014832,0.1800869289487657,0.03263964975271749,11.59812010657203,builder_contractor,how_to_installation_demo,2024-12-20 21:00:23+00:00,2024
NZs0Pdk81M0,0.065449474579387,0.006923066872258237,0.1605343957008375,0.04733682127589841,0.01869880779036765,0.15821144975310977,0.02919954657169618,0.006483103029682601,0.030921150933485037,0.009743076598752278,0.09776601481663441,0.013935266986477853,0.27482084144696173,0.004928247662672884,0.018503601835398467,0.056545134146380044,9,13,3,"Wall, cavity and floor insulation",0.27482084144696173,0.1605343957008375,0.11428644574612423,9.113889795550259,diy_renovator_homeowner,how_to_installation_demo,2019-08-15 10:39:38+00:00,2019
NiQLk93noEs,0.06178611768568311,0.12486102112052615,0.0016322675158020644,0.05472609843463477,0.0,0.08408160431562496,0.10196370572371559,0.0,0.20113742113757702,0.025044307237241593,0.007595135342438923,0.0,0.1267673275247722,0.0,0.07305162121006457,0.13735337275191906,7,9,16,Performance checking and troubleshooting,0.20113742113757702,0.13735337275191906,0.06378404838565796,9.206276557426573,builder_contractor,practical_advice_explainer,2025-05-04 21:31:18+00:00,2025
NnTpTE9r0sM,0.10690689477012849,0.003607780129209384,0.12513752326835614,0.0686438461769365,0.1705258188422962,0.09394407685513274,0.018813629492090367,0.0849614572601624,0.06500714081715223,0.022309331792163396,0.008383521626135114,0.059437523528650525,0.03819033614077326,0.031366585471109126,0.018662650653894705,0.08410188317580945,65,5,3,Heat pumps and heating systems,0.1705258188422962,0.12513752326835614,0.04538829557394006,12.152255926657954,training_educational,practical_advice_explainer,2022-01-24 14:38:42+00:00,2022
NoEnHZ8OyCM,0.26204789684269403,0.0070675406114324895,0.045354036496558586,0.062149770132086446,0.07120073097250965,0.038335543474622084,0.09987626501159998,0.016880668093906502,0.1556737766641286,0.025160782710692445,0.04594954165015382,0.04353593681865264,0.01152936360342543,0.04458253411165899,0.024376668087245146,0.046278944718633155,18,1,9,Situated household retrofit experience and building context,0.26204789684269403,0.1556737766641286,0.10637412017856543,10.958576903565813,installer_tradesperson,problem_warning_mistakes,2023-10-30 14:13:46+00:00,2023
Nqk9fg1dNzg,0.05858082238825061,0.028249986575708794,0.05213064815449646,0.0006489679481393322,0.009632896174900452,0.11098670701870753,0.09543124653879206,0.06395847243302479,0.004204911579593597,0.06677069743963934,0.006055659937614302,0.25047423671386015,0.10344768952780208,0.02184252078653606,0.0843509334518867,0.04323360333104777,7,12,6,Roof and attic ventilation and airflow,0.25047423671386015,0.11098670701870753,0.13948752969515263,10.575021643867068,diy_renovator_homeowner,how_to_installation_demo,2025-11-30 20:57:21+00:00,2025
Ns0leU63MRc,0.0656604603780894,0.0004201626686007925,0.09305299166146529,0.05526179051161315,0.1329323838866898,0.0004621553704287272,0.08992787511940968,0.012265670298146045,0.15784578590097875,0.10839037228118117,0.12681451716429476,0.051821639455537014,0.0,0.007507633284068454,0.011147804486754249,0.0864887575327427,10,9,5,Performance checking and troubleshooting,0.15784578590097875,0.1329323838866898,0.02491340201428896,10.501505455589808,installer_tradesperson,how_to_installation_demo,2025-06-23 05:51:13+00:00,2025
NsYxpQZuSdc,0.03379065787176485,0.007443591063879938,0.0004654921855795498,0.1012677289245389,0.0,0.0,0.16405384810821952,0.046106293254547646,0.00911623241691519,0.00891074393110895,0.0018509275123478185,0.0854537084611993,0.49322607282235315,0.0008212003017301733,0.017223715461898163,0.030269787683916943,6,13,7,"Wall, cavity and floor insulation",0.49322607282235315,0.16405384810821952,0.32917222471413365,5.268856349277974,builder_contractor,problem_warning_mistakes,2021-01-10 17:57:07+00:00,2021
Nt_FAw8aFkA,0.3159325131810477,0.017681634099598432,0.0451925229714679,0.13275352784697148,0.011078084159204712,0.07230989012407182,0.016890143799690435,0.011455621653444053,0.06623936541772439,0.05675763862900067,0.09980463430589767,0.05055987992117774,0.005266617316225383,0.01782501397832804,0.007935629041567171,0.07231728355458236,10,1,4,Situated household retrofit experience and building context,0.3159325131810477,0.13275352784697148,0.18317898533407623,9.531871053042828,installer_tradesperson,how_to_installation_demo,2023-04-04 14:19:29+00:00,2023
NuBYWUFiuww,0.20610420391485898,0.07134082744598856,0.16607232314687403,0.01889346544596747,0.006268251056182762,0.09587263676979269,0.0473638032110827,0.03361658617095101,0.09933664953114286,0.012021442877655138,0.07897324854489775,0.03284332666720788,0.03187223562298665,0.023371353879329287,0.025023777739548385,0.05102586797553385,17,1,3,Situated household retrofit experience and building context,0.20610420391485898,0.16607232314687403,0.040031880767984945,11.462294619229203,installer_tradesperson,how_to_installation_demo,2024-01-01 16:56:54+00:00,2024
O26T3tVKMSU,0.13366329089992518,0.0038953597641520174,0.03337255054863811,0.032601372902815964,0.0735132657445751,0.08657559694676135,0.07500312212043701,0.06545472719281303,0.09069173756289266,0.11890272330336672,0.049405756461973135,0.04007422568240654,0.00813852911744036,0.10806172682684874,0.016959255181900498,0.06368675974305361,18,1,10,Situated household retrofit experience and building context,0.13366329089992518,0.11890272330336672,0.014760567596558458,12.996031107245328,installer_tradesperson,how_to_installation_demo,2025-10-01 16:57:37+00:00,2025
O2xQjzYs5M4,0.1330955241667961,0.031239388716159024,0.05809747125290828,0.041914384477137516,0.023983000960672032,0.07562301886364231,0.04043475318690872,0.018732607153188148,0.045411421877184555,0.05761280283085296,0.01380715666453988,0.0815929570838635,0.21977588534573708,0.01334302066374848,0.03892871082500028,0.10640789593166115,110,13,1,"Wall, cavity and floor insulation",0.21977588534573708,0.1330955241667961,0.08668036117894098,12.033859646651939,builder_contractor,how_to_installation_demo,2025-06-06 14:27:03+00:00,2025
OAok8omYqSY,0.11122479085160362,0.002119424560277641,0.03607250296475044,0.02677040870435834,0.4165438899643647,0.03324384554406889,0.03189283736415204,0.10847391545321072,0.04749450979322585,0.019815373576843553,0.021829932397299204,0.04397832025579797,0.006748091593920482,0.0333157750020493,0.006209845223348555,0.05426653675072876,132,5,1,Heat pumps and heating systems,0.4165438899643647,0.11122479085160362,0.30531909911276106,8.027795277995606,diy_renovator_homeowner,practical_advice_explainer,2025-01-13 20:00:57+00:00,2025
OExPjnpNF58,0.018366930975915404,0.006442157067503139,0.09265148634815233,0.0,0.0,0.024783834359193315,0.06670899604805691,0.012621758633348936,0.043314131856901354,0.09882021334928136,0.0,0.0,0.0,0.6157802608525695,0.015067427229623528,0.005442803279454176,7,14,10,Thermostat wiring and smart heating controls,0.6157802608525695,0.09882021334928136,0.5169600475032882,4.090259336804389,installer_tradesperson,how_to_installation_demo,2023-08-19 16:49:37+00:00,2023
OKAGYvqbVQs,0.5192414594954761,0.4246417394405501,0.0017003043002592694,0.00017101650630574862,0.013038954871122457,0.0,0.0,0.0,0.0,0.0,0.0013027207676995305,0.00021179425495310787,0.03660247496226938,0.0,0.0,0.003089535401364395,2,1,2,Situated household retrofit experience and building context,0.5192414594954761,0.4246417394405501,0.09459972005492595,2.5150601635158902,training_educational,practical_advice_explainer,2021-04-28 16:04:21+00:00,2021
OKuaURXqQ0E,0.1624153762352563,0.15801896008929675,0.10900749332861502,0.00031200566058696546,0.045583526021146466,0.09791729397141995,0.1945805303371878,0.005645805487444708,0.02911083943765903,0.00789835972431211,0.004461337811934417,0.07380975815817004,0.040441228578659436,0.02399201020380949,0.010298965589847778,0.036506509364653744,11,7,1,"Alternative methods, challenges and ""why"" questions",0.1945805303371878,0.1624153762352563,0.03216515410193152,9.89278811297207,builder_contractor,how_to_installation_demo,2024-12-26 19:24:36+00:00,2024
OWALq8C5Wkg,0.04253074345901443,0.025138257706963263,0.3547675802486251,0.25809078190809637,0.0022768393085367935,0.04918876308344332,0.03551606664139314,0.043424664531997746,0.005658903423441257,0.12218341421420352,0.010442724924449998,0.0012983543252166204,0.0,0.04519074484999047,0.0,0.0042921613746280595,7,3,4,Clarification and specification questions,0.3547675802486251,0.25809078190809637,0.09667679834052872,6.466422014096354,installer_tradesperson,how_to_installation_demo,2024-03-19 19:39:58+00:00,2024
OXzfYvz6Jig,0.0710111814700142,0.0011926831441496876,0.11874918742005063,0.04927554401998565,0.0016941009434005689,0.11325639788879713,0.07955588035113985,0.10414656271993028,0.12869670595445437,0.013937336692098382,0.0492772462429092,0.01229606581727747,0.046753859240516164,0.0836529347666958,0.010622706258634382,0.11588160706994621,10,9,3,Performance checking and troubleshooting,0.12869670595445437,0.11874918742005063,0.009947518534403746,11.778485457965063,installer_tradesperson,how_to_installation_demo,2023-05-19 20:45:00+00:00,2023
OYbwRFVPZ1A,0.0,0.0,0.0,0.0,0.0,0.0,0.0,0.0,0.0,0.0,0.87117965043042,0.10149618660711011,0.02323548325034968,0.0,0.004088679712120236,0.0,1,11,12,"Product sourcing, access and location questions",0.87117965043042,0.10149618660711011,0.7696834638233099,1.5876224224575763,builder_contractor,how_to_installation_demo,2024-03-01 19:30:01+00:00,2024
OZvrTuhJhXs,0.043844599966067946,0.002566227247337166,0.09549621197857201,0.08807639104895605,0.0041688831130826795,0.13025626299360613,0.012642152879560315,0.40366841423511207,0.028368862501113506,0.018839903973716862,0.01585856102598379,0.011203725827848074,0.0038844038995397233,0.053112530716264844,0.005449917800244698,0.08256295079299411,151,8,6,"Solar PV, batteries and power systems",0.40366841423511207,0.13025626299360613,0.273412151241506,7.420219781739778,training_educational,how_to_installation_demo,2023-03-17 13:15:04+00:00,2023
OeXMqUFCHPs,0.09992989180313668,0.0,0.01216244527552059,0.0009356331831795539,0.06471012893435263,0.0,0.0,0.8222619008038107,0.0,0.0,0.0,0.0,0.0,0.0,0.0,0.0,1,8,1,"Solar PV, batteries and power systems",0.8222619008038107,0.09992989180313668,0.722332009000674,1.874610867107947,installer_tradesperson,how_to_installation_demo,2023-07-13 09:00:12+00:00,2023
OemQjgUbXOw,0.06750849949213411,0.028260503431695082,0.09365228387546379,0.05793890541486162,0.007689129616745052,0.07701227662862317,0.03358264191513739,0.0332523206066416,0.011896683910027763,0.10953295486314464,0.056448924233225665,0.1112372578246092,0.20238808605907838,0.024528570520732578,0.05425865508626347,0.030812306521616515,33,13,12,"Wall, cavity and floor insulation",0.20238808605907838,0.1112372578246092,0.09115082823446917,12.338239590787342,training_educational,how_to_installation_demo,2025-10-06 01:40:14+00:00,2025
OhFT9YjYdrI,0.09947872977078263,0.005304470479058174,0.0032482494085160902,0.010794750351652066,0.1650501127502117,0.23411151081689094,0.012871574364813019,0.025970303728597273,0.04617375581374217,0.017640499184240762,0.016672379426196295,0.009148096582329996,0.0018019652768754561,0.17236654909080854,0.04986574123252398,0.12950131172276091,7,6,14,"Praise, gratitude and social endorsement",0.23411151081689094,0.17236654909080854,0.061744961726082404,8.723723353508788,installer_tradesperson,how_to_installation_demo,2021-10-17 13:12:07+00:00,2021
Ou1CjwflZtM,0.1175462116765169,0.050334134595916846,0.041470177015661205,0.043423289580357925,0.012838713227427809,0.11200258214942088,0.04762124655055014,0.019267363739721127,0.050921152636283995,0.042367115779485265,0.0180440698126656,0.055174861309747594,0.2049235088437398,0.010130370624494912,0.09180361267809575,0.08213158977991426,321,13,1,"Wall, cavity and floor insulation",0.2049235088437398,0.1175462116765169,0.08737729716722291,12.258555601078978,diy_renovator_homeowner,how_to_installation_demo,2024-04-12 15:43:37+00:00,2024
OvagVsf1rTY,0.07846683771841807,0.18315037906389917,0.08383938201469363,0.05398592482231058,0.015548221023001654,0.03465758384252111,0.04074089293818678,0.009399036454136835,0.06526599021135052,0.024419018661648754,0.029107859127029987,0.10273232637321245,0.15141121640230396,0.010014749322200658,0.04807075115836003,0.06918983086672582,59,2,13,Spray foam and foam insulation,0.18315037906389917,0.15141121640230396,0.03173916266159521,12.178482378643714,diy_renovator_homeowner,project_walkthrough,2021-02-03 16:07:12+00:00,2021
Oz8WcD385cY,0.2591792554865461,0.04630483391133232,0.03761034343886568,0.08839989915219694,0.024861215166882052,0.034889846656462595,0.1120817590822451,0.02728559794418044,0.07656533640074477,0.0670944681655494,0.027857060940560723,0.04783581271023864,0.029480833544596033,0.009085929905081324,0.042271716275013804,0.06919609121950414,49,1,7,Situated household retrofit experience and building context,0.2591792554865461,0.1120817590822451,0.14709749640430098,11.8326005284752,diy_renovator_homeowner,problem_warning_mistakes,2025-12-05 22:00:28+00:00,2025
P3XU6cNezUY,0.07647731292140675,0.011523694951970587,0.24214089868349453,0.1858870000565929,0.0030844695589216787,0.0,0.0,0.03742532067821461,0.0,0.0,0.000683724036994569,0.03778017283340121,0.10414037432740493,0.04370556973780836,0.045810400393343574,0.2113410618204462,3,3,16,Clarification and specification questions,0.24214089868349453,0.2113410618204462,0.030799836863048324,7.507287280244917,diy_renovator_homeowner,how_to_installation_demo,2023-04-01 00:00:09+00:00,2023
P6rA-E-HmQ0,0.020686198125973946,0.0011425896226882712,0.1131527039565909,0.43934474093166415,0.010189651267149878,0.0009165270195735008,0.037919480747828666,0.25729076031865933,0.014896070059987289,0.003515350579035211,2.1859787462734893e-05,0.014237419479871062,0.0036102194677122925,0.07265084693070417,0.0021365775022417328,0.008289004202856921,12,4,8,"Implementation, cost and how-to questions",0.43934474093166415,0.25729076031865933,0.18205398061300482,5.100572378615128,installer_tradesperson,how_to_installation_demo,2022-08-26 10:01:18+00:00,2022
P87qeSIxKT0,0.04956953486310782,0.0,0.19458831586791597,0.05073276350296396,0.0006456128820208506,0.08315402573741447,0.0,0.038138674438886806,0.003282639217514617,0.1070026587008252,0.3206589829390246,0.017832371420826013,0.0008095093208257958,0.011719431666987128,0.09869807153015654,0.023167407911530206,4,11,3,"Product sourcing, access and location questions",0.3206589829390246,0.19458831586791597,0.12607066707110864,7.560225825856036,builder_contractor,how_to_installation_demo,2025-02-16 08:25:12+00:00,2025
PBmovV-67YM,0.3710385573384629,0.0,0.14594745639837003,0.019347988922313198,0.12992247860965755,0.1348182730515106,0.0,0.09899145214345262,0.0,0.0,0.0,0.0,0.018286006033232542,0.0,0.0,0.08164778750300068,1,1,3,Situated household retrofit experience and building context,0.3710385573384629,0.14594745639837003,0.22509110094009288,5.853522059269923,installer_tradesperson,practical_advice_explainer,2019-09-09 20:32:16+00:00,2019
PGe0QfEnWeU,0.16621839140507938,0.0017594914811542542,0.06689659708614523,0.016729200086832176,0.019661538605859803,0.04879801077515384,0.11100826061632245,0.0029992297613516098,0.005996705698014147,0.004263277545296409,0.002090839573824382,0.1452163008213596,0.07434249834115389,0.0,0.1710234816527216,0.16299617654973128,5,15,1,Vapour barriers and moisture control,0.1710234816527216,0.16621839140507938,0.004805090247642224,8.871337817811106,builder_contractor,problem_warning_mistakes,2024-12-02 23:30:14+00:00,2024
PHeTx5sGL3A,0.12187776109376755,0.005239245645527446,0.07568603086987949,0.053290435329319014,0.02220598178380649,0.04327478498445976,0.07207272441494042,0.3293337917152162,0.04742705163870301,0.03063115045628249,0.02936568967553736,0.05057192927695724,0.007475008308452645,0.029927425057006754,0.008035609991385216,0.07358537975875887,237,8,1,"Solar PV, batteries and power systems",0.3293337917152162,0.12187776109376755,0.20745603062144866,9.871832120238972,diy_renovator_homeowner,problem_warning_mistakes,2025-08-27 13:07:00+00:00,2025
PKRqplUscbw,0.1282416349778417,0.04678192951228332,0.08436097899649209,0.0769945447638012,0.020788626514405883,0.1371331221771212,0.04711798970783414,0.022151881241361974,0.030114707697522607,0.08587379099211198,0.03190577932995067,0.10226527527305163,0.1160185413266058,0.012622239121795017,0.013986949916298801,0.043642008451521996,33,6,1,"Praise, gratitude and social endorsement",0.1371331221771212,0.1282416349778417,0.008891487199279513,12.869483443536348,diy_renovator_homeowner,how_to_installation_demo,2023-03-21 00:42:52+00:00,2023
PMIaIUw7nVA,0.11180673247278484,0.06224194350518339,0.06751766685542918,0.052625907140268796,0.013830334783774986,0.11553646887107988,0.0448372745645192,0.03677861811498215,0.040189498628526804,0.0782168046198173,0.010200773852149778,0.11863563926286026,0.13687540788967675,0.03341580529998889,0.021390131411364387,0.05590099272759341,82,13,12,"Wall, cavity and floor insulation",0.13687540788967675,0.11863563926286026,0.01823976862681649,13.215338857389028,diy_renovator_homeowner,how_to_installation_demo,2021-02-06 13:00:11+00:00,2021
PN3P9sTF-gU,0.24373883134311253,0.00015589608431679973,0.02876058308847139,0.07182942961215125,0.08895985458763059,0.03469490650917875,0.012778731958641027,0.07455075352815227,0.016601905878161946,0.010326808344169417,0.12307572373995737,0.004126493828420074,0.01108212988345813,0.23925997529740892,0.03301478290522727,0.007043193411542311,9,1,14,Situated household retrofit experience and building context,0.24373883134311253,0.23925997529740892,0.004478856045703611,8.611948598047162,installer_tradesperson,how_to_installation_demo,2023-10-30 22:43:10+00:00,2023
PgrjjfKmdRc,0.15681619527482932,0.0029090132304667327,0.06589367032696723,0.0911765396033149,0.05118879503381658,0.14697887983655342,0.023786979063807806,0.034892876607575764,0.08095607600012049,0.04119412323133916,0.011688637258053152,0.014127774914484113,0.016595373707982947,0.179129288026716,0.015453580974459188,0.06721219690951323,51,14,1,Thermostat wiring and smart heating controls,0.179129288026716,0.15681619527482932,0.02231309275188667,11.179980599345877,installer_tradesperson,how_to_installation_demo,2024-09-28 14:00:19+00:00,2024
Phqi2QuYuvY,0.15059686180986837,0.0014423174317718431,0.20066661257767918,0.024677019226805433,0.031549312505939696,0.05778969082847189,0.08057809893979527,0.03853797940447607,0.14188654671289827,0.016711584831012156,0.015958436563241966,0.1082427004453331,0.006447467295019364,0.020323223677380216,0.0050774109379133564,0.09951473681239384,7,3,1,Clarification and specification questions,0.20066661257767918,0.15059686180986837,0.05006975076781081,10.28503345415903,diy_renovator_homeowner,how_to_installation_demo,2024-08-28 17:34:41+00:00,2024
Pkfx7A3b-Ls,0.2550563801095757,0.007811615037348788,0.020968273383213314,0.14998741150520623,0.09316285546013735,0.03146079828139112,0.0503346787913182,0.06671336061349345,0.06334840929002503,0.04977922598563828,0.0032841785956867872,0.05317262638967227,0.0037398979583113875,0.0728517947323454,0.005126078293376861,0.07320241557325984,16,1,4,Situated household retrofit experience and building context,0.2550563801095757,0.14998741150520623,0.10506896860436948,10.402602996396078,training_educational,how_to_installation_demo,2020-12-20 23:00:07+00:00,2020
PsN5AbUz3p8,0.13519592241605025,0.005394074887105008,0.07980345059561116,0.06396654970805903,0.024068400206161085,0.08465989639559919,0.07040884419024471,0.027572753975121968,0.06513245971738503,0.019926396670514365,0.05842806674738742,0.20560651305967464,0.016820029651371613,0.02659109101666038,0.009525495817343008,0.10690005494571117,110,12,1,Roof and attic ventilation and airflow,0.20560651305967464,0.13519592241605025,0.0704105906436244,11.663816568729452,training_educational,practical_advice_explainer,2023-01-23 15:29:06+00:00,2023
PvFC3nvB_7A,0.2327440599379005,0.02566596626397423,0.03927410384885417,0.002391995361360048,0.0,0.17972421940236702,0.0,0.05529024797526576,0.0,0.07738673714441988,0.0,0.0,0.18391873930511662,0.013723667756383702,0.06726828512220284,0.12261197788215517,1,1,13,Situated household retrofit experience and building context,0.2327440599379005,0.18391873930511662,0.048825320632783886,7.772676469389514,builder_contractor,how_to_installation_demo,2025-02-03 20:50:00+00:00,2025
Py4k7hjJSCA,0.0914474278009127,0.05633323628624758,0.08732957930025598,0.061113508433205094,0.017183137045699876,0.04201638693283981,0.049711259011137016,0.008834486309341577,0.04625606768659059,0.02148894802432388,0.039371450621146324,0.0563822708240539,0.2123367189658593,0.010310106645368612,0.09793002721924299,0.10195538889377481,44,13,16,"Wall, cavity and floor insulation",0.2123367189658593,0.10195538889377481,0.11038133007208448,12.295274471689346,diy_renovator_homeowner,how_to_installation_demo,2024-03-30 15:00:30+00:00,2024
Pz-WHr2FzZE,0.05607776754505115,0.22344040580720456,0.008492624595019134,0.11303527503449248,0.0,0.04947464841106978,0.012747073610658568,0.00387702421437816,0.062329328957495087,0.005058175375327983,0.04009326730909181,0.01395506903859214,0.19140115854004958,0.017379290033858352,0.17182480188390084,0.030814089643810334,9,2,13,Spray foam and foam insulation,0.22344040580720456,0.19140115854004958,0.032039247267154985,8.973289206356915,builder_contractor,how_to_installation_demo,2023-05-18 22:20:46+00:00,2023
Q3Oufer38ow,0.29163921367218515,0.023055899901212158,0.11301244414111451,0.05790501317014358,0.0063024179405162285,0.02837122663301929,0.07230504870086593,0.018665389432628087,0.08839641946546901,0.03270847396900167,0.02656191238722572,0.02549708708017877,0.024352069640531295,0.010518024366392617,0.08975481882907546,0.09095454067044051,190,1,3,Situated household retrofit experience and building context,0.29163921367218515,0.11301244414111451,0.17862676953107065,10.422169511370438,diy_renovator_homeowner,how_to_installation_demo,2022-12-01 02:00:10+00:00,2022
Q4iG6O7JEM0,0.044119167413771476,0.001289372558706257,0.09029812109469723,0.047929836351576806,0.05891781305721918,0.15919141555299188,0.03508276107298035,0.025419615219178685,0.06875370252230945,0.02520965292841549,0.08266496539257914,0.023938145870297856,0.015399555567613542,0.27658629631095916,0.006378296205888497,0.038821282880814996,54,14,6,Thermostat wiring and smart heating controls,0.27658629631095916,0.15919141555299188,0.11739488075796728,10.27433111208993,installer_tradesperson,how_to_installation_demo,2020-02-04 17:29:15+00:00,2020
Q7H89btUvg0,0.07222125338000888,0.504183409214394,0.007703047310405481,0.0013636311034184094,0.0,0.0,0.0,0.013432495311753324,0.0,0.0,0.00552439525280854,0.21167399327640413,0.1838977751508072,0.0,0.0,0.0,1,2,12,Spray foam and foam insulation,0.504183409214394,0.21167399327640413,0.29250941593798985,3.699664618007229,diy_renovator_homeowner,how_to_installation_demo,2025-02-13 22:51:19+00:00,2025
QB0t8x5skDQ,0.15894684286369756,0.0,0.0,0.7716076941458108,0.0039724704396334335,0.0,0.0,0.03921286547633693,0.0,0.0,0.0,0.01835749475386075,0.0,0.0,0.0,0.007902632320660404,1,4,1,"Implementation, cost and how-to questions",0.7716076941458108,0.15894684286369756,0.6126608512821132,2.1233554723003123,installer_tradesperson,practical_advice_explainer,2025-07-14 11:46:48+00:00,2025
QBL3Ow-W4zc,0.5528051803376418,0.002587264603907107,0.0011250629868744802,0.1431614732826896,0.0,0.11542061080906149,0.0,0.0,0.0,0.05677994131625814,0.0,0.02403284463645358,0.0,0.0,0.0,0.10408762202711364,1,1,4,Situated household retrofit experience and building context,0.5528051803376418,0.1431614732826896,0.40964370705495223,3.920405022578774,diy_renovator_homeowner,how_to_installation_demo,2022-01-25 16:40:45+00:00,2022
QEg0TlhN0Z4,0.15525636141333155,0.0005051521016028387,0.06711756754516089,0.03619833198333439,0.22447597658903873,0.07249762979597478,0.05904416917567307,0.020046412062048383,0.11231090272767381,0.011802382656326502,0.025509239157503527,0.036492813891738404,0.0009819590031349347,0.144703907104493,0.006913925809444912,0.026143268983520276,41,5,1,Heat pumps and heating systems,0.22447597658903873,0.15525636141333155,0.06921961517570718,9.915157749462727,training_educational,practical_advice_explainer,2020-10-20 10:00:31+00:00,2020
QFbx7qhqOqc,0.08745116465656418,0.003692035579010611,0.08706478880337956,0.033945439853582934,0.3011358503126481,0.13641962331748372,0.04106857423291067,0.027677518602673205,0.03474065614946105,0.05286438472021806,0.017097894732883968,0.01866634298491474,0.02696971034402816,0.0270024371617198,0.014059266699697433,0.09014431184882377,55,5,6,Heat pumps and heating systems,0.3011358503126481,0.13641962331748372,0.1647162269951644,10.100441436134627,installer_tradesperson,how_to_installation_demo,2024-08-25 15:07:10+00:00,2024
QGrCOzSLBSU,0.20943852044362007,0.006270275355484248,0.053493582271793315,0.0743603534004434,0.10458023514093719,0.06343701470604486,0.04561067418420789,0.03689798173157287,0.08410299713277133,0.023659766198769007,0.04297219912072877,0.04227067603685833,0.043241236729211686,0.014758791758998612,0.01643159908436588,0.13847409670419253,245,1,16,Situated household retrofit experience and building context,0.20943852044362007,0.13847409670419253,0.07096442373942755,12.03530383221627,training_educational,practical_advice_explainer,2025-01-24 19:00:29+00:00,2025
QIDy3VgVGs0,0.06373248108850396,0.004389051804370203,0.07443795468972413,0.029968300782068108,0.05060177695326059,0.15905725825426267,0.04163647714402408,0.029861554607971578,0.17673049397433402,0.006766912209903857,0.0155432635923077,0.0002632316780618575,0.000800494518079913,0.25315347282681633,0.014923939664858032,0.07813333621145295,23,14,9,Thermostat wiring and smart heating controls,0.25315347282681633,0.17673049397433402,0.07642297885248231,9.03228563924569,installer_tradesperson,how_to_installation_demo,2024-11-11 17:26:12+00:00,2024
QL1oZojFnyY,0.3830013584064335,0.05155855029152937,0.1100061161334251,0.11660608044830216,0.0,0.07745837978930117,0.0,0.0,0.06824159747021982,0.0,0.19312791746078886,0.0,0.0,0.0,0.0,0.0,1,1,11,Situated household retrofit experience and building context,0.3830013584064335,0.19312791746078886,0.18987344094564465,5.544256491741615,builder_contractor,practical_advice_explainer,2024-10-03 17:56:32+00:00,2024
QLGANlbqIFY,0.1375734363404326,0.0015941312157224533,0.0800193113630996,0.07480191025461665,0.26566568884859637,0.06827372504832913,0.03279515764343601,0.08136755419490094,0.05200704038427693,0.02056380428553162,0.016040405533327494,0.018487604864410232,0.03415732179577987,0.029712917325196847,0.00500779573805048,0.08193219516429277,87,5,1,Heat pumps and heating systems,0.26566568884859637,0.1375734363404326,0.12809225250816378,10.546955091040221,training_educational,project_walkthrough,2021-12-29 19:00:14+00:00,2021
QLd8wdxRFSw,0.0,0.0,0.00900265793518111,0.0,0.0,0.016452097942322826,0.0,0.0,0.0,0.8158236071858617,0.0,0.11834491595961985,0.026804342920682737,0.013572378056331928,0.0,0.0,1,10,12,"Implementation follow-up, outcomes and retrospective questions",0.8158236071858617,0.11834491595961985,0.6974786912262418,1.9817465604886988,diy_renovator_homeowner,how_to_installation_demo,2026-01-23 14:30:33+00:00,2026
QOe4lluGwCg,0.15045938981180704,0.00851371527425011,0.1014842985722934,0.05108048349879341,0.03632984151894843,0.1110676445571449,0.025861358325428425,0.013963785097402025,0.07434880174348976,0.013326726881727693,0.042710888546055335,0.2121179180317825,0.014003489633877122,0.019724182950568003,0.017765103800857145,0.1072423717555747,66,12,1,Roof and attic ventilation and airflow,0.2121179180317825,0.15045938981180704,0.06165852821997547,10.92412669456206,training_educational,practical_advice_explainer,2021-08-16 20:44:33+00:00,2021
QS16O9aYfq4,0.12753126238798435,0.27616523673402416,0.04139886836468623,0.03937418085070557,0.0061226573619550416,0.028747641263609045,0.06598564820058128,0.018435449069422388,0.06001573129806275,0.024583112679831404,0.023240134786092975,0.11312327235051284,0.056460339720131626,0.006471876594497989,0.06115301792078786,0.05119157041711449,128,2,1,Spray foam and foam insulation,0.27616523673402416,0.12753126238798435,0.1486339743460398,10.753502408705335,builder_contractor,how_to_installation_demo,2025-12-02 14:34:37+00:00,2025
QWkP4P7lUMA,0.29882789119515135,0.011742318723297986,0.0762955567283049,0.060716172788158385,0.011300656874417827,0.24715326982626104,0.048538426254569084,0.008880588936215166,0.057639014766394096,0.032471715884166974,0.02103645191608844,0.05497902067354271,0.01153478098834618,0.022858257022684212,0.005957508505931785,0.030068368916469867,211,1,6,Situated household retrofit experience and building context,0.29882789119515135,0.24715326982626104,0.05167462136889031,8.625211971882083,training_educational,problem_warning_mistakes,2024-01-07 11:00:08+00:00,2024
QbMfMB2E1Ao,0.08746809424633527,0.00220751133482708,0.004882686686559157,0.0032879135082589787,0.015071365664397348,0.33097774326104473,0.03691940277041502,0.0,0.035838137003168145,0.23206727677611447,0.006916712860386289,0.0,0.0,0.15654762714836226,0.003470517122561663,0.08434501161756958,3,6,10,"Praise, gratitude and social endorsement",0.33097774326104473,0.23206727677611447,0.09891046648493027,6.2563586465795655,installer_tradesperson,how_to_installation_demo,2025-04-03 20:51:24+00:00,2025
Qd-igKSe9YM,0.16406043430689585,0.04774455600861754,0.09515935192258848,0.0,0.00024322194551588134,0.24994908345834005,0.0722813537595188,0.013798025084821737,0.088179066735568,0.017945235984997594,0.0009365970728624432,0.047334319837323946,0.03411718135010183,0.13147235798651363,0.03677921454633425,0.0,7,6,1,"Praise, gratitude and social endorsement",0.24994908345834005,0.16406043430689585,0.0858886491514442,9.059956918786918,installer_tradesperson,how_to_installation_demo,2022-04-06 09:14:30+00:00,2022
Qf_30U_Erno,0.10029465213819393,0.06161086776368396,0.04353208123175069,0.0328022338735301,0.005798527038374525,0.06557791885887679,0.045478131414887386,0.013940880890621057,0.034466934863744456,0.027039771856041544,0.005276474264058461,0.166070903567087,0.17908247217651713,0.00973094401172331,0.10908151773655159,0.10021568831435809,52,13,12,"Wall, cavity and floor insulation",0.17908247217651713,0.166070903567087,0.013011568609430119,11.29511356483525,diy_renovator_homeowner,how_to_installation_demo,2025-05-31 14:00:39+00:00,2025
QkCb7VqdWL8,0.08764248240922885,0.06761663605461826,0.015949178344186115,0.07693892367231453,0.056522272782622625,0.021544654882875058,0.0966898013005703,0.029141557505811853,0.07004619034940947,0.055288955727447416,0.011916524156083533,0.08216298899932468,0.12159295653294995,0.004864101162067086,0.17420920354773758,0.027873572572752674,24,15,13,Vapour barriers and moisture control,0.17420920354773758,0.12159295653294995,0.052616247014787634,12.473341720861761,diy_renovator_homeowner,how_to_installation_demo,2023-02-02 15:03:01+00:00,2023
QnFoiUXr4h4,0.11163389364346699,0.1034632611836534,0.034483634456919196,0.01730749449141442,0.00929689579292754,0.03070576458888993,0.05222680344555712,0.00859350403823498,0.039284463327289576,0.04175256803033834,0.014543114537445036,0.04217246109717781,0.15532699095646085,0.006620487519346401,0.274210234575673,0.058378428315205386,175,15,13,Vapour barriers and moisture control,0.274210234575673,0.15532699095646085,0.11888324361921215,10.06656739214527,training_educational,practical_advice_explainer,2024-06-15 15:30:12+00:00,2024
Qs3PqJE0zng,0.12093249444845443,0.011386028808577385,0.08242179641977444,0.01965643848152319,0.0,0.07578771778859603,0.07486881437956776,0.0003911612007619067,0.15164111934966726,0.008289173609274203,0.007323003732831873,0.11127342285741837,0.28259505247765326,0.006474508010410313,0.03208689920732152,0.01487236922816809,8,13,9,"Wall, cavity and floor insulation",0.28259505247765326,0.15164111934966726,0.130953933127986,8.591974820352533,training_educational,how_to_installation_demo,2021-03-08 20:50:58+00:00,2021
QsLtl_5nglQ,0.1440005286260567,0.30481721086746094,0.0,0.009174918256312206,0.0,0.0,0.0,0.010470813195178268,0.0,0.39778086880983443,0.0,0.02899756107868825,0.024664939450484542,0.0,0.06885969791212959,0.011233461803855146,1,10,2,"Implementation follow-up, outcomes and retrospective questions",0.39778086880983443,0.30481721086746094,0.09296365794237349,4.605883013308675,diy_renovator_homeowner,how_to_installation_demo,2025-11-29 10:14:06+00:00,2025
Qu_QzO5pF7k,0.09219960029080439,0.0017551280654361941,0.03981330177833124,0.09810754578112411,0.0033375976426206107,0.14087031862651725,0.030135720196517297,0.504778712109829,0.03472404366687261,0.008435432253064968,0.006080338835739197,0.005771472618630951,0.0046345422377994435,0.0009637031159564519,0.0034429539980235908,0.024949588782732714,14,8,6,"Solar PV, batteries and power systems",0.504778712109829,0.14087031862651725,0.36390839348331183,5.439792305755666,training_educational,practical_advice_explainer,2025-08-15 01:12:45+00:00,2025
QwQl543g18k,0.009891623058267515,0.0,0.21385584063116467,0.24451934026050326,0.0,0.24428916852503743,0.0,0.0,0.0,0.0,0.00951133688038083,0.021627789431370198,0.0,0.013517588598955046,0.0030107599400420147,0.23977655267427903,1,4,6,"Implementation, cost and how-to questions",0.24451934026050326,0.24428916852503743,0.00023017173546582836,5.000224080244025,installer_tradesperson,how_to_installation_demo,2022-04-28 20:15:24+00:00,2022
Qz-aHoew5cs,0.12264859092610364,0.00850661582207131,0.07053835466487955,0.047830140916342925,0.023205404072607443,0.07419310178943972,0.041265576014445596,0.21357225755472015,0.1389605793430334,0.03391834447547759,0.013577456612133627,0.018996809467881494,0.016351446583349034,0.09701546851650217,0.01872708498998376,0.06069276825102856,62,8,9,"Solar PV, batteries and power systems",0.21357225755472015,0.1389605793430334,0.07461167821168674,11.390241003284258,installer_tradesperson,how_to_installation_demo,2023-07-14 23:41:35+00:00,2023
QzTNdJ_yWsg,0.1361201653042638,0.010333664139220254,0.13534864399953941,0.04451087128841517,0.00018302535507922898,0.12727682800253895,0.10488480958537634,0.025482842199551114,0.05777510382781663,0.03075270789977933,0.014305871790732724,0.20243544458982513,0.02170333989849531,0.021194232360355916,0.01601868368733509,0.051673766071675634,14,12,1,Roof and attic ventilation and airflow,0.20243544458982513,0.1361201653042638,0.06631527928556133,10.611288383167697,training_educational,how_to_installation_demo,2020-10-11 18:46:27+00:00,2020
QzdFR0-cW4c,0.04318102853014202,0.01125201691083079,0.2755900239633738,0.0022807166285903234,0.0022591041030678217,0.016750393085492893,0.20188131870156076,0.0,0.0002556262228065673,0.0,0.10741781459189392,0.28285090470333646,0.022973022241246605,0.0,0.03330803031765809,0.0,3,12,3,Roof and attic ventilation and airflow,0.28285090470333646,0.2755900239633738,0.007260880739962672,5.809498182755969,diy_renovator_homeowner,how_to_installation_demo,2022-05-02 20:22:22+00:00,2022
R9BfhFEv8fg,0.14147636472468847,0.008864864247441968,0.0397881567271218,0.03700313367309517,0.03935792552604814,0.012934160378166299,0.07893246720823056,0.10709752636481827,0.07287248940781578,0.025913990921922432,0.025021387251966072,0.2687704544156448,0.04181262145139397,0.028388133310050766,0.012059923595675563,0.05970640079591995,78,12,1,Roof and attic ventilation and airflow,0.2687704544156448,0.14147636472468847,0.12729408969095632,10.78782177067544,installer_tradesperson,practical_advice_explainer,2025-03-06 20:07:16+00:00,2025
RETpTwzgtEU,0.17656415817808685,0.0,0.0,0.0,0.21089883483925564,0.0,0.0,0.4591177616834076,0.0,0.0,0.0023876158998675794,0.12521871194978054,0.007493923149246081,0.0,0.01831899430035564,0.0,1,8,5,"Solar PV, batteries and power systems",0.4591177616834076,0.21089883483925564,0.24821892684415198,3.960375904489261,builder_contractor,project_walkthrough,2023-06-09 14:25:29+00:00,2023
RI-DmbiWuJM,0.10564196615553606,0.0,0.0,0.1805530532767573,0.0,0.05289273758080966,0.025225862830278663,0.03035346233306647,0.026730118270170442,0.19649847305154422,0.0,0.007445305005941805,0.18338998623152705,0.0,0.03780878574794424,0.15346024951642404,1,10,13,"Implementation follow-up, outcomes and retrospective questions",0.19649847305154422,0.18338998623152705,0.013108486820017168,7.976002919299642,builder_contractor,practical_advice_explainer,2024-04-01 02:52:37+00:00,2024
RLhyO6CMi7o,0.06349111348958585,0.013079153865929553,0.13318420905971182,0.007140290423789874,0.012179982096336193,0.021452884069574813,0.0084403351584533,0.033517727975603935,0.0,0.16659922134338967,0.013295277787614156,0.03250268238821781,0.2613734727284759,0.0194237914070147,0.026034832307686027,0.18828502589861637,3,13,16,"Wall, cavity and floor insulation",0.2613734727284759,0.18828502589861637,0.07308844682985952,8.413185676141696,diy_renovator_homeowner,how_to_installation_demo,2025-10-27 11:10:42+00:00,2025
RN1Te0AKCLs,0.1231273423993764,0.02622808377479883,0.11857509537393504,0.087026835758148,0.01727639099663201,0.08538845468975552,0.04256791116481017,0.03135237039284053,0.024123961522992537,0.12314354695790042,0.06784409677492675,0.05125794453932225,0.13530213094621388,0.018599030223448,0.007291413633990112,0.040895390850909534,90,13,10,"Wall, cavity and floor insulation",0.13530213094621388,0.12314354695790042,0.01215858398831346,12.626330924878202,diy_renovator_homeowner,how_to_installation_demo,2020-06-13 13:00:09+00:00,2020
RVZpfeq8BiY,0.10751098188297578,0.0006470379687481449,0.15268857344950806,0.0026762130932925085,0.04261811333570316,0.056115101143692836,0.06931410927807027,0.007793133476302448,0.09372097589601797,0.006128641028686753,0.001115336371394216,0.16361886690128363,0.22611694207012945,0.006630043483559283,0.008439885447798303,0.05486604517283711,10,13,12,"Wall, cavity and floor insulation",0.22611694207012945,0.16361886690128363,0.06249807516884581,8.954355659280692,builder_contractor,how_to_installation_demo,2024-11-14 12:24:08+00:00,2024
RX4UWi_mSFQ,0.46969048867500796,0.03691328280792439,0.003461903803774598,0.0,0.0,0.0,0.0,0.0,0.0,0.0,0.0,0.1031562370851478,0.18369918764479695,0.07090481973938496,0.1321740802439633,0.0,1,1,13,Situated household retrofit experience and building context,0.46969048867500796,0.18369918764479695,0.285991301030211,4.46844937797112,installer_tradesperson,problem_warning_mistakes,2021-09-16 12:43:56+00:00,2021
RYjv8J5iuuU,0.03666258696430271,0.0,0.0015956365378656952,0.00931273870829459,0.017057728827353912,0.41416079503652914,0.0005850989688276745,0.2951254190983062,0.0,0.0008740783341125679,0.0062187646271310406,0.002550114608009075,0.002076519588164788,0.06298403736637632,0.009853939480645292,0.14094254185408095,2,6,8,"Praise, gratitude and social endorsement",0.41416079503652914,0.2951254190983062,0.11903537593822294,4.644608626384552,installer_tradesperson,problem_warning_mistakes,2025-02-20 21:44:55+00:00,2025
ReVAtYGZlYQ,0.0,0.0,0.0,0.0,0.0,0.0,0.0,0.0,0.0,0.0,0.0,0.5710732503837638,0.4289267496162362,0.0,0.0,0.0,1,12,13,Roof and attic ventilation and airflow,0.5710732503837638,0.4289267496162362,0.14214650076752755,1.9798281864996228,builder_contractor,problem_warning_mistakes,2024-02-16 20:06:24+00:00,2024
RiSWBj2r6p8,0.08438093828069605,0.002045288267326569,0.27148783004885974,0.10634090479910538,0.04543333195789191,0.045647384446066766,0.014418488044246535,0.06720083742456695,0.09049606340423913,0.055110176520320596,0.06414408634778986,0.007063808252891465,0.014548046161755049,0.02536779867044856,0.05066944290844533,0.055645574465350144,20,3,4,Clarification and specification questions,0.27148783004885974,0.10634090479910538,0.16514692524975436,10.940205298429847,installer_tradesperson,how_to_installation_demo,2023-01-06 19:51:41+00:00,2023
RlQjU6gQcFU,0.09176551340109496,0.06701343927597969,0.12208917197617251,0.1155213659196387,0.0031118070239931858,0.044235380706805126,0.04462358401848197,0.07305101106028784,0.0545508901170088,0.02195257470703923,0.08954944508365441,0.026336728708816867,0.13645550710866386,0.01098036764000125,0.05440331212602888,0.04435990112633275,54,13,3,"Wall, cavity and floor insulation",0.13645550710866386,0.12208917197617251,0.014366335132491345,12.993776611695097,installer_tradesperson,how_to_installation_demo,2024-01-09 04:33:30+00:00,2024
RoslUykzOX4,0.22704301159551019,0.007718468536251872,0.249138107974802,0.0029191577091181708,0.019855850158378225,0.01254155673055808,0.20211226196660811,0.01008409035028111,0.13464862178893075,0.023114687821623934,0.0,0.04086313938247651,0.034346541492658776,0.005114487330344111,0.02074535712130033,0.009754660041157869,6,3,1,Clarification and specification questions,0.249138107974802,0.22704301159551019,0.0220950963792918,7.357717370496023,builder_contractor,how_to_installation_demo,2025-09-02 13:48:00+00:00,2025
RqJ9Kg2ZtO8,0.08504234880119842,0.005187986774244454,0.07963627954398299,0.06289782895745792,0.1493962858463939,0.14492191007811714,0.07141506361139124,0.11373026352357052,0.09052182711133212,0.06201275455046682,0.008339822287144518,0.003426895195701986,0.005556715513838259,0.03905374886333092,0.010352815614280947,0.06850745372754785,19,5,6,Heat pumps and heating systems,0.1493962858463939,0.14492191007811714,0.00447437576827675,11.562557672229923,installer_tradesperson,how_to_installation_demo,2024-12-07 07:00:15+00:00,2024
Rw5np777JDc,0.13320432708837468,0.29254670187905585,0.039608732599543256,0.011339668867418103,0.0026621457144114145,0.03116775714060601,0.0975842644449522,0.0136268116692498,0.04459396506531255,0.029276755859339126,0.033223358605693594,0.07563807932009964,0.09898039281273695,0.0047271009027941594,0.03471060801281303,0.05710933001759965,103,2,1,Spray foam and foam insulation,0.29254670187905585,0.13320432708837468,0.15934237479068117,9.98541530128844,training_educational,problem_warning_mistakes,2022-08-10 09:34:03+00:00,2022
RwHD7D6avyQ,0.10890711065274314,0.07511125119620589,0.1630725102959327,0.03462755695866473,0.004099694220201354,0.025646928570864817,0.08100425261387798,0.016985511351434952,0.07336636763503496,0.04194512945677114,0.029620284078326654,0.05864276367713837,0.12190514016013974,0.010642902524255232,0.07976887118559481,0.07465372542281357,45,3,13,Clarification and specification questions,0.1630725102959327,0.12190514016013974,0.041167370135792955,12.591082489926476,builder_contractor,how_to_installation_demo,2023-11-02 17:52:45+00:00,2023
Rz_Ze_vC-xg,0.020519386874286005,0.004047369766954516,0.263636805960253,0.0017907573265851663,0.022050056518244418,0.027370294813889754,0.015598320588096687,0.024095955398116,0.09423217314094494,0.003433616634110252,0.12489716990200063,0.01113344200049469,0.00356304484765483,0.3441142707683162,0.004236866685731347,0.03528046877432162,12,14,3,Thermostat wiring and smart heating controls,0.3441142707683162,0.263636805960253,0.08047746480806317,6.569209164659866,installer_tradesperson,practical_advice_explainer,2024-11-20 13:03:02+00:00,2024
S5WB6HzVZvs,0.10956524824881876,0.0017389893128214088,0.04479702406531578,0.08270021502898885,0.00945374726099849,0.10753457904625052,0.0440415841015971,0.1362508871143449,0.19847629078147586,0.036617386513549975,0.01935779012700217,0.006507289685799603,0.005093018405185172,0.0981805441942153,0.005355540166153391,0.09432986594748273,28,9,8,Performance checking and troubleshooting,0.19847629078147586,0.1362508871143449,0.062225403667130946,10.466801971186284,installer_tradesperson,how_to_installation_demo,2025-01-16 19:04:07+00:00,2025
S7iy2zd_4D0,0.12768814925625133,0.004110955073228801,0.07808747353110924,0.0798915496587918,0.20446746192315088,0.21142439728925955,0.06451719974689861,0.04133949685428043,0.03625444904374206,0.018688939386805162,0.02922491512323961,0.0178467035447165,0.0019410948980456125,0.031116804415335313,0.004267641538018851,0.049132768717126254,36,6,5,"Praise, gratitude and social endorsement",0.21142439728925955,0.20446746192315088,0.006956935366108669,10.06629182096313,training_educational,practical_advice_explainer,2021-04-03 11:00:10+00:00,2021
S9s1VWxQ-5o,0.1575052577216282,0.01105811301939722,0.0480121453955711,0.043208659075841406,0.0705814780125206,0.09629522086990847,0.03283610006024496,0.03622902878108149,0.05385057323155098,0.08109934447128123,0.039221847263827034,0.15323472424895918,0.05169112150744486,0.028973611811349543,0.020938102380369073,0.07526467214902464,290,1,12,Situated household retrofit experience and building context,0.1575052577216282,0.15323472424895918,0.004270533472669036,13.12084723540451,diy_renovator_homeowner,how_to_installation_demo,2024-11-17 15:00:34+00:00,2024
SBrvSMmnj2M,0.09326670595600316,0.024585062931645786,0.015149857955393347,0.02314843256330293,0.0,0.15098210109500093,0.3506795265247282,0.02832088107579357,0.0,0.020819708389749284,0.010996054655815782,0.010525881068770733,0.028627623793914307,0.0,0.048442692831643576,0.19445547115823839,1,7,16,"Alternative methods, challenges and ""why"" questions",0.3506795265247282,0.19445547115823839,0.15622405536648984,7.112205413968445,builder_contractor,how_to_installation_demo,2023-09-18 12:59:27+00:00,2023
SL4dmdY23J8,0.1433491820682754,0.006223360879083727,0.06068207144169522,0.06847539642774927,0.0935219239651043,0.14558041809969904,0.05201526629398457,0.022673173608187113,0.04724265534306362,0.077799175159197,0.019569962348628206,0.023243494167770707,0.10531313370911959,0.031221876453069928,0.020602130031376408,0.08248678000399587,76,6,1,"Praise, gratitude and social endorsement",0.14558041809969904,0.1433491820682754,0.002231236031423639,12.728423080195952,diy_renovator_homeowner,project_walkthrough,2024-01-01 16:52:53+00:00,2024
SMuEfswzbeI,0.11508296655106068,0.015539775988090617,0.09155963833458387,0.005788035180181856,0.016085989686166036,0.11431400700768582,0.051554607554139986,0.033201003690203186,0.037521532840758494,0.022576199948943165,0.022645272075944863,0.016701776717560957,0.14776098140599322,0.011874946582931194,0.12146968202290714,0.17632358441284893,13,16,13,"Prospective choices, recommendations and alternatives",0.17632358441284893,0.14776098140599322,0.028562603006855702,11.052625773237255,builder_contractor,how_to_installation_demo,2025-09-06 09:36:38+00:00,2025
SQt1zQmDshQ,0.12245551674090144,0.0005055734399517555,0.09353238427718291,0.08723970240817747,0.13122912898339448,0.00979895482485643,0.015445444655415365,0.24504203601998178,0.046135837822139376,0.026346395105526887,0.024533183751672072,0.06565611897686276,0.06793152415625318,0.000879382235255966,0.0012219471126365155,0.06204686948979162,12,8,5,"Solar PV, batteries and power systems",0.24504203601998178,0.13122912898339448,0.11381290703658731,9.907523552030435,training_educational,how_to_installation_demo,2025-02-27 17:00:36+00:00,2025
STnuSR6maXE,0.1638760834656625,0.005507658559977788,0.021184314374119915,0.006331591688706942,0.012527852360638024,0.21199157623579176,0.017545633694998546,0.2614768353362879,0.03912166264478628,0.005818562197115973,0.07512791599268595,0.0064669047105395195,0.0078907097756388,0.11806916925338211,0.0017814697383345772,0.04528205997133344,6,8,6,"Solar PV, batteries and power systems",0.2614768353362879,0.21199157623579176,0.04948525910049614,7.923555394203869,diy_renovator_homeowner,how_to_installation_demo,2024-06-23 02:05:08+00:00,2024
ScJXDpd0Wn4,0.06595554762333337,0.0,0.0037939501716992164,0.32779425854682687,0.012933044872834178,0.009069700012207955,0.005091054048021931,0.11608483606521486,0.01416993606613143,0.005549368777475712,0.00022818505721987687,0.0,0.098131449199797,0.13981247348130213,0.0,0.20138619607793548,3,4,16,"Implementation, cost and how-to questions",0.32779425854682687,0.20138619607793548,0.12640806246889139,6.41404401554397,installer_tradesperson,how_to_installation_demo,2024-11-11 17:25:45+00:00,2024
ScNk8Qy0PWs,0.08740365150742291,0.0827179476179203,0.032555151102271584,0.03276252218659914,0.013794010461714709,0.05754678643985419,0.04957016687200954,0.03125089436394862,0.03956992023131211,0.018787087559478617,0.027519848100072443,0.26160079186264235,0.09881192527791645,0.01313855480797641,0.07412808245320858,0.07884265915565208,53,12,13,Roof and attic ventilation and airflow,0.26160079186264235,0.09881192527791645,0.1627888665847259,11.637339735814495,training_educational,problem_warning_mistakes,2024-11-02 15:00:26+00:00,2024
SfgTOcclbCY,0.137102407142133,0.002591973162115517,0.08179356644114483,0.05464533067729313,0.1967445530081811,0.11246052526204499,0.03666247179087316,0.04128228351218738,0.10819788237176953,0.015982763903175882,0.015097931786081967,0.03229736898262776,0.021544733549075424,0.07870554808035059,0.012040839441900396,0.05284982088904532,121,5,1,Heat pumps and heating systems,0.1967445530081811,0.137102407142133,0.0596421458660481,11.497731006675725,training_educational,practical_advice_explainer,2022-02-09 18:30:09+00:00,2022
ShK3Yohu-vo,0.1823855234507027,0.005585188859148008,0.08842236741868524,0.00033876579486293506,0.008776102819233626,0.009900517402010164,0.08389463551187676,0.058804876121447844,0.03737842027096994,0.026016929174028515,0.00035017034014341573,0.0672808747148093,0.31624987136247706,0.05227080308106833,0.0019012870582900126,0.060443666620246146,11,13,1,"Wall, cavity and floor insulation",0.31624987136247706,0.1823855234507027,0.13386434791177437,8.333778449668044,diy_renovator_homeowner,how_to_installation_demo,2021-08-29 01:40:03+00:00,2021
SkF1U4vrlhU,0.11135636322642456,0.03572763361731096,0.05986508627611485,0.025921119476038652,0.009840160522062826,0.03245615621930925,0.03587310585641083,0.011647559547024951,0.029546999702606415,0.01973161278753986,0.014972364857917642,0.0698644183974354,0.34185505281190515,0.013573130899572312,0.09329556655144243,0.09447366925088388,140,13,1,"Wall, cavity and floor insulation",0.34185505281190515,0.11135636322642456,0.2304986895854806,9.530722120179774,training_educational,practical_advice_explainer,2023-12-14 18:00:13+00:00,2023
Smyw6phvDHs,0.25526661766136033,0.0032564256019797047,0.053690677783161445,0.0743705993224456,0.0758932970235519,0.16089874653559819,0.04679971583787277,0.023324527248290525,0.05177809318169004,0.032402342621376236,0.019367417481455762,0.053196796634611625,0.014338694938808993,0.08029375358197689,0.0055226549110977685,0.04959963963472225,48,1,6,Situated household retrofit experience and building context,0.25526661766136033,0.16089874653559819,0.09436787112576214,10.762188765042175,training_educational,how_to_installation_demo,2023-01-13 19:00:15+00:00,2023
SnGyikFzYME,0.15122495397754232,0.0,0.0,0.002453610248000417,0.0,0.6894247977403621,0.0,0.02142417657104049,0.0,0.0,0.009288703027761802,0.038222609708087586,0.0,0.05530187131665436,0.0,0.032659277410550816,1,6,1,"Praise, gratitude and social endorsement",0.6894247977403621,0.15122495397754232,0.5381998437628198,2.9423798299988033,installer_tradesperson,how_to_installation_demo,2025-01-04 11:30:16+00:00,2025
Ss2fxauPqAQ,0.006825258849774478,0.001885355103263261,0.12971613036612498,0.001913514677658857,0.0,0.2339660771354548,0.0,0.0,2.7944427923498972e-05,0.0,0.002585242625960008,0.1471652160822974,0.44936510291646153,0.012511882008330229,0.000290484873352395,0.013747790933398597,2,13,6,"Wall, cavity and floor insulation",0.44936510291646153,0.2339660771354548,0.21539902578100673,4.203409575003896,installer_tradesperson,problem_warning_mistakes,2022-07-12 21:39:23+00:00,2022
StggEnv7e8E,0.5187486286161148,0.0,0.0,0.006453742594776358,0.048589161919690455,0.0,0.0,0.023867653853505456,0.05373875479790756,0.01939160266656271,0.32921045555144274,0.0,0.0,0.0,0.0,0.0,1,1,11,Situated household retrofit experience and building context,0.5187486286161148,0.32921045555144274,0.18953817306467208,3.348342149686881,installer_tradesperson,how_to_installation_demo,2025-08-05 19:07:22+00:00,2025
T5ekQvwpMZo,0.06118701829867302,0.0026470821534951647,0.01635363213605577,0.14183518526530386,0.041583338339567004,0.16207392808629942,0.047964280510198014,0.02196722724961723,0.12280250529760534,0.03856936008152255,0.005427373911373382,0.001938527900946046,0.004173074989952008,0.2889665438487316,0.011044729619795478,0.031466192310864054,13,14,6,Thermostat wiring and smart heating controls,0.2889665438487316,0.16207392808629942,0.1268926157624322,8.596660060310214,installer_tradesperson,how_to_installation_demo,2023-11-08 15:31:21+00:00,2023
T9_KR_n9OOA,0.18516980140282244,0.02064451901646455,0.034712722346375124,0.039772044057590855,0.0,0.08386531441711528,0.13324816844131643,0.03529778849796885,0.0755493993273721,0.10823934153147519,0.0029436940202764213,0.035759827501062165,0.1839376955389213,0.014178826457719737,0.030031731056432445,0.016649126387087085,18,1,13,Situated household retrofit experience and building context,0.18516980140282244,0.1839376955389213,0.0012321058639011284,10.4758922882662,diy_renovator_homeowner,how_to_installation_demo,2024-01-30 03:43:14+00:00,2024
TChYcSSNXrI,0.13782390596504318,0.00400382692416106,0.11868070078858242,0.041366789683101826,0.04866047038661162,0.11473113518049341,0.04823859687958844,0.0242796562282151,0.05328260873216184,0.032102526429942185,0.028990996876245977,0.1344583638303952,0.020366851439804535,0.006604626617031515,0.012601199546311257,0.17380774449231046,65,16,1,"Prospective choices, recommendations and alternatives",0.17380774449231046,0.13782390596504318,0.035983838527267276,11.276804598030903,diy_renovator_homeowner,practical_advice_explainer,2023-04-10 14:03:56+00:00,2023
TEfIQhTB26Y,0.0,0.011084432214427639,0.005660573563607362,0.30219157704770266,0.0,0.0,0.020508762959876598,0.2932060115876443,0.0,0.15818149385743718,0.1769878057163249,0.0,0.0,0.0038665771437153365,0.028312765909264,0.0,3,4,8,"Implementation, cost and how-to questions",0.30219157704770266,0.2932060115876443,0.008985565460058353,4.957204612884653,installer_tradesperson,how_to_installation_demo,2023-09-10 05:22:48+00:00,2023
TEriYzt5qEQ,0.17196135533027157,0.008241496145703096,0.019416654778195923,0.18383464830618937,0.004519539441079757,0.09303182630034519,0.014848568294925923,0.06304921600774907,0.10049597299421056,0.03009144174480811,0.05449127241063066,0.07168118378068614,0.13676616773401123,0.007340259646273771,0.0033795187485361096,0.03685087833638351,20,4,1,"Implementation, cost and how-to questions",0.18383464830618937,0.17196135533027157,0.011873292975917799,10.434540937039877,installer_tradesperson,practical_advice_explainer,2022-08-19 02:48:34+00:00,2022
TKB3QpMjxpk,0.08252876541665363,0.0053093771464820414,0.18430353659256782,0.010257322494491317,0.0016429031082490027,0.057696250217799255,0.1106279146439882,0.03276066592672441,0.1785257523292705,0.27674938558306683,0.0,0.0,0.0,0.017427639375677175,0.008204871025552478,0.03396561613947726,3,10,3,"Implementation follow-up, outcomes and retrospective questions",0.27674938558306683,0.18430353659256782,0.09244584899049901,7.470914295064651,diy_renovator_homeowner,how_to_installation_demo,2026-05-30 06:13:56+00:00,2026
TKctXuFdIM8,0.09393256226761908,0.0003375227000140565,0.0020822132792191685,0.03543037449695483,0.08266235981752049,0.3094224653083611,0.06191531206995114,0.006780113302030077,0.07026831590273466,0.0042044673888739365,0.00397822723479643,0.0020047871513302474,0.006634609356276976,0.2919310419122561,0.0028330470661912825,0.02558258074587039,8,6,14,"Praise, gratitude and social endorsement",0.3094224653083611,0.2919310419122561,0.017491423396104988,6.542822303648286,installer_tradesperson,how_to_installation_demo,2024-03-01 16:17:21+00:00,2024
TlEkLfivbW0,0.10619601195167405,0.17483560680592203,0.27550988338986604,0.0,0.044319023413133735,0.033319665887290566,0.01118010833179188,0.0,0.014642703691068633,0.07597912968906644,0.0016124060624988536,0.008900836787204427,0.16530143552331014,0.0041120652375795826,0.02491009459551927,0.05918102863407432,3,3,2,Clarification and specification questions,0.27550988338986604,0.17483560680592203,0.10067427658394401,8.07996757109262,installer_tradesperson,how_to_installation_demo,2024-08-31 14:00:23+00:00,2024
TlNdA8aB8iE,0.09105689655766515,0.06819727127204922,0.08274905868655504,0.06293323651367468,0.04299919594713576,0.05780704937711169,0.022345241226979617,0.031463221367744106,0.006487972849155201,0.01562633062149756,0.08074195389046306,0.2340353750817424,0.10869257565817299,0.018282690539073037,0.02506877731042911,0.05151315310055139,14,12,13,Roof and attic ventilation and airflow,0.2340353750817424,0.10869257565817299,0.1253427994235694,11.89070036302667,builder_contractor,practical_advice_explainer,2025-01-23 18:46:01+00:00,2025
TozuzG0Vb_c,0.16151404969425337,0.005017626975439074,0.0583575540973457,0.10541350098766444,0.008463135858307734,0.06366822889865088,0.07210607714775197,0.013145610466480969,0.06772130191937169,0.02221063877262519,0.024559688500617235,0.22772149202368258,0.022500401514831625,0.029088351825422482,0.0140773151965659,0.10443502612098916,35,12,1,Roof and attic ventilation and airflow,0.22772149202368258,0.16151404969425337,0.06620744232942921,10.648086437968406,installer_tradesperson,how_to_installation_demo,2022-10-04 20:41:01+00:00,2022
TxKvs49Ao_s,0.11640355170336895,0.011090704039935896,0.011680386796562605,0.12347868490114892,0.0,0.16556509901686653,0.017379981840887678,0.022299256035881173,0.010410714278325512,0.133685194928467,0.015092290266079524,0.054263036092438335,0.17940462307082455,0.004253362546607561,0.026706790877525904,0.1082863236050798,7,13,6,"Wall, cavity and floor insulation",0.17940462307082455,0.16556509901686653,0.013839524053958024,9.68323130090939,builder_contractor,how_to_installation_demo,2025-04-30 14:44:55+00:00,2025
Tz0W9xCBxS0,0.11697060248069453,0.0017905979059871506,0.04554138040374333,0.07371174307085623,0.19839852093320215,0.18602616976365272,0.038815442698911407,0.055949146615962356,0.05385132428520254,0.06306652833734534,0.01136319723567632,0.025579780496365636,0.015074985532632411,0.013999611591910427,0.006361224047320855,0.09349974460053659,135,5,6,Heat pumps and heating systems,0.19839852093320215,0.18602616976365272,0.012372351169549434,10.691347640628203,installer_tradesperson,how_to_installation_demo,2025-12-03 20:32:11+00:00,2025
TzwC35L8kNE,0.15326901033567905,0.0034851693091871405,0.07905403817125711,0.18133167042605308,0.006758761231112194,0.02213163702351436,0.12045272656564941,0.17027748279488109,0.048093972504541824,0.03230194507511543,0.014535108381664618,0.033680584677164435,0.015039493721168914,0.040925854606937394,0.01446297435206049,0.06419957082401345,42,4,8,"Implementation, cost and how-to questions",0.18133167042605308,0.17027748279488109,0.011054187631171997,10.547634545746586,installer_tradesperson,project_walkthrough,2024-09-09 22:01:55+00:00,2024
U-hVUczzlL4,0.1863167063583484,0.004497947336035896,0.0413245630808379,0.04451574998638692,0.0764774945783692,0.12937876371404486,0.03030767343021823,0.0257350445071942,0.05976289243192503,0.017797751958433937,0.009963241127466127,0.15946229509834142,0.05756151495253586,0.024800214849867004,0.02436858417796191,0.10772956241203313,109,1,12,Situated household retrofit experience and building context,0.1863167063583484,0.15946229509834142,0.026854411260006983,11.407214878352203,diy_renovator_homeowner,how_to_installation_demo,2024-12-01 19:51:09+00:00,2024
U3I3pQSVicY,0.0794307569825251,0.07200006810566652,0.005587990711251181,0.043288576144542214,0.19761078274874264,0.02060714922875526,0.10917856816271461,0.05611041172606956,0.18312039849604775,0.08835180107775077,0.008573731772911904,0.03796979235539181,0.012136704428331849,0.025167312975000727,0.04201470258176055,0.01885125250253755,12,5,9,Heat pumps and heating systems,0.19761078274874264,0.18312039849604775,0.014490384252694888,11.065959948306016,installer_tradesperson,how_to_installation_demo,2024-10-01 16:00:56+00:00,2024
U522et_9P70,0.08464119891374967,0.010355963871508285,0.044443015745484274,0.03649366635545736,0.01777834561130562,0.03962800038163065,0.04353675626265407,0.030838015124996686,0.04274397269284561,0.024892619184482104,0.015185684050272902,0.5077404310868424,0.03406429430490843,0.011726240420301503,0.0073276260567278016,0.04860416993683254,214,12,1,Roof and attic ventilation and airflow,0.5077404310868424,0.08464119891374967,0.42309923217309275,6.9831920003079135,builder_contractor,practical_advice_explainer,2024-08-08 19:00:30+00:00,2024
U6eMXxoA3U4,0.0,0.0,8.079771969726853e-05,0.06891486805610163,0.008869250375573682,0.1868403022380561,0.0,0.004062971389556573,0.0035304724594019464,0.0,0.2319946051750566,0.0,0.1772073367331104,0.01857596395777395,0.2934205906461369,0.006502841249534932,2,15,11,Vapour barriers and moisture control,0.2934205906461369,0.2319946051750566,0.0614259854710803,5.446110992729546,diy_renovator_homeowner,how_to_installation_demo,2023-07-10 16:00:31+00:00,2023
U6nF9-ZeseM,0.035037561158822096,0.1172783511724177,0.05117388605399065,0.0018832952374255414,0.003147939430305826,0.032555242194262465,0.1789947555419785,0.002074867566917105,0.007774618134073166,0.0037581006925063534,0.0594386080402947,0.1307714391484911,0.12557038717789767,0.021597490062252023,0.20245230031885317,0.026491158069511956,7,15,7,Vapour barriers and moisture control,0.20245230031885317,0.1789947555419785,0.023457544776874673,9.380063291511362,diy_renovator_homeowner,how_to_installation_demo,2022-08-17 23:47:53+00:00,2022
U7DpZVckWsU,0.2649631272780986,0.0004957632520681044,0.020240387302596342,0.008254941882034218,0.14958792469072213,0.020068060296707317,0.057373527044397625,0.09721811579783313,0.055907215570016655,0.013530835637728866,0.0027966835721613434,0.06879723818107361,0.001250519402902816,0.20954121165744827,0.0,0.029974448434210946,9,1,14,Situated household retrofit experience and building context,0.2649631272780986,0.20954121165744827,0.05542191562065035,8.07243126420664,installer_tradesperson,how_to_installation_demo,2025-02-01 20:20:03+00:00,2025
U9IlMWrsE24,0.13075991879650892,0.18306753800259223,0.06248778306473395,0.01922823056055166,0.009757451460459499,0.040616223407729746,0.10302710246031212,0.018227688109475216,0.03554150146282953,0.020261861830324124,0.02129365745075183,0.07458954587220672,0.05847500357472874,0.008027003801188827,0.07624423649592676,0.13839525364968014,97,2,16,Spray foam and foam insulation,0.18306753800259223,0.13839525364968014,0.044672284352912095,11.662858501632074,diy_renovator_homeowner,problem_warning_mistakes,2026-03-27 22:00:00+00:00,2026
UCGpRpKKGV8,0.09702508387469047,0.015704485888342525,0.04713057104711665,0.05794734275839505,0.00937832087848818,0.11611607848227253,0.04348745411320869,0.02697574629540024,0.03846854360333551,0.0802393195890295,0.027325696551179987,0.06368735113096095,0.19746166728844405,0.01179567259993748,0.08504024322428667,0.08221642267491153,126,13,6,"Wall, cavity and floor insulation",0.19746166728844405,0.11611607848227253,0.08134558880617153,12.396418735162612,diy_renovator_homeowner,how_to_installation_demo,2021-09-14 19:14:36+00:00,2021
UFQrJ_okXBg,0.12601351444433748,0.0,0.08376632923458582,0.32418006434181434,0.03426557409027053,0.0016135919717720079,0.10427936608524034,0.037843781876649815,0.15024121428350523,0.014863442005602658,0.0022104173741624754,0.0,0.0,0.10322930396194324,0.0014451409676925321,0.01604825936242351,9,4,9,"Implementation, cost and how-to questions",0.32418006434181434,0.15024121428350523,0.1739388500583091,7.319741001334776,installer_tradesperson,how_to_installation_demo,2022-11-28 09:50:58+00:00,2022
UG7qWFqYQGU,0.254541874054507,0.008655904967319371,0.0876641502405299,0.08581514293146095,0.009869652278045407,0.02902538223642785,0.13632423727902482,0.06218591392854821,0.08764493523701801,0.05888315885856577,0.02202712139116997,0.011188439200164485,0.008846010112517008,0.025589074733052806,0.014876362798445383,0.09686263975320308,151,1,7,Situated household retrofit experience and building context,0.254541874054507,0.13632423727902482,0.1182176367754822,10.433422917394855,installer_tradesperson,problem_warning_mistakes,2023-04-19 22:36:21+00:00,2023
UHq1aRh2tBg,0.037083642152152096,0.0,0.17116963428713816,0.07269067149201336,0.004416494850700927,0.043525018519897166,0.023129578528814167,0.024233625818779667,0.0456310514910466,0.05979694395208689,0.07371018136848577,0.00028469893075224736,0.0,0.4336867504130981,0.00012535570755946822,0.010516352487475419,9,14,3,Thermostat wiring and smart heating controls,0.4336867504130981,0.17116963428713816,0.26251711612595996,6.473348345586235,installer_tradesperson,how_to_installation_demo,2024-10-26 19:44:15+00:00,2024
UQNhNtLQnAU,0.13730037261930367,0.007644355088683219,0.019598997038556998,0.04829701681234109,0.31381196815605183,0.008253211417528047,0.02935563298460259,0.16389065678642822,0.040116546242482905,0.008575447899330851,0.007678543774975394,0.00863811149161335,0.02785806091062609,0.045766815231825214,0.012250275344389598,0.12096398820126093,11,5,8,Heat pumps and heating systems,0.31381196815605183,0.16389065678642822,0.1499213113696236,8.45847993592485,installer_tradesperson,how_to_installation_demo,2025-09-20 07:44:14+00:00,2025
URSCpyiBgL4,0.2505939669571174,0.03629341730707252,0.0,0.005805481244152485,0.0016025007977118284,0.011670550065840413,0.0,0.00475291957352489,0.2519638854741864,0.0,0.004992614492983563,0.2894153312559383,0.07298500398915896,0.004932810516373504,0.02296150997700729,0.04203000834893242,3,12,9,Roof and attic ventilation and airflow,0.2894153312559383,0.2519638854741864,0.03745144578175191,5.780325479059118,installer_tradesperson,practical_advice_explainer,2025-03-03 20:23:25+00:00,2025
URlv-8dTvIk,0.1212650634253927,0.00034609254854479226,0.0,0.2367686922374227,0.06669095948474149,0.0,0.0,0.3364183789499504,0.0,0.23851081335394797,0.0,0.0,0.0,0.0,0.0,0.0,2,8,10,"Solar PV, batteries and power systems",0.3364183789499504,0.23851081335394797,0.09790756559600244,4.431089777835501,diy_renovator_homeowner,how_to_installation_demo,2022-09-19 15:15:01+00:00,2022
URp35fvVubQ,0.3717834491981207,0.0011420849507570014,0.06592594550433893,0.05994060976606748,0.062410446129435714,0.03579678477628168,0.0021871594988889863,0.12093358732282708,0.0,0.017002365762479828,0.020645282814449495,0.005688009569341168,0.0,0.08942029286114746,0.05488477070534022,0.0922392111405243,2,1,8,Situated household retrofit experience and building context,0.3717834491981207,0.12093358732282708,0.25084986187529357,7.8348939673259,installer_tradesperson,how_to_installation_demo,2024-11-24 14:00:14+00:00,2024
UUalCAU4W8g,0.14272230748637407,0.22031618000113254,0.06937872380394834,0.0630942746747269,0.01726298525464652,0.017017410185290176,0.034139399259941715,0.02161990012346407,0.05466943162088787,0.025869582398799378,0.018577696957051984,0.05648632688380047,0.12218380932003378,0.01503921000201734,0.05199603281977033,0.0696267292081145,217,2,1,Spray foam and foam insulation,0.22031618000113254,0.14272230748637407,0.07759387251475847,11.672332903289613,installer_tradesperson,how_to_installation_demo,2023-06-18 17:45:05+00:00,2023
UdxFFvSvbnU,0.09173000329284932,0.05960294402469598,0.03991722365165254,0.032327820806132286,0.010302545545672349,0.12260365620819211,0.05364959309917995,0.012806381933122122,0.03459639851888325,0.10720214794917166,0.01630613451525163,0.06258921849472879,0.16761382225620355,0.007726334564276136,0.05861014243733931,0.12241563270264905,71,13,6,"Wall, cavity and floor insulation",0.16761382225620355,0.12260365620819211,0.045010166048011446,12.189825861261781,installer_tradesperson,how_to_installation_demo,2022-06-22 15:07:56+00:00,2022
UiWshacdEbI,0.14268811387888528,0.022231404718792164,0.03305647884588306,0.0933256945484881,0.022568645537178078,0.10447257839137498,0.07605824280384003,0.07127664896134077,0.05641049816969979,0.10710411746991405,0.04541624550119748,0.059164959034033335,0.059920092886161305,0.013881258966391826,0.035629842242816435,0.05679517804400334,15,1,10,Situated household retrofit experience and building context,0.14268811387888528,0.10710411746991405,0.035583996408971225,13.751455877952484,diy_renovator_homeowner,how_to_installation_demo,2022-11-12 20:25:03+00:00,2022
UuLpYGd9-DQ,0.2442740799998596,0.0024142823104831173,0.01381225737715478,0.04875702528212247,0.1552457315864248,0.005465079823438165,0.03123185195241916,0.051300870426412716,0.09926612038657483,0.027060477883403208,0.04118633797066623,0.12064448177546598,0.06771193079690754,0.02422327184108629,0.0065550114159753335,0.06085118917160582,19,1,5,Situated household retrofit experience and building context,0.2442740799998596,0.1552457315864248,0.0890283484134348,10.306707955738561,installer_tradesperson,practical_advice_explainer,2023-08-22 17:10:37+00:00,2023
Ux7N5-2F7X8,0.17649943222346906,0.062089417912525396,0.07901094743046576,0.002149431189774247,0.06377300761645548,0.05111075732965836,0.005421618435582574,0.021217729070162127,0.0,0.011612649383200701,0.0039005245433126993,0.1846169614162121,0.040005087571541774,0.0322089968947226,0.032264787163747026,0.23411865181917013,6,16,12,"Prospective choices, recommendations and alternatives",0.23411865181917013,0.1846169614162121,0.04950169040295804,9.073929254969416,training_educational,how_to_installation_demo,2025-12-08 23:00:45+00:00,2025
UzERzNahYXM,0.18721291540243365,0.0027454403672911537,0.10035656446166387,0.10122816592810079,0.004448630399723621,0.05180266255201266,0.035350488084481824,0.034311667804996004,0.042060422933222756,0.315326523857592,0.008512313055188443,0.04081317501525578,0.01624404801437782,0.02656307941347002,0.008369794274524675,0.02465410843566496,7,10,1,"Implementation follow-up, outcomes and retrospective questions",0.315326523857592,0.18721291540243365,0.12811360845515837,8.72948480699605,installer_tradesperson,how_to_installation_demo,2024-06-17 17:00:16+00:00,2024
V-FTvu8X5r4,0.23623006428529675,0.014408228575116795,0.0,0.0,0.0,0.004704877999868111,0.294160002628206,0.019188541387350683,0.3157178395410495,0.0758103027411823,0.0,0.0,0.007421558477247568,0.0009318916146534665,0.021761288276313982,0.009665404473714747,1,9,7,Performance checking and troubleshooting,0.3157178395410495,0.294160002628206,0.021557836912843464,4.921194955107118,diy_renovator_homeowner,how_to_installation_demo,2024-05-13 16:02:15+00:00,2024
V59laqPviSE,0.0,0.0004731834812811243,0.46061106700635907,0.0017075846521267064,0.0,0.0,0.48877227924237127,0.0,0.011227720757628736,0.0,0.009610505904490214,0.0014240690276376992,0.012891243528828972,0.0,0.013282346399276198,0.0,2,7,3,"Alternative methods, challenges and ""why"" questions",0.48877227924237127,0.46061106700635907,0.0281612122360122,2.5582702065647545,builder_contractor,practical_advice_explainer,2025-06-25 13:07:03+00:00,2025
V6lZXjRR-1k,0.1821284119539487,0.09304586110272281,0.05231962122830441,0.0192003934538185,0.007085969510854353,0.15038250368199396,0.060660970207590766,0.01949742743986381,0.07313537656620366,0.029806453019935068,0.038169902636347175,0.05434303362911439,0.05276578915926145,0.01933567814995657,0.03077948768962494,0.11734312057045947,130,1,6,Situated household retrofit experience and building context,0.1821284119539487,0.15038250368199396,0.031745908271954726,12.147760051173002,diy_renovator_homeowner,how_to_installation_demo,2019-12-14 18:55:12+00:00,2019
V8_dwTIyWx8,0.5414773003577326,0.0,0.0,0.0,0.0,0.0,0.0,0.0,0.0,0.0,0.011562180273970518,0.0,0.0,0.0,0.0,0.446960519368297,1,1,16,Situated household retrofit experience and building context,0.5414773003577326,0.446960519368297,0.09451678098943556,2.103640893219693,installer_tradesperson,how_to_installation_demo,2020-01-21 19:36:03+00:00,2020
VMvTC9MmHHE,0.0860088573483125,0.0,0.33234283980078033,0.0,0.0,0.03427137767571677,0.24128458822292662,0.1132032845780639,0.023691100599007035,0.0,0.009004650964105862,0.0822155461850285,0.029019250670537202,0.0,0.02194441618867778,0.027014087766843557,3,3,7,Clarification and specification questions,0.33234283980078033,0.24128458822292662,0.09105825157785372,6.705832717725673,diy_renovator_homeowner,practical_advice_explainer,2023-08-12 01:15:56+00:00,2023
VPY3i-xnhV0,0.0300672726071047,0.10520585355755188,0.0,0.0,0.1759804024739343,0.0,0.008288930166759642,0.012168101349563018,0.016141455591882126,0.0,0.0,0.07790992475934203,0.404835723827125,0.0,0.1694023356667372,0.0,1,13,5,"Wall, cavity and floor insulation",0.404835723827125,0.1759804024739343,0.22885532135319073,5.331820965645576,installer_tradesperson,how_to_installation_demo,2019-04-15 03:58:18+00:00,2019
VQ0Oxell0XE,0.10180879012857107,0.002848645995260194,0.11438010418878129,0.1168945949711669,0.006371780960014889,0.08938501760147889,0.03867323076324645,0.15104219664402693,0.0509460274061583,0.017777691006663078,0.015176644300119935,0.012090729521191331,0.021617757971642625,0.15410755328730577,0.01309513133952359,0.09378410391484875,8,14,8,Thermostat wiring and smart heating controls,0.15410755328730577,0.15104219664402693,0.003065356643278838,10.99711304869974,installer_tradesperson,how_to_installation_demo,2023-01-18 15:50:58+00:00,2023
VW7T6fpxEnw,0.06585673378005732,0.02770518850044174,0.1577841887115167,0.2928405509037854,8.555127684006405e-05,0.1147751641578162,0.0,0.0004521404178067802,0.22364442071292015,0.0006546207867828238,0.004354774198924615,0.022208058244385136,0.07120385497151234,0.0,0.015399653508144913,0.0030350998290658393,3,4,9,"Implementation, cost and how-to questions",0.2928405509037854,0.22364442071292015,0.06919613019086526,6.6874092828141265,diy_renovator_homeowner,how_to_installation_demo,2022-10-31 09:30:12+00:00,2022
VcSq_lJpWWk,0.05674071206892634,0.00351130329523174,0.17288018903159047,0.1748792120202426,0.022860338987004538,0.004433480487484976,0.0030120438537361775,0.1620345009460476,0.014827739683855581,0.004775177157264203,0.2461148041407221,0.05902341473109507,0.039313921775181254,0.0035441134310157415,0.016794358071210484,0.015254690319391091,36,11,4,"Product sourcing, access and location questions",0.2461148041407221,0.1748792120202426,0.0712355921204795,8.113145564358621,diy_renovator_homeowner,how_to_installation_demo,2023-05-29 17:26:57+00:00,2023
VecErMR29No,0.14710268441767282,0.00993643118830254,0.04590527642212866,0.10052821238888499,0.013799328625304284,0.10064798863431125,0.11765893231687304,0.020021021749640284,0.09393657013778677,0.09852975260072103,0.06880307258647911,0.009759065714251195,0.007238318706288054,0.08093892120208357,0.029617399944072528,0.05557702336519988,25,1,7,Situated household retrofit experience and building context,0.14710268441767282,0.11765893231687304,0.02944375210079979,12.234876864075963,installer_tradesperson,how_to_installation_demo,2023-05-02 11:45:13+00:00,2023
VfUa4ljGbZ4,0.2653679123650195,0.010732847205594013,0.041123490321783335,0.09399679990462625,0.023003800277736693,0.14682837114862116,0.03623725663855219,0.00654637890352028,0.03719889230884145,0.03415003724273933,0.03429290540055548,0.06569395245814784,0.05249379529036462,0.006339812439487748,0.022210527427857247,0.12378322066655295,31,1,6,Situated household retrofit experience and building context,0.2653679123650195,0.14682837114862116,0.11853954121639834,10.361124046629852,diy_renovator_homeowner,how_to_installation_demo,2026-01-29 18:39:12+00:00,2026
VgFfjRUQ24o,0.12519722764045135,0.001048803089847874,0.06417341153262349,0.033732288191327786,0.01581400471412437,0.23779299050446276,0.03944751578421307,0.013686548305927287,0.10236011599339764,0.027248643911063578,0.008015997506033542,0.015067418015346954,0.004689157684610598,0.26656727919137024,0.004938096067193867,0.04022050186800555,152,14,6,Thermostat wiring and smart heating controls,0.26656727919137024,0.23779299050446276,0.028774288686907484,8.31212092396724,installer_tradesperson,how_to_installation_demo,2021-04-01 21:04:51+00:00,2021
Vo2144_lZag,0.11385628392486451,0.0010182486842635478,0.09185510656823678,0.1264367528519613,0.002056902390781132,0.03849409826820786,0.01986950555824539,0.004040877179315392,0.02273806920155307,0.021137496004127405,0.06471489861828382,0.023121125227282765,0.3232322423756028,0.0789442791909702,0.027495638503072406,0.040988475453231615,5,13,4,"Wall, cavity and floor insulation",0.3232322423756028,0.1264367528519613,0.19679548952364148,9.02948109419826,training_educational,how_to_installation_demo,2020-09-08 08:15:47+00:00,2020
VpuN9xsWXAo,0.11095343935974199,0.009131393761578318,0.09272206723599119,0.06923729157052061,0.0,0.0310685786047946,0.07985078223266641,0.00988012222273292,0.15078178266414424,0.02364588192619268,0.046476909944790555,0.08802571277739041,0.23641846501436056,0.011236847447504118,0.039014606793907454,0.0015561184436839403,9,13,9,"Wall, cavity and floor insulation",0.23641846501436056,0.15078178266414424,0.08563668235021632,10.032988122387373,builder_contractor,how_to_installation_demo,2024-01-04 13:00:22+00:00,2024
Vr9aNrxy1Ec,0.0770000562718683,0.017922277012755252,0.17684449927710963,0.039020747170524304,0.027349504114346734,0.04771656008994397,0.14995686490152507,0.045536786420345414,0.10968144593494576,0.01810824974447268,0.14433383445311657,0.07813722965919563,0.0069260771962848565,0.007455607335431789,0.03154282524707428,0.022467435171059754,3,3,7,Clarification and specification questions,0.17684449927710963,0.14995686490152507,0.026887634375584557,11.360671098761385,installer_tradesperson,how_to_installation_demo,2024-11-19 14:32:46+00:00,2024
VrKYlQPHfno,0.11283370017926876,0.005534730998602359,0.07480294914106177,0.051763422055253146,0.005472862613507743,0.10465928787473952,0.04664469390850709,0.1871561982168482,0.05263413071396427,0.07563329033286278,0.01095700808607978,0.023405971272159688,0.02035254193481732,0.14732993065838823,0.019506986018742515,0.06131229599519678,90,8,14,"Solar PV, batteries and power systems",0.1871561982168482,0.14732993065838823,0.03982626755845997,11.478649328777115,installer_tradesperson,how_to_installation_demo,2023-06-28 22:28:00+00:00,2023
Vufih-WN5R4,0.14896134945743789,0.022845953294522266,0.06390302196694289,0.02967585901165683,0.027505289545149456,0.06392455367081337,0.08022812014282796,0.019739256507114982,0.05315126772584031,0.01753080749346159,0.02869838424662686,0.26577147918113625,0.06770698898689356,0.017766009784680233,0.04303782631652709,0.04955383266836849,153,12,1,Roof and attic ventilation and airflow,0.26577147918113625,0.14896134945743789,0.11681012972369836,11.28830884463701,training_educational,practical_advice_explainer,2022-04-24 14:20:09+00:00,2022
VwUjkSjllPs,0.05865890295828477,0.03660979740623652,0.044698531738692295,0.04141884247819317,0.014693126531326404,0.06333107244489988,0.02751202759908597,0.044016280758538355,0.04760893487027657,0.024549034105049394,0.025118575387655915,0.08571574512048499,0.25196354520771497,0.010132529791685501,0.12842340676112837,0.0955496468407469,61,13,15,"Wall, cavity and floor insulation",0.25196354520771497,0.12842340676112837,0.1235401384465866,11.61388333460706,builder_contractor,how_to_installation_demo,2024-03-02 16:30:05+00:00,2024
VxwGmzAx1Ww,0.25783318106125364,0.0,0.0,0.0,0.0,0.0,0.0,0.30862164890205224,0.0,0.0,0.39538994564287483,0.0,0.038155224393819326,0.0,0.0,0.0,1,11,8,"Product sourcing, access and location questions",0.39538994564287483,0.30862164890205224,0.08676829674082259,3.3327566283010888,builder_contractor,how_to_installation_demo,2023-06-14 04:40:12+00:00,2023
VyLV4mMl2v8,0.21500045277402033,0.0,0.0,0.0,0.09233967533779665,0.0,0.18471538663785456,0.1717998256267976,0.2135951355458672,0.044564232379813065,0.0,0.0,0.04831961887239609,0.0,0.029665672825454407,0.0,1,1,9,Situated household retrofit experience and building context,0.21500045277402033,0.2135951355458672,0.0014053172281531245,6.580817371645973,builder_contractor,how_to_installation_demo,2024-10-02 22:00:31+00:00,2024
Vy_9xs2nL78,0.12953238123327745,0.006893897047745216,0.13765177151661337,0.0,0.10625231525102682,0.05231961568305064,0.028109248067752286,0.06448925200069511,0.004853998687932996,0.1703580828048349,0.0,0.01680723369263881,0.0,0.1743571986826743,0.01937120664581372,0.08900379868594446,2,14,10,Thermostat wiring and smart heating controls,0.1743571986826743,0.1703580828048349,0.00399911587783941,9.33773867065416,installer_tradesperson,how_to_installation_demo,2022-02-17 10:06:21+00:00,2022
W22X0sR-YUw,0.09921372876189027,0.0017725883297711623,0.08132523586803848,0.05812852586997027,0.002635824926548736,0.0704354934773653,0.022608997697052133,0.043055750431746,0.021020495067690513,0.05291679479437641,0.019385897968557327,0.21186463371550793,0.09986433176614232,0.012725754660834868,0.14217706636191357,0.06086888030259469,14,12,15,Roof and attic ventilation and airflow,0.21186463371550793,0.14217706636191357,0.06968756735359435,11.12051912183209,installer_tradesperson,how_to_installation_demo,2024-12-19 15:49:52+00:00,2024
W52NZOC-DN8,0.06652684026334055,0.012054346496365772,0.0,0.0,0.0,0.0351288496810451,0.0,0.0,0.0,0.054440929077948376,0.00364332484711621,0.0,0.0,0.0,0.0,0.8282057096341839,1,16,1,"Prospective choices, recommendations and alternatives",0.8282057096341839,0.06652684026334055,0.7616788693708434,1.9861957448817367,installer_tradesperson,problem_warning_mistakes,2020-12-18 17:10:56+00:00,2020
W8Arptrbi10,0.05236096523253997,0.008450969073381172,0.05381391594335744,0.3450656694238223,0.0005205748009246871,0.06513990588734754,0.12830386607014074,0.006332525231540035,0.01939799912672323,0.004888473942316577,0.05809249686283274,0.12357874043266887,0.03294935370876683,0.016812407688159243,0.04563373584070791,0.0386584007347707,6,4,7,"Implementation, cost and how-to questions",0.3450656694238223,0.12830386607014074,0.21676180335368153,8.762799640342735,installer_tradesperson,how_to_installation_demo,2020-07-01 15:20:38+00:00,2020
W9ofvoF3GBk,0.08272869893693355,0.11859522687012905,0.03417256179582107,0.0355718766013173,0.009690517696057666,0.029896694116949816,0.09754199053600292,0.012082734229215485,0.053045267891561255,0.0713535176660577,0.016853683501263948,0.12648642813959698,0.18557416613487215,0.0080094062297884,0.04036086394470991,0.0780363657097228,128,13,12,"Wall, cavity and floor insulation",0.18557416613487215,0.12648642813959698,0.05908773799527517,11.913168272245375,installer_tradesperson,how_to_installation_demo,2024-09-27 12:35:52+00:00,2024
WATmq9zSvW8,0.20775815083901084,0.0016615287957650513,0.009224124142325736,0.04082675222803189,0.21542637229775494,0.07481384925711726,0.018787767438885505,0.08690695411768556,0.05199077401379899,0.048514842176251044,0.0203705627831885,0.1110288180187443,0.030560727946250147,0.0161518666279745,0.004124648910156788,0.06185226040705898,25,5,1,Heat pumps and heating systems,0.21542637229775494,0.20775815083901084,0.007668221458744101,10.119456707302135,installer_tradesperson,how_to_installation_demo,2026-05-27 14:00:00+00:00,2026
WBrL9153zJQ,0.08808760050900698,0.003017668214458497,0.08138426879409212,0.07993401769488542,0.01415569224924657,0.016660244114158222,0.12540026297183157,0.3461163671477735,0.05728325527100068,0.03278146690941568,0.024023686681959668,0.00752228001277501,0.004610469456148756,0.0361343549693198,0.008745146872282313,0.07414321813164522,261,8,7,"Solar PV, batteries and power systems",0.3461163671477735,0.12540026297183157,0.22071610417594192,8.802693019628343,training_educational,practical_advice_explainer,2025-09-26 13:15:09+00:00,2025
WCtGzj_osXY,0.07528495457397952,0.001775544142965769,0.1451212597335836,0.11711618986564011,0.03451156323712093,0.010258945827062226,0.01072082302986541,0.3394676508421516,0.008714043763659361,0.013542954328346872,0.001227806048362707,0.0021080102669444774,0.0,0.19254703291395547,0.01260998322034972,0.03499323820601224,11,8,14,"Solar PV, batteries and power systems",0.3394676508421516,0.19254703291395547,0.1469206179281961,6.863828898213943,installer_tradesperson,how_to_installation_demo,2025-01-27 02:28:32+00:00,2025
WDuJZzh1aHo,0.1103530184696806,0.016340686685993592,0.038367742598568504,0.0052345689123280414,0.04171534939676998,0.05392827443449696,0.001383529625523385,0.027162169558408007,0.0010403621162319867,0.15149937472000513,0.11661716068409023,0.058569263119357264,0.21191310971378424,0.010475554146656029,0.09435714246762802,0.06104269335047798,10,13,10,"Wall, cavity and floor insulation",0.21191310971378424,0.15149937472000513,0.06041373499377911,10.380466141274036,training_educational,how_to_installation_demo,2022-08-24 13:12:57+00:00,2022
WJvntR712B4,0.17643420990400258,0.008344632127057645,0.286601984796813,0.0,0.0016062598981106753,0.055156701974329134,0.04023551744477159,0.0,0.059116272016204466,0.017029040045401903,0.001693050125086168,0.14954919007886086,0.19870507435135415,0.005528067238007904,0.0,0.0,5,3,13,Clarification and specification questions,0.286601984796813,0.19870507435135415,0.08789691044545883,6.58604218771994,diy_renovator_homeowner,how_to_installation_demo,2022-08-18 17:11:47+00:00,2022
WNq4bf-gSyo,0.14250744620303024,0.0827405626703623,0.06787425336521341,0.07833071780159018,0.0042291435302493335,0.021602860133897943,0.03925504451562785,0.0006858108972671729,0.038000993242139604,0.05713450075894147,0.05729803943404982,0.03411996393732723,0.29674217854293267,0.0009530769268948409,0.05353809954365599,0.024987308496819963,16,13,1,"Wall, cavity and floor insulation",0.29674217854293267,0.14250744620303024,0.15423473233990243,9.844759356058404,training_educational,how_to_installation_demo,2024-09-01 18:10:28+00:00,2024
WTKGyXv0UTU,0.0,0.006713247009669394,0.11624305704428906,0.14584588668487813,0.02857212149522643,0.0,0.0,0.09622533311840097,0.17540472145796238,0.0,0.0,0.32624729754951376,0.09078439304343053,0.013209721238543215,0.0007542213580862038,0.0,2,12,9,Roof and attic ventilation and airflow,0.32624729754951376,0.17540472145796238,0.15084257609155138,6.31251494325017,builder_contractor,how_to_installation_demo,2023-06-09 17:00:28+00:00,2023
WWcBwHfNk-Y,0.1440058610843167,0.023602467828564292,0.12879233142597743,0.04652848096213376,0.008685765649988847,0.022538683694013142,0.11157975021004168,0.027108838016902958,0.06259058292595628,0.061583816604031845,0.044859993036106015,0.022430184711412737,0.17418416682014376,0.010422840188202406,0.06832341482462456,0.04276282201758357,29,13,1,"Wall, cavity and floor insulation",0.17418416682014376,0.1440058610843167,0.030178305735827055,11.977734072029099,installer_tradesperson,how_to_installation_demo,2024-03-01 13:50:39+00:00,2024
Wdy5-5YgDrU,0.4724838609678098,0.038476959036472955,0.07366561863548578,0.023497635644335598,0.10349636926476581,0.0,0.0,0.05785193943499097,0.0,0.0,0.0,0.006081863533568209,0.18116122201615364,0.0,0.04328453146641723,0.0,1,1,13,Situated household retrofit experience and building context,0.4724838609678098,0.18116122201615364,0.29132263895165617,5.134184409429748,installer_tradesperson,how_to_installation_demo,2025-05-21 11:26:53+00:00,2025
WeyWVzGERdg,0.3100886730857574,0.00046455224198518137,0.0009269946738812536,0.012917732343754169,0.025855660846896215,0.12496968239185628,0.02705384335787488,0.035155168834466045,0.06087905143802128,0.05356876907790653,0.004063974049205251,0.21544686877179794,0.012480707558438105,0.024454397898100964,0.03704111349244203,0.0546328099376165,5,1,12,Situated household retrofit experience and building context,0.3100886730857574,0.21544686877179794,0.09464180431395944,8.212856341481784,diy_renovator_homeowner,how_to_installation_demo,2025-03-17 09:21:41+00:00,2025
Wkvw6JqsMCA,0.07920347602920463,0.022305048156155315,0.15614408025396315,0.07980808427275018,0.0,0.005907685745666894,0.13613649430615155,0.04038041238443109,0.09373662192664817,0.014242203594580515,0.1457691537109068,0.0,0.18073301835867456,0.001512246741187718,0.029664135890312582,0.014457338629366882,5,13,3,"Wall, cavity and floor insulation",0.18073301835867456,0.15614408025396315,0.02458893810471141,9.549982131328488,installer_tradesperson,how_to_installation_demo,2019-10-07 07:29:26+00:00,2019
WoLG6q1Tfgs,0.2158764053598569,0.006926369712261247,0.03873744688976274,0.053964028443688555,0.046376213911026705,0.10810017812800249,0.02161634745805863,0.02402406351563348,0.06122481724704618,0.037807458568163914,0.016751081453776667,0.21916153898083532,0.030823395952697136,0.025423603699604332,0.013639810607648635,0.07954724007193709,96,12,1,Roof and attic ventilation and airflow,0.21916153898083532,0.2158764053598569,0.003285133620978431,10.599541385242446,diy_renovator_homeowner,how_to_installation_demo,2023-09-27 16:15:02+00:00,2023
Wx75mK1Y7go,0.049693227928244633,0.15493767380346016,0.07538090976885005,0.03988345826867122,0.0059019330684909315,0.05779138153685067,0.0482602852957314,0.016448705730475927,0.03704943200380562,0.006741925208854645,0.06459406872133149,0.09043595400341922,0.16580444279134585,0.006080306984091256,0.11161774443836506,0.06937855044801187,21,13,2,"Wall, cavity and floor insulation",0.16580444279134585,0.15493767380346016,0.010866768987885689,11.93262558836413,training_educational,how_to_installation_demo,2024-01-27 16:00:16+00:00,2024
X0qPKugYVHs,0.06490018267222955,0.03244399190557888,0.12121303161437809,0.03733898910835187,0.03929859824468494,0.08989715743757418,0.03369085620694759,0.03553676273469408,0.12579169697785783,0.16558838022937883,0.15275288176451132,0.040842120046840305,0.008561024219854661,0.0006667165625246152,0.029458472990745305,0.02201913728384794,8,10,11,"Implementation follow-up, outcomes and retrospective questions",0.16558838022937883,0.15275288176451132,0.012835498464867506,11.629178912421802,diy_renovator_homeowner,how_to_installation_demo,2024-07-19 04:30:04+00:00,2024
X2XsaezSRKA,0.11219879018548504,0.006920087316877944,0.12462005735723276,0.09803138442447543,0.0,0.0508363029479844,0.011129543541628859,0.01634685988740229,0.128935332637312,0.001683966269436069,0.001967565083484731,0.0013470128218844965,0.0,0.3436691493158651,0.0008780752988836613,0.10143587291204725,2,14,9,Thermostat wiring and smart heating controls,0.3436691493158651,0.128935332637312,0.21473381667855312,6.939283753186733,installer_tradesperson,how_to_installation_demo,2025-10-29 15:01:09+00:00,2025
X4mVaCMoirM,0.18594693988525415,0.005609788531290883,0.08389078253123357,0.1120823317921889,0.01614579759390366,0.11523852742296996,0.056315620880502876,0.019517075921914838,0.035798058731140656,0.05952173139043695,0.0023021847827035874,0.013502077853702424,0.17233311944046384,0.014161706243708156,0.035527039440054836,0.07210721755853072,37,1,13,Situated household retrofit experience and building context,0.18594693988525415,0.17233311944046384,0.013613820444790314,10.80797634908391,diy_renovator_homeowner,how_to_installation_demo,2022-06-26 17:31:34+00:00,2022
XAihvGjayMI,0.09214697308073945,0.00018505284944042135,0.02052386031853059,0.06206467939404301,0.02826893675664972,0.12555756086557984,0.016245311588651622,0.2660771553530811,0.02598677736852878,0.09282862777291244,0.0018703773700038905,0.106733208549516,0.021010527757639088,0.07175613211644256,0.024422508511208346,0.04432231034703316,7,8,6,"Solar PV, batteries and power systems",0.2660771553530811,0.12555756086557984,0.14051959448750123,10.167213138041514,installer_tradesperson,practical_advice_explainer,2025-10-20 17:00:48+00:00,2025
XAtEDU2tJe8,0.15083693155106867,0.005321792930944964,0.13706449199939508,0.04763012763896106,0.054030693886642,0.0283048903501239,0.0889264320938061,0.0037939852935669482,0.0035865784050908497,0.10512373274242667,0.008443182461524572,0.1551181852860249,0.02272940590733431,0.16892154478784396,0.0018952248681636437,0.018272799797082406,10,14,12,Thermostat wiring and smart heating controls,0.16892154478784396,0.1551181852860249,0.013803359501819074,9.808906682035083,installer_tradesperson,how_to_installation_demo,2023-09-19 12:58:35+00:00,2023
XDJ-F50TUtk,0.16976585044600656,0.013769263515380869,0.7632663223992394,0.0,0.0,0.01528034281887817,0.0,0.0,0.0,0.0,0.0,0.0,0.0,0.0,0.015518049086175567,0.022400171734319466,1,3,1,Clarification and specification questions,0.7632663223992394,0.16976585044600656,0.5935004719532329,2.1812062004552972,installer_tradesperson,how_to_installation_demo,2025-03-18 18:19:10+00:00,2025
XDQSNs6vjnk,0.3438841005916389,0.004514284831695604,0.30477136935833327,0.0,4.173838663662485e-05,0.0,0.25820719715906826,0.0,0.027971311278624744,0.0,0.0,0.0300651547505105,0.012211315292325263,0.0,0.0,0.018333528351166865,3,1,3,Situated household retrofit experience and building context,0.3438841005916389,0.30477136935833327,0.03911273123330561,4.204397528125645,builder_contractor,how_to_installation_demo,2024-10-10 22:00:25+00:00,2024
XH5iI9CzqJI,0.38493064549922407,0.0,0.0020543848630335286,0.0664635586138126,0.0,0.0464213956301656,0.0,0.0,0.0,0.0,0.0047119149929413335,0.09986573400246389,0.33147317722211417,0.0007562176715828059,0.0,0.06332297150466208,3,1,13,Situated household retrofit experience and building context,0.38493064549922407,0.33147317722211417,0.0534574682771099,4.50156141042252,training_educational,how_to_installation_demo,2025-08-06 21:09:55+00:00,2025
XJiPerk61Mc,0.1614990360149167,0.04105324937617386,0.0980833639962931,0.06267814602678651,0.019016919207929292,0.03778043356857215,0.13362436384692244,0.014692056185860398,0.06193275289201244,0.009379714175550773,0.0039130516427449726,0.06482381565060474,0.2483408027570132,0.0034047839106690087,0.011952772592260633,0.02782473815568973,18,13,1,"Wall, cavity and floor insulation",0.2483408027570132,0.1614990360149167,0.08684176674209651,9.874296583111501,builder_contractor,how_to_installation_demo,2026-06-18 22:22:17+00:00,2026
XLb56YJzslQ,0.11863794840053082,0.00048426991296565545,0.0351123158871287,0.005787574899790611,0.24116243677093777,0.027716836771262257,0.12916973664263526,0.0945073677456636,0.021536973348131202,0.00016008259362617597,0.01438059677229467,0.1184435331950948,0.07774220058160679,0.04507085699126245,0.038378746017220744,0.03170852346984843,3,5,7,Heat pumps and heating systems,0.24116243677093777,0.12916973664263526,0.11199270012830251,10.01697109857852,installer_tradesperson,how_to_installation_demo,2025-01-22 17:00:38+00:00,2025
XNfUB8lWLAc,0.13205654389263544,0.0021541283698337976,0.05187220077714499,0.1251476688668816,0.13341174096710767,0.09756548040255421,0.15539489378782503,0.03229822206634542,0.035589315807990685,0.03406245953393892,0.01018150810722755,0.018222969806841936,0.024509601961993494,0.03218846705247672,0.017991722198066364,0.09735307640113618,27,7,5,"Alternative methods, challenges and ""why"" questions",0.15539489378782503,0.13341174096710767,0.02198315282071736,11.521532035208347,installer_tradesperson,how_to_installation_demo,2025-06-01 17:26:25+00:00,2025
XPSkyecmmEE,0.1899636446125771,0.04458709848115527,0.12928709429265473,0.11309008886614132,0.002417191399022825,0.05242455778865249,0.039320871590764375,0.004646953054862877,0.0679551711617207,0.010335514573622362,0.07449071953184187,0.09852126407738163,0.012978444708182577,0.04412562033998627,0.012237283192460901,0.10361848232897275,16,1,3,Situated household retrofit experience and building context,0.1899636446125771,0.12928709429265473,0.06067655031992236,11.258714664457843,diy_renovator_homeowner,how_to_installation_demo,2025-07-28 21:14:34+00:00,2025
XSDrjycpU6s,0.0444735200257424,0.2390304114009668,0.10979204778352836,0.1281592093366992,0.0029428022416269836,0.003794052745776648,0.006454812900358907,0.015308921435625634,0.06749977822508489,0.0019249914915237419,0.11232105147449396,0.053564561494480446,0.1472811877815795,0.009728472862012864,0.04459810595797501,0.013126072842524615,12,2,13,Spray foam and foam insulation,0.2390304114009668,0.1472811877815795,0.09174922361938731,9.396278130616656,installer_tradesperson,how_to_installation_demo,2022-05-28 16:20:42+00:00,2022
XUyaWvsF-_0,0.11727052558418127,0.004895946991808461,0.05233542698450123,0.02980897621732728,0.05138686742627962,0.11917246463710482,0.05418151775246099,0.022470203628369424,0.06264889568017101,0.10720896941550728,0.04674712437517656,0.0015215802110762182,0.01788697599123768,0.2920083787812628,0.00788489984027647,0.012571246483258842,18,14,6,Thermostat wiring and smart heating controls,0.2920083787812628,0.11917246463710482,0.17283591414415797,9.741683192144103,installer_tradesperson,how_to_installation_demo,2019-10-30 00:26:55+00:00,2019
XZZxH1LpQYU,0.035100070475299956,0.0,0.09919724091478777,0.009181965936022803,0.0,0.0013301525421633065,0.005780146796711784,0.8380478444326697,0.00846410954323015,0.0028984693591145253,0.0,0.0,0.0,0.0,0.0,0.0,6,8,3,"Solar PV, batteries and power systems",0.8380478444326697,0.09919724091478777,0.7388506035178819,1.884828767180483,builder_contractor,how_to_installation_demo,2021-08-14 14:28:13+00:00,2021
XhvOHEOiEbw,0.31633696316685544,0.008567752002040784,0.19260346391552208,0.06915853514293771,0.005382597527594769,0.030895452058557014,0.05181597489012866,0.03580328351378823,0.04556938236799524,0.0491448533236332,0.04274050261143043,0.009061539694544967,0.02777201543738728,0.010828319309824008,0.027101667925098157,0.07721769711266202,24,1,3,Situated household retrofit experience and building context,0.31633696316685544,0.19260346391552208,0.12373349925133337,9.25592075322401,training_educational,project_walkthrough,2020-07-21 22:00:08+00:00,2020
XrS9QeFuWuE,0.06028124555846076,0.0,0.0012673176495763983,0.15623449580539825,0.05875028293020398,0.16024605382876722,0.004503693821332982,0.0,0.06510377606008196,0.004589787952043802,0.0,0.012974027185319594,0.376191234014791,0.0,0.023194661458439427,0.07666342373558464,3,13,6,"Wall, cavity and floor insulation",0.376191234014791,0.16024605382876722,0.21594518018602377,6.442976853441728,installer_tradesperson,how_to_installation_demo,2021-01-25 17:00:14+00:00,2021
XwglNa3y0_Y,0.47015648492052153,0.009122692409434901,0.004701466065326098,0.0,0.023541603813126734,0.04068750770066579,0.0,0.23378765387215983,0.0,0.0,0.0,0.0,0.0,0.06258607812531083,0.0,0.15541651309345433,2,1,8,Situated household retrofit experience and building context,0.47015648492052153,0.23378765387215983,0.2363688310483617,4.237383200123393,installer_tradesperson,how_to_installation_demo,2024-11-21 20:26:16+00:00,2024
Xzd3CpepoVM,0.11864992698262265,0.004363081967946987,0.007301667695448422,0.09959002872441965,0.24270953958416489,0.16909999012310475,0.0401285955675201,0.03488694361953624,0.16307205828731094,0.00886366900849573,0.001505406706737009,0.030324048495309366,0.0,0.013271443313035163,0.005965599158128194,0.06026800076621993,3,5,6,Heat pumps and heating systems,0.24270953958416489,0.16909999012310475,0.07360954946106013,8.526570858026895,installer_tradesperson,how_to_installation_demo,2025-06-11 14:00:50+00:00,2025
Y0nkl-lWUQo,0.319535551009717,0.0,0.0053246181175698876,0.012295164952133099,0.0,0.04484145457353212,0.27594864301897953,0.02197385272333204,0.10707585050988859,0.025616118324974384,0.009627817153203478,0.007324134201004368,0.0039059362905810896,0.15333366575186516,0.0,0.013197193373219271,3,1,7,Situated household retrofit experience and building context,0.319535551009717,0.27594864301897953,0.043586907990737445,6.080130768410568,installer_tradesperson,how_to_installation_demo,2024-12-09 20:51:01+00:00,2024
Y7WNb0hAY1M,0.13910976761769334,0.0006917844112708288,0.027731511395216797,0.028667997901124852,0.19448145730656588,0.04665400655704825,0.04630771257808127,0.11918364934699316,0.073417269730753,0.015077527695809452,0.009186829036880732,0.002631592383448329,0.09027575245217857,0.03072291853477093,0.00372080935144869,0.17213941370071598,15,5,16,Heat pumps and heating systems,0.19448145730656588,0.17213941370071598,0.022342043605849904,9.968165062184006,installer_tradesperson,how_to_installation_demo,2023-09-23 21:29:05+00:00,2023
YA6uPtfqkYA,0.07374133161825973,0.028881985910124013,0.03418042693082862,0.13818869016541244,0.0,0.004677352686172803,0.03155780887271742,0.037324479174279446,0.05819289770192326,0.002814332862813821,0.0008176928084187655,0.31706250226627036,0.21715540824023852,0.0032673754884025804,0.01684030076079193,0.035297414513346316,6,12,13,Roof and attic ventilation and airflow,0.31706250226627036,0.21715540824023852,0.09990709402603185,7.610881731029333,installer_tradesperson,practical_advice_explainer,2025-06-15 19:46:49+00:00,2025
YCCsP6V5KtQ,0.03393024348268957,0.0,0.015236165923881459,0.0,0.0,0.02248263002736517,0.0,0.028978027348059262,0.0,0.026756112411024397,0.0,0.0,0.8478487118729771,0.0,0.0,0.024768108934003004,1,13,1,"Wall, cavity and floor insulation",0.8478487118729771,0.03393024348268957,0.8139184683902875,2.0035308695434635,installer_tradesperson,how_to_installation_demo,2024-02-10 17:03:45+00:00,2024
YGoLG2Q24JY,0.07612904978231122,0.07258740777985619,0.03592782927673974,0.0023915940578463236,0.008681398716178302,0.04358796867137591,0.010834613288729287,0.011749237414160063,0.07017097789327824,0.009930665494480085,0.01500629581535018,0.284980420405803,0.12132091358058984,0.006422228789979448,0.11345309091735965,0.11682630811596248,22,12,13,Roof and attic ventilation and airflow,0.284980420405803,0.12132091358058984,0.16365950682521319,9.378928136320457,training_educational,practical_advice_explainer,2023-04-29 12:27:12+00:00,2023
YR4JYB7ZZQU,0.023091061982414705,0.008627705564807436,0.014087250184209804,0.007058721553865484,0.0007849124305268146,0.009605584208390963,0.04206903440530579,0.5513342482325299,0.029310236423701085,0.03654090914226441,0.028761763518793157,0.04089933890050025,0.003471846060996857,0.09520226361830283,0.019306230747868223,0.08984889302552239,11,8,14,"Solar PV, batteries and power systems",0.5513342482325299,0.09520226361830283,0.456131984614227,5.631005515646639,diy_renovator_homeowner,how_to_installation_demo,2023-04-20 17:18:21+00:00,2023
YS6NzCAG4l8,0.06419800678540122,0.009667609768468075,0.06996189436126121,0.032671851692019006,0.001367086794144811,0.12660430423975916,0.08380603432432586,0.01529229088831606,0.06287356059271074,0.03768077620392464,0.023940537210116335,0.1278632648818417,0.11106207425323815,0.009221823794936065,0.13653687465888467,0.08725200955065233,38,15,12,Vapour barriers and moisture control,0.13653687465888467,0.1278632648818417,0.008673609777042984,11.978900343652844,builder_contractor,how_to_installation_demo,2024-10-13 15:30:16+00:00,2024
YZQzzxv4hKI,0.0700600390195211,0.0034524775312679947,0.04799410443024751,0.05868985945846646,0.06555992509227054,0.2502887496780727,0.012619311126556376,0.038762629836160294,0.03268321124129632,0.01657137928763173,0.0096929510953837,0.012496576597212284,0.004473308905454695,0.29269788918049316,0.014024790327184346,0.06993279719278082,23,14,6,Thermostat wiring and smart heating controls,0.29269788918049316,0.2502887496780727,0.04240913950242048,8.445306477234748,installer_tradesperson,how_to_installation_demo,2023-09-20 17:00:32+00:00,2023
Yccegy0HeLk,0.32547360410722237,0.006520789460516416,0.01696131179830863,0.001310468430577423,0.007808452307902107,0.3907082369192578,0.003601727793349647,0.005062281474328361,0.008962563520414392,0.016235238567005233,0.06698377813202054,0.05375443173755492,0.0070934742963623156,0.030164952561370237,0.028659539078041738,0.030699149815767865,8,6,1,"Praise, gratitude and social endorsement",0.3907082369192578,0.32547360410722237,0.06523463281203545,5.612143622247208,installer_tradesperson,how_to_installation_demo,2023-12-09 16:45:00+00:00,2023
YfkMK5GRLG8,0.1344631972941154,0.007296854891264592,0.016592634812541484,0.16116118713017305,0.02140205075757846,0.029135012456769926,0.16085559118233445,0.036409543595234815,0.05892272420116006,0.0477183314103911,0.0030108497959749642,0.0018510927432947495,0.11437784307996166,0.026990195420059905,0.037967956481032225,0.14184493474811316,15,4,7,"Implementation, cost and how-to questions",0.16116118713017305,0.16085559118233445,0.000305595947838605,10.544284210667467,diy_renovator_homeowner,practical_advice_explainer,2024-07-21 16:06:55+00:00,2024
YgRAlnQv3GE,0.1577629799962437,0.0003998030811239109,0.10246447684442912,0.03205143400396587,0.2836288763519447,0.133578420588718,0.025375682581406506,0.005161811979912148,0.09649539251869889,0.0057211140258984555,0.0029380380062607606,0.033708243709459886,0.0026111114958787154,0.06873300189475327,0.0012512917321822244,0.04811832118912384,39,5,1,Heat pumps and heating systems,0.2836288763519447,0.1577629799962437,0.12586589635570103,8.376098648564506,installer_tradesperson,practical_advice_explainer,2019-12-19 14:16:27+00:00,2019
YgvKoG-7T30,0.20841471092232747,0.004492306081833496,0.05580077350618592,0.029536959047433427,0.11494527872012363,0.09055145690846331,0.06724633369076491,0.0444012889981864,0.08576722559007735,0.012859354824713433,0.035912905856912355,0.02441207489469654,0.004963217390698903,0.1368754971722042,0.00870034102621457,0.07512027536916412,58,1,14,Situated household retrofit experience and building context,0.20841471092232747,0.1368754971722042,0.07153921375012326,11.169385311765108,installer_tradesperson,practical_advice_explainer,2024-09-20 09:12:33+00:00,2024
YhGoeR4Q4tM,0.07502529768325185,0.055572206108041686,0.057287017940804055,0.047161940695416335,0.004160449116169706,0.13416025231998882,0.019728875002855244,0.02318072346607493,0.029052780367294282,0.027125935670684123,0.01475391081953299,0.22297572599952728,0.18646237551058867,0.014095096647405818,0.04648363165217187,0.04277378100019235,72,12,13,Roof and attic ventilation and airflow,0.22297572599952728,0.18646237551058867,0.03651335048893861,10.675714413820353,diy_renovator_homeowner,how_to_installation_demo,2021-10-29 15:00:13+00:00,2021
YitugFIMEqs,0.0229733574020323,0.006514575731643996,0.038840857874377334,0.005344287390258533,0.04750702750082612,0.12665992844898186,0.15058789098987438,0.035665124438340946,0.05090060956842187,0.1038488036624144,0.0852014773119207,0.011754962392315724,0.0006861221715286546,0.28475457599168824,0.01737693612793242,0.01138346299744252,12,14,7,Thermostat wiring and smart heating controls,0.28475457599168824,0.15058789098987438,0.13416668500181386,9.17924366791652,installer_tradesperson,how_to_installation_demo,2024-01-02 14:34:48+00:00,2024
YmotMzEVbRY,0.09392129084097,0.02969620786838546,0.18860213769375875,0.13197798355610268,0.0006579682475431789,0.03367048029402454,0.1483132687151661,0.28850827062227896,0.0,0.02377368116898769,0.029339833342702324,0.0,0.012281571477465905,0.007043403590344203,0.006416066466764902,0.0057978361155053,6,8,3,"Solar PV, batteries and power systems",0.28850827062227896,0.18860213769375875,0.09990613292852021,7.483957155674741,installer_tradesperson,how_to_installation_demo,2025-01-17 08:12:47+00:00,2025
YpKQ-JULyG4,0.05430242948957329,0.00029097353512828417,0.26046316829895777,0.06578753646433229,0.002467207320697243,0.13194015949429053,0.0019087609914381614,0.012061390792435955,0.0018315106707980932,0.004516218814078565,0.16351816954039447,0.0001492375493127455,0.17438191362422992,0.023613775489740193,0.018908766454133853,0.08385878147045871,7,3,13,Clarification and specification questions,0.26046316829895777,0.17438191362422992,0.08608125467472785,7.740953927515368,diy_renovator_homeowner,how_to_installation_demo,2023-11-09 18:40:14+00:00,2023
YrelmD9xS3c,0.0830805998287141,0.019669424715505354,0.04673678733007745,0.02945043726417718,0.00878946647141503,0.04682783078350116,0.042400183348779825,0.012082965003225294,0.03250344994644699,0.011188816978001207,0.022614041171715532,0.3000196223211385,0.18942915393001247,0.008858089957914048,0.06584714746642346,0.08050198348295234,39,12,13,Roof and attic ventilation and airflow,0.3000196223211385,0.18942915393001247,0.11059046839112602,9.49526430793993,builder_contractor,problem_warning_mistakes,2025-01-10 14:33:06+00:00,2025
YsVCTGRR7fc,0.07259906356664148,0.04914086522265376,0.05593778645392648,0.052320912356163554,0.01359492952366843,0.0923769440600377,0.052809474688694395,0.009447107919190005,0.05047783864757059,0.07469912726404165,0.006121585818470987,0.2273234709570592,0.1291473286976309,0.006612946900012222,0.0370751800736486,0.07031543785059,87,12,13,Roof and attic ventilation and airflow,0.2273234709570592,0.1291473286976309,0.0981761422594283,11.597537271547141,builder_contractor,how_to_installation_demo,2023-02-19 01:40:19+00:00,2023
YtfF6WUl8P4,0.3544163913728005,0.0,0.015670698826440097,0.005377967291696448,0.3571073804403832,0.0,0.04650752542919415,0.0,0.05828789377797475,0.0017347671943148922,0.0,0.0413408183990637,0.0,0.11955655726813212,0.0,0.0,1,5,1,Heat pumps and heating systems,0.3571073804403832,0.3544163913728005,0.002690989067582694,4.634905670028489,installer_tradesperson,how_to_installation_demo,2025-05-03 10:00:51+00:00,2025
YvA526jJD50,0.1857160569900494,0.01564796981945526,0.024593307040942022,0.007178892919361551,0.05254672369904754,0.2881675890562136,0.11705702366284165,0.011899629060300478,0.007662988854268628,0.10714897403375163,0.0012304574516243875,0.032506637103280056,0.0534990828211908,0.0027101343596291666,0.012921473944694922,0.07951305918334892,10,6,1,"Praise, gratitude and social endorsement",0.2881675890562136,0.1857160569900494,0.1024515320661642,8.566886535980649,builder_contractor,how_to_installation_demo,2020-12-12 18:30:02+00:00,2020
Yvyt42t0v5U,0.037734900816415395,0.0,0.08497456657390824,0.07333483505268128,0.003918572114972902,0.03531472700169335,0.026036957263349477,0.005137123718570784,0.016851467975456842,0.0026582746804664063,0.002387794536163674,0.38061315293018455,0.20379641864975526,0.0257615294999107,0.008313467129639724,0.09316621205683139,3,12,13,Roof and attic ventilation and airflow,0.38061315293018455,0.20379641864975526,0.1768167342804293,6.907688720641425,training_educational,how_to_installation_demo,2022-03-05 10:01:21+00:00,2022
YwK59HPoDoQ,0.0029132083187555923,0.0313828742183603,0.006205585401444062,0.0,0.0,0.0,0.04625220779747472,0.043442215086107995,0.0,0.022516090974084184,0.0,0.0,0.8048978000166788,0.007362387819296407,0.035027630367797775,0.0,2,13,7,"Wall, cavity and floor insulation",0.8048978000166788,0.04625220779747472,0.758645592219204,2.337915715448931,training_educational,how_to_installation_demo,2019-06-01 20:30:00+00:00,2019
Yy6EUHYh6ow,0.09147897840627688,0.08199916503740683,0.023832897345995325,0.20520723288694195,0.08064440537682738,0.2276279572136799,0.012546539392134112,0.04754896859615574,0.01918470538308995,0.05134925135177038,0.0084063771429835,0.024783076991504643,0.0861796485420734,0.005299128090354918,0.0037722464290869395,0.030139421813718162,12,6,4,"Praise, gratitude and social endorsement",0.2276279572136799,0.20520723288694195,0.022420724326737945,10.007773221730492,diy_renovator_homeowner,practical_advice_explainer,2023-01-12 20:42:36+00:00,2023
Z-Bhh3aH4f4,0.1822765202353159,0.012548493059591562,0.15841386117086192,0.010439936739247362,0.01458536964511905,0.034178518471313854,0.15083419563357725,0.018330321858636676,0.08288737038362136,0.05745051809153754,0.007261884497385511,0.16435557552524088,0.029147507662199357,0.01522096862443584,0.04411665160788204,0.017952306794033892,25,1,12,Situated household retrofit experience and building context,0.1822765202353159,0.16435557552524088,0.01792094471007502,10.176604301039136,installer_tradesperson,problem_warning_mistakes,2023-12-01 19:34:01+00:00,2023
Z4HzPKrLkfc,0.0498548564056859,0.005911828416438125,0.013416445070397987,0.0,0.0,0.0,0.09833244825041594,0.6070438263837727,0.09411566327549162,0.025451318842078186,0.011086836695620805,0.06097565149012523,0.012142159327820055,0.0013268945034176046,0.020342071338735883,0.0,2,8,7,"Solar PV, batteries and power systems",0.6070438263837727,0.09833244825041594,0.5087113781333568,4.248914926495725,diy_renovator_homeowner,how_to_installation_demo,2025-08-18 22:48:30+00:00,2025
Z6KHUCQD8Pc,0.08480175744013584,0.018316168556131208,0.04540140152490211,0.12590124205099912,0.004290097264731352,0.2321499423087223,0.021635323155798743,0.02162143870487286,0.047611679386859965,0.1474237447837339,0.006493177463471197,0.023450987936457442,0.12968306104914676,0.012814554524869076,0.012806610269305237,0.06559881357986287,57,6,10,"Praise, gratitude and social endorsement",0.2321499423087223,0.1474237447837339,0.08472619752498839,10.126980791244119,diy_renovator_homeowner,how_to_installation_demo,2023-11-25 12:48:27+00:00,2023
ZAPNCBbhoqE,0.1414809091390908,0.08858174523815095,0.04062266074786154,0.03777479079252061,0.09961483095121106,0.03688489487343716,0.08094846420626867,0.019457707528525495,0.0633503579697965,0.04493189704019327,0.019683135034337412,0.047695759825584085,0.1573218774840916,0.005774228399809974,0.027110553843238374,0.08876618692588249,229,13,1,"Wall, cavity and floor insulation",0.1573218774840916,0.1414809091390908,0.01584096834500079,12.76933778441674,diy_renovator_homeowner,how_to_installation_demo,2024-10-22 09:16:23+00:00,2024
ZAZWYBFipmI,0.10540918730467756,0.41581999279385495,0.04450977062925154,0.020160387597974352,0.006893989649725354,0.020806809884024943,0.05428024289646997,0.01870173515490103,0.09641650591903286,0.01839148099487764,0.01847130148578149,0.022466872779821245,0.035636562448254194,0.022043630055295416,0.05074454707506574,0.04924698333099171,231,2,1,Spray foam and foam insulation,0.41581999279385495,0.10540918730467756,0.3104108054891774,8.391376827866752,builder_contractor,how_to_installation_demo,2024-09-14 17:29:33+00:00,2024
ZDggWwvrrpM,0.18897300020976804,0.0024369047689381217,0.002055723359249597,0.013830050323505679,0.008074757297598682,0.08106259141718676,0.033485414864726316,0.04129164206158961,0.046043214388991546,0.15571767988917465,0.12739810257950832,0.1403530022873173,0.0,0.0,0.0,0.1592779165524453,4,1,16,Situated household retrofit experience and building context,0.18897300020976804,0.1592779165524453,0.029695083657322735,8.596795402108143,installer_tradesperson,how_to_installation_demo,2023-07-04 22:23:34+00:00,2023
ZInm0mt0pXQ,0.17244407745965878,0.16240791692226053,0.022961283955147314,0.04754434110323484,0.007814676609232303,0.018430173032242654,0.09258334110956194,0.03619765849482515,0.04060973620961314,0.1304166137324664,0.03708466796621172,0.030067497397355595,0.09927209514014843,0.01467118656619814,0.03859019382239356,0.048904540479449525,159,1,2,Situated household retrofit experience and building context,0.17244407745965878,0.16240791692226053,0.010036160537398253,11.816464942115331,builder_contractor,how_to_installation_demo,2025-02-08 14:17:00+00:00,2025
ZKaf3lPFX1s,0.24112489789419658,0.05338783349856261,0.0883811334783318,0.0015774582598399465,0.0004783566085518448,0.04264363725602019,0.015073260532852144,0.04063163432627962,0.007893757088021614,0.014841317870602154,0.0024000620508923907,0.06019155921567244,0.19860985931439357,0.019860907898083268,0.18318806635693477,0.029716258350764958,6,1,13,Situated household retrofit experience and building context,0.24112489789419658,0.19860985931439357,0.042515038579803016,8.620980375673291,builder_contractor,how_to_installation_demo,2024-09-27 06:43:57+00:00,2024
ZLKPLqBI6Ow,0.14491335788743018,0.10109808028879659,0.05688748812514051,0.03731008126150119,0.015287479311930755,0.07194251567484067,0.025792219991033934,0.014109702618653002,0.0450072529145875,0.028417907095259813,0.01513346029459745,0.09940786427022322,0.17375855491942305,0.006438085405528268,0.09493035379302942,0.06956559614802442,248,13,1,"Wall, cavity and floor insulation",0.17375855491942305,0.14491335788743018,0.02884519703199287,11.992440419525511,builder_contractor,project_walkthrough,2022-11-19 22:00:21+00:00,2022
ZMp5ofZpPWo,0.03953773844546356,0.059303923290908694,0.1068370158073989,0.12455453898345963,0.031265535239834684,0.04471057469103721,0.009585537527461108,0.008556381085045523,0.2859844340266906,0.06601840682070435,0.022523290677699717,0.06758385314659102,0.08098669736375556,0.020923946298313414,0.008974926571412195,0.022653200024223764,17,9,4,Performance checking and troubleshooting,0.2859844340266906,0.12455453898345963,0.16142989504323096,10.420184967564143,diy_renovator_homeowner,practical_advice_explainer,2023-01-06 22:56:58+00:00,2023
ZTc2q376Xnk,0.061674699844903196,0.0,0.00303962476487142,0.3110438019025126,0.04737994728152341,0.019764737690124386,0.010532565046061019,0.0495718930176567,0.07603372993673706,0.0958179464277203,0.02162518696368257,0.24461301076085507,0.010238796657774626,0.03411714007108497,0.0035432210410563172,0.011003698593436334,7,4,12,"Implementation, cost and how-to questions",0.3110438019025126,0.24461301076085507,0.06643079114165751,7.778415067275305,installer_tradesperson,how_to_installation_demo,2024-12-21 11:02:17+00:00,2024
ZTuWmduTJRM,0.011608849045113388,0.0018510441348383135,0.13932885363233669,0.07198666558641874,0.020179744904296425,0.112120899896991,0.007477733357364886,0.015106065394376028,0.07666539965401818,0.02938773166159558,0.0004686719137831453,0.003097873138338622,0.0018367146956505733,0.45597255879036297,0.0005576102004242277,0.052353583994091214,14,14,3,Thermostat wiring and smart heating controls,0.45597255879036297,0.13932885363233669,0.3166437051580263,6.060268754645052,installer_tradesperson,how_to_installation_demo,2024-03-14 00:15:02+00:00,2024
ZUcyMZJ-Jsw,0.1813616438343129,0.005819237017108074,0.04411517151537535,0.034003370502907714,0.14761819843162097,0.04464198922299509,0.03272591795866313,0.09809654303713639,0.0453931726143204,0.031315785512515765,0.015730004743904107,0.0821353319170395,0.1199014575768442,0.0253707523105696,0.015549753155335817,0.07622167064935097,198,1,5,Situated household retrofit experience and building context,0.1813616438343129,0.14761819843162097,0.033743445402691946,11.953718264649487,training_educational,problem_warning_mistakes,2025-04-25 18:01:28+00:00,2025
ZW6HHMMoTH4,0.04936028061143733,0.0,0.2890609255855961,0.0,0.532500650212548,0.0,0.0,0.0,0.11404361931265611,0.0,0.0,0.0,0.0,0.013095423680621507,0.0,0.0019391005971410163,1,5,3,Heat pumps and heating systems,0.532500650212548,0.2890609255855961,0.2434397246269519,3.1877820835515225,builder_contractor,how_to_installation_demo,2025-09-29 00:48:52+00:00,2025
Zh0ohPNbbOQ,0.08730778037898804,0.0015610431306342294,0.017960654022365057,0.14695185234243394,0.10919126796301538,0.06783664780780452,0.04093312769421019,0.06774016631306988,0.1333246339864475,0.013357304946432056,0.1470937383421224,0.01623686803854516,0.007029494986631996,0.015322119467537835,0.01221317437809528,0.11594012620166659,17,11,4,"Product sourcing, access and location questions",0.1470937383421224,0.14695185234243394,0.0001418859996884514,10.936501586728403,installer_tradesperson,how_to_installation_demo,2023-01-15 17:00:07+00:00,2023
ZjvANH4OCik,0.13096054599781604,0.008195449091008425,0.11607593496289594,0.037091942179262254,0.10024501908918071,0.023480253127310387,0.021386271952366438,0.06731108126401432,0.13298849173412905,0.0033721251547391283,0.03856784013906982,0.07178773871429085,0.0176027939451238,0.15063249902348377,0.04349837499882952,0.03680363862647953,6,14,9,Thermostat wiring and smart heating controls,0.15063249902348377,0.13298849173412905,0.017644007289354724,11.900466198796641,training_educational,how_to_installation_demo,2025-03-10 07:06:57+00:00,2025
ZmuZbmAWSKo,0.13659682449561106,0.09203548467924877,0.011686902763428467,0.00779462556818965,0.0044796089867555925,0.18572798741953453,0.02842326483117576,0.1051458099192649,0.007217322365308726,0.08975797828005855,0.04616417617685924,0.1131992160523849,0.12711355789590711,0.006219686502541492,0.02418295968542893,0.014254594378302255,5,6,1,"Praise, gratitude and social endorsement",0.18572798741953453,0.13659682449561106,0.04913116292392347,10.393735092077868,diy_renovator_homeowner,how_to_installation_demo,2019-12-05 20:54:12+00:00,2019
ZruXLnqBd-Y,0.05985494999290422,0.005581816895216973,0.0741731546218241,0.1284473371299539,0.0105439979765621,0.02832188216276408,0.023017264289455004,0.4038990558152552,0.07804594661808326,0.00256784103969987,0.01468895831968777,0.00580086406691173,0.005577611250019518,0.07936874305280522,0.004043151767187374,0.07606742500166969,23,8,4,"Solar PV, batteries and power systems",0.4038990558152552,0.1284473371299539,0.27545171868530127,7.466995904108652,training_educational,how_to_installation_demo,2024-07-28 21:10:13+00:00,2024
ZuzY9FKfpIM,0.11943413178365234,0.0,0.3042243056891524,0.1032091413741301,0.02262595413614732,0.06492644419171315,0.0031237267422483703,0.03655712894880277,0.08165871499613471,0.0035977400470723724,0.00613748516199419,0.0,0.0,0.22643088965373637,0.0,0.0280743372752159,5,3,14,Clarification and specification questions,0.3042243056891524,0.22643088965373637,0.07779341603541601,6.994756981821333,installer_tradesperson,how_to_installation_demo,2025-09-26 21:06:22+00:00,2025
_2azm-zSFSo,0.11224849919727978,0.00037415866834527965,0.17938536866718358,0.06630518976707221,0.24000281292257242,0.016019153603808012,0.009937058000241573,0.026848289732561127,0.06923181156607774,0.0011529270023125557,0.07535554416933049,0.005400287934107094,0.0038797469051788085,0.01684241986221439,0.007336246692902302,0.16968048530881263,8,5,3,Heat pumps and heating systems,0.24000281292257242,0.17938536866718358,0.06061744425538884,8.426093196338918,training_educational,practical_advice_explainer,2024-01-31 17:00:26+00:00,2024
_D5_ESYvydk,0.1223503817482837,0.0007447304604697326,0.09079600816788777,0.019977701301636994,0.01441484080944589,0.03859913479902253,0.037527119454997336,0.008684410513795218,0.04503363324165739,0.0017255316741863578,0.039782363982378784,0.09223638787450475,0.09637070678225246,0.001241534477690201,0.31180481702582796,0.07871069768596295,17,15,1,Vapour barriers and moisture control,0.31180481702582796,0.1223503817482837,0.18945443527754427,9.074644457944757,training_educational,how_to_installation_demo,2025-03-24 22:00:26+00:00,2025
_HiuDH6OPoY,0.1557738436882818,0.005401489115612388,0.023010504982311875,0.05665952308727955,0.09529557023803747,0.171937456724029,0.005380673877737359,0.20874096528865502,0.06392190630886649,0.014921172084064436,0.00834966670579985,0.012593726009269108,0.004242209195386983,0.041482348846765146,0.008335874513979291,0.12395306933392433,10,8,6,"Solar PV, batteries and power systems",0.20874096528865502,0.171937456724029,0.036803508564626025,9.361770508387089,installer_tradesperson,how_to_installation_demo,2024-01-23 15:06:17+00:00,2024
_RQ9S1u7ag4,0.17495916007354995,0.03852991642441004,0.08029264085134392,0.058393351342762585,0.030449778087319065,0.04801374126344913,0.03783373115677458,0.009996643097256161,0.03732072070763224,0.01710700806283015,0.02330120866287917,0.043040976288028256,0.19290397226801473,0.005603610650215622,0.1454578355550224,0.05679570550851196,93,13,1,"Wall, cavity and floor insulation",0.19290397226801473,0.17495916007354995,0.017944812194464782,11.3132700175927,diy_renovator_homeowner,how_to_installation_demo,2021-03-20 15:41:22+00:00,2021
_TGiq6uH0t0,0.1800757073499024,0.2733302253296364,0.15192864462442013,0.010371861828986034,0.0008638547844360976,0.10904147433252065,0.013145030412973805,0.017030640362447225,0.03459217180359262,0.06137144588812438,0.00683614893060022,0.11443533400907681,0.0006996057044365616,0.005663553440116398,0.007933330480892956,0.012680970717837385,7,2,1,Spray foam and foam insulation,0.2733302253296364,0.1800757073499024,0.09325451797973403,7.9160444923562965,diy_renovator_homeowner,problem_warning_mistakes,2025-08-19 11:30:00+00:00,2025
_UGNgGcwhjs,0.060825591918239885,0.001905285929230253,0.04410440057410266,0.036755859100841295,0.007100830946560018,0.09326158841054094,0.021236315840382172,0.0175935783731334,0.05934794909798076,0.002775735905467019,0.015097145096337306,0.354585720504975,0.08935443659420243,0.007074341445004381,0.09937593831920703,0.08960528194379545,31,12,15,Roof and attic ventilation and airflow,0.354585720504975,0.09937593831920703,0.25520978218576795,8.68770802134336,installer_tradesperson,how_to_installation_demo,2022-09-18 15:30:04+00:00,2022
_UZDAEn7X_E,0.03421796262471893,0.2874464502217903,0.003368667708483715,0.0016084966081524182,0.019968911440888245,0.008623082595976142,0.0,0.0,0.0,0.015386837823848167,0.0004924182940425025,0.048919633655879924,0.054987485709024314,0.044879685755128886,0.040008922728524826,0.44009144483354157,1,16,2,"Prospective choices, recommendations and alternatives",0.44009144483354157,0.2874464502217903,0.1526449946117513,5.088061905166618,diy_renovator_homeowner,how_to_installation_demo,2025-04-03 16:24:25+00:00,2025
_XykCN3Nxe8,0.12710408165512233,0.0013611021086611097,0.009447732944121878,0.11457849482428306,0.0,0.001870886212453128,0.04618620215239965,0.21339124868626608,0.19615318729127268,0.043348214532690194,0.009348593183253266,0.004357221128905766,0.0003283787327932718,0.13341908756677773,0.0,0.09910556898099988,4,8,9,"Solar PV, batteries and power systems",0.21339124868626608,0.19615318729127268,0.017238061394993398,7.92655241685379,installer_tradesperson,how_to_installation_demo,2020-10-28 22:40:05+00:00,2020
__LqdnMek0I,0.03753240567179874,0.004177132419506802,0.011915440293259864,0.018692677213880467,0.000634307416863365,0.05811505318042278,0.017519070364348643,0.031247615244754372,0.024838458947581604,0.020676152836858783,0.0703136371660056,0.265915644814766,0.12029862451475885,0.010090259174055182,0.19492799786954654,0.11310552287159242,19,12,15,Roof and attic ventilation and airflow,0.265915644814766,0.19492799786954654,0.07098764694521945,9.022293287285484,installer_tradesperson,problem_warning_mistakes,2024-10-15 15:41:29+00:00,2024
__lBtwsBxiw,0.4797295287154674,0.0,0.0,0.0,0.0,0.08514705820474615,0.07653330397236674,0.0,0.05391367077900764,0.0020922595597017007,0.0,0.0,0.287503819544577,0.0,0.0,0.015080359224133325,1,1,13,Situated household retrofit experience and building context,0.4797295287154674,0.287503819544577,0.19222570917089044,3.860538697834551,training_educational,practical_advice_explainer,2024-07-27 18:16:59+00:00,2024
_d5-OzlOah0,0.15148305940749512,0.0020026565256762406,0.11148040673735085,0.03867502254628186,0.10450714170136188,0.1268906971546644,0.05129339109112934,0.010820773500326,0.09625544786873821,0.010883943514184912,0.01862417927469218,0.027535807223379793,0.027175899964084687,0.13277582473051833,0.011705155573758114,0.07789059318635806,37,1,14,Situated household retrofit experience and building context,0.15148305940749512,0.13277582473051833,0.018707234676976797,11.388143247886873,installer_tradesperson,how_to_installation_demo,2019-02-17 19:44:19+00:00,2019
_gBfi2FqOwg,0.12544255519859124,0.0,0.1777906233906611,0.1810233814020985,0.14043020223429933,0.0,0.009678417130003815,0.006165497683790427,0.01128907279433917,0.22639474545781713,0.0,0.09936529749902041,0.0,0.022420207209378762,0.0,0.0,2,10,4,"Implementation follow-up, outcomes and retrospective questions",0.22639474545781713,0.1810233814020985,0.04537136405571862,6.891599245155297,installer_tradesperson,how_to_installation_demo,2025-10-23 12:27:51+00:00,2025
_qy5EKXEMAM,0.062008324259616915,0.0027619138196232373,0.08246646535930591,0.01268032422100173,0.025202934461884745,0.19302722099998518,0.06146769076998324,0.03157450739125845,0.032927085434232076,0.023977490881790936,0.015686848153544607,0.023871263794527153,0.013370143720794089,0.3644787374013963,0.007172585870041472,0.04732646346101396,19,14,6,Thermostat wiring and smart heating controls,0.3644787374013963,0.19302722099998518,0.17145151640141112,8.184296868820926,installer_tradesperson,how_to_installation_demo,2022-10-31 19:39:09+00:00,2022
_sFwuopVr14,0.04839013296912968,0.007743877992581382,0.004387769085231982,0.050681553615495645,0.649873857556497,0.01942308816669551,0.03590124408085097,0.009499497936461512,0.027377266119439428,0.00927132593103892,0.04074703545545679,0.02401500705762866,0.0,0.03937459885608058,0.02427959776488854,0.009034147412523367,4,5,4,Heat pumps and heating systems,0.649873857556497,0.050681553615495645,0.5991923039410013,4.488337988233906,installer_tradesperson,practical_advice_explainer,2024-08-22 21:05:41+00:00,2024
_xA6qOwnYbM,0.06927921154944082,0.003135777590159572,0.10616625120482272,0.11743381942831661,0.005769556430979625,0.1067505632350366,0.07043021833477743,0.24398424072692435,0.02927253877880367,0.05875369470762455,0.027067760139206042,0.017303536120341342,0.010880744880911312,0.060050774589602486,0.015010651324619224,0.058710660958433664,176,8,4,"Solar PV, batteries and power systems",0.24398424072692435,0.11743381942831661,0.12655042129860772,10.77931700997509,diy_renovator_homeowner,how_to_installation_demo,2020-04-29 23:24:46+00:00,2020
a-7WxFMzgGE,0.08827841993824591,0.01997851973488013,0.07531558025706768,0.06411807638044377,0.11165816622662346,0.1107439493299714,0.040839620306154276,0.02692602223794146,0.035870730040187794,0.05184161577894307,0.015769596387373828,0.02556583937942001,0.14864013726682726,0.03795275103029787,0.02426741889101905,0.12223355681460303,64,13,16,"Wall, cavity and floor insulation",0.14864013726682726,0.12223355681460303,0.02640658045222423,13.019038679009164,training_educational,how_to_installation_demo,2024-02-23 18:00:01+00:00,2024
a-ySa7v_6oc,0.2015304395658605,0.0015870978777644288,0.019974190372289268,0.03661856640178535,0.004216789026866774,0.014342408871537806,0.017260275037314535,0.01234711404495951,0.03313597133594789,0.04947004841286831,0.04677431849008426,0.05337114350771147,0.4204610541296911,0.017909581588658862,0.002885317386308532,0.0681156839503514,6,13,1,"Wall, cavity and floor insulation",0.4204610541296911,0.2015304395658605,0.2189306145638306,6.94515383928529,diy_renovator_homeowner,how_to_installation_demo,2024-01-24 14:14:01+00:00,2024
a8_5rW-eMDs,0.03508840915477615,0.004103172778658675,0.10179912203603786,0.08830313578832921,0.0011093075983359799,0.013123396131720397,0.09516012200976418,0.01187715601956063,0.022130163146531635,0.04562920045912332,0.0035771173727964277,0.24674148129744913,0.09516896055351018,0.011412360847831982,0.1496673578171669,0.07510953698840735,8,12,15,Roof and attic ventilation and airflow,0.24674148129744913,0.1496673578171669,0.09707412348028224,9.70020196161945,builder_contractor,how_to_installation_demo,2025-05-03 10:17:52+00:00,2025
a9ZU1HGeAoo,0.08855119060245588,0.0024058336630900534,0.16483762844730987,0.006639503249164961,0.004337434422458891,0.07174598520287546,0.028635727519806642,0.019027351185111993,0.10749142209138766,0.12069707498808206,0.03528698447769137,0.027739760527302842,0.0024313761573255843,0.3097874490268458,0.003610447588472112,0.006774830850618855,6,14,3,Thermostat wiring and smart heating controls,0.3097874490268458,0.16483762844730987,0.14494982057953593,8.114056731631953,installer_tradesperson,how_to_installation_demo,2025-05-04 16:13:37+00:00,2025
aBLHTS65Y7U,0.1770072570838979,0.0011573870996940564,0.052142203376382534,0.08441162432426906,0.01740524660757297,0.018664837350889734,0.04090680228741545,0.33059085223560125,0.05651825441622116,0.08321356644095793,0.0037696093362873063,0.022062378056520886,0.01913441537755874,0.017378378953012825,0.018585477357130942,0.05705170969658725,7,8,1,"Solar PV, batteries and power systems",0.33059085223560125,0.1770072570838979,0.15358359515170336,8.815874780897708,installer_tradesperson,problem_warning_mistakes,2025-06-05 13:00:01+00:00,2025
aDEs0X52xZw,0.16473004176724365,0.006635999582621288,0.02659003964095663,0.020381980526968966,0.04259555924417269,0.04820400389433485,0.07379374873484576,0.0466923625295511,0.13051800624967375,0.09709175437975003,0.004043839551552711,0.03849777771560765,0.05569497446038381,0.17903611188016638,0.022758491978276535,0.0427353078638942,20,14,1,Thermostat wiring and smart heating controls,0.17903611188016638,0.16473004176724365,0.01430607011292273,11.60787958913564,installer_tradesperson,how_to_installation_demo,2025-12-14 01:06:10+00:00,2025
aO9G5lZm95Y,0.15928130964039233,0.02165258643805761,0.22503818153212882,0.07833582497275446,0.004396626710957258,0.21355575650787592,0.017431666574937867,0.01385301588206279,0.038190632865891694,0.04882650110684829,0.02634809085110193,0.01575681853291062,0.009002515745052283,0.02029628538951598,0.01658443170394382,0.0914497555455683,31,3,6,Clarification and specification questions,0.22503818153212882,0.21355575650787592,0.011482425024252896,9.353445718525608,diy_renovator_homeowner,how_to_installation_demo,2019-07-10 14:07:13+00:00,2019
aRrA6X82aHQ,0.19358743740860515,0.006329782077110697,0.03542687254533858,0.03745981452952874,0.2119824225422828,0.021368587579134325,0.06155788459380565,0.16594639236652856,0.03205734331691373,0.009184984616413306,0.02193628379958802,0.045991089239394455,0.0012184704090663907,0.05139783824091044,0.011090397226910579,0.0934643995084686,15,5,1,Heat pumps and heating systems,0.2119824225422828,0.19358743740860515,0.018394985133677655,9.80539614737763,installer_tradesperson,how_to_installation_demo,2024-02-27 00:54:48+00:00,2024
aV2yTy1v5Uw,0.020767236474751358,0.0017021240418138384,0.4698207420296577,0.0069451120635655285,0.0,0.0,0.00668742374852277,0.054922049483237666,0.005582411306768168,0.022206417225931106,0.005668274853504627,0.04168797620977887,0.23672957287255167,0.06805749618200906,0.058589583341096464,0.0006335801668112503,1,3,13,Clarification and specification questions,0.4698207420296577,0.23672957287255167,0.233091169157106,5.174664407139686,installer_tradesperson,how_to_installation_demo,2022-05-13 10:00:01+00:00,2022
ahFDXqc1wpo,0.04332290179372604,0.003550873954790119,0.0663656481375361,0.08706465707638428,0.013607749951321291,0.08142968684602589,0.03087727785982014,0.5594156811025993,0.03145249210302854,0.02787908151826974,0.005034344217974827,0.011782225684750137,0.00574038197781528,0.011441279054861031,0.0071277799426463125,0.013907938778450998,66,8,4,"Solar PV, batteries and power systems",0.5594156811025993,0.08706465707638428,0.47235102402621504,5.510455452992203,installer_tradesperson,project_walkthrough,2022-08-26 12:00:01+00:00,2022
ap3bvxcLjVg,0.28716461388864245,0.0,0.0,0.0,0.00682845651058045,0.17102815761528123,0.0,0.2960471546526584,0.0,0.21309480221626462,0.0,0.0,0.0,0.02583681511657276,0.0,0.0,2,8,1,"Solar PV, batteries and power systems",0.2960471546526584,0.28716461388864245,0.008882540764015956,4.386956392096775,builder_contractor,how_to_installation_demo,2020-08-13 18:12:31+00:00,2020
aqFMFM3xxZ8,0.19818673163777337,0.01651495738851716,0.0041656772114610436,0.047321892640107756,0.03600595426901483,0.0030290190268153763,0.14204767722446995,0.15251904789332846,0.16649217195254323,0.11780635766362219,0.003983521952733143,0.009981041709502047,0.0027946942302637485,0.03392990773962124,0.025454629833514795,0.039766717626711696,4,1,9,Situated household retrofit experience and building context,0.19818673163777337,0.16649217195254323,0.031694559685230134,9.284720793350957,installer_tradesperson,how_to_installation_demo,2026-04-01 17:30:48+00:00,2026
ar7ncWZ6MHE,0.0,0.6482853976149124,0.0,0.0,0.05763802217102788,0.0,0.0,0.0,0.0,0.0,0.0,0.0,0.0,0.0,0.0,0.29407658021405964,1,2,16,Spray foam and foam insulation,0.6482853976149124,0.29407658021405964,0.3542088174008528,2.2375503292699737,diy_renovator_homeowner,how_to_installation_demo,2025-10-08 07:15:00+00:00,2025
au6fKS2TsBY,0.27064528582116004,0.04538336778556162,0.09047137915404357,0.0,0.015471044115930107,0.05659642229988644,0.06777834741462081,0.002807324500557905,0.05000338433115716,0.04419322874964813,0.06763464443326246,0.04573870599605243,0.10018136492753052,0.018474060764755253,0.08533681538133026,0.03928462432450331,10,1,13,Situated household retrofit experience and building context,0.27064528582116004,0.10018136492753052,0.17046392089362952,10.910633615999505,training_educational,how_to_installation_demo,2023-05-22 13:16:20+00:00,2023
auv9mTgb8UU,0.023892628812082334,0.3586501932056688,0.1600122125300294,0.00279413664550181,0.0,0.0,0.0,0.0,0.3059189780268886,0.0024601021657953037,0.0025419794310490434,0.07140450677415607,0.04604997649311383,0.000928954652404737,0.010868963168964909,0.014477368094345156,2,2,9,Spray foam and foam insulation,0.3586501932056688,0.3059189780268886,0.05273121517878021,4.98333237691258,diy_renovator_homeowner,how_to_installation_demo,2019-08-17 15:27:58+00:00,2019
b2gYEWToLe0,0.10706103283603531,0.4577567699990943,0.002158112979162652,0.047276506429184025,0.0026092945556108094,0.07057836347744448,0.027827064533571994,0.013249580504608189,0.05214111186956357,0.005459286406288972,0.002904748349413558,0.047920758479576116,0.062118266229869976,0.010440812891771985,0.05844625221132469,0.03205203824747943,25,2,1,Spray foam and foam insulation,0.4577567699990943,0.10706103283603531,0.350695737163059,7.067589884128549,diy_renovator_homeowner,how_to_installation_demo,2024-10-13 23:42:56+00:00,2024
b5mJFU-jXA0,0.16093444606639135,0.00556371384409164,0.12718534738814596,0.12579038690688715,0.06668008589653607,0.10111888024497205,0.03452250274193685,0.030304864575870654,0.05636356955528494,0.028740377539524204,0.01739277282011895,0.022880519210984048,0.0593646421181619,0.03932478365935773,0.012309337032411499,0.11152377039932501,56,1,3,Situated household retrofit experience and building context,0.16093444606639135,0.12718534738814596,0.03374909867824538,12.122090225438459,installer_tradesperson,how_to_installation_demo,2023-06-18 18:59:58+00:00,2023
b7E7Dkr6Yww,0.09830030876853331,0.06519642545292002,0.06059562271765061,0.038140935076394,0.016933480820994735,0.02998265776787918,0.03203599493789999,0.006588749124872252,0.013419810383078793,0.01939855508001564,0.030339916792282075,0.09709968224065246,0.1124964166332163,0.008473533412892819,0.33303285159197854,0.03796505919873929,45,15,13,Vapour barriers and moisture control,0.33303285159197854,0.1124964166332163,0.22053643495876224,9.596875761304965,builder_contractor,how_to_installation_demo,2025-06-21 14:00:55+00:00,2025
b7kFQePkVE8,0.0,0.0,0.0,0.0,0.0,0.0,0.7983533837948483,0.0,0.0,0.0,0.0015720591638373924,0.1310581965489776,0.06604523982748053,0.0,0.0029711206648562302,0.0,1,7,12,"Alternative methods, challenges and ""why"" questions",0.7983533837948483,0.1310581965489776,0.6672951872458708,1.9213469439686883,installer_tradesperson,how_to_installation_demo,2022-11-27 16:14:58+00:00,2022
bFPbA5k_cDA,0.1676538334143008,0.29280880584111324,0.007934793219650165,0.07028936148989101,0.006985601379484599,0.005360705895048661,0.03710755406940752,0.009080399159595206,0.06509444173054398,0.011262251115429148,0.006241686123150966,0.1430889368479245,0.05467993028489042,0.011439643181932671,0.026919969503936537,0.08405208674370065,20,2,1,Spray foam and foam insulation,0.29280880584111324,0.1676538334143008,0.12515497242681245,8.718396682105613,diy_renovator_homeowner,how_to_installation_demo,2023-03-13 01:00:36+00:00,2023
bJjVeco0f1U,0.18629608967137198,0.12172582590361089,0.08598470450143024,0.06009124725757948,0.00040545058408341576,0.14732115159366854,0.0583902110027969,0.008171059162746578,0.03087268102142146,0.07804849967618033,0.030876699391703503,0.06471406157375721,0.07123559205276357,0.006913828212844736,0.011343451888912703,0.03760944650512847,28,1,6,Situated household retrofit experience and building context,0.18629608967137198,0.14732115159366854,0.03897493807770344,11.331053670299365,diy_renovator_homeowner,how_to_installation_demo,2021-03-18 22:26:42+00:00,2021
bKTsLHSS7i4,0.18183474646722098,0.005462337440627103,0.08178742861156578,0.024766794873723075,0.2764041260858289,0.062266550845198,0.04901139808219645,0.08859862231851723,0.059224232119098,0.045332141326360244,0.008298796533543942,0.023784300920643008,0.024205558378246738,0.013586868407241113,0.0065972647944837655,0.048838832795505695,51,5,1,Heat pumps and heating systems,0.2764041260858289,0.18183474646722098,0.09456937961860795,9.884842543942181,diy_renovator_homeowner,problem_warning_mistakes,2023-02-20 12:34:34+00:00,2023
bLqjglcJ_4o,0.04452255986335312,0.001408098624209566,0.032183091182134575,0.0800326320656048,2.236471083577932e-05,0.007945626032726638,0.0318502952892575,0.5333394513394943,0.1265798932870789,0.009795169415540782,0.035329688480830394,0.0,0.000792003089654451,0.0,0.005304484522626617,0.09089464209665249,3,8,9,"Solar PV, batteries and power systems",0.5333394513394943,0.1265798932870789,0.4067595580524155,5.056335114950578,training_educational,how_to_installation_demo,2023-04-11 14:04:22+00:00,2023
bOkQEFi55oU,0.11428167603943365,0.004616438198248675,0.09532161810648815,0.06815767150777412,0.019308123332411754,0.07805873887437795,0.04753828894175935,0.28345433567913764,0.059238383261162195,0.03382803889490596,0.04028171226723268,0.026810252397939393,0.009795237768374557,0.01798147927712263,0.014278999702425098,0.0870490057512062,205,8,1,"Solar PV, batteries and power systems",0.28345433567913764,0.11428167603943365,0.169172659639704,10.553072987277107,installer_tradesperson,project_walkthrough,2026-05-31 17:00:23+00:00,2026
bPe_b87qVUY,0.2600464762183252,0.00630288715961681,0.05013769944994262,0.03226475385410594,0.06075332613067791,0.05849838589429378,0.03633098039668217,0.02102527377650494,0.05416168531534406,0.02979966462304894,0.02509598280638156,0.2027045851576069,0.056140127078844,0.011735755519431153,0.0385505551648524,0.05645186145434161,269,1,12,Situated household retrofit experience and building context,0.2600464762183252,0.2027045851576069,0.057341891060718325,10.60310257718229,training_educational,practical_advice_explainer,2021-09-15 18:00:29+00:00,2021
bRW2omjqJx4,0.10212768706201361,0.004994562375059808,0.11687105871000052,0.09178862308268854,0.0007974683234118001,0.016531532489862548,0.10459250681783615,0.18746849982701305,0.08970360536898177,0.027279435697278004,0.09833725274527659,0.0729022077523877,0.007474540637421052,0.023489940898201528,0.01689186423634793,0.03874921397621939,59,8,3,"Solar PV, batteries and power systems",0.18746849982701305,0.11687105871000052,0.07059744111701254,11.09183951170622,installer_tradesperson,how_to_installation_demo,2023-07-27 03:21:21+00:00,2023
bTaO-X3SWcM,0.1302913263822325,0.027155552624930974,0.004575996561517146,0.0,0.0,0.0,0.012394669509377041,0.3804794535512969,0.0,0.0009475592977790553,0.3542210085676583,0.0,0.0,0.046265324840390365,0.03261295026298183,0.011056158401835825,1,8,11,"Solar PV, batteries and power systems",0.3804794535512969,0.3542210085676583,0.026258444983638607,4.428428542565367,installer_tradesperson,how_to_installation_demo,2024-09-07 14:41:19+00:00,2024
bX1SphSBWK4,0.23714343796571188,0.0043923325996070815,0.034550132781049625,0.08755503176554161,0.16543251262181088,0.06376188523679888,0.01891250247446289,0.08791342081936881,0.059646525495759516,0.009069978543462845,0.005097131117015454,0.1588390864673232,0.01217999650044568,0.01667519521488769,0.013767601201740018,0.02506322919501397,17,1,5,Situated household retrofit experience and building context,0.23714343796571188,0.16543251262181088,0.071710925343901,9.582036257313737,training_educational,how_to_installation_demo,2024-11-26 23:00:25+00:00,2024
bXaPAOUNWI4,0.09976780213887981,0.003687428503430215,0.054549243641301454,0.06360731474764805,0.2815375884249737,0.07126626497875341,0.047964795803381574,0.10941390631650677,0.03885659628983099,0.027535017749207847,0.020119054244578494,0.019124677308659997,0.030205597390837814,0.036678496757315805,0.006529006822869246,0.08915720888182481,69,5,8,Heat pumps and heating systems,0.2815375884249737,0.10941390631650677,0.1721236821084669,10.719689460323558,installer_tradesperson,how_to_installation_demo,2024-06-16 19:05:14+00:00,2024
bXwBhG3EI-g,0.06501211442802136,0.005838941549872057,0.05468240920412642,0.04312965928422763,0.04159357162833789,0.12013516345616941,0.018955942853734756,0.029645359604930883,0.05646410538074716,0.04849369611790794,0.024053759437092093,0.01851568755932729,0.01377758610273674,0.35484005167136573,0.01668766172831186,0.08817428999309077,56,14,6,Thermostat wiring and smart heating controls,0.35484005167136573,0.12013516345616941,0.2347048882151963,9.489764224113259,installer_tradesperson,how_to_installation_demo,2020-11-07 11:00:06+00:00,2020
bYnBAisrVGQ,0.06430460462887212,0.0031548260481949106,0.17827967648710427,0.15451759118160216,0.06674716465968215,0.0007006750651314557,0.02631858457807232,0.04740235147382369,0.030045533578239716,0.012049238808712137,0.04739210898125768,0.014684672234626092,0.009439707548150366,0.2841564756921108,0.021713928566061424,0.03909286046835873,12,14,3,Thermostat wiring and smart heating controls,0.2841564756921108,0.17827967648710427,0.1058767992050065,8.963215270804042,installer_tradesperson,how_to_installation_demo,2022-11-07 07:46:11+00:00,2022
bgOSLFGFOtI,0.051795756649332565,0.0,0.7686016826356387,0.0,0.0,0.0,0.0,0.0,0.0,0.0,0.0,0.02568509834807071,0.01734903646070629,0.11993661380860189,0.01663181209764989,0.0,1,3,14,Clarification and specification questions,0.7686016826356387,0.11993661380860189,0.6486650688270368,2.32217544289956,installer_tradesperson,how_to_installation_demo,2024-09-09 05:10:56+00:00,2024
bi1S1VQ9K_A,0.07199554195890992,0.01626518277259637,0.12319962214020716,0.0,0.0,0.056257699836274024,0.019028975584388052,0.03786801349014078,0.0,0.17325651156168215,0.0,0.0,0.23329539586175602,0.036725641629691115,0.08650220527334784,0.14560520989100656,2,13,10,"Wall, cavity and floor insulation",0.23329539586175602,0.17325651156168215,0.06003888430007387,8.436354356471105,training_educational,how_to_installation_demo,2025-11-20 15:07:31+00:00,2025
bkdJSA0o-3s,0.0857423040098078,0.002074557580985141,0.05304522449890032,0.05420655040979716,0.0036427289543644464,0.18875142177027984,0.06357644747457321,0.008235548031356595,0.05272252600638727,0.012986999487534777,0.002746445419116811,0.03928939107092636,0.10984411569920266,0.001245339612150915,0.09834285486940982,0.22354754510520689,6,16,6,"Prospective choices, recommendations and alternatives",0.22354754510520689,0.18875142177027984,0.03479612333492704,9.544374727142179,diy_renovator_homeowner,how_to_installation_demo,2019-07-09 11:13:44+00:00,2019
bsJkMuMDy_c,0.15410339928741795,0.0028579087128718173,0.04436748996981187,0.013289953369802777,0.29893599390620823,0.13027309754375196,0.038543587050760324,0.034480896719808696,0.05794003945459796,0.022857342093872225,0.024279101308895962,0.01748484550519989,0.03664077527131825,0.021587259595754416,0.003080160305659476,0.09927814990426823,46,5,1,Heat pumps and heating systems,0.29893599390620823,0.15410339928741795,0.14483259461879028,9.320089198025084,installer_tradesperson,how_to_installation_demo,2023-10-21 16:43:26+00:00,2023
bxF2olP9uos,0.0,0.0,0.01195321510465293,0.0,0.0,0.0,0.0,0.8420117947225055,0.023592327707545973,0.0,0.0,0.0,0.0,0.12244266246529546,0.0,0.0,1,8,14,"Solar PV, batteries and power systems",0.8420117947225055,0.12244266246529546,0.7195691322572101,1.721588216107437,installer_tradesperson,how_to_installation_demo,2023-04-25 16:59:08+00:00,2023
c7cpqtnlHS4,0.18988664179553078,0.0032582898766155555,0.1557487878293417,0.035121360816638435,0.07239797646784354,0.0046295350228552825,0.09144953861575092,0.0,0.013566587433728622,0.001444534951534624,0.00029157082095840564,0.07194251449766445,0.0,0.22221193666501401,0.0006232488709570363,0.13742747633556668,5,14,1,Thermostat wiring and smart heating controls,0.22221193666501401,0.18988664179553078,0.03232529486948324,7.738123789287096,installer_tradesperson,how_to_installation_demo,2023-08-28 16:23:04+00:00,2023
cCLM8T1TtMU,0.12960903132517498,0.1317410444124809,0.11649261574484913,0.04939138933866852,0.008710219087672319,0.033300758272323115,0.13852395397418785,0.06004321188333098,0.03901959418198371,0.0399194227724796,0.02049890268513909,0.01915822159964085,0.08981138063227097,0.012933868833980412,0.04987114024879785,0.06097524500701969,64,7,2,"Alternative methods, challenges and ""why"" questions",0.13852395397418785,0.1317410444124809,0.006782909561706935,12.573160943195099,installer_tradesperson,how_to_installation_demo,2024-03-16 16:30:11+00:00,2024
cDf7zBfENfs,0.07463568024665324,0.0,0.0,0.0,0.0,0.0,0.07615057826666868,0.6996325771943251,0.08156129463682289,0.02444268168018379,0.0,0.0,0.0,0.04357718797534618,0.0,0.0,1,8,9,"Solar PV, batteries and power systems",0.6996325771943251,0.08156129463682289,0.6180712825575022,2.9193731511395393,installer_tradesperson,practical_advice_explainer,2024-09-16 09:22:19+00:00,2024
cEUw9FMuZ7I,0.01885182529798602,0.0,0.04239159085691987,0.022897303931990087,0.037455998538369235,0.01656212708192116,0.0,0.7148529950903126,0.0,0.0,0.0,0.0,0.0,0.06826487964691343,0.0,0.07872327955558758,1,8,16,"Solar PV, batteries and power systems",0.7148529950903126,0.07872327955558758,0.6361297155347251,3.0330935954728058,installer_tradesperson,how_to_installation_demo,2021-12-01 07:26:24+00:00,2021
cFDQ7rqytYY,0.13708198179447376,0.0014897215784121986,0.03874045900173809,0.2236914596195708,0.008849859131250325,0.10845457866045288,0.1630277661795318,0.0014757381786877001,0.12254095010597371,0.036725556745579514,0.006204637765869616,0.006435226595439417,0.010283980521150572,0.04132733573874616,0.003740892581593195,0.08992985580153028,9,4,7,"Implementation, cost and how-to questions",0.2236914596195708,0.1630277661795318,0.060663693440038996,8.935081490642112,installer_tradesperson,how_to_installation_demo,2025-02-21 23:36:05+00:00,2025
cHuJ-WNlDbc,0.0876155391972886,0.0005404619121968707,0.0014869511053603327,0.055637366665533504,0.5034916993982707,0.0,0.017280223359484374,0.07809394456616793,0.07584400485933136,0.0033029831278064774,0.06188676392937258,0.04972087056033975,0.016490164687489484,0.021684417700898767,0.003886514217026632,0.023038094713432683,6,5,1,Heat pumps and heating systems,0.5034916993982707,0.0876155391972886,0.41587616020098206,6.035495805137527,diy_renovator_homeowner,practical_advice_explainer,2022-12-07 20:45:00+00:00,2022
cJXohlT3Lf8,0.08381010485524663,0.017273129164137778,0.15138219778824671,0.049694327440083695,0.033602864444951544,0.02779862479771569,0.05634290746557971,0.010193858417930805,0.04951686079920487,0.14566530472910127,0.02789015089710662,0.14339602769328966,0.05798339915861726,0.005376593165329673,0.06279341933854114,0.07728022984491686,15,3,10,Clarification and specification questions,0.15138219778824671,0.14566530472910127,0.005716893059145439,12.279480827211483,diy_renovator_homeowner,how_to_installation_demo,2024-10-31 19:20:01+00:00,2024
cQGDIwil44Q,0.07349879794233419,0.011123606528689078,0.06593461330740555,0.08273447528353257,0.0622746775581629,0.10824323143482366,0.05510492573465518,0.010972328128474772,0.038498517154489896,0.12970160667030517,0.0627161638265083,0.037426630814117526,0.1017244021991982,0.013633255154925673,0.08864245476293316,0.0577703134994442,38,10,6,"Implementation follow-up, outcomes and retrospective questions",0.12970160667030517,0.10824323143482366,0.02145837523548151,13.567339735911489,diy_renovator_homeowner,how_to_installation_demo,2021-05-02 13:51:59+00:00,2021
cZHhjwwKBa0,0.1302124748977912,0.018430257359377426,0.06884284840676032,0.017530790070934176,0.0,0.06708839720531784,0.07802225569071639,0.03278265979121928,0.010773343111668915,0.14337326381643586,0.08300131275396495,0.026793296105860318,0.12433940414539553,0.047203274139965806,0.054224159483625765,0.09738226302096624,12,10,1,"Implementation follow-up, outcomes and retrospective questions",0.14337326381643586,0.1302124748977912,0.013160788918644667,12.250043679079642,diy_renovator_homeowner,how_to_installation_demo,2021-09-01 00:57:50+00:00,2021
cln3sfRPaqM,0.041218607818802266,6.708623329136832e-05,0.06526783627851869,0.05394514491298676,0.043658083350856865,0.05997730707163719,0.03667536724140952,0.0,0.08612588796468834,0.004496613762373141,0.04777386591923091,0.007359487263590199,0.004812911518705207,0.4947709147065049,0.007473881948315706,0.04637700400908898,8,14,9,Thermostat wiring and smart heating controls,0.4947709147065049,0.08612588796468834,0.4086450267418166,6.450806369861156,installer_tradesperson,how_to_installation_demo,2021-02-09 12:08:38+00:00,2021
co7pKcoVJu0,0.104244591660741,0.07524287641766973,0.19742145326687202,0.028366988854098597,0.0006734752983197344,0.06279332245446934,0.01371216713457602,0.022574006979740414,0.06877965752745203,0.003029453493032688,0.07636257743564624,0.056698657078702974,0.18371503751330176,0.021090382577096275,0.040409642159648686,0.044885710148632525,21,3,13,Clarification and specification questions,0.19742145326687202,0.18371503751330176,0.013706415753570261,10.993471987181692,diy_renovator_homeowner,how_to_installation_demo,2024-03-11 05:36:11+00:00,2024
cou6y-_2CTo,0.2090905602701548,0.02896582059091042,0.015617337800472536,0.0,0.0016778827208494868,0.06473382705503813,0.09210321707712715,0.05492327868105509,0.12228930662583161,0.0919998502461001,0.0,0.12379814476390538,0.016803289104555245,0.0,0.06915273293309507,0.1088447521309051,2,1,12,Situated household retrofit experience and building context,0.2090905602701548,0.12379814476390538,0.08529241550624941,9.89110252431972,builder_contractor,how_to_installation_demo,2025-06-19 12:44:31+00:00,2025
cpIk4NLCviw,0.04820570253242757,0.0020629183907556123,0.040212974038402294,0.03618716238102481,0.00782241755873536,0.10622460798433003,0.023006935920949455,0.019436507433494902,0.2006315711530902,0.05565009545435931,0.006195449467487988,0.00811518127113991,0.025840934795293292,0.3059741529549538,0.009129614094706626,0.10530377456884887,23,14,9,Thermostat wiring and smart heating controls,0.3059741529549538,0.2006315711530902,0.1053425818018636,8.483067624620341,installer_tradesperson,how_to_installation_demo,2020-10-13 11:05:09+00:00,2020
ctNzYWQfgQI,0.03683867594600621,0.0,0.012192652601807385,0.1105373614171002,0.05043747808382848,0.012858740418656362,0.08703049210859382,0.012548503525153002,0.03361475151398664,0.060057856337108084,0.001273084004510445,0.07062456557711906,0.24329860846161444,0.012772077092778465,0.25478670913032314,0.001128443781414218,6,15,13,Vapour barriers and moisture control,0.25478670913032314,0.24329860846161444,0.0114881006687087,8.390545424634238,installer_tradesperson,how_to_installation_demo,2023-11-07 20:29:30+00:00,2023
cxNWJZF_cZw,0.06157836279441811,0.0009003724573161191,0.1968280615681801,0.008042963044916624,0.011312365934721834,0.030252185818383855,0.0,0.032968591362218615,0.006732001393849047,0.1152193263833477,0.12131072060432119,0.0,0.20351006191185816,0.0537245628424478,0.0005386080203705145,0.15708181586365025,4,13,3,"Wall, cavity and floor insulation",0.20351006191185816,0.1968280615681801,0.006682000343678052,8.33224872278998,diy_renovator_homeowner,how_to_installation_demo,2025-02-08 19:05:35+00:00,2025
d2EKWKlszwE,0.18880962876517265,0.019823633185010004,0.07596041122907118,0.04993841511533561,0.01139908907650047,0.23812379742091191,0.028006706928621772,0.019502520020763144,0.047051579357538495,0.06274720312409286,0.04957529104251602,0.05922216263304964,0.02931150014941157,0.018291512511097285,0.025564378671273875,0.07667217076963347,100,6,1,"Praise, gratitude and social endorsement",0.23812379742091191,0.18880962876517265,0.04931416865573926,11.119615259717289,builder_contractor,problem_warning_mistakes,2024-08-25 20:00:11+00:00,2024
d8ZZaWT1KtQ,0.13518911894721322,0.009334934947762259,0.055106340527364676,0.22419409293816958,0.012853529844805736,0.08855867394191648,0.06826922856786517,0.05092697388042344,0.05849240931096303,0.006175759680782495,0.02663682106519838,0.0,0.006875662318247423,0.23348943796400257,0.007803031746056992,0.016093984319228517,3,14,4,Thermostat wiring and smart heating controls,0.23348943796400257,0.22419409293816958,0.009295345025832985,8.907309902423492,installer_tradesperson,how_to_installation_demo,2025-03-26 12:53:28+00:00,2025
dA1hYFWmBs0,0.04471210000875726,0.0,0.4623657608763114,0.0,0.022819561810085466,0.006799860380419596,0.027064160269166217,0.36261817210642655,0.024206888585281493,0.001679643448675736,0.012056753045553406,0.012580336505297041,0.014620860163641893,0.008475902800383838,0.0,0.0,4,3,8,Clarification and specification questions,0.4623657608763114,0.36261817210642655,0.09974758876988488,4.025609803612445,training_educational,how_to_installation_demo,2025-09-22 23:53:35+00:00,2025
dB8p6pVuPAo,0.17216279514885663,0.006429809488523515,0.08952696431032761,0.07169900923397604,0.04246014104538162,0.060280615241723554,0.08503799508478724,0.07149961550232972,0.08159678937029156,0.04256278623921933,0.03565507004686081,0.02949827845540693,0.027213634831703283,0.08833725173812416,0.015452338577368923,0.08058690568511905,80,1,3,Situated household retrofit experience and building context,0.17216279514885663,0.08952696431032761,0.08263583083852902,13.24294594962199,installer_tradesperson,how_to_installation_demo,2025-09-30 16:04:51+00:00,2025
dDKCCWMXEAM,0.013275735090544706,0.008233783723487428,0.14033094933676127,0.0,0.0,0.10815094415202188,0.0,0.004023513269738536,0.0,0.21152469777195693,0.0,0.139330426428608,0.35811547699437574,0.0,0.01650814992541729,0.0005063233070882886,2,13,10,"Wall, cavity and floor insulation",0.35811547699437574,0.21152469777195693,0.1465907792224188,5.353466307840836,builder_contractor,how_to_installation_demo,2024-11-29 09:03:12+00:00,2024
dEDitJnRgz4,0.12938820726628114,0.0003628367806477161,0.11202414294709677,0.05706226838093598,0.2698052954380433,0.04753201318087973,0.039458274165038276,0.04688079633454412,0.04071935403965919,0.015446643046077199,0.0005165591273864907,0.02066447106861801,0.04856590808542281,0.030772568519457887,0.00368212613951993,0.1371185354803914,20,5,16,Heat pumps and heating systems,0.2698052954380433,0.1371185354803914,0.13268675995765192,9.692058748938921,installer_tradesperson,practical_advice_explainer,2022-10-12 17:00:12+00:00,2022
dGTRTw_5R14,0.0,0.0,0.29572223023102534,0.0,0.0,0.0,0.03956991280617407,0.0,0.044757721235952994,0.5165795772117567,0.0,0.10337055851509086,0.0,0.0,0.0,0.0,1,10,3,"Implementation follow-up, outcomes and retrospective questions",0.5165795772117567,0.29572223023102534,0.2208573469807314,3.329870791181201,installer_tradesperson,how_to_installation_demo,2024-12-05 11:28:49+00:00,2024
dIPM5yk2u38,0.16079389797096189,0.03931136336966656,0.029379160214604922,0.027360917035535354,0.037791931854189845,0.015015730566213229,0.10002655110433518,0.029541996359336166,0.03065252944172308,0.026478317588427044,0.03362438454713402,0.11178003967828587,0.2874319644601886,0.008801376341542539,0.019618770412123853,0.04239106905573185,189,13,1,"Wall, cavity and floor insulation",0.2874319644601886,0.16079389797096189,0.1266380664892267,10.150126304702132,installer_tradesperson,how_to_installation_demo,2024-01-01 12:30:20+00:00,2024
dPgLL7gwU00,0.19356877498543948,0.0011273489083462869,0.0007143222251752206,0.03683242620422005,0.22850087113698245,0.001674351903675798,0.06932704529857157,0.07742047468742656,0.06394894084299109,0.01497142048402213,0.03268144997098247,0.0471167674018113,0.0,0.07327339542992796,0.006918813551942353,0.1519235969684853,7,5,1,Heat pumps and heating systems,0.22850087113698245,0.19356877498543948,0.03493209615154297,8.936151549639892,installer_tradesperson,practical_advice_explainer,2024-04-07 16:59:51+00:00,2024
dU-pkbZwi9o,0.04316448583887197,0.012773944938096757,0.07692052979232887,0.009342215570962993,0.07379010496872883,0.0014039211515930034,0.0005505126957905368,0.02885142600575796,0.10400320248027589,0.0004842417215089536,0.06441010158045701,0.05868314472453701,0.4888409352327141,0.002770376493840772,0.020907869231490104,0.013102987573045267,6,13,9,"Wall, cavity and floor insulation",0.4888409352327141,0.10400320248027589,0.3848377327524382,6.210756790038358,installer_tradesperson,how_to_installation_demo,2023-10-10 16:45:33+00:00,2023
dULHUbLsRGY,0.2088238295364718,0.00011774815909129095,0.05157976922186777,0.010746555215234363,0.0406513573310525,0.27355520215232776,0.057031446423353484,0.018494129199655752,0.07302351689425325,0.010514036951626818,0.027157644548373477,0.08260510401685421,0.00013993435101142287,0.07300727955791125,0.0021149099699722287,0.07043753647094263,24,6,1,"Praise, gratitude and social endorsement",0.27355520215232776,0.2088238295364718,0.06473137261585596,8.90698210040698,installer_tradesperson,how_to_installation_demo,2024-01-11 11:24:43+00:00,2024
dW9ttDq6Bmk,0.20026079559044505,0.11213883851141682,0.06183484113919186,0.01830970717403788,0.0013862142629881254,0.0356520400380124,0.0020705518166933582,0.08630196981501677,0.10579991554055251,0.0028627283435782628,0.049047437581994126,0.02051628965685303,0.15988485183817272,0.027069478651318573,0.02678864644879055,0.09007569359093794,12,1,13,Situated household retrofit experience and building context,0.20026079559044505,0.15988485183817272,0.040375943752272325,10.502427472272748,diy_renovator_homeowner,how_to_installation_demo,2022-11-02 15:20:57+00:00,2022
ddjek9GH8eI,0.016282631698802244,0.0023449908305834166,0.060502421037702904,0.0240506223115128,0.0007467759752680228,0.006743522238662144,0.011457897622979966,0.7266833084934997,0.03894894660822886,0.048310992393910394,0.0,0.018836890299367446,0.005485413794371712,0.02293125785285043,0.009493905894417905,0.007180422947841974,6,8,3,"Solar PV, batteries and power systems",0.7266833084934997,0.060502421037702904,0.6661808874557968,3.33779661921815,installer_tradesperson,how_to_installation_demo,2021-02-24 21:17:12+00:00,2021
dhpn6yOOOfI,0.11979141101721108,0.0764210929593477,0.07880821246320016,0.13097378044234165,0.048604430810018744,0.10303647471356608,0.023165557799836735,0.04736191937379052,0.07202598602641909,0.01698807054009115,0.06315411923579814,0.07798552382554037,0.013618870702034885,0.020437011221307463,0.01848012832618438,0.08914741054331186,22,4,1,"Implementation, cost and how-to questions",0.13097378044234165,0.11979141101721108,0.011182369425130567,13.321814591700717,builder_contractor,how_to_installation_demo,2021-01-26 17:03:59+00:00,2021
dk2yLp7n-t0,0.04160762529987651,0.00862769160581706,0.0023798979786887387,0.0,0.019287469328251334,0.022347106394717108,0.1666288332996587,0.021929168129087115,0.31132255458855457,0.0,0.0,0.10774259888166164,0.13105673620989952,0.015458402381171339,0.14545933370866868,0.006152582193947796,3,9,7,Performance checking and troubleshooting,0.31132255458855457,0.1666288332996587,0.14469372128889588,7.221048494559754,installer_tradesperson,how_to_installation_demo,2024-09-22 17:00:35+00:00,2024
dkDNu05ta6k,0.11399975439894608,0.0022993383519336304,0.05209970546175777,0.057162762470355614,0.29044400124074143,0.07577894520839668,0.02737507722892776,0.048322269916015057,0.06205080865847768,0.01742584431604404,0.013561696890035483,0.052190420416713526,0.023775174294784682,0.028917689325104787,0.01206142914410321,0.12253508267766258,57,5,16,Heat pumps and heating systems,0.29044400124074143,0.12253508267766258,0.16790891856307885,10.339151723944374,installer_tradesperson,how_to_installation_demo,2025-09-04 18:00:40+00:00,2025
dlP-RGHgdCM,0.042693845915809665,0.0,0.008209663775414494,0.2928262155205097,0.0,0.0039311491591106145,0.00452431110527094,0.0017660437678013445,0.0,0.01153717498856144,0.0021778209756722466,0.43776033816965065,0.12717587439907593,0.001341761551927844,0.05586072150272522,0.010195079168469873,3,12,4,Roof and attic ventilation and airflow,0.43776033816965065,0.2928262155205097,0.14493412264914096,4.466479970000681,diy_renovator_homeowner,how_to_installation_demo,2025-03-29 17:30:19+00:00,2025
dtK12RUjr1E,0.10607281588933923,0.002906215657571769,0.16268709526880917,0.07097756482281031,0.020879131657618306,0.05461223579610117,0.06899969012162697,0.03007252618597199,0.10768066835960102,0.010867209945110826,0.03927624049847016,0.20182239583038072,0.016975763804305027,0.04570559972645672,0.008572506682860831,0.05189233975296575,35,12,3,Roof and attic ventilation and airflow,0.20182239583038072,0.16268709526880917,0.03913530056157155,11.149279924008223,training_educational,how_to_installation_demo,2023-02-13 23:00:30+00:00,2023
dvYg7vGewFw,0.0,0.10639394627364783,0.0335952284247372,0.0,0.016957225714184142,0.0,0.180277965260599,0.22977917061781816,0.0,0.09213360130748666,0.0,0.0,0.004530330795349548,0.06981575546025144,0.2472253600640086,0.019291416081917354,1,15,8,Vapour barriers and moisture control,0.2472253600640086,0.22977917061781816,0.017446189446190447,6.820579730491168,training_educational,practical_advice_explainer,2023-10-18 02:00:23+00:00,2023
dwh3-JSQxWw,0.10671181355961186,0.005277448598417996,0.23939145248214647,0.10573112825607814,0.05132094998683907,0.05625737534448315,0.09433134488766212,0.002434903439265969,0.2578637419159749,0.015202453713864068,0.0009524514581027914,0.010220556879545123,0.002494451735586755,0.008794099167301872,0.006064041532438622,0.03695178704268108,9,9,3,Performance checking and troubleshooting,0.2578637419159749,0.23939145248214647,0.01847228943382842,7.9561634660217475,installer_tradesperson,how_to_installation_demo,2022-10-26 18:17:47+00:00,2022
dxY_Gv3Hx0Y,0.1756763954608984,0.005307876630947472,0.0,0.0,0.0,0.0,0.11306418586849525,0.014692158288158992,0.2362345554576958,0.033194395877717275,0.05814208243202276,0.0,0.05335698180638009,0.0,0.006391598488674848,0.30393976968900915,3,16,9,"Prospective choices, recommendations and alternatives",0.30393976968900915,0.2362345554576958,0.06770521423131334,6.121136853484408,builder_contractor,problem_warning_mistakes,2023-07-15 09:00:18+00:00,2023
e1ud10npF_w,0.1313010379754247,0.009244053121397545,0.09695918151061932,0.045249816103886606,0.24724634334843842,0.051982245678151955,0.050672316232431985,0.09406795469327597,0.05357018875450604,0.022801448091240333,0.017247003376598218,0.05236210509523322,0.005431762936369391,0.03268686933744201,0.00791534329162254,0.08126233045336176,84,5,1,Heat pumps and heating systems,0.24724634334843842,0.1313010379754247,0.11594530537301373,11.009517622780088,installer_tradesperson,practical_advice_explainer,2025-01-03 22:33:00+00:00,2025
e2ZOcJf1smo,0.09601226963032977,0.08458592830670253,0.032839280775846025,0.10998254296850075,0.028413702135278485,0.04569102127521382,0.030326016146073803,0.021246775956568115,0.019004997434911085,0.01162377868348823,0.0051526363168348695,0.3594046060443467,0.07653855725899646,0.018781046385525812,0.014390335490683248,0.04600650519070035,6,12,4,Roof and attic ventilation and airflow,0.3594046060443467,0.10998254296850075,0.24942206307584597,9.160994597468122,diy_renovator_homeowner,how_to_installation_demo,2021-03-22 12:30:31+00:00,2021
e59AnC4YE8s,0.0,0.01550263703041775,0.0,0.0,0.0,0.07150633245566543,0.0,0.0,0.0,0.0433917639895983,0.010316075650593474,0.025963072393617587,0.6849817421170051,0.0,0.12066725693831988,0.027671119424782537,1,13,15,"Wall, cavity and floor insulation",0.6849817421170051,0.12066725693831988,0.5643144851786852,3.1423254757269485,builder_contractor,how_to_installation_demo,2020-04-11 08:44:02+00:00,2020
e5ufmwdYoIY,0.019724508674541258,0.00046112337389596185,0.10966547092828127,0.31299391190399445,0.0169740651293991,0.08401584230237995,0.2154323319600007,0.0,0.02134545563335138,0.008682465120430421,0.11521312795513305,0.04894275612968293,0.0016582590864477236,0.0,0.009473362244391187,0.03541731955807063,3,4,7,"Implementation, cost and how-to questions",0.31299391190399445,0.2154323319600007,0.09756157994399375,7.300598218528976,diy_renovator_homeowner,how_to_installation_demo,2022-07-19 18:28:02+00:00,2022
eEWqRhDNH7k,0.029516854869505504,0.000714892104021263,0.10558709755353465,0.0,0.05126443462173656,0.12042525449007321,0.006814940841161113,0.17259009253237076,0.009726866645357728,0.0,0.00428216581812245,0.008147917338454966,0.41371674772866457,0.0,0.011260521100049744,0.06595221435694751,5,13,8,"Wall, cavity and floor insulation",0.41371674772866457,0.17259009253237076,0.2411266551962938,6.010624363193768,diy_renovator_homeowner,problem_warning_mistakes,2024-10-26 18:09:49+00:00,2024
eXzGATVdFV0,0.4971950035893298,0.035133091013296654,0.05927637404474526,0.007415606465024167,0.0,0.051926489905437134,0.0852820238899309,0.0,0.09948360108191505,0.061288612917230735,0.01940866127435215,0.021915328749527476,0.008451269925614215,0.0,0.05322393714359656,0.0,3,1,9,Situated household retrofit experience and building context,0.4971950035893298,0.09948360108191505,0.3977114025074147,5.988743755849039,diy_renovator_homeowner,how_to_installation_demo,2025-02-15 21:00:33+00:00,2025
e_yCb6qnXHs,0.3043605995372765,0.026888366891443756,0.09955149155010357,0.0,0.0,0.056186504421600766,0.1104220503978511,0.1250606394533642,0.0,0.0,0.0,0.0,0.09451921447929133,0.08871934243938202,0.09429179082968674,0.0,1,1,8,Situated household retrofit experience and building context,0.3043605995372765,0.1250606394533642,0.1792999600839123,7.497346138325584,installer_tradesperson,practical_advice_explainer,2024-05-17 04:56:20+00:00,2024
eaSrcDhvQQ8,0.03755537896557141,0.02316202720668004,0.013977427198095688,0.0016963114883153756,0.02327366120223342,0.004659753483451255,0.707911752518239,0.049005209631303524,0.0,0.0,0.0,0.0,0.0,0.04711713074696398,0.09164134755914635,0.0,1,7,15,"Alternative methods, challenges and ""why"" questions",0.707911752518239,0.09164134755914635,0.6162704049590927,3.1544040682284997,installer_tradesperson,how_to_installation_demo,2024-08-25 19:11:12+00:00,2024
ee7ASutPGhE,0.14491984674792144,0.004370252465395193,0.06737871182003576,0.05175402609988924,0.0,0.07479560338908077,0.0,0.0005063215204845615,0.0,0.0,0.04110695113221731,0.012423064052280386,0.5293304826718422,0.009378987706218903,0.01894915880911057,0.045086593585523624,7,13,1,"Wall, cavity and floor insulation",0.5293304826718422,0.14491984674792144,0.3844106359239208,5.040858555370446,builder_contractor,how_to_installation_demo,2024-07-13 17:26:07+00:00,2024
egVUjrBVWkI,0.2791610426702056,0.0,0.0645887382488344,0.03336337507166803,0.023109811083903274,0.10582008887947561,0.0,0.25949233376576386,0.0,0.0,0.01802900834854991,0.0,0.06531567965319456,0.11957341891782454,0.010413020352746181,0.021133483007834117,2,1,8,Situated household retrofit experience and building context,0.2791610426702056,0.25949233376576386,0.019668708904441723,7.064011225196687,installer_tradesperson,how_to_installation_demo,2023-03-24 11:36:59+00:00,2023
ejubOh5tegY,0.0660517669694403,0.027058590353544618,0.07891059482903984,0.04323688918145884,0.014557331850469198,0.10604213773766764,0.04888163167566124,0.009377410995012455,0.04464317128881636,0.03505849177086979,0.02287267432117323,0.15950384619470948,0.181933779165358,0.011336182646284013,0.0706005927506459,0.07993490826984906,83,13,12,"Wall, cavity and floor insulation",0.181933779165358,0.15950384619470948,0.02242993297064852,12.056530047104578,installer_tradesperson,project_walkthrough,2022-04-21 13:00:18+00:00,2022
evbIF3OyEGc,0.10360601850316287,0.003282900037715667,0.09146523249175031,0.00045989645222843504,0.045387755814921306,0.07054064897299711,0.07384368792670196,0.004564256312786614,0.04078501131627489,0.08784113287195958,0.05778135683061682,0.2500818029459997,0.15204124183994186,0.00601792042114207,0.011279446364691205,0.0010216908971096225,9,12,13,Roof and attic ventilation and airflow,0.2500818029459997,0.15204124183994186,0.09804056110605783,9.493938797968452,training_educational,problem_warning_mistakes,2023-03-20 14:50:51+00:00,2023
exgV2g-HK8w,0.06699837243708093,0.004871030345513594,0.030654273163623607,0.12380276331575903,0.01834259721988004,0.21609668963542297,0.06696499552425302,0.22172996527446354,0.05305109721703345,0.05894437621108914,0.015331532731118484,0.017281593801649103,0.0,0.04856736133469616,0.012445360059347724,0.04491799172906923,16,8,6,"Solar PV, batteries and power systems",0.22172996527446354,0.21609668963542297,0.005633275639040564,9.871667679330468,installer_tradesperson,how_to_installation_demo,2023-08-23 19:46:24+00:00,2023
f-JTVbBjtMc,0.17641678368711508,0.028135312564459954,0.02789064239511336,0.043069106493602426,0.00693349684606826,0.05562371983193906,0.07145438468475022,0.03946137880898648,0.04987224892242962,0.07436099671132781,0.020664700340236406,0.08300764190893953,0.18613846726000716,0.014339387354564458,0.08743883046877333,0.03519290172168683,43,13,1,"Wall, cavity and floor insulation",0.18613846726000716,0.17641678368711508,0.009721683572892076,12.028809629992514,training_educational,how_to_installation_demo,2024-07-03 18:00:22+00:00,2024
f-b9bSz19LA,0.03869273322951155,0.0,0.1519001702746364,0.07191599583817262,0.007798319606403152,0.03451146374965115,0.0,0.004090020370084083,0.005381274994247369,0.05857677551485431,0.04861732288024421,0.37877044109031,0.10886730029463192,0.005008453228868604,0.008022330410958536,0.07784739851742613,5,12,3,Roof and attic ventilation and airflow,0.37877044109031,0.1519001702746364,0.2268702708156736,7.332982597891711,builder_contractor,how_to_installation_demo,2023-04-15 09:33:22+00:00,2023
f9wxGMxavgM,0.0,0.0,0.0,1.0,0.0,0.0,0.0,0.0,0.0,0.0,0.0,0.0,0.0,0.0,0.0,0.0,1,4,16,"Implementation, cost and how-to questions",1.0,0.0,1.0,1.0,installer_tradesperson,how_to_installation_demo,2022-10-13 06:23:14+00:00,2022
fIhlXdk9PFg,0.18521055863068403,0.006669776255345386,0.041946579899180145,0.03735161191855263,0.07712866981778814,0.08013596358080823,0.04135773221334155,0.2429320779981592,0.045905894688855045,0.03579980496967408,0.019177231277736632,0.05284584607928635,0.027829971833229203,0.03976689384916428,0.015434734772885997,0.05050665221530915,158,8,1,"Solar PV, batteries and power systems",0.2429320779981592,0.18521055863068403,0.05772151936747516,11.154899446533697,installer_tradesperson,practical_advice_explainer,2025-08-14 15:06:23+00:00,2025
fJGYchSx5SY,0.08634278066754249,0.07193622045259533,0.4108371322254385,0.0020140212965140914,0.007674828377952899,0.17970710572418888,0.0,0.0036865455185605914,0.0007893325736327243,0.0,0.0030367610773847672,0.06136051402599338,0.09009954785707695,0.0039021665346345943,0.0,0.07861304366848477,3,3,6,Clarification and specification questions,0.4108371322254385,0.17970710572418888,0.2311300265012496,5.919211341472752,diy_renovator_homeowner,how_to_installation_demo,2019-01-25 08:31:59+00:00,2019
fK7xyDSxa0I,0.17866930674378723,0.0031836553675037267,0.035427757742360864,0.06860370468144414,0.05446882937196729,0.022391803665430674,0.2176315290208393,0.07015521394733211,0.08897371865354672,0.03600127570942463,0.06280088715570896,0.017217043315390028,3.0226107155446854e-05,0.07501480095641969,0.003067513363733632,0.06636273419795555,14,7,1,"Alternative methods, challenges and ""why"" questions",0.2176315290208393,0.17866930674378723,0.03896222227705207,10.602595976195827,installer_tradesperson,practical_advice_explainer,2023-04-30 18:02:54+00:00,2023
fSM5QmdSOqY,0.11883632610170282,0.0007468635028602651,0.06385945640455336,0.2942492910607111,0.05711234593420539,0.0,0.031351034363136694,0.04524296705944473,0.18486929046504222,0.01319888038646446,0.0,0.024743149394546665,0.0,0.06953745990993862,0.002736833187674632,0.093516102229719,3,4,9,"Implementation, cost and how-to questions",0.2942492910607111,0.18486929046504222,0.10938000059566891,8.085806004514865,diy_renovator_homeowner,how_to_installation_demo,2025-09-25 22:45:09+00:00,2025
fSR6BY701PU,0.21238310033431418,0.015368753949255208,0.036404607260412655,0.06579747569415101,0.009536966459009859,0.02337861155492802,0.10250297954548654,0.017196796696344954,0.08908326356636408,0.030670928583751332,0.06647165941000324,0.06472641876559736,0.1880339720812641,0.00812005012443295,0.043337679284233474,0.026986736690451055,79,1,13,Situated household retrofit experience and building context,0.21238310033431418,0.1880339720812641,0.02434912825305008,10.967552970912452,diy_renovator_homeowner,how_to_installation_demo,2023-02-02 14:18:14+00:00,2023
ffPeu6Ygtzw,0.3879347063718015,0.058026916561943635,0.01225357206752669,0.016519684353005718,0.022974756389784676,0.008488650022249916,0.037387999366944084,0.10525651155686343,0.06589087445097676,0.003872778552374256,0.017630279305284588,0.07074833724143192,0.08511140826534216,0.02511940657612891,0.03770437838362656,0.045079740534715196,16,1,8,Situated household retrofit experience and building context,0.3879347063718015,0.10525651155686343,0.28267819481493806,8.724380275874509,training_educational,how_to_installation_demo,2025-01-16 23:00:42+00:00,2025
fgbzJF3yzMk,0.28724609675947754,0.0,0.0,0.0,0.004631779106019007,0.0,0.0,0.7081221241345034,0.0,0.0,0.0,0.0,0.0,0.0,0.0,0.0,1,8,1,"Solar PV, batteries and power systems",0.7081221241345034,0.28724609675947754,0.42087602737502583,1.8731297040984234,training_educational,problem_warning_mistakes,2024-02-05 15:20:57+00:00,2024
fh_KDoj2Qm8,0.10189100718476349,0.0005342207444797149,0.09736938742730585,0.07915683412369495,0.25473185779601476,0.1363652119831648,0.05455804184124825,0.026301669716075875,0.04827381458350416,0.0208167433623723,0.01504422994769349,0.021314337247318575,0.008101900693870798,0.055636576701502266,0.004322954667458794,0.07558121197953192,35,5,6,Heat pumps and heating systems,0.25473185779601476,0.1363652119831648,0.11836664581284995,10.270384884743155,training_educational,how_to_installation_demo,2022-05-08 14:43:50+00:00,2022
fm11vZii5Es,0.08954376081148356,0.003845904838092422,0.057307555270445114,0.048256965079906,0.012673039207942981,0.11041681554104286,0.022947063143814117,0.02859777328164875,0.0740231952670203,0.022985937642087142,0.02379482952424481,0.2256681038363608,0.12091240971911962,0.006649298620518019,0.059499721540981265,0.09287762667529224,112,12,13,Roof and attic ventilation and airflow,0.2256681038363608,0.12091240971911962,0.10475569411724117,11.20385560160733,builder_contractor,how_to_installation_demo,2024-08-22 17:00:28+00:00,2024
fnrOXNG-32U,0.17352483841006072,0.0016473515105284806,0.07038829690065598,0.03313443540453416,0.3023787492274911,0.06602810640620949,0.01144390541256931,0.02562013976657107,0.029096615262554495,0.08094694315417482,0.006928916868360648,0.0312506087752036,0.026627792172736427,0.10362581719180419,0.0078477525350111,0.029509731001534457,29,5,1,Heat pumps and heating systems,0.3023787492274911,0.17352483841006072,0.12885391081743036,9.234564519252704,diy_renovator_homeowner,practical_advice_explainer,2024-10-25 19:30:06+00:00,2024
g7DkeYdPBdE,0.23061525540081718,0.01970952345630788,0.0991900025458053,0.017440413990731974,0.012500428255134621,0.16214839776808565,0.028637543238618262,0.0168875174261952,0.036829910328862736,0.01062835319782058,0.011009795911682016,0.14536867147840746,0.07918152733503064,0.01957427428046701,0.06328226495927142,0.04699612042676204,12,1,6,Situated household retrofit experience and building context,0.23061525540081718,0.16214839776808565,0.06846685763273153,10.29852039303573,diy_renovator_homeowner,how_to_installation_demo,2022-11-07 00:14:48+00:00,2022
gAighJSlw_M,0.0900172855282081,0.003899120521863923,0.03989358249812343,0.07938503219603286,0.02252857921061081,0.06696683471787591,0.05842501249685966,0.021610187322912287,0.06952318636464773,0.10305142368161271,0.05671813616822024,0.2816659763532109,0.044082438450002676,0.012316876761721494,0.011429678968413568,0.03848664875968369,31,12,10,Roof and attic ventilation and airflow,0.2816659763532109,0.10305142368161271,0.17861455267159818,10.92140551954996,diy_renovator_homeowner,how_to_installation_demo,2021-10-09 12:00:32+00:00,2021
gG0RWKPM8kc,0.10265815733411293,0.029558771644882926,0.0273814535425971,0.004401038733538915,0.07219005841195786,0.009046935725658447,0.0,0.004546543730782306,0.06293270160738393,0.0005304850271285875,0.006740936624688336,0.053981120163233295,0.5984943756424321,0.0,0.0,0.027537421811603104,2,13,1,"Wall, cavity and floor insulation",0.5984943756424321,0.10265815733411293,0.4958362183083192,4.4481540868624725,installer_tradesperson,how_to_installation_demo,2019-06-20 10:17:16+00:00,2019
gIhAyS38-f4,0.2007239215052832,0.00863878762714119,0.09939120546435054,0.07167570536499328,0.08333737785100542,0.191603512591055,0.04834375268028294,0.008988190629327314,0.0518325153648953,0.04053441850992137,0.003266096887126619,0.05071202411547197,0.0006675133090139913,0.04623080752524009,0.0035330729763837234,0.0905210975985081,19,1,6,Situated household retrofit experience and building context,0.2007239215052832,0.191603512591055,0.009120408914228217,10.297114254875623,training_educational,how_to_installation_demo,2023-06-07 07:11:06+00:00,2023
gLFH0GvBLlA,0.09379024414222742,0.0027175120409618997,0.051214280693317064,0.020571207264473517,0.05013273582117693,0.06417291654190611,0.03712990340966108,0.4985669713007265,0.035010172338624725,0.01930717906326672,0.026112082213415516,0.01119825550103825,0.005479588037686685,0.007500454977696507,0.007535018011868545,0.06956147864195249,141,8,1,"Solar PV, batteries and power systems",0.4985669713007265,0.09379024414222742,0.4047767271584991,6.634165914231987,training_educational,practical_advice_explainer,2025-05-30 07:36:45+00:00,2025
gYUegA4y6OE,0.17128498640190715,0.004405720080796281,0.1251141200775492,0.04432808686785346,0.09096895976075084,0.037910121589921394,0.09246052755349497,0.04585633872864926,0.0795884009755123,0.09342702836735517,0.01575667832857131,0.03990108010762775,0.0032976810362092728,0.038442624881223145,0.009835738319036705,0.10742190692354177,20,1,3,Situated household retrofit experience and building context,0.17128498640190715,0.1251141200775492,0.046170866324357934,11.869782868520968,installer_tradesperson,how_to_installation_demo,2025-10-24 23:12:09+00:00,2025
ge6pQeFlj3k,0.05344191690772086,0.005335718151764465,0.047308635679510026,0.05819591902430073,0.027518747980283594,0.08046902965111115,0.031913875882433676,0.026464017265940627,0.05002404238302129,0.022704523605162136,0.03146245008131954,0.028646152980154296,0.008507728165855665,0.49125092536980264,0.008291927185633381,0.028464389685985914,139,14,6,Thermostat wiring and smart heating controls,0.49125092536980264,0.08046902965111115,0.4107818957186915,7.236684597094531,training_educational,practical_advice_explainer,2021-06-06 13:45:01+00:00,2021
gejidpH2GTU,0.18506616834704412,0.0020239024615193936,0.07694586270142645,0.030783545659777794,0.006180022704963217,0.048173712002618115,0.01889440278409162,0.009591597569439019,0.049794186973277164,0.04606937322585179,0.024134415768750132,0.2858476586123565,0.05358801843170567,0.014583087666849369,0.04151402389906175,0.10681002119126794,21,12,1,Roof and attic ventilation and airflow,0.2858476586123565,0.18506616834704412,0.10078149026531238,9.533683610867202,diy_renovator_homeowner,how_to_installation_demo,2026-01-02 15:01:21+00:00,2026
gf-QgHyXM6E,0.22225465513208295,0.0364638376548227,0.034911751808038044,0.04645679235351257,0.0017517495859187275,0.04912495746341192,0.04854937222188924,0.029543803932849055,0.0538474454783328,0.10439632687918296,0.06152553123260341,0.09952152209659976,0.05077464069249484,0.02135978754393836,0.05548559114475532,0.08403223477956738,41,1,10,Situated household retrofit experience and building context,0.22225465513208295,0.10439632687918296,0.11785832825289999,12.4437722510559,training_educational,how_to_installation_demo,2024-11-08 12:15:03+00:00,2024
glFuFxvdU_s,0.213046579758966,0.014650041428307866,0.10179889776554064,0.0016863178735619098,0.06177502264338923,0.01619305318951523,0.015668738373682902,0.07792492086961698,0.024527968651970548,0.10912729490197873,0.034369565411242385,0.023971899826129364,0.10802116943467449,0.026149292620683672,0.038497931747997316,0.13259130550274267,11,1,16,Situated household retrofit experience and building context,0.213046579758966,0.13259130550274267,0.08045527425622331,11.071140588634316,installer_tradesperson,how_to_installation_demo,2025-08-20 18:36:25+00:00,2025
gzfjlXYjy8g,0.22519375642065234,0.019159249580641302,0.14456782812974933,0.049137541053049585,0.10175708333092666,0.12805067482762153,0.0218044590572935,0.050532816347346,0.0551241921836034,0.02136064250261258,0.016590636397968764,0.024337863372702717,0.016893574178352053,0.04614028597920239,0.03014951617037051,0.04919988046790734,17,1,3,Situated household retrofit experience and building context,0.22519375642065234,0.14456782812974933,0.08062592829090301,11.405593516909311,installer_tradesperson,how_to_installation_demo,2022-10-12 19:38:13+00:00,2022
h5bGmkMqHZA,0.058822690288603416,0.012790973179983645,0.24380123258851666,0.16258309459379433,0.0,0.11440101871310793,0.0,0.07210678050115904,0.005534166956239574,0.013502720093796836,0.0024558656030746764,0.10497823948170586,0.019963374476196345,0.012179095662628026,0.019127140647000208,0.15775360721419343,5,3,4,Clarification and specification questions,0.24380123258851666,0.16258309459379433,0.08121813799472233,8.470505104626179,training_educational,how_to_installation_demo,2023-06-12 20:16:14+00:00,2023
h86Nmp9qdqE,0.13240178803461203,0.0065273075206468715,0.008131275618597793,0.10987389141071613,0.004729422002500164,0.07394999355021488,0.052074910835673845,0.0,0.05074804730151669,0.0019387610984770052,0.0035440014688660044,0.0652073231777011,0.4276233185489113,0.0,0.012862413176303251,0.050387546255263004,6,13,1,"Wall, cavity and floor insulation",0.4276233185489113,0.13240178803461203,0.2952215305142992,6.588709560797783,installer_tradesperson,problem_warning_mistakes,2024-10-28 15:08:31+00:00,2024
hB9O9zQlHUc,0.10731777677853034,0.011139081026446111,0.08503495127475634,0.023419308982292667,0.0022938024842577565,0.02938293677195247,0.08433658237081552,0.1110320572383868,0.09349935930373195,0.04399897667860212,0.07952885676366139,0.0028468901526778755,0.028803939396745165,0.23320616714049133,0.026865595987091064,0.037293717649561076,23,14,8,Thermostat wiring and smart heating controls,0.23320616714049133,0.1110320572383868,0.12217410990210453,10.977643205230383,training_educational,practical_advice_explainer,2025-04-16 07:59:55+00:00,2025
hC2NlxqH1I4,0.14117277728957356,0.0030692654022677303,0.05710436862893327,0.09947972501575982,0.04320205061038638,0.03607413798037813,0.11867017789801286,0.012414086803382575,0.158990708280874,0.04898045028646953,0.002133968975696541,0.00794367771547629,0.0,0.24190957592390938,0.005457290976196253,0.023397738212683688,17,14,9,Thermostat wiring and smart heating controls,0.24190957592390938,0.158990708280874,0.08291886764303538,9.038232867802034,installer_tradesperson,practical_advice_explainer,2023-10-16 19:00:17+00:00,2023
hH7dDcgHhR4,0.05615987984473421,0.17161680480445446,0.03896517072660373,0.06042247831694244,0.0024564603673746482,0.07862489030582692,0.036400032372454955,0.022142445201409438,0.034157818646427335,0.039869763378050704,0.022330809831690075,0.21404421630933754,0.08461138924175973,0.00882959282601384,0.04607195063659909,0.08329629719032086,60,12,2,Roof and attic ventilation and airflow,0.21404421630933754,0.17161680480445446,0.04242741150488308,11.451092472620566,installer_tradesperson,how_to_installation_demo,2024-04-07 21:03:19+00:00,2024
hIszVpFukCw,0.11416659250295919,0.0,0.0013678043328048575,0.00028126366679709954,0.021628156676826188,0.18918171777698786,0.0,0.0,0.11552960285611057,0.0,0.06540714698136092,0.23211114734933191,0.0002943896623257179,0.0,0.001204902233135707,0.25882727596136,2,16,12,"Prospective choices, recommendations and alternatives",0.25882727596136,0.23211114734933191,0.0267161286120281,5.953787399743039,training_educational,how_to_installation_demo,2023-10-27 23:24:05+00:00,2023
hNajgokEB-o,0.1045919384589415,0.010293372041354734,0.18123859261106617,0.0007529001013190282,0.006973069319981976,0.00027413825827298405,0.08865832880012571,0.00833066191646017,0.09167514814608373,0.1549963404577661,0.0025471121283190895,0.11371794748289638,0.1688865001891652,8.77767040560901e-05,0.06597359691463076,0.0010025764695603748,8,3,13,Clarification and specification questions,0.18123859261106617,0.1688865001891652,0.012352092421900968,8.56517523701063,builder_contractor,how_to_installation_demo,2024-08-23 18:34:18+00:00,2024
hbt67WyyjZY,0.15234936175826252,0.00677135005332619,0.03836049650744645,0.0582554812781813,0.06695985234469458,0.0812019735789649,0.05679084344338398,0.07525636310933775,0.04709060192011456,0.04029060081640366,0.055732346871690736,0.017889568970432354,0.013870753770987584,0.22179634599523182,0.021286749566281637,0.04609731001525997,36,14,1,Thermostat wiring and smart heating controls,0.22179634599523182,0.15234936175826252,0.0694469842369693,11.905588193901114,installer_tradesperson,how_to_installation_demo,2025-05-07 15:27:34+00:00,2025
hfQllKuS_no,0.0808779053131179,0.007235359226810411,0.08115775175852133,0.013578036531848556,0.011023405213159771,0.13699956953936535,0.03028421466542608,0.012789112892867773,0.027024858634049635,0.03720804313006547,0.02515363407762164,0.10140096804048129,0.16904922385109114,0.010934780669232768,0.15970552812260974,0.09557760833373112,62,13,15,"Wall, cavity and floor insulation",0.16904922385109114,0.15970552812260974,0.0093436957284814,10.989239581723222,diy_renovator_homeowner,how_to_installation_demo,2019-02-16 20:51:05+00:00,2019
hhfvecKtuGg,0.02275895172614508,0.0,0.0,0.0,0.0,0.0,0.0,0.04965069025325216,0.0,0.0,0.330072962913073,0.0,0.0,0.5975173951075298,0.0,0.0,1,14,11,Thermostat wiring and smart heating controls,0.5975173951075298,0.330072962913073,0.2674444321944568,2.481224018277689,installer_tradesperson,how_to_installation_demo,2025-02-04 19:43:50+00:00,2025
hi5acwuP6FQ,0.05750657784531208,0.005056260748979121,0.14800915570397505,0.02735700760597497,0.018120480599799565,0.03480250854244235,0.03556355603972584,0.009864629554686038,0.032540829248858254,0.005838856111064042,0.039161086423014885,0.3504727127421561,0.07398247207249252,0.006515796573949371,0.08039565849773256,0.07481241168983727,11,12,3,Roof and attic ventilation and airflow,0.3504727127421561,0.14800915570397505,0.20246355703818103,8.880514160951467,builder_contractor,how_to_installation_demo,2024-06-25 14:00:38+00:00,2024
hjlVL4sgqKw,0.1782298795285682,0.0029142564901490442,0.030093894860844485,0.0590450317323914,0.32488861354855697,0.036199748387609434,0.035552750359042144,0.09473295334582207,0.049993798098755746,0.019948425336333262,0.023256643737431873,0.0574703219442484,0.004996698202495144,0.01630013694141347,0.010699606592880015,0.05567724089345828,113,5,1,Heat pumps and heating systems,0.32488861354855697,0.1782298795285682,0.14665873401998877,9.084968006000947,training_educational,practical_advice_explainer,2024-03-06 20:10:54+00:00,2024
hkO-YNve2uE,0.19202408333869506,0.003412425947721822,0.07565506966770069,0.026806047912272805,0.24513058159356998,0.034778494193844565,0.05691811231812608,0.03823882055940173,0.07047543632846924,0.01189346133931015,0.023705921762792372,0.02827264346803272,0.01772371780477967,0.09789539478586323,0.00896404618869596,0.06810574279072391,122,5,1,Heat pumps and heating systems,0.24513058159356998,0.19202408333869506,0.05310649825487493,10.291875414372962,training_educational,practical_advice_explainer,2022-10-16 16:00:33+00:00,2022
hkZzV5nAV8A,0.15096459363376685,0.006607838914969785,0.05742585065009923,0.023827109373029173,0.009522920609202928,0.14426495365570025,0.014861394328967279,0.03858319766618673,0.036548834024601164,0.03071843582096926,0.029093419482863,0.2980249148475755,0.07900343918178962,0.01855119713321063,0.02482088238819704,0.03718101828887157,74,12,1,Roof and attic ventilation and airflow,0.2980249148475755,0.15096459363376685,0.14706032121380863,9.619111676958024,diy_renovator_homeowner,practical_advice_explainer,2022-07-25 18:07:09+00:00,2022
hlfoLVPgH3o,0.009629920745159866,0.008398012913147028,0.0,0.07927366812229192,0.019276316525644287,0.03971449082903239,0.009415073460547325,0.0,0.2672579923525071,0.0010197474260423298,0.0,0.48689542875843655,0.017432402079292073,0.009788083761154755,0.051898863026744436,0.0,3,12,9,Roof and attic ventilation and airflow,0.48689542875843655,0.2672579923525071,0.21963743640592948,4.542531768904358,installer_tradesperson,how_to_installation_demo,2025-04-17 15:12:53+00:00,2025
hpEKLDp6DsA,0.13950347051271747,0.03246997785071406,0.03320104626413977,0.0769748874430371,0.04878873629984379,0.07412527022782585,0.01542168348381589,0.04701919377278488,0.08272350068379163,0.07649466393988723,0.00146108113522816,0.14012336025521027,0.15320057688883315,0.005026356242940312,0.030815156703211027,0.042651038296019406,48,13,12,"Wall, cavity and floor insulation",0.15320057688883315,0.14012336025521027,0.013077216633622879,12.041064588324327,installer_tradesperson,how_to_installation_demo,2022-03-10 21:00:17+00:00,2022
hqFU3zjv-fs,0.04051757659133497,0.003994047298824902,0.03164429526578994,0.0428385350429346,0.00538754213275333,0.11963184753337765,0.022028932218516463,0.029446933924101772,0.03039010392201745,0.007068683411738972,0.01810209436705467,0.21158874126868552,0.06321196468789182,0.015252179250942985,0.2899134066833062,0.0689831164007288,63,15,12,Vapour barriers and moisture control,0.2899134066833062,0.21158874126868552,0.07832466541462066,8.93864141928719,installer_tradesperson,problem_warning_mistakes,2020-04-22 18:34:49+00:00,2020
hw9Javqwi3Q,0.062254654111521104,0.00018513741380394297,0.06572289415042903,0.11945445389430397,0.005363456184272865,0.09032688398796096,0.09986658471535884,0.019363219733408266,0.07819876647710844,0.04022857463258186,0.009074053058793533,0.001423940633504397,0.006685246811263176,0.361860408915908,0.0006683750554627663,0.03932335022431889,21,14,4,Thermostat wiring and smart heating controls,0.361860408915908,0.11945445389430397,0.242405955021604,7.947458597633323,diy_renovator_homeowner,how_to_installation_demo,2022-12-01 13:00:23+00:00,2022
hwVxN3dKTaI,0.2740163107396142,0.0006893483640044094,0.0006553524365094826,0.015763043330426427,0.049323005270555255,0.04424444335550455,0.16590687644809757,0.0035488267894914533,0.14575101371442978,0.008400621843023913,8.00951057148905e-05,0.1023643188103035,0.019213103146657445,0.02853004623810086,0.026843011328599963,0.1146705830789663,7,1,7,Situated household retrofit experience and building context,0.2740163107396142,0.16590687644809757,0.10810943429151662,8.266199691470915,installer_tradesperson,how_to_installation_demo,2025-09-22 18:11:48+00:00,2025
i015Zc0x27U,0.0335836607684522,0.01237173119740189,0.015699171862784248,0.25695058013203265,0.1356213413867757,0.0019869656413688116,0.09732353057866718,0.020110105188295167,0.017304650779743812,0.009152555054479856,0.0034986607083972708,0.009608402470116423,0.0038835644644293634,0.3471888214624564,0.028558564735802035,0.007157693568796992,11,14,4,Thermostat wiring and smart heating controls,0.3471888214624564,0.25695058013203265,0.09023824133042374,6.518443754110867,installer_tradesperson,how_to_installation_demo,2024-04-24 09:11:37+00:00,2024
i2YSRlasgEQ,0.09377284077004608,0.0007577586078307483,0.0600245183201362,0.1000740366089404,0.18361426076502516,0.18586632975608222,0.030955174911332466,0.06318137228878794,0.07702446015556524,0.007902576906709466,0.010934518082879718,0.02182093333539654,0.011362064793016926,0.030720879897672235,0.005386487424315913,0.11660178737626271,31,6,5,"Praise, gratitude and social endorsement",0.18586632975608222,0.18361426076502516,0.0022520689910570657,10.358186682926455,training_educational,practical_advice_explainer,2020-06-18 14:15:08+00:00,2020
i387q3ob8gE,0.03671569436042376,0.008542544116027477,0.014118489464680266,0.18423698793611645,0.015115099145497482,0.013433368458591296,0.00862275991903098,0.551454611858812,0.08288370832151508,0.015091291102127258,0.0,0.0035395562338907515,0.0001724553960178915,0.0,0.027881727393440858,0.03819170629382849,6,8,4,"Solar PV, batteries and power systems",0.551454611858812,0.18423698793611645,0.3672176239226955,4.664376900766973,installer_tradesperson,how_to_installation_demo,2023-01-19 02:51:17+00:00,2023
i41oW85zPm8,0.06885529328419268,0.018075808272933307,0.050388718944877044,0.02842406871153921,0.008129484836350044,0.06396149314758122,0.035604030542469405,0.020028116884558998,0.0294105795900212,0.02617266604565073,0.022959858903224252,0.31234424113431764,0.09028285254692862,0.005494474680963641,0.1476447939892604,0.07222351848513162,248,12,15,Roof and attic ventilation and airflow,0.31234424113431764,0.1476447939892604,0.16469944714505724,9.852418737591567,builder_contractor,practical_advice_explainer,2021-08-18 18:00:27+00:00,2021
i6XYRnlCeW4,0.17909427390384217,0.007522107560559625,0.30675789760683125,0.07403571528277231,0.006889036897074471,0.04619530033029045,0.11679034965970106,0.020332474034770957,0.006261249412550843,0.004078520741388994,0.0001806244351204317,0.040942880804177885,0.019398802841177964,0.012740293336323821,0.027825166957446332,0.13095530619597145,7,3,1,Clarification and specification questions,0.30675789760683125,0.17909427390384217,0.1276636237029891,8.092242918380776,installer_tradesperson,how_to_installation_demo,2024-12-10 14:53:08+00:00,2024
iAAI8WQif_g,0.11892617730858701,0.00553108121040804,0.0018663400687352223,0.22991171659442147,0.07303111552790903,0.1089179407875712,0.00777324774627759,0.20146361977753952,0.08763809927164343,0.0033735637160809185,0.0,0.0003002513249576953,0.0012656341818718607,0.14690501589948973,0.013096196584507273,0.0,4,4,8,"Implementation, cost and how-to questions",0.22991171659442147,0.20146361977753952,0.028448096816881957,7.43940063496971,installer_tradesperson,how_to_installation_demo,2025-02-11 18:00:36+00:00,2025
iCnASFBuQDw,0.24340489959812794,0.01126602695274577,0.026457544225309902,0.0024747969790390517,0.00813744250873818,0.03746697776652219,0.10045775518927096,0.027783240255280506,0.07332837927249933,0.11905213945881224,0.019808279540208022,0.22880026103996642,0.012929696632530846,0.009854470152122864,0.03326276020625536,0.04551533022257044,20,1,12,Situated household retrofit experience and building context,0.24340489959812794,0.22880026103996642,0.01460463855816152,9.149713169959533,builder_contractor,how_to_installation_demo,2025-05-04 19:48:31+00:00,2025
iD1U6Q47yLU,0.11409643777617726,0.004971052175992645,0.058419761336045456,0.0999015880263317,0.07436347165356763,0.1759508157365089,0.04481518936250364,0.04088465385516844,0.11534910114225594,0.009088809733207815,0.012034701120103058,0.008587571287940514,0.010659917300459369,0.17322030192937862,0.015328019337358303,0.04232860822700072,66,6,14,"Praise, gratitude and social endorsement",0.1759508157365089,0.17322030192937862,0.0027305138071302693,10.749181385875607,diy_renovator_homeowner,how_to_installation_demo,2021-08-31 14:00:29+00:00,2021
iDMZz4HIURw,0.22421039800952944,0.049513502465384704,0.06169255950391853,0.040522034618453086,0.0033137128875714117,0.2633249172731837,0.027384305676980577,0.014780377815102172,0.04664449167038637,0.05833288488884822,0.051568270356018964,0.03500369638548147,0.01699461340672752,0.024205583552443885,0.01875531209992257,0.06375333939004743,164,6,1,"Praise, gratitude and social endorsement",0.2633249172731837,0.22421039800952944,0.03911451926365425,10.026951637488716,builder_contractor,problem_warning_mistakes,2020-01-12 16:42:36+00:00,2020
iJasoJI6j-0,0.1279637620461572,0.009712163005596278,0.015432438864485412,0.06928201491447948,0.12067876468106464,0.1354238759771859,0.041613217896269206,0.06233026193871765,0.045619956431837534,0.051183096895729,0.023351951323792256,0.0007995967561609625,0.00268513999647072,0.21529818936392323,0.020759707416421053,0.05786586249170946,19,14,6,Thermostat wiring and smart heating controls,0.21529818936392323,0.1354238759771859,0.07987431338673734,10.664895666336509,installer_tradesperson,how_to_installation_demo,2025-09-04 17:03:06+00:00,2025
iKcSKpR9KAM,0.18481667041036898,0.0016015918229651612,0.033349079745441206,0.05365456731591664,0.033540150177511684,0.25738866352259165,0.022447856554340572,0.02361575435539708,0.03103797523273539,0.0614512699110677,0.011755751222549363,0.026739024233679506,0.013604192791642931,0.17058086690496232,0.0019393888901158727,0.07247719690871395,101,6,1,"Praise, gratitude and social endorsement",0.25738866352259165,0.18481667041036898,0.07257199311222268,9.21037994189923,training_educational,how_to_installation_demo,2020-05-23 13:45:03+00:00,2020
iQXaIKBbU7E,0.2300580623901454,0.006277818280541455,0.12695451391415932,0.003918706991956221,0.0,0.12275453032435278,0.016220961325051002,0.005446156556181059,0.009883996407140522,0.07649987342615241,0.006400939259632476,0.054848632544429364,0.1697201051296474,0.009382245996708123,0.16163345745390248,0.0,4,1,13,Situated household retrofit experience and building context,0.2300580623901454,0.1697201051296474,0.06033795726049801,8.001154369359856,builder_contractor,problem_warning_mistakes,2026-02-06 12:27:14+00:00,2026
iYndpRTUjsk,0.06815850703338237,0.05592479133498083,0.04895098837108068,0.02728258147407067,0.02795954884204823,0.02977779645903461,0.006563206969269503,0.04357967294400351,0.029506484546537936,0.007341505954780457,0.0038615915203963932,0.03537592411395087,0.198537285862275,0.00023442697004704308,0.210079146807686,0.20686654079645583,7,15,16,Vapour barriers and moisture control,0.210079146807686,0.20686654079645583,0.0032126060112301624,9.215219655289873,training_educational,problem_warning_mistakes,2021-04-22 15:24:56+00:00,2021
iax414qL1lU,0.2726322743194314,0.004168252654961377,0.05013582574713438,0.04855057964489593,0.0,0.008199708745519056,0.0180241982211965,0.11109217560220781,0.0,0.0,0.010972983173417434,0.04372570205903226,0.05193439545035389,0.08871012833297731,0.0509020190331106,0.24095175701576207,3,1,16,Situated household retrofit experience and building context,0.2726322743194314,0.24095175701576207,0.0316805173036693,7.99919607007548,installer_tradesperson,how_to_installation_demo,2023-12-12 15:41:03+00:00,2023
ibF17R1tcCw,0.1845590733068713,0.0012104693499026403,0.028295935639039354,0.1429437595393168,0.1463269573426293,0.1233540530819111,0.03312191829947214,0.010933612615261011,0.032484478450993226,0.08215190317430413,0.01091383430098774,0.06397578757967665,0.04186111149422384,0.006912855896616856,0.04826755669141124,0.04268669323738273,16,1,5,Situated household retrofit experience and building context,0.1845590733068713,0.1463269573426293,0.038232115964242,10.919336481444374,builder_contractor,project_walkthrough,2023-06-03 17:19:17+00:00,2023
ibHeGgsRMkE,0.13449489845330884,0.00883294694493469,0.13232723257404472,0.11217419472631016,0.013754318868861552,0.02455948268042461,0.08969839156076592,0.022165010578934063,0.07595399013056063,0.05006379493281423,0.0044583326273484455,0.15010017538571838,0.013764754012983122,0.06140225582923572,0.02952384392152379,0.07672637677223117,30,12,1,Roof and attic ventilation and airflow,0.15010017538571838,0.13449489845330884,0.01560527693240954,11.718260552470502,diy_renovator_homeowner,problem_warning_mistakes,2023-03-19 18:11:04+00:00,2023
id9zwr6imM4,0.1638380150030698,0.3051159958190251,0.015846450596442428,0.09688389130050085,0.025017441790934025,0.023201449080311114,0.08031940548063984,0.026266218476818627,0.003747620143204401,0.0009660265038614547,0.0614679021498893,0.02896683533258033,0.06635919586667871,0.0017359940412531257,0.02507819838900046,0.07518936002579046,10,2,1,Spray foam and foam insulation,0.3051159958190251,0.1638380150030698,0.1412779808159553,9.096078409645447,builder_contractor,how_to_installation_demo,2025-10-16 15:08:52+00:00,2025
ifIuK6LihF0,0.04965267048606587,0.0,0.0,0.0,0.09042509466305407,0.0,0.0,0.7934035521792114,0.005305735722849693,0.0,0.0,0.0,0.0,0.050074153319462675,0.0,0.011138793629356243,1,8,5,"Solar PV, batteries and power systems",0.7934035521792114,0.09042509466305407,0.7029784575161574,2.176771379370317,installer_tradesperson,how_to_installation_demo,2023-07-29 10:00:25+00:00,2023
ihp4SFn6tiM,0.024973874737557248,0.00039315920552868654,0.01463306936015889,0.07098805896596136,0.019317053011474187,0.04737550292702418,0.0,0.7405386593286484,0.0,0.012261752429774574,0.007368963889445862,0.014513091393413858,0.0,0.0,0.0,0.04763681475101274,1,8,4,"Solar PV, batteries and power systems",0.7405386593286484,0.07098805896596136,0.669550600362687,2.9582197068388645,diy_renovator_homeowner,practical_advice_explainer,2026-06-26 07:21:07+00:00,2026
ipx9VB1S8a0,0.0,0.0016600547314456543,0.9776167597824519,0.0,0.0008094472301263707,0.0,0.0013830444752263062,0.0,0.0,0.0,0.00506344754540943,0.011510973491102746,0.001956272744237632,0.0,0.0,0.0,1,3,12,Clarification and specification questions,0.9776167597824519,0.011510973491102746,0.9661057862913491,1.1479518391467136,installer_tradesperson,how_to_installation_demo,2024-01-26 17:00:28+00:00,2024
irytqcJZSps,0.15137879225956377,0.006215330038817917,0.10970179643658724,0.07305570181800541,0.005188090496770145,0.11289314688595574,0.034836198601849104,0.010858649363973752,0.0660403062411034,0.03599713709607926,0.040838644072077955,0.023323533571707574,0.19468390028721813,0.016855139288348284,0.02643031442122542,0.09170331912071689,349,13,1,"Wall, cavity and floor insulation",0.19468390028721813,0.15137879225956377,0.04330510802765436,11.13950380648319,builder_contractor,problem_warning_mistakes,2019-09-02 17:59:47+00:00,2019
isPYt-LQTWQ,0.19815516721199167,0.008389117572408981,0.03455753510140589,0.08601755626927977,0.0020015486682152537,0.04454929173097232,0.10085987626357369,0.03187768982485123,0.09707062472575646,0.07760339396433195,0.0022035126393097717,0.06068029312722003,0.12522493676412483,0.013546156521644365,0.03075100847066055,0.08651229114425317,11,1,13,Situated household retrofit experience and building context,0.19815516721199167,0.12522493676412483,0.07293023044786684,11.31306217126264,diy_renovator_homeowner,how_to_installation_demo,2023-02-11 18:01:11+00:00,2023
ixtlK3XqigY,0.11092381242342426,0.004044379269425944,0.02557579735568891,0.17657065504176578,0.016823458633520878,0.2713941104246197,0.005697969809853615,0.1472153963960089,0.0011328044975796095,0.010039905253524446,0.00550239850257229,0.004976935147000988,2.606037413685395e-06,0.06340610642832156,0.006633625205514456,0.15006003957376501,9,6,4,"Praise, gratitude and social endorsement",0.2713941104246197,0.17657065504176578,0.09482345538285392,7.40394544020195,installer_tradesperson,how_to_installation_demo,2025-10-24 15:30:06+00:00,2025
iyi6qdwzM3s,0.10627752809210915,0.0013282915048547085,0.08717784391926583,0.14721710230090637,0.05231394165848519,0.23017197087487296,0.03234522782032122,0.02528583180037715,0.0556339175679303,0.09642261755133913,0.04234981518161738,0.04872346199266021,0.009418430169945945,0.011156632202711321,0.006732531411003719,0.04744485595159943,36,6,4,"Praise, gratitude and social endorsement",0.23017197087487296,0.14721710230090637,0.08295486857396658,10.783119149199326,installer_tradesperson,how_to_installation_demo,2020-02-24 00:00:04+00:00,2020
j0E0NJtnDig,0.04724177867820447,0.017614596330938464,0.06390924203717262,0.061219145893785694,0.017242719679804293,0.0452400420514147,0.047823729105261226,0.3806234568284268,0.0197793734889685,0.01990496385887993,0.006239236746840411,0.21131037907858016,0.004373935874117158,0.005181481643640482,0.008652861743758745,0.04364305696020636,31,8,12,"Solar PV, batteries and power systems",0.3806234568284268,0.21131037907858016,0.16931307774984664,7.612196771647098,installer_tradesperson,practical_advice_explainer,2025-04-04 16:04:44+00:00,2025
j7HcijX-Nmw,0.27015643204016915,0.10221948417649182,0.1597878762829859,0.02148650933427608,0.0,0.03438945406171943,0.0298439121290144,0.00032053527713580215,0.05812077519356726,0.03282862740640426,0.006327772322313265,0.003805576359796729,0.2061912812554713,0.011378229675196116,0.011743941805637113,0.051399592679821374,15,1,13,Situated household retrofit experience and building context,0.27015643204016915,0.2061912812554713,0.06396515078469786,8.1460682408849,training_educational,how_to_installation_demo,2023-05-27 09:41:00+00:00,2023
jEBzGn4AsGg,0.06540009193065027,0.06580805835627501,0.0763220672186714,0.05003532545480409,0.007776668165912935,0.0339478862029371,0.011279616761131242,0.010250957563924086,0.04283877712963003,0.014857191231688414,0.007296912096489353,0.2997112273135524,0.22313370222290196,0.011002387470095585,0.058037729837071846,0.02230140104426431,26,12,13,Roof and attic ventilation and airflow,0.2997112273135524,0.22313370222290196,0.07657752509065041,8.869927406198011,diy_renovator_homeowner,how_to_installation_demo,2024-11-21 12:50:57+00:00,2024
jEkuXhLwfVM,0.14100607715944155,0.06234321004488078,0.016104316801411424,0.07193612212883878,0.043073756988495936,0.017133968823229224,0.050725704722002274,0.11369238108566582,0.08491615325719237,0.02160274399099872,0.016847386217698785,0.17137215945204876,0.03953588979675925,0.03283073440163745,0.025052551083173575,0.09182684404652534,6,12,1,Roof and attic ventilation and airflow,0.17137215945204876,0.14100607715944155,0.030366082292607205,12.471903707900855,installer_tradesperson,how_to_installation_demo,2026-03-01 16:45:04+00:00,2026
jF0c0wJmy84,0.2896582013214983,0.003998041479953601,0.04905496887907391,0.04433053573184654,0.03445732027411658,0.039413023806251245,0.051509655722372524,0.009833164419391532,0.03841350585465027,0.05733938133715847,0.02808690223734456,0.08155808566100359,0.08775714821061624,0.01341749496428116,0.011110083137286213,0.16006248696315528,23,1,16,Situated household retrofit experience and building context,0.2896582013214983,0.16006248696315528,0.129595714358343,10.147749583165425,installer_tradesperson,how_to_installation_demo,2025-12-14 10:00:06+00:00,2025
jKiXJOX4ol8,0.13557786550968046,0.003580093816368589,0.06532443728190845,0.07173464537018544,0.038008731840432436,0.04815724639543678,0.04304946052088112,0.3505658299300856,0.06624404780186638,0.02919513549111771,0.015832123264439394,0.01961361114641448,0.009533729901702431,0.02109028834035323,0.007771253299616827,0.07472150008951065,150,8,1,"Solar PV, batteries and power systems",0.3505658299300856,0.13557786550968046,0.21498796442040516,9.157709939313166,installer_tradesperson,how_to_installation_demo,2025-10-13 17:01:04+00:00,2025
jUehMdNfGrY,0.1392418843395512,0.00504252717015703,0.054628209070721336,0.03398525243290507,0.02585615582093357,0.03118374603810955,0.08432653359322272,0.22644930845880737,0.10615898224855778,0.03351857204355802,0.0313579185371076,0.062338526937793626,0.03217449898170534,0.03358451983273971,0.022340594441752043,0.07781277005237802,107,8,1,"Solar PV, batteries and power systems",0.22644930845880737,0.1392418843395512,0.08720742411925617,11.753049516973498,installer_tradesperson,problem_warning_mistakes,2023-09-11 19:00:21+00:00,2023
jYNufQVIFfA,0.11831597493416107,0.303927331337531,0.04687730865094898,0.02805417971141403,0.024762630781186436,0.03914152505175797,0.025284878469290034,0.01986961070570089,0.03626025466851033,0.026275118946503483,0.017711877780115876,0.10887679463494258,0.09992538420881561,0.01187881311298275,0.03414311082778407,0.058695206178354865,393,2,1,Spray foam and foam insulation,0.303927331337531,0.11831597493416107,0.18561135640336995,10.389623658758305,builder_contractor,problem_warning_mistakes,2022-01-25 19:00:12+00:00,2022
jmRz8qRypy8,0.09289798594304934,0.033220839938437226,0.27037445565495605,0.0075361895996875865,0.03229912671270734,0.06855899827274167,0.05047838400361301,0.062379850484260195,0.005290449859146302,0.11276284293404697,0.004087116035526531,0.07881057273763524,0.07072058551793885,0.010866820292214736,0.07359787119425867,0.02611791081978031,3,3,10,Clarification and specification questions,0.27037445565495605,0.11276284293404697,0.15761161272090907,10.622887272967844,diy_renovator_homeowner,problem_warning_mistakes,2024-01-28 20:57:34+00:00,2024
joW9rze4I1k,0.5646176080170624,0.021327994849926347,0.03180631235120468,0.010966114233215654,0.0,0.0020590907679137586,0.06492337124573969,0.02615729163689166,0.004573632338093111,0.0024013589514075805,0.05384336807238226,0.023348953782272003,0.02082879340857178,0.0326711863587243,0.03578275782156809,0.10469216616502663,4,1,16,Situated household retrofit experience and building context,0.5646176080170624,0.10469216616502663,0.45992544185203577,5.37388387314112,builder_contractor,how_to_installation_demo,2024-07-21 15:44:04+00:00,2024
jp7u3aOXr0s,0.21248802414821602,0.0,0.017537052479983196,0.04158032268355498,0.049795558593153114,0.003738006109118286,0.015442055435774,0.04771961680177846,0.09878273161825976,0.0026733541881283416,0.04769483118367565,0.2621038972910421,0.11484322313856812,0.003172457638006352,0.0020916376626533705,0.08033723102808825,10,12,1,Roof and attic ventilation and airflow,0.2621038972910421,0.21248802414821602,0.04961587314282609,8.456893207685876,installer_tradesperson,how_to_installation_demo,2022-10-14 18:27:32+00:00,2022
juX8XuepUUE,0.02653253096723183,0.0,0.37301915442193495,0.0,0.005966170620965041,0.3279881155585837,0.012814021223775026,0.036205901197885304,0.005504725960718574,0.01425367005967728,0.023012092710069935,0.04038574059098156,0.0,0.12682056794855548,0.00749730873962126,0.0,2,3,6,Clarification and specification questions,0.37301915442193495,0.3279881155585837,0.04503103886335125,5.157813231634045,installer_tradesperson,how_to_installation_demo,2022-01-31 12:15:02+00:00,2022
jwn710f8Ins,0.03134413135221279,0.0,0.001674231452642168,0.0,0.2364247447310232,0.0,0.056972807845842036,0.0,0.38971595856363167,0.006215475273987315,0.037536100749882305,0.2401165500307785,0.0,0.0,0.0,0.0,1,9,12,Performance checking and troubleshooting,0.38971595856363167,0.2401165500307785,0.14959940853285317,4.428323572776885,training_educational,how_to_installation_demo,2025-09-29 16:13:23+00:00,2025
k0zSAyYZ9BI,0.053630530107213935,0.0,8.235742798927364e-05,0.1468951149892692,0.021587348619132696,0.09808526903588881,0.12930458954508853,0.19291364886596307,0.0,0.2845605162126778,0.0,0.035467144183955114,0.020438419464766742,0.0,0.0,0.017035061548054776,3,10,8,"Implementation follow-up, outcomes and retrospective questions",0.2845605162126778,0.19291364886596307,0.09164686734671473,7.077187779993838,diy_renovator_homeowner,how_to_installation_demo,2019-11-07 05:59:46+00:00,2019
k5cYjwz-I1s,0.17562170135041089,0.0038181422664863786,0.08311925297573759,0.08443145306821066,0.0818356765393884,0.16439363036469715,0.06704816578063018,0.007973019565537967,0.08702281450906085,0.013596119730384177,0.017701217649571884,0.04552776666759356,0.006950983861805683,0.10676968204907106,0.0046641149057259235,0.04952625871568763,251,1,6,Situated household retrofit experience and building context,0.17562170135041089,0.16439363036469715,0.01122807098571374,10.954993352267236,installer_tradesperson,practical_advice_explainer,2019-01-19 08:09:38+00:00,2019
k8Bn9TygfkA,0.27383405785604514,0.03905052229220909,0.016571422878111246,0.0,0.046974418447317284,0.02315918067292114,0.06898026324563931,0.02428015990627819,0.10731180148763951,0.0,0.0,0.0,0.25969342819324376,0.0,0.14014474502059523,0.0,1,1,13,Situated household retrofit experience and building context,0.27383405785604514,0.25969342819324376,0.014140629662801385,6.8202225258622216,builder_contractor,practical_advice_explainer,2025-03-06 00:00:37+00:00,2025
kGXwcm6_ZMU,0.15203297396229903,0.0202454687276646,0.14453172806938278,0.062431745202011356,0.01828230542258715,0.01024947669356764,0.07596179455077147,0.02336865342275449,0.05259596809297905,0.03129500432640114,0.08679234670197802,0.2234822992632561,0.021658790539479365,0.014006350180042038,0.015535648370510009,0.04752944647431571,166,12,1,Roof and attic ventilation and airflow,0.2234822992632561,0.15203297396229903,0.07144932530095707,10.852039442358684,builder_contractor,problem_warning_mistakes,2025-05-21 16:03:19+00:00,2025
kGs_biFA87Q,0.21089902851281284,0.0021830280655206285,0.05375828387727913,0.039695337177006546,0.24356181195327983,0.055372914923257376,0.03544148675529316,0.06934869695625295,0.043521678382027876,0.014364203054002501,0.015538851395585626,0.036898718430261185,0.030347784515821388,0.08173922036686336,0.00723550827904298,0.06009344735569262,355,5,1,Heat pumps and heating systems,0.24356181195327983,0.21089902851281284,0.032662783440467,10.316360486968478,training_educational,practical_advice_explainer,2022-03-03 18:00:12+00:00,2022
kHtrw6kFHTE,0.0762865778936939,0.03387070150334007,0.08275085746323746,0.05382330940474245,0.0003041084927971009,0.04026811051270356,0.10803156042357934,0.00710298432676546,0.07496988452359714,0.01331102633841677,0.02028916561385019,0.08630445273538824,0.2933168952121068,0.007114960597459267,0.09866127247809245,0.003594132480229782,13,13,7,"Wall, cavity and floor insulation",0.2933168952121068,0.10803156042357934,0.18528533478852746,9.657275413854949,installer_tradesperson,problem_warning_mistakes,2023-05-08 17:22:47+00:00,2023
kWPN7cxlg1U,0.034224528886211136,0.0,0.21692387236951527,0.24208228368015877,0.0,0.42149938732869574,0.0,0.0,0.00019501799406258688,0.0,0.0028072126048777637,0.0,0.041911070892515355,0.0,0.016509370413490973,0.023847255830472366,2,6,4,"Praise, gratitude and social endorsement",0.42149938732869574,0.24208228368015877,0.17941710364853697,4.316741966270394,diy_renovator_homeowner,how_to_installation_demo,2022-03-26 01:12:53+00:00,2022
k_-nbxRQhzA,0.11487427803628911,0.005539804991018854,0.12013194486280529,0.07920380722381073,0.09531131812983594,0.13031654345746854,0.03928082589953469,0.02856363053557984,0.06726789328829115,0.046549350501410944,0.00822864298947305,0.007143730346964879,0.07883394534342895,0.0163979456388054,0.01499928231246624,0.14735705644281638,33,16,6,"Prospective choices, recommendations and alternatives",0.14735705644281638,0.13031654345746854,0.01704051298534784,11.740843102611302,installer_tradesperson,project_walkthrough,2022-05-04 15:45:01+00:00,2022
kbhZFFeusNE,0.13080944983009382,0.1534690575781906,0.02588205634603276,0.022911547507266244,0.003794768328570401,0.10020729852990938,0.0,0.04689042938220541,0.14147761878140971,0.005125283913370932,0.20838918274648477,0.015671290277673406,0.04412852269083809,0.007019015949681067,0.07697494876940764,0.017249529368865733,6,11,2,"Product sourcing, access and location questions",0.20838918274648477,0.1534690575781906,0.05492012516829417,9.636532075716875,diy_renovator_homeowner,how_to_installation_demo,2024-04-21 15:39:02+00:00,2024
kcQ1U4-kZzw,0.13029465930511488,0.006216053005088667,0.024926293726478,0.0009130169416872231,0.055035255780035625,0.08670277993612202,0.07106124827632908,0.011058509919776876,0.09790631999562727,0.034722750182720356,0.0002498352328700162,0.0968515567005404,0.27644680202977717,0.006529884004566813,0.08257319576941989,0.01851183919384577,12,13,1,"Wall, cavity and floor insulation",0.27644680202977717,0.13029465930511488,0.1461521427246623,9.443266090570782,diy_renovator_homeowner,how_to_installation_demo,2025-01-05 22:32:26+00:00,2025
keaKApEy_rM,0.0,0.014975476242261143,0.003154039394666402,0.0,0.0,0.04007235832513808,0.007092458499478169,0.0,0.0,0.01807467056878683,0.0,0.3796969706422454,0.5368009084224332,0.0001331179049907143,0.0,0.0,1,13,12,"Wall, cavity and floor insulation",0.5368009084224332,0.3796969706422454,0.15710393778018783,2.77450432199764,installer_tradesperson,problem_warning_mistakes,2019-01-15 19:14:23+00:00,2019
khc5R8FXJYg,0.12476407067693411,0.003515127090351213,0.0740069934947777,0.03348623586289249,0.013808286861565084,0.1133250197793055,0.037255501571130355,0.22253745725670435,0.128290798229951,0.019613634521337606,0.01682958288739728,0.003806487999717491,0.003946962735938143,0.07359346170454789,0.01846884824271535,0.11275153108473444,55,8,9,"Solar PV, batteries and power systems",0.22253745725670435,0.128290798229951,0.09424665902675336,10.10472188290707,installer_tradesperson,how_to_installation_demo,2020-11-19 00:27:08+00:00,2020
kqO5SyKJ5SI,0.10933211416943117,0.015446110295253264,0.12842516248885721,0.10419459475591508,0.002940550402251297,0.02798192522552464,0.061878168527593626,0.005603644048594067,0.036791309158848845,0.036643274418297386,0.05607468813116357,0.2275808052774817,0.008165785279546827,0.003109140022456833,0.017228840560277424,0.15860388723850705,16,12,16,Roof and attic ventilation and airflow,0.2275808052774817,0.15860388723850705,0.06897691803897466,9.819669509668685,diy_renovator_homeowner,how_to_installation_demo,2024-11-21 17:11:05+00:00,2024
kqfbvjb-ZTY,0.1743974405792107,0.0011809978487898653,0.04042302276598201,0.10873844729577693,0.17742856825088202,0.08919495391420555,0.0019962276371066246,0.0075906398058614155,0.014687107659005702,0.03482378310095365,0.00037681000608215365,0.19363179190813437,0.0,0.09281495470575034,0.005338015603214986,0.05737723891904375,6,12,5,Roof and attic ventilation and airflow,0.19363179190813437,0.17742856825088202,0.016203223657252352,8.73799675808825,installer_tradesperson,how_to_installation_demo,2020-01-15 14:55:15+00:00,2020
ksg3sQIMmKc,0.0661128135695291,0.03362731953163842,0.0021939080187265967,0.03858859769011637,0.008534599592886074,0.002552976831910991,0.029618615139300992,0.02127090015123856,0.028186733353613807,0.049544003418626914,0.1292857405572506,0.07739297305928976,0.21473285681642587,0.0219650397492036,0.027435073234453464,0.24895784928578893,7,16,13,"Prospective choices, recommendations and alternatives",0.24895784928578893,0.21473285681642587,0.03422499246936306,9.44754475572371,diy_renovator_homeowner,how_to_installation_demo,2024-01-18 18:14:18+00:00,2024
kt8d8Yj-qG8,0.1508610481386405,0.00849948855844331,0.09230200800239761,0.0514542142990857,0.0026598916000196322,0.08285136237379556,0.02383035565869356,0.02722594478128169,0.13483778479104438,0.047140117460601066,0.029050475020909235,0.2363656882934606,0.00511092939033938,0.022999631442256807,0.020794506142428167,0.06401655404660272,12,12,1,Roof and attic ventilation and airflow,0.2363656882934606,0.1508610481386405,0.0855046401548201,10.338424202434043,diy_renovator_homeowner,how_to_installation_demo,2022-11-05 08:00:16+00:00,2022
kwVleBvWH64,0.1364894520784093,0.013931867896644058,0.09356281182329863,0.0684718935704359,0.01499316535692799,0.03745541845206376,0.1252762388501436,0.025267786782244627,0.08872361803061539,0.05004962165587386,0.042561624998013296,0.1829653346876702,0.022090191801830056,0.023871411598787317,0.027786596541300623,0.046502965875741376,114,12,1,Roof and attic ventilation and airflow,0.1829653346876702,0.1364894520784093,0.046475882609260916,12.198675634822266,builder_contractor,how_to_installation_demo,2025-04-29 11:47:43+00:00,2025
l7Ovl2WoDkQ,0.12840190689943629,0.023430306952132194,0.04534885265387579,0.02433796097126777,0.08272103315689774,0.05753678469686808,0.036807393634683286,0.027461529271472884,0.07866711757911538,0.036298073823505216,0.017152709080434238,0.12237351010263624,0.15611396159640123,0.013495706415904403,0.06724923912707803,0.08260391403829125,300,13,1,"Wall, cavity and floor insulation",0.15611396159640123,0.12840190689943629,0.027712054696964944,12.879911068030783,diy_renovator_homeowner,how_to_installation_demo,2022-10-07 11:00:36+00:00,2022
l8g9v1SSnEw,0.12429030329211033,0.0017232803548063052,0.2869420352718505,0.03858470320957925,0.28393023124150146,0.023037318156839008,0.00736123042474796,0.022876470741057055,0.08603758823826414,0.0045992215157413625,0.0026389235858440643,0.026787616380837036,0.04175995590685563,0.014606162044856898,0.006093800627476531,0.02873115900763242,7,3,5,Clarification and specification questions,0.2869420352718505,0.28393023124150146,0.0030118040303490634,7.36493396693247,installer_tradesperson,project_walkthrough,2025-01-15 15:08:39+00:00,2025
lR8_3cttaZA,0.11715915634812663,0.002279520224285021,0.21390963226232573,0.09874861429994053,0.0006842397618592506,0.060606596101779826,0.08076964734685844,0.0019503186441162945,0.021240821572450715,0.0981498697264243,0.015194646214367823,0.08884080947262762,0.1289770371257248,0.014815049940685039,0.04528739928941334,0.011386641669014609,11,3,13,Clarification and specification questions,0.21390963226232573,0.1289770371257248,0.08493259513660092,10.174617130196493,installer_tradesperson,how_to_installation_demo,2023-07-26 05:24:50+00:00,2023
lSCGWiQvFuo,0.08106677495640278,0.0,0.0,0.0,0.0,0.0,0.11393350894683449,0.016072079577637986,0.0899227152503566,0.010935582986130168,0.0,0.3181573578728315,0.36991198040980644,0.0,0.0,0.0,1,13,12,"Wall, cavity and floor insulation",0.36991198040980644,0.3181573578728315,0.05175462253697494,4.552906701854559,diy_renovator_homeowner,practical_advice_explainer,2025-05-07 20:25:46+00:00,2025
lUYZDxtd3z0,0.16354075896180867,0.0008400483980916003,0.06103616930382942,0.03793186879722357,0.18357993709237788,0.18508782730093212,0.03670315761102575,0.019248529949170232,0.08577760673562654,0.010243035006774811,0.03386638526803332,0.01780900806370123,0.04080139560080454,0.06369823193033662,0.004927257982105919,0.05490878199815778,40,6,5,"Praise, gratitude and social endorsement",0.18508782730093212,0.18357993709237788,0.0015078902085542412,10.517537257583703,training_educational,practical_advice_explainer,2022-04-15 18:56:04+00:00,2022
lZz69xkkIOg,0.06039924341273457,0.0019700273329150268,0.004911901044154892,0.16006686270009354,0.0,0.31785234184002215,0.0006932578395469407,0.01752429503588776,0.0,0.0016119400398117909,0.33215241343545454,0.0,0.00031246228996211915,0.009402454083427332,0.004680090615329201,0.08842271033066008,3,11,6,"Product sourcing, access and location questions",0.33215241343545454,0.31785234184002215,0.014300071595432395,4.972116448523319,installer_tradesperson,how_to_installation_demo,2020-04-20 23:17:59+00:00,2020
l_w9DNhDJM0,0.23641051811696703,0.0,0.002423094324243179,0.000704797459289412,0.051330532491900734,0.19687182057897723,0.14574283293586218,0.037390227251239104,0.0,0.13174522260938457,0.0018643109394511942,0.024904672596882716,0.08806935608663259,0.07893564349535605,0.0036069711138139904,0.0,3,1,6,Situated household retrofit experience and building context,0.23641051811696703,0.19687182057897723,0.0395386975379898,7.706079446264897,diy_renovator_homeowner,how_to_installation_demo,2023-12-30 22:29:30+00:00,2023
lijOdAcowsc,0.26063446139333474,0.03280129770773971,0.03428409031784643,0.053901731119027164,0.030997642179447688,0.10986377774040874,0.017216224478821294,0.011571539896808326,0.07256051945946919,0.05380628710816065,0.07934163915372845,0.09367498945822121,0.030644971217975353,0.016555733965857092,0.02497079382992584,0.07717430097322814,19,1,6,Situated household retrofit experience and building context,0.26063446139333474,0.10986377774040874,0.150770683652926,11.501361245223602,diy_renovator_homeowner,how_to_installation_demo,2022-02-06 17:28:48+00:00,2022
ljb8mM0cqNY,0.13048887562226083,0.03470440134198957,0.2295643957519254,0.0,0.06959917291172985,0.013834721615064268,0.000670954477774426,0.05057418656288198,0.13619308440734862,0.0015286403151919378,0.08800039139439876,0.03288141629541322,0.051791346639273025,0.08626488776023812,0.06766102394095842,0.006242500963551535,4,3,9,Clarification and specification questions,0.2295643957519254,0.13619308440734862,0.09337131134457677,10.043766167406117,installer_tradesperson,how_to_installation_demo,2024-05-14 06:55:21+00:00,2024
lp1rDWnXDdY,0.1878556814385319,0.0,0.0,0.0,0.06575709874074144,0.0,0.16524881905689132,0.0,0.23486350378655496,0.03982991604043174,0.0,0.0,0.0,0.29827740046120144,0.008167580475647175,0.0,2,14,9,Thermostat wiring and smart heating controls,0.29827740046120144,0.23486350378655496,0.06341389667464647,5.255749170820152,installer_tradesperson,how_to_installation_demo,2025-03-04 17:45:03+00:00,2025
lpPgQH_sfyE,0.07798754151161248,0.11030246354605622,0.04197142502767347,0.0,0.011702267640892548,0.0034454877200517328,0.1342831140350776,0.16209706797983928,0.0,0.08396521743155602,0.0,0.0,0.033584559242785895,0.077549697835463,0.26311115802899177,0.0,1,15,8,Vapour barriers and moisture control,0.26311115802899177,0.16209706797983928,0.10101409004915249,8.02793579100786,installer_tradesperson,how_to_installation_demo,2022-05-18 20:12:19+00:00,2022
lpRNEcK3fGA,0.10250971199062246,0.0,0.002099222572140298,0.10809540097644113,0.20531595009645048,0.18850743499292374,0.017333861397283455,0.07148093311658692,0.0750138380759194,0.022009835965743584,0.0005729331470602117,0.035309323310589204,0.04868553736145844,0.04375750019735097,0.0024334142674029093,0.0768751025320268,10,5,6,Heat pumps and heating systems,0.20531595009645048,0.18850743499292374,0.01680851510352674,9.796011964469411,installer_tradesperson,how_to_installation_demo,2022-08-02 09:29:20+00:00,2022
lpm6D4ZktMY,0.06993506759291485,0.003338641486816689,0.0032488959875929687,0.08903010601027703,0.02830434683139036,0.011553423191154008,0.39679637426210873,0.0041923644905714095,0.022623198771491153,0.002389391462184002,0.020594576717940283,0.014305706557451952,0.014189689283252616,0.22504924672210488,0.022450294888317016,0.07199867574443208,5,7,14,"Alternative methods, challenges and ""why"" questions",0.39679637426210873,0.22504924672210488,0.17174712754000385,6.637585041170179,installer_tradesperson,how_to_installation_demo,2023-07-05 07:57:02+00:00,2023
lsJmS0bP7eU,0.1567265660216593,0.02994348907502131,0.11140031916728863,0.0,0.048047540368427545,0.11949033426217202,0.0,0.18009257188036681,0.0,0.0,0.0,0.101806690446556,0.20117564363599796,0.0012658618254991212,0.0,0.050050983317011355,1,13,8,"Wall, cavity and floor insulation",0.20117564363599796,0.18009257188036681,0.02108307175563115,7.861380062761447,builder_contractor,how_to_installation_demo,2023-06-22 12:00:39+00:00,2023
lugAsdOG4qo,0.2150980798939327,0.010678706546344705,0.003745911655464726,0.0006549432578035737,0.016771733937649226,0.011496733252269327,0.07923475096461984,0.012730896914156058,0.09923377018380344,0.021105843596403513,0.0055322956444308425,0.04908500162072425,0.27530710073362885,0.00304737465194678,0.0807887581906502,0.11548809895617197,13,13,1,"Wall, cavity and floor insulation",0.27530710073362885,0.2150980798939327,0.06020902083969615,8.115624307588746,installer_tradesperson,how_to_installation_demo,2026-05-31 16:20:28+00:00,2026
lxZwPhCmQ2w,0.126088099820681,0.003356459563152465,0.0413765376304139,0.022803207821845237,0.035622561624356425,0.05153050095677763,0.04120750651201603,0.48332799230669565,0.05830875306220345,0.0179137717566778,0.010271426539643665,0.0046787568919062494,0.0019346042719340373,0.008067147920859908,0.005742653019731366,0.08777002030110513,157,8,1,"Solar PV, batteries and power systems",0.48332799230669565,0.126088099820681,0.3572398924860146,6.402578507895459,training_educational,practical_advice_explainer,2025-11-25 08:56:32+00:00,2025
m6TzqfAQxSg,0.06950587605396481,0.0010289530938644086,0.048694082120814275,0.042381653669133025,0.001956412127523921,0.1912883670187792,0.10134270660546209,0.009581503205930054,0.12837517524789915,0.003953606176019228,0.04367811522187139,0.03134093306749937,0.27140639621575685,0.004798324278831022,0.0,0.05066789589665119,6,13,6,"Wall, cavity and floor insulation",0.27140639621575685,0.1912883670187792,0.08011802919697766,8.499690950025412,diy_renovator_homeowner,how_to_installation_demo,2023-01-10 03:06:43+00:00,2023
mBTIbZcWRLs,0.07450886561241182,0.06486413246800765,0.10205170266482479,0.10072958982012609,0.0015607570788515952,0.09916134921457337,0.02996924747068722,0.021978766024176165,0.06740775615977851,0.0885793553164897,0.007599510489612071,0.05156403352184961,0.23104431451210758,0.011538862863649212,0.009440175972113881,0.03800158081074074,36,13,3,"Wall, cavity and floor insulation",0.23104431451210758,0.10205170266482479,0.12899261184728278,11.112497923112942,diy_renovator_homeowner,how_to_installation_demo,2022-02-26 13:00:18+00:00,2022
mD8KDawFFeI,0.1332751002513371,0.00010147133351592964,0.04258660893955593,0.11322223778104844,0.18127806126270227,0.01604977684655102,0.01660492834140995,0.016564966265194027,0.07815026041921415,0.004838575369576567,0.1010910866945048,0.04055993945113124,0.012333091767218501,0.19218369241800762,0.01213365454714931,0.03902654831188317,13,14,5,Thermostat wiring and smart heating controls,0.19218369241800762,0.18127806126270227,0.010905631155305351,9.978345519830162,installer_tradesperson,practical_advice_explainer,2021-04-12 15:04:18+00:00,2021
mH-oQe3IRlc,0.18706692148965506,0.028847770066198625,0.005192134656345417,0.14360248897607886,0.0,0.05952418418212029,0.16788444634576014,0.019231995704360867,0.0642463337242119,0.04261387438258942,0.005652173788282891,0.17825840737148727,0.0,0.002869717552970363,0.09500955175993889,0.0,2,1,12,Situated household retrofit experience and building context,0.18706692148965506,0.17825840737148727,0.008808514118167798,8.613295490344242,diy_renovator_homeowner,how_to_installation_demo,2025-09-15 08:04:19+00:00,2025
mItjYu5LL9g,0.09685474350697086,0.017898555160168497,0.0,0.0,0.01576511049367854,0.0,0.04591654152500655,0.47264582184102116,0.0346468446408706,0.015462237422137514,0.0,0.0060236467121929736,0.0,0.04880664153176193,0.03214710706402309,0.2138327501021683,1,8,16,"Solar PV, batteries and power systems",0.47264582184102116,0.2138327501021683,0.2588130717388529,5.252583196285523,installer_tradesperson,how_to_installation_demo,2025-02-07 22:59:16+00:00,2025
mMgpop0cEoQ,0.13372837014549818,0.01348044853128017,0.0048884084488069225,0.0,0.0,0.0,0.01767633186438506,0.4245439861917031,0.059695704610902046,0.020618425053064014,0.0014339328005711662,0.2577741447405187,0.0005228587030427342,0.0,0.015158437143433614,0.05047895176679434,4,8,12,"Solar PV, batteries and power systems",0.4245439861917031,0.2577741447405187,0.1667698414511844,5.02033990552146,training_educational,how_to_installation_demo,2023-04-19 13:37:10+00:00,2023
mOSYzf8F0dk,0.08693208223361078,0.03583300331643241,0.13972079794571102,0.061039040408071406,0.004890865579681945,0.11939402735857484,0.015749241261581948,0.04561207176429024,0.02380989621565846,0.08752788578732093,0.0004254215153390703,0.010241598903825514,0.2581811555345744,0.016117061355343194,0.004049740577201326,0.09047611024278254,8,13,3,"Wall, cavity and floor insulation",0.2581811555345744,0.13972079794571102,0.11846035758886336,9.694041226597259,diy_renovator_homeowner,how_to_installation_demo,2022-12-15 16:04:17+00:00,2022
mPr7a1ZVCdI,0.36372096005184434,0.0,0.06884287011850308,0.08286476264490455,0.24881091822073997,0.028872734458587016,0.0010012728720642605,0.01421277058913143,0.10123655316366718,0.0012977370536906474,0.0024364032304654963,0.01399676180758791,0.05734187214307838,0.00376161543154953,0.00408756301295617,0.007515205201229978,3,1,5,Situated household retrofit experience and building context,0.36372096005184434,0.24881091822073997,0.11491004183110437,6.254780983937588,installer_tradesperson,practical_advice_explainer,2024-07-17 16:30:11+00:00,2024
meJ6LV6vq9Q,0.11154175101644957,0.11441643371077596,0.10934771309436084,0.053524742676874126,0.0048478233198286326,0.10940527622155614,0.0809065340833104,0.07740635979416667,0.0467681772967253,0.032419157343539076,0.0031837796684201247,0.004182789314765711,0.12132741499079489,0.012577032337322854,0.06855674190276274,0.04958827322834696,14,13,2,"Wall, cavity and floor insulation",0.12132741499079489,0.11441643371077596,0.006910981280018921,12.18340292307308,training_educational,project_walkthrough,2021-03-15 19:38:36+00:00,2021
mnui6nUOEh0,0.057670477572241335,0.0,0.12285318316150466,0.0,0.04905987935800134,0.028320631050306414,0.0,0.0,0.2669724852909749,0.0,0.12791862075239313,0.0,0.0475669075215205,0.2996378152930577,0.0,0.0,1,14,9,Thermostat wiring and smart heating controls,0.2996378152930577,0.2669724852909749,0.032665330002082826,6.004872964311566,installer_tradesperson,how_to_installation_demo,2024-11-08 21:41:59+00:00,2024
mobbhOH5teg,0.10192074500840168,0.0696909213426651,0.021312028112440776,0.1008792823210164,0.013775463254187173,0.028415619683819098,0.006912401694696023,0.03183684951378788,0.055925673179087254,0.015448271307757742,0.28317146972957113,0.039592807710161236,0.13099331432475567,0.013758142628502957,0.03135112161091849,0.055015888578231364,32,11,13,"Product sourcing, access and location questions",0.28317146972957113,0.13099331432475567,0.15217815540481547,10.384303532236363,builder_contractor,how_to_installation_demo,2024-09-12 07:01:59+00:00,2024
mwGcbzeABK4,0.16471398827632966,0.003539777127011748,0.06536195481297938,0.06945943699841949,0.018884834047680252,0.012681675510902537,0.06495587385599144,0.036106775210151786,0.08563685629018379,0.014442838592399546,0.0362969285769169,0.2528135476481284,0.020148934825931504,0.056679550924694816,0.000931823145270552,0.09734520415700815,24,12,1,Roof and attic ventilation and airflow,0.2528135476481284,0.16471398827632966,0.08809955937179875,10.20377179738801,training_educational,how_to_installation_demo,2024-05-11 22:00:20+00:00,2024
myLOqMCBs_s,0.13647065224330554,0.00217882091099118,0.13623486656729922,0.07589447653591536,0.028844626975394017,0.003615317412088587,0.026676549917367967,0.09583714313308239,0.22862055234800008,0.014796982071454001,0.04859327582343304,0.12438541800821144,0.002785329410159215,0.02457388455751727,0.005756129334948435,0.044735974750832276,11,9,1,Performance checking and troubleshooting,0.22862055234800008,0.13647065224330554,0.09214990010469454,9.76223440587188,diy_renovator_homeowner,practical_advice_explainer,2024-06-08 16:28:50+00:00,2024
n2c5VtzwalY,0.5593702762348415,0.0,0.0,0.0,0.0,0.0,0.07162284065852986,0.0,0.0,0.0,0.0,0.0,0.35001965215627395,0.01898723095035463,0.0,0.0,3,1,13,Situated household retrofit experience and building context,0.5593702762348415,0.35001965215627395,0.20935062407856753,2.602542208095513,installer_tradesperson,how_to_installation_demo,2024-03-31 22:01:29+00:00,2024
nAYzk8ZlJOE,0.0,0.0,0.0,0.0,0.26670486992650083,0.17875825282646857,0.0,0.055109452039237866,0.4623283080463276,0.0,0.007123800843927425,0.0,0.0,0.028188612848939237,0.0,0.0017867034685985145,2,9,5,Performance checking and troubleshooting,0.4623283080463276,0.26670486992650083,0.19562343811982674,3.7576303581672112,installer_tradesperson,how_to_installation_demo,2025-09-13 17:07:46+00:00,2025
nJovwgDRAg8,0.0,0.0,0.000331648777273388,0.0,0.0,0.21757619431731048,0.049867993814721734,0.0,0.6950562387661516,0.016756415129157508,0.0045342908976109386,0.0,0.0,0.0158772182977743,0.0,0.0,1,9,6,Performance checking and troubleshooting,0.6950562387661516,0.21757619431731048,0.4774800444488412,2.4488662426100976,diy_renovator_homeowner,how_to_installation_demo,2024-07-16 09:03:06+00:00,2024
nSnbMsSzdXU,0.105242279318469,0.04785103317111214,0.05477601184965055,0.0841304558907108,0.008141054730219126,0.115361207833285,0.034321461380430546,0.013119957779261955,0.054359641708675244,0.06962201951789776,0.02434327473333089,0.043373103730070195,0.16965634112745243,0.016124672156868,0.07108440551020184,0.08849307956236452,159,13,6,"Wall, cavity and floor insulation",0.16965634112745243,0.115361207833285,0.05429513329416742,12.820741457473192,diy_renovator_homeowner,problem_warning_mistakes,2021-01-21 20:05:58+00:00,2021
nZuoQtkRMkQ,0.040185882804546914,0.0,0.00900109823012575,0.02007565630610287,0.01758036190018451,0.6164802076942257,0.0,0.044809416931152195,0.0,0.0,0.013263342036380011,0.06069930338217197,0.03376247037594566,0.08621325772259644,0.033869913671190396,0.024059088945377505,1,6,14,"Praise, gratitude and social endorsement",0.6164802076942257,0.08621325772259644,0.5302669499716293,4.553353614020084,builder_contractor,how_to_installation_demo,2021-05-03 09:48:36+00:00,2021
naCwjjmPXms,0.1420941778208154,0.015165265033157366,0.0,0.003048034969671895,0.08442266746578934,0.30690314295588955,0.0,0.0,0.0019695215238559865,0.0,0.0013079025046962975,0.25517894715270323,0.08735469447615267,0.006658760602200424,0.09589688549506785,0.0,2,6,12,"Praise, gratitude and social endorsement",0.30690314295588955,0.25517894715270323,0.051724195803186324,5.8724917053977705,diy_renovator_homeowner,how_to_installation_demo,2024-12-19 17:06:21+00:00,2024
nbafBF8vZj0,0.11133581625465107,0.009857795003251468,0.035869191578885615,0.05466405767801977,0.02668772152309371,0.0566333321088302,0.01125052581999105,0.029631529666693412,0.047339912493524754,0.01930634163641742,0.017880519030527082,0.4656946735995187,0.04266047506171948,0.011522095274748914,0.005470084942905203,0.0541959283272222,51,12,1,Roof and attic ventilation and airflow,0.4656946735995187,0.11133581625465107,0.35435885734486766,7.412740936291331,diy_renovator_homeowner,how_to_installation_demo,2025-08-16 14:01:09+00:00,2025
nbuCgjjVngs,0.0449535340529782,0.018592191312652617,0.05621966976762651,0.05718823509361916,0.0009289307474356415,0.08213064758988112,0.022233238676523354,0.005751387678597341,0.03453598532932571,0.04320502136899092,0.021360743324914194,0.26633244283191554,0.044787454137621203,0.006939405451137996,0.23977680106958846,0.05506431156719206,51,12,15,Roof and attic ventilation and airflow,0.26633244283191554,0.23977680106958846,0.02655564176232708,9.274021756340282,builder_contractor,how_to_installation_demo,2020-03-01 16:39:25+00:00,2020
ncUYQHxQNac,0.06283268433185869,0.013307401312040527,0.25879195799202687,0.003375153277329266,0.009854371736351978,0.06362926406278308,0.3019508962171948,0.04787808013031386,0.06614153083767954,0.013953718309484386,0.008575424353832245,0.0,0.05378687293301338,0.009035408879200084,0.04531439232296527,0.04157284330392603,3,7,3,"Alternative methods, challenges and ""why"" questions",0.3019508962171948,0.25879195799202687,0.04315893822516792,8.008364210315545,training_educational,how_to_installation_demo,2023-08-17 09:07:00+00:00,2023
nhLf7fjtpK4,0.2060129495773261,0.019867916039039476,0.38888802287619545,0.00030788787182148687,0.0,0.023189409601818756,0.2094741234174077,0.0,0.0019558142252967376,0.027880695514625492,0.00815587058341024,0.0,0.01729450377969364,0.005350457769290005,0.09159639888793394,2.594985614108821e-05,5,3,7,Clarification and specification questions,0.38888802287619545,0.2094741234174077,0.17941389945878775,5.240577771902126,training_educational,how_to_installation_demo,2023-04-29 22:41:04+00:00,2023
nkISjfyu8ZQ,0.05444544307047089,0.003272336704913038,0.31964665072317566,0.17687787849808453,0.003303191442443994,0.0024314154336256247,0.07540905102241688,0.007261683964942911,0.010175826859175863,0.0,0.18891230350418883,0.0041755760280494025,0.012497854418253263,0.0,0.018214067497062857,0.12337672083319627,4,3,11,Clarification and specification questions,0.31964665072317566,0.18891230350418883,0.13073434721898683,6.570739443863093,installer_tradesperson,how_to_installation_demo,2023-03-11 06:33:13+00:00,2023
nn_5jbwMwRE,0.10796518193835614,0.002587933631332995,0.049754484614774976,0.2552722217952433,0.012198787051574232,0.07130818887584683,0.024325174105237702,0.04311307159064718,0.007672460695426013,0.05844326313451141,0.03095157604681089,0.16333747278903868,0.05250366485909803,0.024038282320501675,0.00986164815212074,0.08666658839947924,8,4,12,"Implementation, cost and how-to questions",0.2552722217952433,0.16333747278903868,0.0919347490062046,10.280979884375155,diy_renovator_homeowner,how_to_installation_demo,2025-01-04 08:10:51+00:00,2025
ntjjZgEXIKs,0.0,0.0,0.0,0.0,0.0,0.0,0.10232985992693482,0.0,0.10283682154771788,0.020923065113345317,0.0,0.0,0.0,0.7739102534120019,0.0,0.0,1,14,9,Thermostat wiring and smart heating controls,0.7739102534120019,0.10283682154771788,0.671073431864284,2.1094778175802085,installer_tradesperson,how_to_installation_demo,2025-10-04 01:33:43+00:00,2025
nvVOu5F7ykw,0.273145525074219,0.09510324920364645,0.022191019556551013,0.04477590096747265,0.01598266360460565,0.048870326865034244,0.09349974378604381,0.07729536279649112,0.05807905192383069,0.006995311615165805,0.026309592966449236,0.06713694638146084,0.11436329383244188,0.027238823648690916,0.004397144857147167,0.024616042920749523,15,1,13,Situated household retrofit experience and building context,0.273145525074219,0.11436329383244188,0.15878223124177715,10.730953604819483,builder_contractor,problem_warning_mistakes,2023-11-13 13:07:16+00:00,2023
nwgwBXt8N0U,0.1471157153897724,0.007933705222506167,0.07672700171446396,0.1225564685377791,0.00020940242704384644,0.16689399277208145,0.004961673945461876,0.0,0.04834281578633077,0.11251002213756013,0.04774249276146864,0.14625551082330532,0.03101063747842376,0.009700703813827288,0.01005146221831962,0.0679883949716557,7,6,1,"Praise, gratitude and social endorsement",0.16689399277208145,0.1471157153897724,0.019778277382309056,9.992567508795183,training_educational,how_to_installation_demo,2023-12-03 18:10:29+00:00,2023
nzPfNhrlEYs,0.12283458532264194,0.0068012994629159315,0.09236411921085554,0.03269030586074391,0.019887769481419394,0.07301965881885629,0.034419867997388276,0.16806147000530117,0.09247614439048366,0.06396616280302668,0.08042449304512318,0.007177041920770797,0.008016169880683918,0.06113460155718108,0.014413896847487147,0.12231241339512111,23,8,1,"Solar PV, batteries and power systems",0.16806147000530117,0.12283458532264194,0.04522688468265923,11.820931330101809,installer_tradesperson,how_to_installation_demo,2025-09-19 15:53:00+00:00,2025
o2Y9elh24wc,0.17945920140215216,0.0031551373306397037,0.048068345725841795,0.025023371240084278,0.03243750754688385,0.39489549726972734,0.03026320345850182,0.023753135628329695,0.033773992332656703,0.05579680793962399,0.010248554165647314,0.01925036795243514,0.008925946869573908,0.04925660306450712,0.008046383283104403,0.07764594479029083,124,6,1,"Praise, gratitude and social endorsement",0.39489549726972734,0.17945920140215216,0.21543629586757518,7.873788639021482,diy_renovator_homeowner,how_to_installation_demo,2022-04-02 08:00:12+00:00,2022
o3PA-1KCJAw,0.11926172831930766,0.0024327324539760243,0.19894982059298782,0.07888596644463845,0.018913519595374746,0.056079464093074016,0.023933908619728456,0.029293447393237138,0.13234999456722704,0.06561700003193167,0.0029849998796947037,0.07033571783761203,0.11560656185552473,0.007143224658080746,0.029984577908650334,0.048227335748954415,20,3,9,Clarification and specification questions,0.19894982059298782,0.13234999456722704,0.06659982602576078,11.086741170787606,installer_tradesperson,how_to_installation_demo,2022-12-18 22:30:33+00:00,2022
o93IFuUkPhs,0.1366058106747029,0.029786315270611534,0.03489372654471877,0.0677362618577062,0.0593114999544071,0.0811071865598923,0.0329733475087096,0.06725641733718714,0.11985453426280307,0.09167670896878283,0.0374313808199846,0.05278527149495,0.09456279589583722,0.02789685683844588,0.03729051572944793,0.028831370281812936,36,1,9,Situated household retrofit experience and building context,0.1366058106747029,0.11985453426280307,0.01675127641189983,14.023197887348822,diy_renovator_homeowner,how_to_installation_demo,2024-01-22 15:38:21+00:00,2024
oDilQfCCqTU,0.08148790132536486,0.03562017552774226,0.054446085394306176,0.01824786444279883,0.011102298799770871,0.09215300446660615,0.021753901307792867,0.015172834665736901,0.03188344581531718,0.07783582003753972,0.010847891044776537,0.2919677348913338,0.1410814433660421,0.016137030105586717,0.06286066642887557,0.03740190238040945,66,12,13,Roof and attic ventilation and airflow,0.2919677348913338,0.1410814433660421,0.15088629152529173,10.256996180867736,diy_renovator_homeowner,problem_warning_mistakes,2023-09-17 13:00:38+00:00,2023
oFYf95C3Yco,0.04982131246864695,0.00217330874522614,0.0763700973613399,0.05149230738274786,0.008351523520965486,0.0818753094190929,0.025087967185172793,0.02186575106089577,0.05003044731395471,0.002166099196255501,0.041516034169709684,0.207477078885761,0.07758405300188512,0.00657126481510093,0.2231175564129694,0.07449988906027585,20,15,12,Vapour barriers and moisture control,0.2231175564129694,0.207477078885761,0.015640477527208402,10.113746909818785,installer_tradesperson,how_to_installation_demo,2026-02-01 16:45:00+00:00,2026
oMDOGjG-9ko,0.05398006463459172,0.12045985567175793,0.32851783497818754,0.04627124117908874,0.0044943471321375805,0.0,0.0,0.06399795896377128,0.0,0.13861499036308988,0.0,0.2290591996122018,0.01460450746517359,0.0,0.0,0.0,2,3,12,Clarification and specification questions,0.32851783497818754,0.2290591996122018,0.09945863536598573,6.01256376267207,diy_renovator_homeowner,how_to_installation_demo,2025-05-06 02:00:52+00:00,2025
oVXfu20KqyQ,0.04369321308219228,0.0,0.006974215621694851,0.0,0.0,0.006582093980497716,0.018237022178827608,0.15832179610083089,0.14404399485705802,0.012906908519486011,0.007955177082254015,0.0,0.007798989930779483,0.5270804990117574,0.0010088548160608853,0.0653972348185609,3,14,8,Thermostat wiring and smart heating controls,0.5270804990117574,0.15832179610083089,0.3687587029109265,4.49844520154977,installer_tradesperson,how_to_installation_demo,2025-07-24 01:16:52+00:00,2025
odMXRDd2nQg,0.1545898224979017,0.004616495957292505,0.08407264822576158,0.03945991731979447,0.2421068093686917,0.0826997454833593,0.041251731376883205,0.03639998557099591,0.07808132894931753,0.030214006333878843,0.012394041316485952,0.025405530112128597,0.016192246646317045,0.034622541150644996,0.01223267210770846,0.10566047758283822,30,5,1,Heat pumps and heating systems,0.2421068093686917,0.1545898224979017,0.08751698687078999,10.782541724271168,installer_tradesperson,practical_advice_explainer,2022-09-29 17:00:15+00:00,2022
oorwjXJkGJE,0.0939637485876579,0.06971744403246277,0.02464330439945712,0.0703843016922525,0.03508261881216654,0.053434039032445424,0.05152651603749729,0.022020189517451695,0.028742655568705557,0.041235952920406715,0.017143230754024866,0.3528144282422386,0.057685504885273534,0.003948590181945743,0.046651726855770015,0.03100574848024375,16,12,1,Roof and attic ventilation and airflow,0.3528144282422386,0.0939637485876579,0.2588506796545807,10.021153728820034,builder_contractor,how_to_installation_demo,2023-07-17 02:59:23+00:00,2023
orT8ejQ5tSw,0.02397214673605403,0.004454215289564342,0.0035007463086196883,0.08743194681794353,0.0,0.2322796878847942,0.0,0.007275427690518506,0.0,0.002614798599794574,0.0030271457233938016,0.11116875187831045,0.10978582869450063,0.013948946308548243,0.06943527032317667,0.3311050877447813,4,16,6,"Prospective choices, recommendations and alternatives",0.3311050877447813,0.2322796878847942,0.09882539985998712,6.3722179909518575,diy_renovator_homeowner,how_to_installation_demo,2022-05-04 10:06:00+00:00,2022
oveM5HTvmWg,0.16823938472941816,0.0,0.17084906286732335,0.0,0.0,0.0707954700431602,0.018799551382671965,0.0,0.027819443199164212,0.0036365608794786644,0.0003030521870764027,0.10386991523388119,0.3000502424579145,0.0,0.06484669262385889,0.07079062439605247,3,13,3,"Wall, cavity and floor insulation",0.3000502424579145,0.17084906286732335,0.12920117959059116,7.012811134227248,diy_renovator_homeowner,problem_warning_mistakes,2025-09-08 19:00:46+00:00,2025
p0aZvjY3-Ak,0.22881388030827202,0.012795250442325634,0.04799858962831034,0.12483576142947181,0.1437646463216293,0.027892971232723687,0.08569502362977288,0.11363264476974187,0.03826883482601814,0.008318955939282996,0.001789128269299115,0.048679803355625946,0.032403629280713844,0.03392497437713718,0.022091844530324246,0.029094061659351036,22,1,5,Situated household retrofit experience and building context,0.22881388030827202,0.1437646463216293,0.08504923398664271,10.711548932718253,training_educational,how_to_installation_demo,2021-07-24 22:00:30+00:00,2021
p0b6zldcoaw,0.6975900852755971,0.0,0.0,0.0,0.0,0.043248494768859426,0.0,0.0,0.0,0.0,0.0,0.0,0.020833109483939693,0.0,0.0,0.23832831047160383,1,1,16,Situated household retrofit experience and building context,0.6975900852755971,0.23832831047160383,0.4592617748039932,2.246763399523153,training_educational,how_to_installation_demo,2026-02-12 23:00:58+00:00,2026
p2A-JY83iQ8,0.07502133423242481,0.008160381448915382,0.09130628979897513,0.05473087067856428,0.016037871042082225,0.1038976090359435,0.022060081947939885,0.013014759577998523,0.05971264267524369,0.028336924225562672,0.015332065034044542,0.07538758879075882,0.3132714205208538,0.018681554910642984,0.040991013582245356,0.06405759249780432,53,13,6,"Wall, cavity and floor insulation",0.3132714205208538,0.1038976090359435,0.20937381148491033,10.241250014012275,builder_contractor,how_to_installation_demo,2023-09-24 08:50:53+00:00,2023
p7-if24CnLY,0.11051386678349154,0.0008838941925376161,0.1975727482797909,0.0006376759705601483,0.009931435728724423,7.304351957380085e-05,0.07207424700777981,0.007976331046809865,0.05731003201231296,0.032632007092095044,0.0,0.47483351695395104,0.0,0.008116625271864304,0.0,0.02744457614050852,9,12,3,Roof and attic ventilation and airflow,0.47483351695395104,0.1975727482797909,0.27726076867416016,5.034253978105678,installer_tradesperson,problem_warning_mistakes,2025-06-11 21:53:30+00:00,2025
p72U0vNW44I,0.12722276867499377,0.0,0.0242626282869216,0.07149729270605222,0.03473930755617691,0.18701623585286278,0.10278526998371425,0.02169559601744677,0.12468851031178231,0.04201910849991982,0.012821771547730548,0.011422386121410784,0.0029027738960811815,0.19141172988458677,0.004099743410911618,0.041414877249408656,34,14,6,Thermostat wiring and smart heating controls,0.19141172988458677,0.18701623585286278,0.004395494031723984,9.736933536848758,installer_tradesperson,how_to_installation_demo,2020-04-09 14:20:37+00:00,2020
p9eMPlFuwNk,0.08880530970949284,0.00020954629093841376,0.03797059003485534,0.056579929168605304,0.4776445168599226,0.043222346335562704,0.06548282590808058,0.07049318732930204,0.04100862676668114,0.002607052462299376,0.0015053918092219946,0.009264605699428647,0.02795277999682672,0.028257549025361695,0.0025229015838142094,0.04647284101960641,11,5,1,Heat pumps and heating systems,0.4776445168599226,0.08880530970949284,0.38883920715042974,6.792422049164816,installer_tradesperson,practical_advice_explainer,2022-11-15 12:09:22+00:00,2022
pIsns-42pLA,0.07616700014858284,0.0003373859319801564,0.030294744674788276,0.1361981107856434,0.0014198808226907433,0.08173882027882706,0.021419613887562604,0.01580410488553325,0.06602894147222885,0.0016767265503082585,0.0032866570533833933,0.023528551816181027,0.25338028524061434,0.0036498719464269198,0.15400137823399043,0.13106792627125843,5,13,15,"Wall, cavity and floor insulation",0.25338028524061434,0.15400137823399043,0.09937890700662391,8.654781090584702,builder_contractor,problem_warning_mistakes,2026-04-24 00:52:24+00:00,2026
pKhZwllc-mM,0.25674569311385853,0.0017527486873043716,0.003135123096007763,0.10807891695064438,0.003849234633120068,0.28237706572554155,0.01416082433003105,0.040941351220451574,0.013220180898314945,0.19805041397323225,0.006273236707155528,0.004515709331382757,0.005014354596565455,0.0,0.003325458519232216,0.0585596882171576,5,6,1,"Praise, gratitude and social endorsement",0.28237706572554155,0.25674569311385853,0.025631372611683023,6.259661994852339,installer_tradesperson,practical_advice_explainer,2022-11-03 15:14:58+00:00,2022
pQHYz6Xt44c,0.16159751616399462,0.002897922496830807,0.07641498779260593,0.08540782206846881,0.05138183340760496,0.14805214814617587,0.05215586420988802,0.03168140649262258,0.083307398529975,0.02283805117722925,0.003601427680123841,0.08109865171180149,0.008108867941198084,0.09576424319034949,0.019152267571596802,0.07653959141953441,37,1,6,Situated household retrofit experience and building context,0.16159751616399462,0.14805214814617587,0.013545368017818749,11.82643812036022,training_educational,how_to_installation_demo,2023-12-13 16:30:02+00:00,2023
pTN9q3AC0rc,0.15594582985243047,0.006353312528496701,0.04153349238488018,0.018540557929012873,0.1543864872272698,0.05006523368869806,0.034115596677830845,0.08385833430534076,0.10202736880384776,0.030715915587849394,0.06529103028074154,0.08644577872006741,0.009352227570884762,0.04339973158120903,0.01795426174529503,0.10001484111614538,26,1,5,Situated household retrofit experience and building context,0.15594582985243047,0.1543864872272698,0.0015593426251606646,12.199838344183004,installer_tradesperson,project_walkthrough,2025-12-21 08:01:04+00:00,2025
pVh-vUFNWLA,0.07336450366892877,0.007048617571228492,0.2997345131886316,0.004619013990394231,0.0,0.0007556820429702322,0.07424328447694523,0.025772423588395706,0.05302142885587026,0.004922745560491193,0.004790817437634949,0.0,0.4400638727626158,0.0,0.01062671598520966,0.0010363808706838297,2,13,3,"Wall, cavity and floor insulation",0.4400638727626158,0.2997345131886316,0.14032935957398424,4.615604570441248,builder_contractor,how_to_installation_demo,2025-02-02 22:09:23+00:00,2025
pWicJ2PYQF8,0.07408280552075622,0.001659471284637388,0.049174235834848035,0.07669693286355017,0.009788055986061597,0.10556815110459242,0.030105370834256795,0.37127065601543074,0.055387782234568486,0.07726901446785903,0.009730304178383397,0.030488470097491466,0.01009441943211091,0.02809488529251051,0.005740389025057245,0.06484905582788558,166,8,6,"Solar PV, batteries and power systems",0.37127065601543074,0.10556815110459242,0.26570250491083836,8.739519371028113,diy_renovator_homeowner,project_walkthrough,2023-08-05 21:56:31+00:00,2023
pZ7OsK557pQ,0.2163455770718784,0.011593770534449826,0.0014072430281703513,0.0,0.07627099485295463,0.07236244530836136,0.0,0.0,0.39358352988928524,0.015425987734402263,0.0,0.0,0.020275803370099897,0.027407506998854546,0.021834970918946983,0.1434921702925966,1,9,1,Performance checking and troubleshooting,0.39358352988928524,0.2163455770718784,0.17723795281740684,5.751683791989973,installer_tradesperson,how_to_installation_demo,2022-10-06 17:53:25+00:00,2022
pZfC79g522I,0.07725127787094946,0.01927735661478902,0.005522254318873451,0.21154548615534532,0.014222258147553951,0.04647752595358169,0.12398899126443999,0.025802730799438227,0.008725990745610345,0.008396791709827173,0.0,0.0,0.007603878230777449,0.3327686549017852,0.055166301271753516,0.06325050201527516,5,14,4,Thermostat wiring and smart heating controls,0.3327686549017852,0.21154548615534532,0.12122316874643987,7.439282258003302,installer_tradesperson,how_to_installation_demo,2022-06-22 14:02:59+00:00,2022
pbEzVkMpljo,0.0033985104809312223,0.0,0.1786875117537424,0.0,0.0,0.3829750592272962,0.0,0.0,0.0,0.3437875730076852,0.0,0.06723414343746593,0.00275754354987513,0.0,0.0,0.02115965854300381,1,6,10,"Praise, gratitude and social endorsement",0.3829750592272962,0.3437875730076852,0.03918748621961099,3.8229610687427966,diy_renovator_homeowner,how_to_installation_demo,2025-10-18 12:06:52+00:00,2025
pd926OwKAiA,0.03459620975448884,0.001377638115278907,0.03723342330023589,0.02890228092222722,0.03499203039319062,0.15550932620724736,0.021864170973177773,0.003003944920955646,0.017946584307027585,0.00382806107771128,0.013154924303136202,0.022040177406345677,0.005504515972113779,0.589698376087732,0.004382026323647664,0.025966309935483524,25,14,6,Thermostat wiring and smart heating controls,0.589698376087732,0.15550932620724736,0.4341890498804847,4.717819034593764,installer_tradesperson,how_to_installation_demo,2023-03-11 22:45:02+00:00,2023
peGZpxePEs4,0.08838655833903361,0.0627081396056195,0.11211672911798395,0.04438057766328214,0.020778346655431063,0.04691165309426456,0.021328254466087458,0.015369586081790749,0.03574383686929917,0.054961679439476385,0.0030589542056453757,0.2582040984665046,0.09329683483860422,0.0032126589739249036,0.04645507311044466,0.09308701907260762,13,12,3,Roof and attic ventilation and airflow,0.2582040984665046,0.11211672911798395,0.14608736934852065,10.925490474411104,diy_renovator_homeowner,how_to_installation_demo,2023-10-11 00:38:50+00:00,2023
peqIxSuD-Jo,0.08198208459755031,0.002423288725665061,0.039358757896190796,0.13020354638981588,0.03250316615753883,0.12624205330675667,0.04686422691273088,0.024533993918455822,0.08748685267562893,0.005095409575640468,0.03355142140967226,0.004569340341959973,0.016030969998301954,0.2775695949399629,0.011542542046653084,0.0800427511074761,35,14,4,Thermostat wiring and smart heating controls,0.2775695949399629,0.13020354638981588,0.14736604855014704,9.71475202397096,installer_tradesperson,how_to_installation_demo,2019-12-04 09:08:03+00:00,2019
pgyn8HeSBC8,0.18915045626371332,0.004949323284586173,0.11748411843164666,0.03626679676486928,0.05848511222789936,0.03426388469933901,0.04874949921512196,0.07124144532265043,0.06627737453331592,0.07132031790707927,0.03724081588567505,0.08178303762624248,0.07171690619637791,0.07878752669109787,0.022715760224428987,0.00956762472595633,5,1,3,Situated household retrofit experience and building context,0.18915045626371332,0.11748411843164666,0.07166633783206666,12.74775620706093,installer_tradesperson,how_to_installation_demo,2026-02-25 06:41:22+00:00,2026
piqCIDw9zoE,0.29297031591037054,0.03344657836697959,0.09148873838018806,0.013629615270512171,0.016359611345283437,0.12798937701384566,0.0261256870556389,0.056460275296423015,0.04187172455565975,0.01460890080982638,0.03398736553962782,0.11540009503499611,0.0336349059411582,0.018553028163261785,0.07369755911319535,0.009776222203033225,10,1,6,Situated household retrofit experience and building context,0.29297031591037054,0.12798937701384566,0.16498093889652488,10.20426080533393,diy_renovator_homeowner,problem_warning_mistakes,2022-11-23 17:00:29+00:00,2022
ppKgtY7BchA,0.21630562506793732,0.001333090785203776,0.11553751707580127,0.08860109226993605,0.11075655773290445,0.01889055017354747,0.03738716805066518,0.07338447238238512,0.06965238935586868,0.033873536516016774,0.016123383838895014,0.030067492842076007,0.008795206189357278,0.024308840537622774,0.009480232789935632,0.14550284439184719,46,1,16,Situated household retrofit experience and building context,0.21630562506793732,0.14550284439184719,0.07080278067609014,10.65571479898404,training_educational,how_to_installation_demo,2020-10-09 22:00:17+00:00,2020
pqQQi44RRME,0.03033558168380522,0.0,0.0,0.0051416688022051515,0.008610071879023521,0.0,0.9299787738676573,0.0,0.01859049852932601,0.0,0.0,0.0,0.007343405237982775,0.0,0.0,0.0,1,7,1,"Alternative methods, challenges and ""why"" questions",0.9299787738676573,0.03033558168380522,0.899643192183852,1.4215596015639678,installer_tradesperson,how_to_installation_demo,2025-10-18 14:26:49+00:00,2025
psqjhMhcPpE,0.36374357434686616,0.029404389378763933,0.013458712828808665,0.0033433879194451036,0.03550324478339738,0.009446315062278833,0.10341907376110283,0.057289833104348396,0.06369533319280228,0.029879624822473812,0.033485686374909736,0.028182488447403217,0.007792212487457888,0.058795811431627404,0.09092180600854555,0.07163850604976879,9,1,7,Situated household retrofit experience and building context,0.36374357434686616,0.10341907376110283,0.26032450058576334,9.166340981741177,installer_tradesperson,how_to_installation_demo,2025-04-19 09:39:57+00:00,2025
pvP7IWKHpVA,0.09746991953668128,0.029502638824057615,0.08756977363356931,0.034359593253672605,0.002597270104950979,0.009943478643792494,0.038917832340370814,0.005690302460487204,0.04816651454398509,0.05024724155376743,0.030368337582029482,0.04854360308513328,0.125685860758874,0.015024875343787726,0.34826655750403285,0.027646200830807852,45,15,13,Vapour barriers and moisture control,0.34826655750403285,0.125685860758874,0.22258069674515885,9.176657945321937,diy_renovator_homeowner,how_to_installation_demo,2024-10-25 21:55:00+00:00,2024
pvUA6iFJKy8,0.11364720183982736,0.0629051883448459,0.05261384157857597,0.021032604721862032,0.009677929286814522,0.06465015935622195,0.056287517305820475,0.020335540380795276,0.056965255198073744,0.01580365004066927,0.024995492738872284,0.05990077126161142,0.15997290370405784,0.019086739449359406,0.1717001800260685,0.09042502476652406,60,15,13,Vapour barriers and moisture control,0.1717001800260685,0.15997290370405784,0.011727276322010649,12.16574796353151,diy_renovator_homeowner,how_to_installation_demo,2025-03-08 15:01:06+00:00,2025
q3aaaDtihEI,0.055197555953167145,0.0032273122207826417,0.09770987966863626,0.14352571402601555,0.0036900887673756333,0.0816631684469602,0.12063013347416662,0.021047957922156038,0.024514499444682484,0.011034306054797627,0.004514302354596563,0.009433033566539569,0.21138157454291626,0.010617850304593947,0.018599724032059003,0.1832128992205545,6,13,16,"Wall, cavity and floor insulation",0.21138157454291626,0.1832128992205545,0.028168675322361753,9.177472482582752,installer_tradesperson,how_to_installation_demo,2025-05-05 18:00:02+00:00,2025
q6Fi8vOlimI,0.17170933731020618,0.0280427159597378,0.012619635341312958,0.2788325330241313,0.0015450331154289304,0.001016841607984092,0.22984678920339788,0.018484994922886126,0.031556254388510674,0.12985532698707117,0.005394979569904172,0.0,0.0006515376946507656,0.0017131213227713556,0.057105767629815736,0.031625131922190824,4,4,7,"Implementation, cost and how-to questions",0.2788325330241313,0.22984678920339788,0.048985743820733424,6.913682791019016,builder_contractor,practical_advice_explainer,2023-04-10 23:54:43+00:00,2023
q6q_70hEl2g,0.18740570900777045,0.014032692434148484,0.10192980182297044,0.09423785023556092,0.008325488676122506,0.18228357871576353,0.05301946681667661,0.012907904835856743,0.07401439927486012,0.029262507345129758,0.03094650006722621,0.058583850185196816,0.028757763404640015,0.021138435229263428,0.022945913374557775,0.08020813857425617,103,1,6,Situated household retrofit experience and building context,0.18740570900777045,0.18228357871576353,0.005122130292006921,11.39767882479016,builder_contractor,problem_warning_mistakes,2021-07-17 21:00:16+00:00,2021
q7aV7ZxiHGE,0.1003289395335091,0.011093216073542671,0.05550773548184843,0.017244093219776,0.0021298011312912645,0.014199009550701459,0.11399218126484272,0.04740320476721799,0.05290240196719209,0.07515097206840059,0.025997704750625135,0.005491115049487148,0.2500745216885045,0.002340788318095339,0.2210698539375861,0.005074461197379496,14,13,15,"Wall, cavity and floor insulation",0.2500745216885045,0.2210698539375861,0.029004667750918423,8.770890985955447,builder_contractor,how_to_installation_demo,2024-04-11 20:41:50+00:00,2024
q8qxuq5lHpY,0.05498365216340178,0.0036204689386052312,0.031552430920877776,0.024773226169649762,0.015588312741116588,0.2120036685411299,0.05975359260942315,0.028279836453791066,0.07072390498727524,0.04658692382483937,0.022474167885966918,0.013860430106105522,0.01440609031725562,0.29886339212149726,0.015859445143192933,0.08667045707587186,33,14,6,Thermostat wiring and smart heating controls,0.29886339212149726,0.2120036685411299,0.08685972358036737,9.188415659543283,training_educational,project_walkthrough,2022-11-01 18:15:02+00:00,2022
qA0SSLfprZ4,0.2695021879661814,0.007466106105652535,0.09665642496869442,0.005504958959455911,0.0,0.22215072142335196,0.19911155077795348,0.0,0.0436223275148907,0.015222456115449074,0.0,0.041165973673676894,0.08880116950376858,0.0024056615255176423,0.008390461465407343,0.0,2,1,6,Situated household retrofit experience and building context,0.2695021879661814,0.22215072142335196,0.04735146654282946,6.694343706145139,builder_contractor,how_to_installation_demo,2022-07-05 22:58:38+00:00,2022
qHaRE8a76v4,0.08621206040179977,0.0,0.09852893626903884,0.05943861923138913,0.028502919656580267,0.2772895906504228,0.004304531161992801,0.02097377577789891,0.016990178365085613,0.11478094334998598,0.005444178035711022,0.1181358530038968,0.02445363323855244,0.022793325178631255,0.00780732279481469,0.11434413288419959,9,6,12,"Praise, gratitude and social endorsement",0.2772895906504228,0.1181358530038968,0.15915373764652602,9.30175500593578,installer_tradesperson,how_to_installation_demo,2025-06-21 21:09:12+00:00,2025
qKdgE_kjcuE,0.09599435059697291,0.0014740261334803186,0.07197995733961866,0.04140444020607618,0.019249245551368498,0.12159417896472702,0.10361365543877896,0.28254786175660224,0.060486727311816875,0.042678997485809576,0.05536912417071549,0.009798006666490932,0.004117039185794366,0.04150003194755145,0.0062697361198304,0.04192262112436622,29,8,6,"Solar PV, batteries and power systems",0.28254786175660224,0.12159417896472702,0.16095368279187522,10.06809430875969,installer_tradesperson,how_to_installation_demo,2025-03-08 09:01:05+00:00,2025
qNQafR_5ALk,0.30749618121642963,0.014821931710773997,0.037641633110765585,0.03897878491867014,0.0210097751278027,0.04966596155585806,0.01129009890087816,0.020009772408636526,0.09373577382254006,0.11051275687445372,0.01327931031978179,0.04651181590250522,0.03322162871581082,0.009177459516393866,0.03742329622445445,0.15522381967424526,160,1,16,Situated household retrofit experience and building context,0.30749618121642963,0.15522381967424526,0.15227236154218438,9.658362740818875,builder_contractor,problem_warning_mistakes,2024-06-29 23:24:02+00:00,2024
qUYVsrJs3IU,0.06339027620442045,0.14815410698214332,6.928209784994889e-05,0.0,0.014946154481940154,0.07864377198123923,0.013330568381784057,0.0009440761414800042,0.015200200290119157,0.0027995625085689875,3.904015551385402e-05,0.5124178494678439,0.0,0.00168391277152524,0.04658116753551892,0.10180003100005278,4,12,2,Roof and attic ventilation and airflow,0.5124178494678439,0.14815410698214332,0.36426374248570054,4.926555250805855,training_educational,how_to_installation_demo,2026-03-23 22:00:57+00:00,2026
qcJo0m8Ww0g,0.2247469863588979,0.058103271121295035,0.0028708679347322673,0.030357101447085956,0.016672739871185373,0.23422711154376136,0.0,0.0841045947374876,0.0005238167754331247,0.03257419412997967,0.17822494519110033,0.019171976479086302,0.023155594245577272,0.0013687510771551253,0.0019198248417791487,0.09197822424544358,8,6,1,"Praise, gratitude and social endorsement",0.23422711154376136,0.2247469863588979,0.009480125184863464,7.89773871908993,training_educational,how_to_installation_demo,2022-10-18 20:40:14+00:00,2022
qc_65EdzH-A,0.17559221277059106,0.0012330125443054216,0.0957551949704188,0.08466160200346354,0.08248552709828255,0.12080702736689375,0.08459066096749797,0.03952639991723584,0.06646392956214582,0.040614466751090095,0.020525253659552857,0.053173784980018825,0.012684000900753228,0.03553244354030092,0.015008455966488834,0.0713460270009605,23,1,6,Situated household retrofit experience and building context,0.17559221277059106,0.12080702736689375,0.05478518540369731,12.386809925739112,builder_contractor,how_to_installation_demo,2025-06-18 21:50:17+00:00,2025
qerRdv86cl8,0.48912105123014005,0.0,0.012937262512704582,0.0,0.24485257750096076,0.020364191881496154,0.0,0.0,0.0,0.009182300143373796,0.04150618293848818,0.0,0.0,0.013718515616852386,0.16831791817598393,0.0,1,1,5,Situated household retrofit experience and building context,0.48912105123014005,0.24485257750096076,0.2442684737291793,3.9109167434674683,installer_tradesperson,how_to_installation_demo,2023-05-02 22:27:54+00:00,2023
qgv50bsmhus,0.3049198829780679,0.012222394180120827,0.01727728474425693,0.10733050942652728,0.10402055629367063,0.029564812615906697,0.016129716112029395,0.0528662078546875,0.04197388406427773,0.03981702886254413,0.04980629500077568,0.04425576755254344,0.020883478062617797,0.04781592244032204,0.019183733204819878,0.09193252660683222,30,1,4,Situated household retrofit experience and building context,0.3049198829780679,0.10733050942652728,0.1975893735515406,10.563600987166604,installer_tradesperson,how_to_installation_demo,2024-10-29 12:34:45+00:00,2024
qhV7ko02LWg,0.19157649625794396,0.0,0.14237483036541201,0.0,0.1322496757875972,0.0285191649464527,0.0,0.13254021534347277,0.0002861951554740335,0.0,0.2729760323897698,0.04168617597639261,0.0022406837042980277,0.05289664130514164,0.0,0.0026538887680452477,4,11,1,"Product sourcing, access and location questions",0.2729760323897698,0.19157649625794396,0.08139953613182585,6.719852857675525,training_educational,how_to_installation_demo,2022-11-27 20:00:03+00:00,2022
qhWHoDqH2TA,0.12980441007087978,0.05044331718486929,0.053327743411284025,0.05266774241372039,0.011519189779184692,0.06228810468770497,0.04684950268396735,0.03574223553035999,0.04793848374788233,0.0386868803953784,0.016844551094839733,0.2584483323017502,0.10770385006328138,0.01048879764505143,0.021137350063085664,0.05610950892676038,98,12,1,Roof and attic ventilation and airflow,0.2584483323017502,0.12980441007087978,0.1286439222308704,11.412798199236006,installer_tradesperson,practical_advice_explainer,2025-02-24 17:00:20+00:00,2025
qmWRN3Ob1Po,0.14526051819816896,0.0015751311006147566,0.08069809334744325,0.09774735405877612,0.1667879596474203,0.06515272011709057,0.03913352728573586,0.10719508024068272,0.06049125113974538,0.029091202519406247,0.03861974116926086,0.029560555980817093,0.03497732291567507,0.01718889379632415,0.011498680765473996,0.07502196771736469,98,5,1,Heat pumps and heating systems,0.1667879596474203,0.14526051819816896,0.02152744144925134,12.168132341407766,training_educational,how_to_installation_demo,2022-01-05 19:00:17+00:00,2022
qnfrtkLy12A,0.1684701068309845,0.0010948660511638623,0.12041157470313996,0.002087567824187864,0.005442430979011027,0.1352167881730214,0.035251100029968674,0.05163158886877745,0.025427792321763627,0.015439524123749953,0.12149447224622142,0.011330587147771739,0.08038330053642134,0.11850757936231791,0.01761800218482631,0.09019271861667293,9,1,6,Situated household retrofit experience and building context,0.1684701068309845,0.1352167881730214,0.033253318657963105,10.520344617037635,installer_tradesperson,how_to_installation_demo,2024-08-23 18:40:05+00:00,2024
qpsRcysd-3Y,0.04187960798076754,0.0,0.006202266109847268,0.012435244494285565,0.4430290915022074,0.016897929454394556,0.0,0.4282397289315536,0.010015981854030508,0.006460474813402388,0.00817726607505768,0.0,0.004006484603940659,0.0,0.009253345032512482,0.013402579148000353,2,5,8,Heat pumps and heating systems,0.4430290915022074,0.4282397289315536,0.014789362570653775,3.5008385925758034,installer_tradesperson,how_to_installation_demo,2024-05-31 07:14:30+00:00,2024
qxtbHYf0OT0,0.09236676151902005,0.0037594036102482483,0.09835254684351105,0.06628529758719286,0.19803193574903669,0.15267142816743628,0.07712449189119587,0.04372304150529382,0.04704549418702814,0.03123476072095937,0.010490246454138527,0.021521046565074926,0.02931127498593633,0.018002959068610647,0.006994947593122997,0.1030843635521942,102,5,6,Heat pumps and heating systems,0.19803193574903669,0.15267142816743628,0.0453605075816004,11.226656109053069,installer_tradesperson,how_to_installation_demo,2023-08-06 11:47:24+00:00,2023
qyZm66j8QU4,0.29095873747284556,0.013615211216176527,0.038125777893895034,0.0526368866598675,0.01222930914168943,0.0314498402309265,0.05659473912304202,0.02047060736495235,0.046669005204481535,0.024598796620883174,0.04570857661100377,0.05145093498303522,0.20437360661896767,0.010797654891368077,0.04524801116882637,0.055072304798039255,279,1,13,Situated household retrofit experience and building context,0.29095873747284556,0.20437360661896767,0.0865851308538779,10.004371503667576,diy_renovator_homeowner,how_to_installation_demo,2024-01-27 18:21:39+00:00,2024
qylSbf0Szms,0.1801609379331101,0.0063104207339076705,0.0049126792412421865,0.1184544292622518,0.03223675811360872,0.12840542957220494,0.07433459827464209,0.03873348927378915,0.145598014132657,0.02759546605203237,0.0047281470305723175,0.07911098057272811,0.011196263123151237,0.0002458025181620464,0.014416316708353335,0.13356026745758692,7,1,9,Situated household retrofit experience and building context,0.1801609379331101,0.145598014132657,0.034562923800453116,9.983573973021562,training_educational,how_to_installation_demo,2025-06-13 22:00:55+00:00,2025
r2uLnkDmRfk,0.10801564893949771,0.0019794389471478745,0.03923560404429854,0.003040727363511681,0.28133276402778773,0.13896222686923362,0.02590162926254347,0.03257722107961477,0.05823513249159656,0.006234946393079024,0.025432983596536615,0.04621524646587504,0.11388280263549885,0.02073185298130718,0.012826238508744047,0.08539553639372728,11,5,6,Heat pumps and heating systems,0.28133276402778773,0.13896222686923362,0.1423705371585541,9.59338098694079,installer_tradesperson,how_to_installation_demo,2024-04-26 09:00:45+00:00,2024
r7uUfB6ZA_w,0.005738427722538268,0.646899407704582,0.0,0.0007219959189736895,0.0,0.0,0.04738007971901298,0.0,0.06648221134300057,0.009229851234830768,0.0,0.22354802635706172,0.0,0.0,0.0,0.0,1,2,12,Spray foam and foam insulation,0.646899407704582,0.22354802635706172,0.42335138134752026,2.7716989590810797,builder_contractor,how_to_installation_demo,2023-06-29 22:38:58+00:00,2023
rB7N6rU2WtM,0.06975255212679662,0.0,0.0,0.023538025070411816,0.0,0.0,0.07525885126640407,0.0,0.11115081182703612,0.027719751978606655,0.0,0.004080295038219758,0.0,0.2613897497809379,0.0,0.4271099629115871,1,16,14,"Prospective choices, recommendations and alternatives",0.4271099629115871,0.2613897497809379,0.16572021313064922,4.7056115455126575,installer_tradesperson,how_to_installation_demo,2025-04-19 21:12:55+00:00,2025
rH_Gb-4aGLs,0.31712073687480397,0.003119123154238934,0.032458375644615824,0.034687442309761125,0.05123689532406437,0.05297908572870925,0.015658681253222808,0.022112349730175073,0.039706148990060794,0.03869393253528301,0.03094190856502536,0.21478484820721208,0.06915434802958002,0.01521389306521614,0.02060860318361004,0.04152362740442119,124,1,12,Situated household retrofit experience and building context,0.31712073687480397,0.21478484820721208,0.10233588866759188,9.204500746931608,training_educational,practical_advice_explainer,2024-12-03 19:00:28+00:00,2024
rRqV8BHE8lY,0.07171920535838887,0.004564097868878348,0.06522934656315604,0.06397889831000211,0.013905557950971174,0.17097307650398333,0.02657028649610264,0.31885793239565063,0.02639551803326943,0.027202488526188937,0.020885855626185394,0.008953285449382373,0.0070805591479378505,0.055978855556491645,0.012546538261833433,0.10515849795157775,255,8,6,"Solar PV, batteries and power systems",0.31885793239565063,0.17097307650398333,0.1478848558916673,8.980332642999903,training_educational,how_to_installation_demo,2025-07-29 15:38:21+00:00,2025
rS6r1SBIrGs,0.07555499334879269,0.0,0.005313213645724098,0.06978612216246695,0.30728838993388874,0.0,0.008453997380976656,0.06798701962790718,0.0011864200669727317,0.09257780100138273,0.0,0.26768413573951816,0.0009019164796015281,0.024573677322805014,0.0,0.07869231328996353,5,5,12,Heat pumps and heating systems,0.30728838993388874,0.26768413573951816,0.03960425419437058,6.508020291364488,diy_renovator_homeowner,how_to_installation_demo,2024-09-30 00:49:35+00:00,2024
rXJDwjkoEkQ,0.1278069993202447,0.03055745244384084,0.044363204644275823,0.045602303339665314,0.02748242486011032,0.10360627353550882,0.049568134326932724,0.0120746496435967,0.053937608568424104,0.06496783699505385,0.011511563421887052,0.08270824580859233,0.17263255399798086,0.010755470830447263,0.06219989951085663,0.1002253787525827,273,13,1,"Wall, cavity and floor insulation",0.17263255399798086,0.1278069993202447,0.04482555467773616,12.583659044202808,diy_renovator_homeowner,project_walkthrough,2021-08-13 17:39:07+00:00,2021
rbJmduHuicQ,0.08733187796650377,0.0,0.0007930903313263069,5.146090547181108e-05,0.0,0.0032063917068015407,0.0,0.02765667879336152,0.0,0.0,0.010106742315789759,0.4441380675593656,0.39255766173100753,0.0,0.03388893130900315,0.00026909738136901063,2,12,13,Roof and attic ventilation and airflow,0.4441380675593656,0.39255766173100753,0.051580405828358045,3.413106457118051,diy_renovator_homeowner,how_to_installation_demo,2024-11-21 00:00:34+00:00,2024
rcI-xVNGdCQ,0.11976546904647808,0.0011317927965038101,0.045575280711922087,0.0436667285163269,0.38336278060169304,0.047159233705537235,0.033722352430203696,0.06584011762880322,0.05698564599406631,0.015263428253087224,0.02524793036146525,0.08468528059645551,0.008614826095620677,0.015057631470877016,0.008514564336131309,0.04540693745482863,55,5,1,Heat pumps and heating systems,0.38336278060169304,0.11976546904647808,0.26359731155521493,8.658343698266828,installer_tradesperson,practical_advice_explainer,2023-04-18 16:00:07+00:00,2023
re3XbQItPLI,0.05912465458646007,0.002256496857135845,0.0,0.1104779475931843,0.1019595831287784,0.0,0.13598129913079854,0.08065179682186654,0.14807519052243212,0.2232730362767629,0.000524638142291412,0.00033144629519636496,0.030641213212305722,0.0,0.0025940643295604103,0.10410863310322738,4,10,9,"Implementation follow-up, outcomes and retrospective questions",0.2232730362767629,0.14807519052243212,0.07519784575433078,8.276989626916313,installer_tradesperson,how_to_installation_demo,2024-04-22 14:44:02+00:00,2024
rnRivqPaFw0,0.2323586237011015,0.015924589025467784,0.11174437343935664,0.036241367165677635,0.013854426080634257,0.09971944625831337,0.06683146701709658,0.01372182490471175,0.07306438106440401,0.06321444851310867,0.03811800522962982,0.10151936359082094,0.03805106634999565,0.014714333332445663,0.025339618486261345,0.05558266584097436,18,1,3,Situated household retrofit experience and building context,0.2323586237011015,0.11174437343935664,0.12061425026174485,11.72490791100077,diy_renovator_homeowner,how_to_installation_demo,2021-03-01 14:56:01+00:00,2021
rts76dCbozc,0.12494748661292034,0.011445701327545708,0.053026172076273824,0.1072463909272526,0.0,0.26937056295836226,0.050164750860635605,0.017324931873729223,0.017333845700818803,0.012455852880430182,0.10458705432070924,0.019567745924786224,0.037584154489080625,0.03465419983889852,0.024077340034189727,0.1162138101743671,15,6,1,"Praise, gratitude and social endorsement",0.26937056295836226,0.12494748661292034,0.14442307634544194,9.95060746126371,builder_contractor,project_walkthrough,2023-10-17 07:50:25+00:00,2023
rwlpCrjKLdk,0.05915474675810917,0.0039139499543229955,0.09955752310972611,0.0848459424610786,0.18723246133931098,0.17831895136027756,0.01299993228332248,0.054827232836281936,0.08124344527716312,0.07719507949912752,0.03218182035360907,0.01307643359412602,0.022472051802066677,0.01351015566453697,0.008909020303109808,0.070561253403831,35,5,6,Heat pumps and heating systems,0.18723246133931098,0.17831895136027756,0.008913509979033424,11.092829638291972,installer_tradesperson,how_to_installation_demo,2024-04-08 18:56:18+00:00,2024
s-41UF02vrU,0.16198541770508287,0.012195875598886557,0.04974150520236554,0.05279685849296044,0.16142702227865036,0.14584962470247037,0.033109319745808115,0.05194482052640321,0.03553324149548495,0.03517147676147463,0.02708676403070003,0.06987017109402358,0.016191497538444302,0.017709406558657433,0.018389653110589606,0.110997345157998,232,1,5,Situated household retrofit experience and building context,0.16198541770508287,0.16142702227865036,0.0005583954264325175,11.828214986881761,training_educational,project_walkthrough,2025-08-23 15:01:46+00:00,2025
s0U44rRGzr0,0.05453387518576392,0.0,0.0,0.00016096817197712484,0.0,0.0,0.0,0.0,0.0,0.0,0.0,0.0,0.0,0.027359583776929253,0.0,0.9179455728653297,1,16,1,"Prospective choices, recommendations and alternatives",0.9179455728653297,0.05453387518576392,0.8634116976795658,1.4008677590461485,installer_tradesperson,how_to_installation_demo,2025-08-08 01:59:13+00:00,2025
s93KLWSSZMk,0.2688340696203429,0.0182490696163398,0.11323920151848263,0.030909893376517877,0.012181943292543702,0.03362882313925948,0.03246075616522626,0.005198078219955453,0.08974879038627494,0.019771488416564856,0.010678047204631908,0.06670782786873461,0.15028509542808507,0.014290070026883744,0.0969931725871246,0.03682367313303214,49,1,13,Situated household retrofit experience and building context,0.2688340696203429,0.15028509542808507,0.11854897419225782,10.005642971640983,builder_contractor,how_to_installation_demo,2023-08-23 17:30:10+00:00,2023
sCqdGAXntws,0.02688091983359524,0.015298577217563577,0.0021468056268180574,0.25858052484834126,0.0,0.0,0.21631812459013952,0.012176746654956426,0.027763046262588686,0.0070169043814296795,0.0,0.0,0.36177163102535853,0.0,0.012898418801533687,0.05914830075767528,3,13,4,"Wall, cavity and floor insulation",0.36177163102535853,0.25858052484834126,0.10319110617701727,5.126666621642031,builder_contractor,how_to_installation_demo,2023-11-20 21:28:03+00:00,2023
sGS6HXUR0TI,0.17519671864210623,0.007614872474614497,0.07806160088819061,0.0762576112496491,0.035223500407243036,0.0906206239706817,0.13406615531689042,0.017220078289456174,0.028858949578321066,0.05127880836784689,0.03958692640166902,0.03163661585633405,0.038092021126550295,0.05326124487315228,0.020213875780026924,0.1228103967772677,33,1,7,Situated household retrofit experience and building context,0.17519671864210623,0.13406615531689042,0.04113056332521581,12.443936266693314,training_educational,how_to_installation_demo,2023-09-11 15:29:50+00:00,2023
sJI5szeWEBA,0.16004624070928614,0.004067072950395206,0.03215730903423943,0.04571844355234772,0.18099334574147077,0.12003298211680324,0.013130036474750794,0.05704059128956946,0.03980931504109169,0.022502417804768637,0.006703440649164257,0.04395239279501977,0.1003157375015746,0.022400069751146227,0.015034687723458012,0.13609591686491404,53,5,1,Heat pumps and heating systems,0.18099334574147077,0.16004624070928614,0.020947105032184637,10.872179690990928,training_educational,project_walkthrough,2024-03-27 19:00:36+00:00,2024
sL0EnU01PuA,0.058672725108517655,0.0,0.44945666917516075,0.03354886349588282,0.016164891853089034,0.0,0.0,0.0,0.4371728434250239,0.0,0.0032488281110538476,0.0,0.0,0.0017351788312720134,0.0,0.0,1,3,9,Clarification and specification questions,0.44945666917516075,0.4371728434250239,0.012283825750136868,2.9974497366055313,builder_contractor,how_to_installation_demo,2024-07-10 17:33:53+00:00,2024
sLfDpn-p72U,0.061230266501345075,0.007029617007547913,0.06243146225370237,0.21771270530885167,0.005752255892410121,0.16120142494717893,0.016161008889572982,0.024993741426036876,0.006006450824397333,0.17636670999988463,0.0,0.03450686374095866,0.08832923040092278,0.0033038442930876767,0.04606220906395765,0.08891220945014534,8,4,10,"Implementation, cost and how-to questions",0.21771270530885167,0.17636670999988463,0.04134599530896704,9.363318991583524,installer_tradesperson,how_to_installation_demo,2024-05-16 01:51:51+00:00,2024
sQp1QlCICO4,0.16766182545675315,0.05702024507955186,0.047958339814507894,0.010468649739622724,0.0,0.13236270185861038,0.0,0.026747703849301897,0.008966732917342355,0.01591411289399052,0.018301068162619276,0.0,0.21056375442497768,0.027758690605947784,0.09492753124267408,0.18134864395410036,2,13,16,"Wall, cavity and floor insulation",0.21056375442497768,0.18134864395410036,0.029215110470877326,8.694884166780604,installer_tradesperson,how_to_installation_demo,2024-05-09 09:20:18+00:00,2024
sSDytAtzk0U,0.05776175774750148,0.003540432523459406,0.06414389010306393,0.053410823423832875,0.04492808407683386,0.07818549126427725,0.05489869404183208,0.024695103823434317,0.1204299483638957,0.03166720800263915,0.028092224004275933,0.02777886917769546,0.009701495760796926,0.3592156469755807,0.007231633323063706,0.03431869738781717,226,14,9,Thermostat wiring and smart heating controls,0.3592156469755807,0.1204299483638957,0.23878569861168503,9.346491958366949,installer_tradesperson,how_to_installation_demo,2020-01-27 01:00:14+00:00,2020
sXVFESvW2e4,0.06122804416396553,0.001983012069192907,0.10737925880167583,0.18636619900165555,0.015429588062286368,0.03040141992740351,0.019531844845483957,0.0069916542941637246,0.21651930965243402,0.005857924481256851,0.001624761442395237,0.04910992330741473,0.23485039442514866,0.012456771748919328,0.04004396566811233,0.010225928108491477,9,13,9,"Wall, cavity and floor insulation",0.23485039442514866,0.21651930965243402,0.01833108477271464,8.237022292289558,training_educational,how_to_installation_demo,2019-05-08 19:58:14+00:00,2019
sZgmjc3rE_o,0.0,0.0,0.0,0.0,0.0,0.40845979646372066,0.0,0.0,0.0,0.0,0.5915402035362793,0.0,0.0,0.0,0.0,0.0,1,11,6,"Product sourcing, access and location questions",0.5915402035362793,0.40845979646372066,0.18308040707255868,1.966574232607848,installer_tradesperson,how_to_installation_demo,2024-11-16 13:50:11+00:00,2024
skCWSbgqeiQ,0.05239969160120549,0.01725614772040636,0.009529440178851706,0.09916850050644375,0.0012950662115950487,0.01882479531277366,0.17921717135948453,0.2409686493012475,0.21008308695609199,0.07345520588150663,1.268116845036585e-05,0.004779492371275502,0.0038016169121369743,0.04980087547003423,0.03240327876028833,0.007004300288207882,3,8,9,"Solar PV, batteries and power systems",0.2409686493012475,0.21008308695609199,0.03088556234515552,8.119068949032785,installer_tradesperson,how_to_installation_demo,2024-01-24 18:54:49+00:00,2024
snXVA-umZnQ,0.10511773082787974,0.021670308350066062,0.010612084579705961,0.030319849944621686,0.0013869072934602888,0.11199859413422204,0.030022118322177344,0.03336273289105567,0.033495295983283345,0.018414013578739456,0.005593117522516198,0.05791491334317733,0.3419761531582629,0.017553978577288763,0.12531414332510124,0.055248058168441964,7,13,15,"Wall, cavity and floor insulation",0.3419761531582629,0.12531414332510124,0.21666200983316167,8.904618856106271,builder_contractor,how_to_installation_demo,2024-09-27 22:02:54+00:00,2024
ssTL59gkMIk,0.10677831108466476,0.008541234721437202,0.07984397435548549,0.006881764425560286,0.02449086076793216,0.2147832013465765,0.11145920562169909,0.010314633697822125,0.0,0.006823321050688275,0.14811875016192905,0.0192230662710855,0.0,0.05314620602055027,0.019870008463459744,0.18972546201110962,4,6,16,"Praise, gratitude and social endorsement",0.2147832013465765,0.18972546201110962,0.025057739335466872,8.76372826624464,installer_tradesperson,how_to_installation_demo,2024-10-03 16:36:01+00:00,2024
stJV-i0CpNQ,0.08724861483027561,0.001894466330249732,0.12202361467949205,0.04995695429119904,0.0038887670452564466,0.04527035769515035,0.07754567365840888,0.3598895324563039,0.07759925106485058,0.03885506980403423,0.01692023195115637,0.004885921372488212,0.0038833281090263658,0.04952892446183415,0.005089401254007896,0.05551989099626617,55,8,3,"Solar PV, batteries and power systems",0.3598895324563039,0.12202361467949205,0.23786591777681185,8.4670829883597,diy_renovator_homeowner,how_to_installation_demo,2020-02-09 04:53:25+00:00,2020
t1FVr4BOqH4,0.014404625297616738,0.0,0.005186520895181603,0.43346141879551886,0.0,0.007506810080510674,0.0007741926290598292,0.0,0.0,0.015459027261834688,0.0,0.4912062673854038,0.032001137654873814,0.0,0.0,0.0,2,12,4,Roof and attic ventilation and airflow,0.4912062673854038,0.43346141879551886,0.057744848589884934,2.764305803692205,training_educational,how_to_installation_demo,2023-05-02 12:14:09+00:00,2023
t1ubC5eMGNo,0.0,0.0,0.0,0.004880243657411149,0.0,0.0,0.0,0.0,0.0,0.0,0.0,0.0,0.0,0.040379629664952524,0.9547401266776363,0.0,1,15,14,Vapour barriers and moisture control,0.9547401266776363,0.040379629664952524,0.9143604970126837,1.2211472823585752,installer_tradesperson,practical_advice_explainer,2023-10-25 12:36:00+00:00,2023
t6tU37Pcmrw,0.19704343390850557,0.020016582202892205,0.0724387543608477,0.10793860151329444,0.005228676082640116,0.15774533242874356,0.02767119268042928,0.01697056514648522,0.06383012620063334,0.0259833859129437,0.08292111975880424,0.05850237525252962,0.023398371923582597,0.028755343461496025,0.019344438126741935,0.09221170103943042,111,1,6,Situated household retrofit experience and building context,0.19704343390850557,0.15774533242874356,0.03929810147976201,11.531430103830004,diy_renovator_homeowner,how_to_installation_demo,2024-02-03 16:17:11+00:00,2024
t8_m-2sUTdU,0.32939554998204107,0.023524242881133386,0.041254194475188875,0.03311686012740716,0.019287733672344185,0.05762739620783645,0.06471455026548033,0.001168567892306802,0.04671061724352824,0.007850925175124231,0.012123865252002248,0.2326237366413463,0.006278517692452087,0.012730349880020767,0.05115655150744117,0.06043634110434674,24,1,12,Situated household retrofit experience and building context,0.32939554998204107,0.2326237366413463,0.09677181334069476,8.22365629673533,diy_renovator_homeowner,problem_warning_mistakes,2025-08-01 00:30:49+00:00,2025
t9CgJhPSvkc,0.15416446261853473,0.001090989890768525,0.05294690601604317,0.054628035396716755,0.01825749930857772,0.2686782675494524,0.126784564634204,0.024218585947661794,0.15029036153785652,0.003218264285713023,0.006759354919674624,0.037658825473230115,0.030430513740095703,0.04830734177212942,0.01325177347426048,0.009314253435081011,17,6,1,"Praise, gratitude and social endorsement",0.2686782675494524,0.15416446261853473,0.11451380493091767,9.045801234028335,installer_tradesperson,how_to_installation_demo,2021-10-05 15:50:24+00:00,2021
tDgIM8vnf1A,0.16493329923364333,0.0019021280139751165,0.0,0.0,0.3963641328269172,0.004539613844308446,0.0,0.08657162433614357,0.024572291273641945,0.0,0.007448337984944362,0.10309530110652851,0.02545367293601836,0.14147928400221693,0.01780470637522999,0.025835608066432255,2,5,1,Heat pumps and heating systems,0.3963641328269172,0.16493329923364333,0.23143083359327385,6.112753271257827,installer_tradesperson,how_to_installation_demo,2025-05-15 13:01:46+00:00,2025
tGQrIF7wD2U,0.10054532347231925,0.20167461725271454,0.04021258805737382,0.030905221474195558,0.021479347923704945,0.07791991900267298,0.04800360775235083,0.029951310545842345,0.03379035944876031,0.05310417482950235,0.05436348054585238,0.1392687158778504,0.033969313045162375,0.04840511494548417,0.023752735044482595,0.06265417078173116,39,2,12,Spray foam and foam insulation,0.20167461725271454,0.1392687158778504,0.06240590137486415,12.804755848755173,diy_renovator_homeowner,how_to_installation_demo,2022-02-05 19:06:33+00:00,2022
tILq16hKFao,0.011847123557992174,0.007545844999867056,0.0005738700407340921,0.5541177876329653,0.005350479135776857,0.0,0.03543864145769454,0.050191746784047066,0.02359745743208806,0.013385608775156325,0.0,0.0,0.052870248850136685,0.2290459432431695,0.016035248090372378,0.0,4,4,14,"Implementation, cost and how-to questions",0.5541177876329653,0.2290459432431695,0.32507184438979575,4.148711475735215,installer_tradesperson,how_to_installation_demo,2025-05-15 15:23:27+00:00,2025
tNE5GEePXuk,0.12844768478200416,0.0021491063051636075,0.03435189332300788,0.028486211041483116,0.3007412455285555,0.047894386523357244,0.0401495426281777,0.07151590432324045,0.04032960764920675,0.01971718143098173,0.02328395967414846,0.1582357400589552,0.01507940795349474,0.017906649040671997,0.010141390715184885,0.061570089022366534,234,5,12,Heat pumps and heating systems,0.3007412455285555,0.1582357400589552,0.14250550546960034,9.566261446021834,training_educational,practical_advice_explainer,2022-09-18 17:16:24+00:00,2022
tT9wKfRlCL8,0.1063606671443348,0.008160034170338695,0.0,0.0,0.0,0.09059945629771199,0.07188943066500993,0.01831342275008263,0.10912364995222201,0.0,0.002723117061486362,0.5596183936291224,0.0,0.013985920208478032,0.0,0.01922590812121324,3,12,9,Roof and attic ventilation and airflow,0.5596183936291224,0.10912364995222201,0.45049474367690034,4.375501368882064,diy_renovator_homeowner,problem_warning_mistakes,2019-08-27 01:13:29+00:00,2019
tUWJTF9nyaQ,0.06499677288985421,0.3721822597889602,0.023108490016972412,0.013778628765575169,0.028086651787623765,0.013107817347307326,0.03737286611101956,0.02509017531349615,0.0311389102134559,0.014310776580744517,0.017358448187802158,0.16347571359659768,0.06323168933673258,0.0055751874120162255,0.09704100416677959,0.030144608485062546,370,2,12,Spray foam and foam insulation,0.3721822597889602,0.16347571359659768,0.2087065461923625,8.45487265489878,builder_contractor,problem_warning_mistakes,2024-04-11 21:48:38+00:00,2024
tXMyOpRbV0s,0.10815649144798478,0.0,0.0148419494215157,0.1695992444653359,0.004517368168008288,0.098790734883173,0.10665157533302136,0.020015966895676713,0.13054952877360845,0.029551729983914626,0.004597241254695651,0.050875298762373504,0.08034168557777267,0.019438548572026742,0.010074769101441103,0.1519978673594515,2,4,16,"Implementation, cost and how-to questions",0.1695992444653359,0.1519978673594515,0.017601377105884386,10.298684502429737,installer_tradesperson,how_to_installation_demo,2023-01-25 18:12:38+00:00,2023
tZeywWmq848,0.1273614194868303,0.009445032895557792,0.25504914533566037,0.0025721512738092543,0.028962681648840954,0.00927823055581453,0.028694978493194412,0.014207562098109899,0.03560112549798976,0.11202941638679002,0.025114284502218705,0.273831982583824,0.02906324787214141,0.0015003876677786108,0.015388920970441745,0.031899432730998115,5,12,3,Roof and attic ventilation and airflow,0.273831982583824,0.25504914533566037,0.018782837248163653,7.976869109350499,diy_renovator_homeowner,how_to_installation_demo,2023-03-11 02:59:40+00:00,2023
t_eeqSobi2Y,0.1421803562193114,0.0005545154471981912,0.004160903206655112,0.08408702349806398,0.0659111258774395,0.2284718853946619,0.0594013320706193,0.12036801834530968,0.05313743035177269,0.0006990097933860121,0.018916099085775292,0.12323464773609306,0.02700437653074807,0.01577218329050196,0.0,0.05610109315246383,7,6,1,"Praise, gratitude and social endorsement",0.2284718853946619,0.1421803562193114,0.08629152917535049,9.682206703961073,diy_renovator_homeowner,problem_warning_mistakes,2019-10-09 00:06:28+00:00,2019
tbWD4-Inaas,0.13474559389410892,0.3790765584868437,0.006599028827266769,0.05700258634598652,0.01660969352103172,0.045541508070073136,0.029227160302835335,0.059103209912432585,0.10550299879326999,0.013561929508367774,0.013727768409381048,0.02154303621120986,0.05152771383433237,0.012407113396824387,0.016586245726590346,0.03723785475944558,20,2,1,Spray foam and foam insulation,0.3790765584868437,0.13474559389410892,0.24433096459273476,8.57045793114023,training_educational,how_to_installation_demo,2021-04-21 22:00:13+00:00,2021
tbq6uZ9Y0nQ,0.23749030625661502,0.015850898036884643,0.05978358532479589,0.09915463202929191,0.010223565088388984,0.027290191244415275,0.06711301966965198,0.03044280231444601,0.06163248594969095,0.045109471988675855,0.014497757977366304,0.10215241584289773,0.06740696494663756,0.011410157298115656,0.07920919454709971,0.0712325514850265,67,1,12,Situated household retrofit experience and building context,0.23749030625661502,0.10215241584289773,0.1353378904137173,11.766146982172422,training_educational,how_to_installation_demo,2021-11-16 19:29:18+00:00,2021
thbUHzZ_IPA,0.0,0.0,0.0,0.0,0.7485516697623736,0.02187536445307234,0.0,0.0,0.0,0.0,0.0015720953489836477,0.21953461910539934,0.0,0.0,0.008466251330171056,0.0,1,5,12,Heat pumps and heating systems,0.7485516697623736,0.21953461910539934,0.5290170506569742,1.9814382919856264,installer_tradesperson,practical_advice_explainer,2022-07-06 09:50:27+00:00,2022
tmFCAH9pCg8,0.16094432776054224,0.0,0.19580808075633113,0.007535602774798751,0.041511647671993904,0.019174995921159736,0.10368819318979701,0.025960763515021176,0.2326457783398236,0.01142645214382306,0.0026303671414776458,0.0,0.04065517282342041,0.005917916753772137,0.007496585338122477,0.14460411586991676,6,9,3,Performance checking and troubleshooting,0.2326457783398236,0.19580808075633113,0.03683769758349248,7.93000455608113,installer_tradesperson,how_to_installation_demo,2023-02-05 17:00:27+00:00,2023
tp07xEzzbyk,0.1418737691502918,0.0026419107598992107,0.38618959095322564,0.0012393563372816222,0.07590305279985497,0.031456621233467506,0.039748623386914754,0.010620209470447865,0.02312855719699454,0.0009707420766566183,0.05273400710828882,0.2223016395044435,0.0,0.0014412961950146443,0.0033944010245800602,0.006356222802638437,3,3,12,Clarification and specification questions,0.38618959095322564,0.2223016395044435,0.16388795144878213,6.011197127953676,installer_tradesperson,how_to_installation_demo,2023-09-05 17:22:50+00:00,2023
ttBkOcurFOE,0.08924724275992667,0.006263505652839874,0.31271891885268105,0.011570686283983748,0.004911663826619264,0.0,0.09122851899541777,0.0,0.03394780025527653,0.009096802596661948,0.06273492255025317,0.07709054220003343,0.1894314579042868,0.021519320218563374,0.08222626886170664,0.008012349041749727,3,3,13,Clarification and specification questions,0.31271891885268105,0.1894314579042868,0.12328746094839424,7.987083234110877,builder_contractor,how_to_installation_demo,2022-09-02 11:50:33+00:00,2022
ttO04DVW3V0,0.11856688831650718,0.004488627387399035,0.0333589939104179,0.05341890504961052,0.430186649931202,0.02262276595156612,0.013992708641961945,0.07721130214301382,0.0007287191882600504,0.004098615685645125,0.022319455876722523,0.03782965245906182,0.07327407835087871,0.03287626696989163,0.02237663760172193,0.05264973253613972,16,5,1,Heat pumps and heating systems,0.430186649931202,0.11856688831650718,0.3116197616146948,7.640371684546251,training_educational,how_to_installation_demo,2026-03-21 22:00:48+00:00,2026
tu1st66use4,0.13048218025604716,0.008568176351955321,0.04281421168435604,0.028915948496101473,0.02486300888782077,0.059662215859427166,0.03146010962497681,0.008845985001965316,0.056987534552260334,0.01963944074384223,0.014064182236410011,0.08005891890517289,0.2933342332699433,0.010048371180214215,0.12068838107078227,0.06956710187872468,148,13,1,"Wall, cavity and floor insulation",0.2933342332699433,0.13048218025604716,0.16285205301389613,10.011619159908497,training_educational,practical_advice_explainer,2025-01-18 21:55:49+00:00,2025
tufzI-1xTJQ,0.048454341759665176,0.008480198815628746,0.09662083029535015,0.03484932159349523,0.005140789319428639,0.12225024722993237,0.041567754100512264,0.016852172184803945,0.027996493757685256,0.0183070228808867,0.023813006613484376,0.13731153356109893,0.08209594144419467,0.010279642474674923,0.27073901644467585,0.05524168752448277,106,15,12,Vapour barriers and moisture control,0.27073901644467585,0.13731153356109893,0.13342748288357692,10.134449746676669,installer_tradesperson,problem_warning_mistakes,2019-05-04 06:59:47+00:00,2019
twV-c5i0MjM,0.138566516922982,0.010988542803367536,0.06159253357706744,0.10201444512397399,0.05225525569956834,0.0499650563019817,0.10270792238523661,0.08522181318410268,0.07859634714704197,0.08720773470777254,0.019196139316387743,0.060776598415188336,0.02929936749673655,0.05004365300166967,0.02224734149739728,0.049320732419525594,87,1,7,Situated household retrofit experience and building context,0.138566516922982,0.10270792238523661,0.035858594537745384,13.744775318227576,diy_renovator_homeowner,problem_warning_mistakes,2025-06-07 21:32:07+00:00,2025
tyTT9jNfnc8,0.2213222973891755,0.024871052482251813,0.06376625544257798,0.05031189876355111,0.013280850212636289,0.039659636459865005,0.04205445258750474,0.07318498105608932,0.07278058112154165,0.06537873386264591,0.012270692144201671,0.06651052884731215,0.1539368479032281,0.012495848819420651,0.014053012830251262,0.07412233007774685,269,1,13,Situated household retrofit experience and building context,0.2213222973891755,0.1539368479032281,0.06738544948594741,11.710814419526763,training_educational,problem_warning_mistakes,2026-01-23 19:01:02+00:00,2026
u0ph2Kg0ak0,0.07077568433313593,0.006179567636120815,0.04116688142616326,0.03897929833270972,0.0199034087406091,0.06107218521424277,0.02429193910859741,0.04342671880989929,0.05265055378366394,0.0356748335474861,0.015211349435888198,0.46985284020170537,0.03656488826035729,0.02166596305120113,0.010068509955820619,0.05251537816239912,85,12,1,Roof and attic ventilation and airflow,0.46985284020170537,0.07077568433313593,0.39907715586856946,7.763456677379036,installer_tradesperson,problem_warning_mistakes,2024-04-15 14:10:00+00:00,2024
u61_lWtq0g8,0.13349773097882717,0.0021818122715536385,0.006946631588102863,0.0012839155525078184,0.0,0.008102495008827365,0.0,0.09817082512347647,0.005675394060020424,0.0,0.4675858027610876,0.11188873897766695,0.09778893193415995,0.048544751548550084,0.015550870504025434,0.0027820996911942448,4,11,1,"Product sourcing, access and location questions",0.4675858027610876,0.13349773097882717,0.3340880717822604,5.351258941718084,builder_contractor,how_to_installation_demo,2023-06-17 10:30:26+00:00,2023
u9yqftuIjJc,0.13628107613131074,0.015501229152979232,0.0,0.0,0.0,0.09231636252974582,0.0908997269709977,0.044023998387371185,0.036535297943242555,0.02663696786162251,0.014331603857349466,0.08070755891717137,0.03886952459568249,0.05831090300038288,0.08360399835768637,0.2819817522944577,2,16,1,"Prospective choices, recommendations and alternatives",0.2819817522944577,0.13628107613131074,0.14570067616314697,9.482671553818808,installer_tradesperson,how_to_installation_demo,2022-01-17 00:49:00+00:00,2022
uD82_NWpjlw,0.10494489527191594,0.044627510175129385,0.09519545407026551,0.10115170480233271,0.008706719137554282,0.08407189339476925,0.03322812232065935,0.013059389322380493,0.016185682229050768,0.00390182565493758,0.04694494031671923,0.041159557931940496,0.35579429870827023,0.0053803982146309924,0.00752556393783981,0.038122044511603954,25,13,1,"Wall, cavity and floor insulation",0.35579429870827023,0.10494489527191594,0.2508494034363543,8.763941761409923,training_educational,problem_warning_mistakes,2024-01-08 22:02:32+00:00,2024
uDBTc5r0-og,0.1529383991454466,0.0,0.5493678164917637,0.0,0.070174593769134,0.0,0.0,0.03128132799038034,0.0,0.0,0.0,0.0,0.06689740055807432,0.11612675685169147,0.005667343181641118,0.007546362011868431,1,3,1,Clarification and specification questions,0.5493678164917637,0.1529383991454466,0.3964294173463171,4.088641427920344,training_educational,how_to_installation_demo,2024-08-19 15:30:13+00:00,2024
uHAReQbcGvQ,0.14520335785159236,0.0019568894975342133,0.029103804060585922,0.0827878266798174,0.021344800096314585,0.01397101317246478,0.0581128841732914,0.33970305136866397,0.03736106138490421,0.01468171566856029,0.08525539892823987,0.07881541636931563,0.005933474973326591,0.0023255473030249153,0.001784738837076269,0.08165901963528756,29,8,1,"Solar PV, batteries and power systems",0.33970305136866397,0.14520335785159236,0.1944996935170716,8.421770200924007,training_educational,how_to_installation_demo,2025-02-06 23:01:01+00:00,2025
uIBHYDCvtIE,0.2745655011553897,0.02621339298781409,0.07174880923578858,0.1414141828396318,0.0,0.060565616667987696,0.0791438628834253,0.015726205194178722,0.026399268603462,0.17223054448930072,0.009162800607409732,0.05018344720387903,0.01592666781452346,0.009814584753702534,0.04314121782625531,0.0037638977372513286,4,1,10,Situated household retrofit experience and building context,0.2745655011553897,0.17223054448930072,0.10233495666608897,9.132465093100892,training_educational,how_to_installation_demo,2025-09-06 22:13:41+00:00,2025
uKrnNDbJrmA,0.0951863144689978,0.006331839691280898,0.0004781597227855801,0.2934082505693154,0.007855115960184697,0.00467304074121643,0.005235758885694239,0.06633195457843902,0.027098533976645127,0.07949935530270016,0.20074760119578597,0.07223923091085845,0.024689438071916245,0.0010648589798303173,0.0037051533610370823,0.1114553935833126,5,4,11,"Implementation, cost and how-to questions",0.2934082505693154,0.20074760119578597,0.09266064937352944,7.886622070291025,diy_renovator_homeowner,project_walkthrough,2023-04-30 13:52:53+00:00,2023
uLPNrGdu0W0,0.20246228146601633,0.0048250863572489935,0.041646563880039886,0.02773984777367224,0.07998226943616105,0.08835248627186319,0.035104825511510625,0.05456536890466018,0.10162369795857788,0.02928404856805069,0.02899705856322289,0.015208776126866132,0.008165055024094673,0.16789809735860511,0.007486390516876798,0.10665814628253335,133,1,14,Situated household retrofit experience and building context,0.20246228146601633,0.16789809735860511,0.03456418410741122,10.912515250480478,diy_renovator_homeowner,how_to_installation_demo,2024-09-28 09:00:50+00:00,2024
uQS5CNeig5A,0.1329147766998441,0.0418253092469117,0.0851444229310545,0.00036584133342338184,1.3657165614137303e-05,0.005432479031376487,0.03403509371540955,0.024965163035278872,0.02471166805872433,0.01609764489634374,0.0022640468374599703,0.01687486508907545,0.3230434907585358,0.0370061687540038,0.200067577547164,0.05523779489978025,7,13,15,"Wall, cavity and floor insulation",0.3230434907585358,0.200067577547164,0.12297591321137177,7.836652068410798,training_educational,how_to_installation_demo,2023-03-28 00:23:08+00:00,2023
uRiljSMVjyw,0.15494630591301248,0.00010361630480809155,0.10158680828550425,0.08788513443453001,0.15484733211251409,0.03712685358034169,0.048034615766020035,0.0005360151085093948,0.12143388064985586,0.08193940588219029,0.0014097808428552472,0.026108613940598737,0.009666092155866788,0.1686970459971297,0.0032111760449541477,0.0024673229813092215,14,14,1,Thermostat wiring and smart heating controls,0.1686970459971297,0.15494630591301248,0.013750740084117224,9.399416371443571,installer_tradesperson,how_to_installation_demo,2022-11-02 18:17:42+00:00,2022
uRqlgQ0a8DQ,0.1798152057657078,0.002845802097913743,0.07264558785875071,0.013320587133330258,0.1604893117647318,0.06375830479877366,0.026434498573640455,0.019085645553521782,0.036270444317680124,0.04381751016731205,0.012106910700904637,0.05899120882073999,0.14961364203007516,0.04025246338626221,0.02797289961056069,0.09257997742009495,49,1,5,Situated household retrofit experience and building context,0.1798152057657078,0.1604893117647318,0.019325894000976007,11.308935959291688,training_educational,practical_advice_explainer,2022-11-04 19:00:21+00:00,2022
uZjwIvOzNEA,0.17246830837089094,0.0031290494353781334,0.047922701175096165,0.004731839072377808,0.17114952776989925,0.12901662269241845,0.02184211133645349,0.14821818799194966,0.0212188929807641,0.008070324451587058,0.07517506512104191,0.08677266334578193,0.0794407438784921,0.024885105053521383,0.003003178095222886,0.002955679229124783,7,1,5,Situated household retrofit experience and building context,0.17246830837089094,0.17114952776989925,0.0013187806009916925,9.776446494154708,training_educational,practical_advice_explainer,2020-02-06 20:37:45+00:00,2020
ueG4wVH-_Ms,0.054328532025637706,0.007451483734876318,0.03939619364170215,0.08043123425900867,5.80042267545128e-05,0.0051414121131456774,0.028667325184754254,0.01336537796760718,0.059582929801002535,0.0787756153051738,0.1579553003954642,0.023531297264750693,0.00678949405175015,0.39344820396230074,0.004105172977054782,0.04697242308901666,8,14,11,Thermostat wiring and smart heating controls,0.39344820396230074,0.1579553003954642,0.23549290356683653,7.592111929667667,installer_tradesperson,how_to_installation_demo,2025-08-01 00:24:44+00:00,2025
ukgh7mrTd-Y,0.08150172950730376,0.005343792214522241,0.07170220259024976,0.18467679656947802,0.0017430917142508592,0.08607537648080717,0.030818291768532124,0.2060603275709397,0.04917020932356684,0.0025183718268969035,0.13428970686212768,0.018009329862929736,0.0022662299348127726,0.06440079432039031,0.011947783661598647,0.049475965791593475,20,8,4,"Solar PV, batteries and power systems",0.2060603275709397,0.18467679656947802,0.021383531001461675,9.828741052138602,installer_tradesperson,how_to_installation_demo,2025-05-27 22:35:00+00:00,2025
uqyAWkXXt3A,0.14512137724383964,0.006305394708910135,0.0665043666257229,0.045283778839339026,0.30922010866110694,0.014641975281957044,0.06415594897474679,0.1316906425949033,0.03511680800096247,0.018387429160211122,0.012933401298513688,0.04774996277347445,0.012654967196586122,0.0232684119254306,0.018399395836043456,0.0485660308782523,110,5,1,Heat pumps and heating systems,0.30922010866110694,0.14512137724383964,0.1640987314172673,9.546748731954144,training_educational,how_to_installation_demo,2026-01-31 23:01:11+00:00,2026
utZhRL4jfPw,0.035256888580675064,0.0,0.004408543395032432,0.40063583635700534,0.00995717973879826,0.018890893556325308,0.013570794957677382,0.10456320668880308,0.08252532102889353,0.009653529392675409,0.0006690659915021224,0.032366623507374535,0.026592473507045057,0.015504344293292886,0.016177629963507446,0.22922766904139202,2,4,16,"Implementation, cost and how-to questions",0.40063583635700534,0.22922766904139202,0.1714081673156133,6.396006359079215,installer_tradesperson,how_to_installation_demo,2026-03-15 04:10:23+00:00,2026
uv75G4ed2dw,0.19432707300819288,0.0065614448785917216,0.06489540247131986,0.13137683831995503,0.06038257354426659,0.08688756926367561,0.0611832517615374,0.11020019744693295,0.0447035162102327,0.061094709439954556,0.026483735947273632,0.02393649655019588,0.016279541472389955,0.039253982177152084,0.012082568050960018,0.060351099457369134,103,1,4,Situated household retrofit experience and building context,0.19432707300819288,0.13137683831995503,0.06295023468823785,12.22358136767202,diy_renovator_homeowner,project_walkthrough,2026-04-05 13:02:00+00:00,2026
uzcuqEd_oBo,0.0515089790194038,0.015663857427188194,0.0017213108191937462,0.004083624531931042,0.011622482015922921,0.01771394146304209,0.020271575056624035,0.0058860602525005095,0.25067317818164864,0.0040474792694430465,0.06591870755627471,0.0,0.46618112324731054,0.0,0.0,0.08470768115951671,3,13,9,"Wall, cavity and floor insulation",0.46618112324731054,0.25067317818164864,0.2155079450656619,4.938451710939216,installer_tradesperson,how_to_installation_demo,2025-03-03 16:54:20+00:00,2025
v-Ha0lep9-Y,0.06986481967747926,0.0008697593908207459,0.0024685223615607895,0.0507805818511703,0.420247098426457,0.1498030786806335,0.024041088947827683,0.06129022450525077,0.022979979435657615,0.015209082941802473,0.023493862643680422,0.006924703357885465,0.0016100542297827715,0.018243533748449448,0.003147602709940073,0.12902600709160164,6,5,6,Heat pumps and heating systems,0.420247098426457,0.1498030786806335,0.27044401974582355,6.72850860432567,installer_tradesperson,how_to_installation_demo,2025-04-17 15:33:39+00:00,2025
v-YWiPXChrQ,0.14887637184343733,0.02718179689517161,0.27174789799821997,0.002137107413639118,0.0037789659062097544,0.04769148224374509,0.04688656263630673,0.024745661016852,0.0705267326703504,0.07063264568253344,0.032447344489466096,0.10363160110646014,0.023981856326694907,0.028187626245334416,0.027849527816020965,0.06969681970955802,17,3,1,Clarification and specification questions,0.27174789799821997,0.14887637184343733,0.12287152615478264,10.441299649575914,diy_renovator_homeowner,practical_advice_explainer,2021-02-02 13:38:07+00:00,2021
v2QMBU8yS-I,0.06966957231768103,0.15912791384628058,0.08284717690759769,0.060291581861865964,0.005969789443640777,0.07785307683945482,0.02324815080453803,0.013682211758849285,0.06989951789377057,0.02893695737170675,0.016045997074476258,0.03629399843370082,0.19541324143986086,0.010071288151132098,0.07845202526446043,0.07219750059098404,53,13,2,"Wall, cavity and floor insulation",0.19541324143986086,0.15912791384628058,0.036285327593580274,11.695535077545177,training_educational,how_to_installation_demo,2020-07-01 18:01:58+00:00,2020
v7JCxwQdTIo,0.0,0.0,0.0031707463425795605,0.9516130034454372,0.0,0.015136377101047331,0.0,0.0,0.0,0.0,0.005977456844676146,0.0061152697779300975,0.0,0.015560494796141506,0.0024266516921882184,0.0,1,4,14,"Implementation, cost and how-to questions",0.9516130034454372,0.015560494796141506,0.9360525086492957,1.3100099082797498,installer_tradesperson,how_to_installation_demo,2022-04-12 15:50:43+00:00,2022
v9SmB5OnGb4,0.38671631515351723,0.02569184780432771,0.004748822669973927,0.18735124686476382,0.06602205438548858,0.07387675399926362,0.0023349802678538866,0.07568839102210546,0.0005472300818058811,0.10697288331470309,0.023487144108897805,0.014376358301291694,0.014514001924916194,0.0,0.012860125279527877,0.004811844821563217,4,1,4,Situated household retrofit experience and building context,0.38671631515351723,0.18735124686476382,0.19936506828875342,6.803795663481588,installer_tradesperson,problem_warning_mistakes,2025-10-24 11:32:18+00:00,2025
vDT_8b6oyiY,0.18871597351101632,0.01089513281049763,0.17319116506585128,0.062308594691603325,0.0006890297451169988,0.254034700313406,0.020304417937061798,0.00195929407912893,0.028161533727958914,0.062307238431296055,0.04593849419448753,0.05158810573006929,0.01334645473846804,0.026466721348183935,0.01747498090193868,0.04261816277391525,18,6,1,"Praise, gratitude and social endorsement",0.254034700313406,0.18871597351101632,0.0653187268023897,9.132598444454318,diy_renovator_homeowner,how_to_installation_demo,2025-01-12 16:30:10+00:00,2025
vG-K5TDYYNA,0.026502265253295448,0.003681607178046566,0.06511473603888486,0.08927113622375248,0.06035239755595028,0.03835036894192219,0.04625308642304189,0.01151921214372095,0.06679452611335336,0.013582348059699595,0.02233994657928657,0.036680081538803054,0.0027267535741615106,0.47617356678807427,0.00574153716187896,0.03491643042612809,45,14,4,Thermostat wiring and smart heating controls,0.47617356678807427,0.08927113622375248,0.3869024305643218,7.099166865653888,installer_tradesperson,how_to_installation_demo,2019-05-16 19:28:24+00:00,2019
vIHF3VSKOnA,0.16694599867954013,0.015344183667607635,0.08318313071326841,0.10973840857483122,0.0009452335828441747,0.1475662316917852,0.013629222742193053,0.027179212343922707,0.0813661748228486,0.021287918833283095,0.014793946741040155,0.05902633210239926,0.10730499507207256,0.020498318370702727,0.06992516513999626,0.06126552692166482,18,1,6,Situated household retrofit experience and building context,0.16694599867954013,0.1475662316917852,0.019379766987754926,11.582726554618523,diy_renovator_homeowner,how_to_installation_demo,2020-04-04 19:18:39+00:00,2020
vOC1_rPcUCE,0.0740346487440791,0.2367006766504222,0.08198638663007751,0.05171722753578614,0.007302004983603294,0.06761219712964346,0.06251839398831123,0.03134271797534381,0.04307503461604513,0.01702244382316865,0.0006354374966255896,0.064971424105841,0.05851783205869972,0.00646886116279201,0.137321672996648,0.05877304010291319,19,2,15,Spray foam and foam insulation,0.2367006766504222,0.137321672996648,0.0993790036537742,11.212011758200713,training_educational,how_to_installation_demo,2025-06-07 14:01:32+00:00,2025
vOPtowDhguM,0.004546263042809891,0.0,0.0,0.0,0.5452841615109613,0.00598083993017958,0.0,0.0,0.03173188092349349,0.0,0.0,0.2064186781803554,0.0,0.03594009503463352,0.0,0.17009808137756685,1,5,12,Heat pumps and heating systems,0.5452841615109613,0.2064186781803554,0.33886548333060584,3.462017472415203,installer_tradesperson,how_to_installation_demo,2021-07-16 02:09:41+00:00,2021
vPnlEK-_XFA,0.10953842070459568,0.005360063324518645,0.18507760076551386,0.00932735998748734,0.12075451581366772,0.0,0.037145123439006944,0.0,0.04752082729494178,0.30994655155678813,0.007742315854119417,0.0974089806207842,0.031628884347092774,0.0,0.03363514157623055,0.00491421471525307,1,10,3,"Implementation follow-up, outcomes and retrospective questions",0.30994655155678813,0.18507760076551386,0.12486895079127427,7.579590601432704,diy_renovator_homeowner,problem_warning_mistakes,2025-12-31 15:54:23+00:00,2025
vWj-QdfLL6k,0.2656919399261129,0.009609553763438293,0.04709326086689114,0.05722485181914833,0.0069687602536181665,0.18650417627304056,0.05892132530033063,0.0078114951112563885,0.13245457099764038,0.051071743436241324,0.02884281358625137,0.06605670958830764,0.011535512435235649,0.037967348502705986,0.011346793980237285,0.020899144159543973,44,1,6,Situated household retrofit experience and building context,0.2656919399261129,0.18650417627304056,0.07918776365307234,9.63794681520299,training_educational,how_to_installation_demo,2021-02-24 20:15:44+00:00,2021
vYkc8sgd_cw,0.07614709465688974,0.003248993483884022,0.0,0.0,0.8107718810831139,0.003550590901124185,0.019919529738352322,0.08636191013663588,0.0,0.0,0.0,0.0,0.0,0.0,0.0,0.0,2,5,8,Heat pumps and heating systems,0.8107718810831139,0.08636191013663588,0.7244099709464781,2.002360342584605,builder_contractor,how_to_installation_demo,2023-05-24 20:16:12+00:00,2023
vc2mWLPH3fA,0.8984348336750941,0.01672143508132463,0.0,0.0,0.0,0.0,0.052006083147671356,0.0,0.0,0.0,0.0240727710446435,0.008764877051266447,0.0,0.0,0.0,0.0,1,1,7,Situated household retrofit experience and building context,0.8984348336750941,0.052006083147671356,0.8464287505274228,1.5677052685294595,builder_contractor,practical_advice_explainer,2023-08-16 15:00:53+00:00,2023
vc97-IzjLFc,0.10124517364855086,0.0037385641074304437,0.027449557541224932,0.09486336507429384,0.00512274554800573,0.03697082958360098,0.07177222765459787,0.022271097114936748,0.04369709965985316,0.10562588528714738,0.006632578565845024,0.1056172267501446,0.22171839269937596,0.021287153276136794,0.03766015644074903,0.09432794704810665,37,13,10,"Wall, cavity and floor insulation",0.22171839269937596,0.10562588528714738,0.11609250741222858,11.074750045409125,diy_renovator_homeowner,how_to_installation_demo,2023-03-04 22:14:41+00:00,2023
vdat579Po4A,0.0369957076997607,0.012664522004877651,0.3000013883807877,0.0012208019901456405,0.0660441685673688,0.025763073614306232,0.04387450915974198,0.08395907867279155,0.03291753446833091,0.023003594986871906,0.13759704452599522,0.01406499236783197,0.11320754513394533,0.019010991574180524,0.051076193557556916,0.038598853295506906,6,3,11,Clarification and specification questions,0.3000013883807877,0.13759704452599522,0.1624043438547925,9.945583313667061,diy_renovator_homeowner,how_to_installation_demo,2025-03-14 10:26:27+00:00,2025
ve5K0h6N99U,0.0,0.008405999923905814,0.0,0.4933012790751815,0.0023265838109454372,0.0,0.0,0.0032661282225231775,0.2562344183208478,0.0,0.0066987209248184736,0.18915602088344213,0.02201912351134022,0.01064650259545261,0.007945222731542823,0.0,2,4,9,"Implementation, cost and how-to questions",0.4933012790751815,0.2562344183208478,0.2370668607543337,3.6319674776169326,installer_tradesperson,how_to_installation_demo,2020-08-24 10:56:07+00:00,2020
vugHQUKBLa0,0.2054497101151212,0.06353188107607904,0.010081897081603015,0.21328711981580106,0.05453850273663548,0.19884381647665977,0.005739686194087059,0.011662098407269318,0.0,0.003927457096239082,0.0,0.03200901718976401,0.015424212021516195,0.11869766217151075,0.04371188921331494,0.023095050404399065,4,4,1,"Implementation, cost and how-to questions",0.21328711981580106,0.2054497101151212,0.007837409700679865,8.253058840504291,installer_tradesperson,how_to_installation_demo,2025-02-02 10:17:19+00:00,2025
vukfFfEX1EQ,0.29104712693810686,0.009282016903505583,0.08756216938932912,0.032564307755882704,0.07399552409668199,0.04499289213649115,0.09083304711845204,0.059123948141263184,0.1163975694048663,0.010188292937951902,0.0017972193640058366,0.07545462248555367,0.010288862743036224,0.03586268727319289,0.008756166755580419,0.05185354655610015,15,1,9,Situated household retrofit experience and building context,0.29104712693810686,0.1163975694048663,0.17464955753324057,10.06971219831532,installer_tradesperson,practical_advice_explainer,2024-04-04 17:50:06+00:00,2024
vvjCUeRETA4,0.1732440124451895,0.004408657266967906,0.03888066650347838,0.07456469715880215,0.2337958903225049,0.015007099921480412,0.09050892658225211,0.021685918894780783,0.08969800687199776,0.04105231910838243,0.02519928955042402,0.06893604281596483,0.008797186299661638,0.004371863865327308,0.02915876463887305,0.08069065775391285,20,5,1,Heat pumps and heating systems,0.2337958903225049,0.1732440124451895,0.06055187787731539,10.45239480022702,training_educational,practical_advice_explainer,2023-03-23 14:13:49+00:00,2023
vzf_-VIyTPc,0.04967380410388565,6.022345732770665e-05,0.16020103160050572,0.24111365003285926,0.0007965794397936829,0.006810140083277546,0.11731042848656527,0.0,0.26998119495871553,0.06620962124803198,0.03738154067471532,0.0,0.0013868467429953622,0.02184096739134151,0.0010487939771715589,0.0261851778028139,8,9,4,Performance checking and troubleshooting,0.26998119495871553,0.24111365003285926,0.028867544925856276,6.879037320529685,installer_tradesperson,practical_advice_explainer,2023-04-17 09:14:50+00:00,2023
w1pnqf1FZ3I,0.31428285867135364,0.009679467439258392,0.020936977182146637,0.009746791593552122,0.0,0.02365164958567506,0.010876129561995008,0.0009283258209947306,0.0,0.0496904803996373,0.0,0.09076368594802667,0.17382757204349075,0.01760288621636805,0.27801317553750154,0.0,1,1,15,Situated household retrofit experience and building context,0.31428285867135364,0.27801317553750154,0.03626968313385209,5.912384897734477,training_educational,how_to_installation_demo,2022-12-11 09:40:28+00:00,2022
w30Oxot71F0,0.07271919533571754,0.04315359036450298,0.017908917682037954,0.15481814880896888,0.028741108606844614,0.1803118004245812,0.0646713916020263,0.10425069923122586,0.020915685570624853,0.026464248077250105,0.06465784311626019,0.04242472851677528,0.03769278822146241,0.12020025714221787,0.014339023913182846,0.006730573386321113,6,6,4,"Praise, gratitude and social endorsement",0.1803118004245812,0.15481814880896888,0.025493651615612317,11.842416254783036,installer_tradesperson,how_to_installation_demo,2024-06-22 02:27:08+00:00,2024
w3EwgHsMliU,0.0,0.0,0.37742018291860546,0.0,0.0,0.0,0.0,0.009626738724453658,0.0,0.0,0.6129530783569407,0.0,0.0,0.0,0.0,0.0,1,11,3,"Product sourcing, access and location questions",0.6129530783569407,0.37742018291860546,0.23553289543833522,2.039033649183624,builder_contractor,how_to_installation_demo,2019-10-11 06:30:32+00:00,2019
w4s-oE-VQwg,0.149743622785201,0.006205681271920419,0.03334357792123468,0.058529495450408524,0.013211420168606812,0.07085787118179519,0.07326751658822334,0.36880866603072143,0.04695650260881138,0.036112091985793696,0.016544198967373493,0.01829797350425192,0.008575977967482372,0.04478943269283367,0.013259900073499671,0.04149607080184237,115,8,1,"Solar PV, batteries and power systems",0.36880866603072143,0.149743622785201,0.21906504324552042,8.788137635004588,diy_renovator_homeowner,how_to_installation_demo,2026-05-21 23:15:06+00:00,2026
w6wo2URorG4,0.09829924634186471,0.029449969442179955,0.05498858899768309,0.049813863913107936,0.10349350957508958,0.16500748107755053,0.06588505015395656,0.03360591045320187,0.044584250362338054,0.05303627681202554,0.026359578465055638,0.04430348810796541,0.07016689444940032,0.02535991681179189,0.03415676684819078,0.10148920818859815,140,6,5,"Praise, gratitude and social endorsement",0.16500748107755053,0.10349350957508958,0.06151397150246095,13.756700795428763,builder_contractor,problem_warning_mistakes,2022-12-02 21:11:38+00:00,2022
w995KkcEJKg,0.11630153565829257,0.0,0.07912650721737385,0.07420666847682696,0.25628538625173714,0.016182628507607932,0.07828602460623096,0.05009422553668538,0.07179854388732683,0.08154114857936973,0.04583924197694214,0.033043213012547375,0.01110314441769545,0.056627454732640053,0.0,0.029564277138723616,9,5,1,Heat pumps and heating systems,0.25628538625173714,0.11630153565829257,0.13998385059344456,10.731256832686226,installer_tradesperson,how_to_installation_demo,2024-08-08 08:33:52+00:00,2024
wHkQS5r1D1E,0.20468004545461677,0.0265384238257731,0.09499783489339303,0.08716030906220387,0.017097338320400692,0.1572057373893597,0.021850299731787357,0.008382159887928581,0.09878932100732894,0.08853536202864824,0.005651623815843823,0.05659355138922292,0.01721191945343671,0.017798658958169074,0.03406151042694961,0.06344590435493759,31,1,6,Situated household retrofit experience and building context,0.20468004545461677,0.1572057373893597,0.04747430806525707,11.113124071840012,diy_renovator_homeowner,how_to_installation_demo,2022-08-07 19:06:07+00:00,2022
wM6HBg9-6rA,0.0,0.0033654278052109676,0.010298139314741129,0.0,0.23422621215409525,0.29337133374817975,0.012392729868801836,0.0,0.0,0.0,0.28151934569677034,0.16140411830259563,0.0034226931096051436,0.0,0.0,0.0,3,6,11,"Praise, gratitude and social endorsement",0.29337133374817975,0.28151934569677034,0.011851988051409412,4.441908646830278,installer_tradesperson,how_to_installation_demo,2023-10-01 06:33:29+00:00,2023
wMROZ_LL-8U,0.13572693391626217,0.003556365578953058,0.1653173325444442,0.004799256249748125,0.011991028142450597,0.0906516928421781,0.042263902843989065,0.008673051203026945,0.11111276377496364,0.10796420834854911,0.01493572363002244,0.013510997525145134,0.15599200488930234,0.011268749654971032,0.04603779436038289,0.07619819449561116,14,3,13,Clarification and specification questions,0.1653173325444442,0.15599200488930234,0.009325327655141852,10.41786408326617,diy_renovator_homeowner,how_to_installation_demo,2021-03-29 10:02:46+00:00,2021
wN34zF7e4J8,0.2531008992960927,0.019688264854023214,0.03608234360962212,0.04097038795889259,0.07990030390002499,0.03604036566357156,0.03142919426701559,0.11223631885130718,0.046550993051614066,0.031015274341767297,0.03130736608405542,0.0745040997628261,0.08843538607131003,0.0053653789483808535,0.017719758055001887,0.09565366528449444,182,1,8,Situated household retrofit experience and building context,0.2531008992960927,0.11223631885130718,0.1408645804447855,11.503873721013576,training_educational,practical_advice_explainer,2021-03-14 14:00:30+00:00,2021
wOCyJNshhc4,0.0,0.008548786389746753,0.07864220004415248,0.183118241707067,0.0,0.0284951406406542,0.0,0.01467758440545508,0.0,0.25145972599389826,0.0,0.20632610908664614,0.1981971613353062,0.016413207215194275,0.014121843181879597,0.0,3,10,12,"Implementation follow-up, outcomes and retrospective questions",0.25145972599389826,0.20632610908664614,0.04513361690725212,6.271821934233878,builder_contractor,how_to_installation_demo,2023-07-10 02:02:56+00:00,2023
wWWfFER9Spw,0.1165591368434098,0.021879626338147804,0.12277828558057177,0.06581564745242044,0.14612239277192993,0.03945525591928564,0.0294482496234475,0.04923831981725909,0.05713068195534907,0.03972022948633199,0.01289470185011865,0.06379569494357601,0.12298471735214024,0.01373938945437341,0.033199851795792774,0.06523781881584585,43,5,13,Heat pumps and heating systems,0.14612239277192993,0.12298471735214024,0.023137675419789686,12.968381104768941,installer_tradesperson,how_to_installation_demo,2022-03-02 01:49:24+00:00,2022
wfGiFknIxOQ,0.054972153962302456,0.0,0.04118748836697132,0.002919802199803209,0.010058867826895492,0.10820965619249275,0.1480580618842898,0.2635422479402432,0.06649772213367693,0.1300691955808876,0.05269614449452075,0.002545149085602321,0.08851137402900701,0.014997729074146598,0.0,0.015734407229160485,6,8,7,"Solar PV, batteries and power systems",0.2635422479402432,0.1480580618842898,0.11548418605595343,8.915578716939766,installer_tradesperson,how_to_installation_demo,2025-03-18 07:00:42+00:00,2025
wjJbxVc2Wdg,0.12230063054767798,0.0023820979738533614,0.040068844129129026,0.03130676258709017,0.2586477576338416,0.005490354578603475,0.03413546501695279,0.06019821593613259,0.049002499421181546,0.021430102800538458,0.041288440972182566,0.13225329451480727,0.020937490478801574,0.01509284635443503,0.004647580335704614,0.16081761671906797,13,5,16,Heat pumps and heating systems,0.2586477576338416,0.16081761671906797,0.09783014091477366,9.62059798706194,training_educational,practical_advice_explainer,2022-07-13 15:39:35+00:00,2022
wlAmf-9Na1w,0.05013819783950558,0.008789870030204497,0.0022166878217373424,0.0,0.0,0.001203295054771171,0.3609909857558345,0.3778402639558727,0.06288445603670793,0.03633076781794475,0.002312098267287733,0.0,0.012505543352472878,0.042361078097492566,0.04242675597016836,0.0,1,8,7,"Solar PV, batteries and power systems",0.3778402639558727,0.3609909857558345,0.01684927820003823,4.8554413053921746,installer_tradesperson,how_to_installation_demo,2025-04-27 08:00:58+00:00,2025
wnnwGVBwwvQ,0.15180745583235397,0.0018845258565652273,0.05732145855473236,0.02832043094726791,0.32382346434781367,0.032574841120785306,0.040952389377585635,0.12578997291232297,0.05814186822736323,0.01706842783732243,0.021750526313806477,0.031169561582627868,0.022353146388383125,0.01939244860731678,0.006365957796685478,0.061283524297067564,231,5,1,Heat pumps and heating systems,0.32382346434781367,0.15180745583235397,0.1720160085154597,9.22689081917915,installer_tradesperson,practical_advice_explainer,2025-10-30 19:01:06+00:00,2025
wosTOl-YVy8,0.1842783686423978,0.17196168408824097,0.10150587932420556,0.07133441696984313,0.01036468487350949,0.023328798698628316,0.026302833025315775,0.06910438837008305,0.050817530631831156,0.0294137480904665,0.021537030633284267,0.009449417668250104,0.06829249457275754,0.009193231034975437,0.012940730394769962,0.14017476298144094,23,1,2,Situated household retrofit experience and building context,0.1842783686423978,0.17196168408824097,0.012316684554156826,10.916489112324243,diy_renovator_homeowner,project_walkthrough,2025-10-03 15:03:49+00:00,2025
x4-17FHfJ6k,0.020386855538651334,0.0,0.007836821610165925,0.6564692917524603,0.0,0.2601252930814163,0.0,0.0,0.0,0.0027208619949961647,0.0001778739988163503,0.015883534609615987,0.0,0.03639946741387765,0.0,0.0,1,4,6,"Implementation, cost and how-to questions",0.6564692917524603,0.2601252930814163,0.396343998671044,2.5803981203068576,installer_tradesperson,practical_advice_explainer,2022-12-16 14:05:28+00:00,2022
x6p1BW_m3wg,0.08370756016605,0.0,0.1518827444155663,0.16982757811882715,0.0004438072536908087,0.02586844649612522,0.0,0.00040521957139489094,0.03661537770804827,0.32299366861229306,0.0036619904351642843,0.15397813089495585,0.02185730636683587,0.009454459386400549,0.006892752544009162,0.012410958030638687,5,10,4,"Implementation follow-up, outcomes and retrospective questions",0.32299366861229306,0.16982757811882715,0.1531660904934659,6.734693948377833,installer_tradesperson,how_to_installation_demo,2021-08-21 20:08:50+00:00,2021
x9WHZ-S7tc0,0.15558019069979317,0.008047065930146598,0.015257790314405448,0.06859397061086127,0.18451997687845342,0.13580208915328035,0.047131997258098815,0.0661307362967493,0.06584693380412188,0.02245526659883872,0.005872685407871111,0.0331692821689042,0.0435776030685072,0.014801895610452507,0.023617992232060948,0.1095945239674551,9,5,1,Heat pumps and heating systems,0.18451997687845342,0.15558019069979317,0.02893978617866025,11.242170386641575,installer_tradesperson,how_to_installation_demo,2023-03-24 12:38:52+00:00,2023
xERQU7rgNsU,0.08263649220452818,0.3091684788117822,0.0213817446593298,0.0,0.0,0.002733959289634859,0.1808719776211141,0.0,0.003441413997717651,0.0,0.0,0.1160234782579785,0.1577680189990118,0.010477410508292281,0.0018181292274359064,0.1136788964231747,5,2,7,Spray foam and foam insulation,0.3091684788117822,0.1808719776211141,0.12829650119066813,6.320401371844356,builder_contractor,how_to_installation_demo,2024-11-27 22:00:38+00:00,2024
xGgVv_f7NzY,0.15600100645782192,0.0004451195976445756,0.03399302200022413,0.04168727102817386,0.3186394843196045,0.05872541324268867,0.04352492137351803,0.06236488434334808,0.06595085442181975,0.017734217897489683,0.009929845149283812,0.028075063798407806,0.007321829699537744,0.029383105910568832,0.0037344402047034706,0.1224895205551651,22,5,1,Heat pumps and heating systems,0.3186394843196045,0.15600100645782192,0.16263847786178257,8.986320714767272,installer_tradesperson,practical_advice_explainer,2025-09-14 18:00:53+00:00,2025
xGjI0fhiy5E,0.004205024954302072,0.0,0.00036450975680159145,0.007583729319082291,0.025298167420000336,0.0004874108848969174,0.0,0.0,0.2914279501160433,0.0,0.2932549011294499,0.2606732890198524,0.10115321312002236,0.002711540705308704,0.0,0.012840263574240214,1,11,9,"Product sourcing, access and location questions",0.2932549011294499,0.2914279501160433,0.0018269510134066302,4.631529868407634,installer_tradesperson,how_to_installation_demo,2025-05-13 09:25:17+00:00,2025
xGzVc6H-70A,0.09687884449524782,0.009129848583739655,0.051146655742475816,0.0032456811876343957,0.02169560978977454,0.1519657706286753,0.053193352183593424,0.03830531576970752,0.05804844458286065,0.2447671676087699,0.014195741704067809,0.007537268003644434,0.011397784649082032,0.15933061724591902,0.04701609850843791,0.0321457993163698,6,10,14,"Implementation follow-up, outcomes and retrospective questions",0.2447671676087699,0.15933061724591902,0.08543655036285089,9.924342736486528,training_educational,how_to_installation_demo,2025-04-07 19:10:26+00:00,2025
xILw0b-tOT0,0.09173694047288757,0.10348279142946612,0.02946536413060375,0.02827381126064868,0.030966749649107762,0.020257197289825196,0.006685367772643207,0.02483838624103062,0.042551730831226424,0.008549163118921921,0.022364468664942454,0.11149863839088169,0.2895665678755104,0.008990379369750685,0.06708335844979213,0.11368908505276146,29,13,16,"Wall, cavity and floor insulation",0.2895665678755104,0.11368908505276146,0.17587748282274893,10.021434265583963,installer_tradesperson,how_to_installation_demo,2025-08-23 14:01:24+00:00,2025
xJEgmqL7tjE,0.10495838340736968,0.0,0.0013767902755577547,0.0,0.016968403257277335,0.09245307962529001,0.24283044074286841,0.020171841180509603,0.0,0.0032699339479383633,0.23503558808924116,0.0,0.22583039774384314,0.03247698737591996,0.010837230778500842,0.013790923575683773,2,7,11,"Alternative methods, challenges and ""why"" questions",0.24283044074286841,0.23503558808924116,0.0077948526536272544,6.500701543946208,installer_tradesperson,how_to_installation_demo,2021-06-25 17:42:51+00:00,2021
xORiMzpE8U0,0.12830040874036083,0.003060561285457209,0.0,0.33995309142294294,0.0,0.0,0.06215113940230575,0.0,0.03214353841890164,0.0,0.002439225938640249,0.017710426368569804,0.008500530804450868,0.0040345364537837675,0.0,0.40170654116458687,1,16,4,"Prospective choices, recommendations and alternatives",0.40170654116458687,0.33995309142294294,0.06175344974164393,4.2476755010591045,installer_tradesperson,how_to_installation_demo,2022-05-30 00:56:40+00:00,2022
xOUBlKTynes,0.14661837643483677,0.001976797561609711,0.056623302544393975,0.04351761892831177,0.21487107220503673,0.05636884287952058,0.03814669124072334,0.06036699554432297,0.08087642750731212,0.05284302997098191,0.015866065315603944,0.037135852259875965,0.07391658836970962,0.023723222634229525,0.007062465137230428,0.09008665146630064,70,5,1,Heat pumps and heating systems,0.21487107220503673,0.14661837643483677,0.06825269577019996,11.696692427998467,installer_tradesperson,how_to_installation_demo,2023-12-10 07:00:30+00:00,2023
xOp8Fn38rnc,0.08683987083360568,0.0008867868108539182,0.020592186318294892,0.13957331077436347,0.0,0.04049205878591732,0.043837787775759855,0.006116776647263558,0.0,0.0015011158453756828,0.022127730930446503,0.1864610712486912,0.06940291026863232,0.012734712231545927,0.24792928020827035,0.12150440132097928,10,15,12,Vapour barriers and moisture control,0.24792928020827035,0.1864610712486912,0.061468208959579135,8.341150886373962,installer_tradesperson,how_to_installation_demo,2024-11-24 16:45:04+00:00,2024
xStn7GV0PSk,0.1668716154317882,0.012958980572375496,0.027144543427503016,0.043622141706784204,0.06279677780367454,0.08760622351850415,0.03002760877662459,0.026758885091232802,0.1604310927940477,0.04320211477291837,0.006000955061305131,0.011174506157044056,0.010629396579505922,0.24879580440687962,0.01839077829177306,0.04358857560803913,13,14,1,Thermostat wiring and smart heating controls,0.24879580440687962,0.1668716154317882,0.08192418897509143,9.910587279335896,installer_tradesperson,how_to_installation_demo,2023-01-28 23:18:52+00:00,2023
xWRLCWmqT50,0.06907688706599577,0.014303255650791838,0.06995076410909276,0.046022874039852175,0.009140485787528057,0.09465274732582789,0.041142367979695116,0.026352046079801617,0.05066470803138096,0.023504699604056004,0.02017448188151559,0.22616002027799828,0.11780927255784723,0.004822771160364066,0.1279164695859716,0.058306148862281006,304,12,15,Roof and attic ventilation and airflow,0.22616002027799828,0.1279164695859716,0.09824355069202667,11.323844275662827,builder_contractor,practical_advice_explainer,2024-11-05 16:00:50+00:00,2024
xZjDGOmWkc4,0.14732806855201414,0.013568283348160546,0.0,0.0,0.0,0.0620599404700789,0.008225792182864136,0.01545825445762726,0.0781736470542105,0.0015280370088671521,0.13592170624271038,0.09518965674694252,0.2682408612784963,0.005937239443935636,0.02416546022771348,0.14420305298637903,5,13,1,"Wall, cavity and floor insulation",0.2682408612784963,0.14732806855201414,0.12091279272648214,7.9554166737985765,installer_tradesperson,problem_warning_mistakes,2024-01-30 16:19:55+00:00,2024
xcAwujfTN64,0.13179074588442038,0.011660065305372403,0.13734002263304984,0.03132687607551481,0.0024802725553757588,0.03743674186249586,0.07230958322558435,0.21092902349588383,0.07499486970984608,0.025249955984837306,0.07382963062042157,0.0688929466021999,0.009057518699567198,0.03169214636555891,0.00947247746056188,0.07153712351930995,80,8,3,"Solar PV, batteries and power systems",0.21092902349588383,0.13734002263304984,0.07358900086283399,11.077038234148112,installer_tradesperson,how_to_installation_demo,2023-06-12 01:54:28+00:00,2023
xc_BbbMi1cg,0.14085835794810764,0.026437773924572444,0.056083537084121574,0.06027512156542379,0.15438717142744623,0.03601297991801853,0.05446042645266678,0.10295650610363748,0.06366901492325153,0.06036826502192307,0.03450651128151522,0.04309388401454442,0.040379901654656165,0.00951320173892169,0.01912887984993099,0.09786846709126244,152,5,1,Heat pumps and heating systems,0.15438717142744623,0.14085835794810764,0.013528813479338597,13.160580929158465,diy_renovator_homeowner,practical_advice_explainer,2022-06-03 20:00:25+00:00,2022
xctcko4E5OM,0.20039171456636728,0.007746866064975068,0.00449898313654398,0.07903019292039647,0.014182162539576418,0.010106811073795534,0.12362961618284829,0.005731662698754504,0.01564880432369319,0.26391620778982033,0.007017209371132927,0.10454848773551434,0.03760544799339325,0.0005050239551810729,0.04864603546429605,0.07679477418371128,6,10,1,"Implementation follow-up, outcomes and retrospective questions",0.26391620778982033,0.20039171456636728,0.06352449322345305,8.485556520645773,installer_tradesperson,how_to_installation_demo,2026-06-21 10:04:34+00:00,2026
xdHIUnS3Htg,0.20895203401492587,0.010895679724317533,0.21479083992321088,0.051104373910011526,0.004578290169262334,0.0964349197503573,0.018985995522779214,0.02304759135186837,0.010791424178446479,0.08028300254101223,0.006269646348107535,0.03339214718578423,0.2056430065196709,0.00972077009846743,0.011360244790009194,0.013750033971768934,10,3,1,Clarification and specification questions,0.21479083992321088,0.20895203401492587,0.005838805908285005,8.566652226044795,diy_renovator_homeowner,project_walkthrough,2026-03-08 17:35:28+00:00,2026
xhPrhooeyz4,0.0,0.0,0.029282393964612255,0.015372902830961904,0.033478133382446075,0.19201990451642348,0.0,0.0,0.0,0.03925761179810312,0.023742834489201392,0.0,0.36351308736877425,0.09772314244462754,0.0918741037094683,0.11373588549538177,1,13,6,"Wall, cavity and floor insulation",0.36351308736877425,0.19201990451642348,0.17149318285235077,6.525838279472152,installer_tradesperson,how_to_installation_demo,2019-06-13 14:45:31+00:00,2019
xhuGW-umeC8,0.15286225161783443,0.003167980263610925,0.19091923864113605,0.1193373240292091,0.12764288426070464,0.05189495492397817,0.043302398104949756,0.06261422456520652,0.04426061612313566,0.013654084389669032,0.006579574630636187,0.022556996544889674,0.002793622950968658,0.06863408193803562,0.006706099717647447,0.08307366729838818,43,3,1,Clarification and specification questions,0.19091923864113605,0.15286225161783443,0.038056987023301625,10.55549213620325,training_educational,practical_advice_explainer,2020-11-02 23:00:18+00:00,2020
xlK4O-wDUZ4,0.0,0.0,0.0,0.0,0.0,0.0,0.0,0.0,0.0,0.0,0.5618369250324858,0.0,0.0,0.4381630749675141,0.0,0.0,1,11,14,"Product sourcing, access and location questions",0.5618369250324858,0.4381630749675141,0.12367385006497172,1.9847241840586136,installer_tradesperson,how_to_installation_demo,2025-05-25 20:18:00+00:00,2025
xrCNfNFRW04,0.14958844631801682,0.003456037166814622,0.08410180181729623,0.07001713212103058,0.10689219843528662,0.10960043007067317,0.04436140016084892,0.08650640797495864,0.0439978039992493,0.07334581640559298,0.026703077653643534,0.032490912932020076,0.014819963324386242,0.04115839940582769,0.006915685731403534,0.10604448648295105,62,1,6,Situated household retrofit experience and building context,0.14958844631801682,0.10960043007067317,0.03998801624734365,12.586730156617147,installer_tradesperson,how_to_installation_demo,2023-09-21 21:32:01+00:00,2023
xuuPzrwoj_A,0.13969295239127458,0.0,0.14423790354130975,0.0,0.22272160545986414,0.0,0.025481088077143114,0.0,0.024223296392134847,0.007293000736447608,0.0026416791771497706,0.15095472338275506,0.11670546212079949,0.0,0.015146096764856393,0.1509021919562653,2,5,12,Heat pumps and heating systems,0.22272160545986414,0.15095472338275506,0.07176688207710907,7.455049561350029,installer_tradesperson,how_to_installation_demo,2023-06-16 12:00:48+00:00,2023
xxo4Ugx7Yb4,0.33451718640789757,0.2684192371417022,0.0023238553296390124,0.0071518699379183315,0.013900480010561161,0.0715664166865412,0.0,0.02261529755367561,0.08986655652235587,0.0,0.10804959994010088,0.0,0.008089901602592145,0.07349959886701597,0.0,0.0,3,1,2,Situated household retrofit experience and building context,0.33451718640789757,0.2684192371417022,0.06609794926619539,5.99199147727022,builder_contractor,problem_warning_mistakes,2023-09-14 11:16:08+00:00,2023
y-ah3IlaiwE,0.1174595489066532,0.003393987127887337,0.0,0.4656896447649069,0.14662152837133557,0.0,0.025867878023468426,0.0,0.0,0.0034311395756476243,0.0,0.19478274047913074,0.0,0.030781130795542046,0.011972401955428228,0.0,2,4,12,"Implementation, cost and how-to questions",0.4656896447649069,0.19478274047913074,0.27090690428577613,4.486294190664194,diy_renovator_homeowner,how_to_installation_demo,2025-09-19 13:56:46+00:00,2025
y-hTezLY-PI,0.1627981333485784,0.00016143341685410448,0.1428201964721346,0.06634169966276394,0.04608833470984252,0.17579406605809464,0.008017589844504017,0.0,0.20764799799788103,0.05112637529784776,0.0,0.009398830981480599,0.0018379497406805913,0.08091280941338211,0.003401738358181053,0.04365284469777466,9,9,6,Performance checking and troubleshooting,0.20764799799788103,0.17579406605809464,0.03185393193978639,8.451404927351353,installer_tradesperson,how_to_installation_demo,2023-12-20 16:44:06+00:00,2023
y3g4Vpec1_M,0.18490379452906738,0.0053149059902739765,0.018178526703961452,0.10749659800404641,0.010410933804742513,0.06638757112161346,0.0035311192524721297,0.005182756788335447,0.08645621344439981,2.4276843984378186e-05,0.0073104098276046605,0.04183325434088231,0.39180821097225044,0.009859365638831436,0.0501265179701191,0.011175544767415141,8,13,1,"Wall, cavity and floor insulation",0.39180821097225044,0.18490379452906738,0.20690441644318305,6.8271483075290895,builder_contractor,how_to_installation_demo,2023-07-13 14:47:45+00:00,2023
y957ztcy6ik,0.41188157100683725,0.03606643164409026,0.0029165386358729335,0.008078776479396449,0.043731824666773195,0.0007909738159787546,0.20945439114976921,0.005817634428012409,0.1525008613127786,0.04103802893552023,0.0,0.0,0.0,0.006763099224135362,0.0809598687008354,0.0,2,1,7,Situated household retrofit experience and building context,0.41188157100683725,0.20945439114976921,0.20242717985706804,5.452953592398969,diy_renovator_homeowner,how_to_installation_demo,2025-02-06 23:34:56+00:00,2025
yABGViMgD5A,0.15267260265089286,0.006600366301316712,0.08222134571515242,0.03754921031084443,0.03158559951695303,0.019026891390602384,0.11794870139817733,0.053153728353751005,0.07747583708964156,0.09319877247936136,0.03360903393549005,0.07036305070202634,0.09347503413578644,0.04762732938479854,0.03561989472267896,0.04787260191252661,86,1,7,Situated household retrofit experience and building context,0.15267260265089286,0.11794870139817733,0.03472390125271553,13.360198741533246,installer_tradesperson,how_to_installation_demo,2024-12-12 03:27:11+00:00,2024
yAa_Qu0QtyY,0.1679054004039024,0.007418996970682395,0.10829575056085941,0.08728051104096506,0.12560011845216473,0.02295572819391369,0.0,0.24107066695705787,0.029969282854309137,0.04755470185052824,0.019845771383200622,0.036343170518527146,0.005805758853455724,0.021845474017453376,0.0012733843109363281,0.07683528363204391,10,8,1,"Solar PV, batteries and power systems",0.24107066695705787,0.1679054004039024,0.07316526655315547,9.459701366725701,training_educational,how_to_installation_demo,2026-06-11 22:00:17+00:00,2026
yI1M0EyIcWo,0.08131111786992272,0.0,0.16291124564220927,0.2942220209229835,0.0365383986094415,0.029967714965827792,0.08166494309076489,0.05038322188906193,0.07650169564889178,0.06314102467644978,0.018571671504352925,0.021764724051978337,0.0009774990203296923,0.06735395972087746,0.0003617168422241909,0.014329045544684223,20,4,3,"Implementation, cost and how-to questions",0.2942220209229835,0.16291124564220927,0.13131077528077423,9.219861460439166,installer_tradesperson,how_to_installation_demo,2023-05-30 19:13:40+00:00,2023
yJNgUldrIkc,0.05777147934294318,0.010562966151378589,0.07803800450183278,0.06493692129079849,0.0012368068444671922,0.0061861016862716,0.04534032211148996,0.008507169048053756,0.04466049172532922,0.014942674719802861,0.0028641821963388716,0.16391384672368922,0.26684280897503515,0.022858698016286535,0.10566116515421507,0.10567636151206754,14,13,12,"Wall, cavity and floor insulation",0.26684280897503515,0.16391384672368922,0.10292896225134593,9.380646706704859,diy_renovator_homeowner,how_to_installation_demo,2024-10-09 17:36:35+00:00,2024
yN_pWyBA3TY,0.14318493430465526,0.14931894442955948,0.003381169510917475,0.0011670831476883537,0.0,0.09897916925429728,0.03557181794233932,0.0039386797335787095,0.1356300684667928,0.022927034828705086,0.21781932024637587,0.11433367403999427,0.016084556015095067,0.0,0.010850734623273175,0.046812813456727824,6,11,2,"Product sourcing, access and location questions",0.21781932024637587,0.14931894442955948,0.0685003758168164,8.628402630368315,installer_tradesperson,how_to_installation_demo,2024-02-10 19:29:50+00:00,2024
yO8U_3mgbK8,0.18518794416311973,0.0023162963621302865,0.13109133273366672,0.007021773775033809,0.018994412840545073,0.09698561135444199,0.1353359158652873,0.21682612808700796,0.06342776206780047,0.022543041157829014,0.0047255301866661594,0.022551593828771404,0.02306949608642355,0.01291336137954698,0.029948946114404445,0.027060853997325107,13,8,1,"Solar PV, batteries and power systems",0.21682612808700796,0.18518794416311973,0.03163818392388823,9.471929978101867,installer_tradesperson,how_to_installation_demo,2023-06-11 01:46:57+00:00,2023
yPCNeR-z5vM,0.050617486229488105,0.0,0.011796520817944451,0.03780832922842074,0.0,0.0,0.0,0.0,0.0,0.7023619891366648,0.0086831257336014,0.18146583609622424,0.0,0.0,0.0,0.0072667127576562995,1,10,12,"Implementation follow-up, outcomes and retrospective questions",0.7023619891366648,0.18146583609622424,0.5208961530404406,2.617119718146519,diy_renovator_homeowner,project_walkthrough,2022-11-26 20:16:32+00:00,2022
yV2Jv3fPq9k,0.19773962252532268,0.04713323492475092,0.049787107282385445,0.03872143829366703,0.03645995663420336,0.10118879112551223,0.03697083208567501,0.030506880668364583,0.04300538165723297,0.03824749632673619,0.03508282870067429,0.15164103055922054,0.08894787720540301,0.016947927054951843,0.02921205913274914,0.05840753582315082,175,1,12,Situated household retrofit experience and building context,0.19773962252532268,0.15164103055922054,0.04609859196610214,12.65177591712607,diy_renovator_homeowner,problem_warning_mistakes,2024-01-18 18:15:42+00:00,2024
yVAtlt-YPYs,0.017272792653708863,0.009860981986962105,0.386410275618516,0.33084844307762074,0.0,0.00564490067999301,0.004387153847253206,0.025359782183455994,0.0018881079142842568,0.003546456210490014,0.0056061699283881114,0.14449467507459718,0.023936585809195055,0.009729965333221948,0.029433221496570863,0.0015804881857425892,3,3,4,Clarification and specification questions,0.386410275618516,0.33084844307762074,0.05556183254089525,4.87475879474483,installer_tradesperson,how_to_installation_demo,2023-07-13 19:46:17+00:00,2023
yeB1kChoODM,0.07889376788833259,0.0034179692195676326,0.12098363138497928,0.0,0.0,0.0017679327782723138,0.02862261171155032,0.055566692818637596,0.033319293975932154,0.015964211025894327,0.08798153418093219,0.24872730716510114,0.2814876819108079,0.007352790648146275,0.03591457529184634,0.0,5,13,12,"Wall, cavity and floor insulation",0.2814876819108079,0.24872730716510114,0.03276037474570678,7.393222884084569,installer_tradesperson,practical_advice_explainer,2024-02-04 03:20:47+00:00,2024
yet8iiCtbsw,0.01907296445611733,0.0,0.11462597037593754,0.0024229683209605088,0.021632361283563207,0.017339398696379696,0.020591126275477885,0.07387246378279667,0.08348526889924476,0.11721134924454836,0.20430033856720373,0.025308309985131155,0.013516260740886181,0.19711630126388735,0.015467312200424188,0.07403760590744143,8,11,14,"Product sourcing, access and location questions",0.20430033856720373,0.19711630126388735,0.007184037303316376,9.73419662859632,installer_tradesperson,how_to_installation_demo,2024-11-27 11:43:28+00:00,2024
ygb4hqu0A2E,0.18561663833941663,0.0005645064014578118,0.03789390622034713,4.355589299846249e-05,0.060932451589974866,0.0,0.028286638577056787,0.005502915963918739,0.12045452592692216,0.008718424732668175,0.03310721705126666,0.4610400702018028,0.031687835161391766,0.00366054476406069,0.0,0.02249076917671732,7,12,1,Roof and attic ventilation and airflow,0.4610400702018028,0.18561663833941663,0.27542343186238616,5.599024458538226,builder_contractor,how_to_installation_demo,2023-09-29 21:01:07+00:00,2023
ygdC9eB-QEw,0.06864017986767533,0.0058451674287704775,0.03060662891700151,0.03148555440632448,0.013332430974855486,0.10364019119063086,0.014359737248799078,0.011631975622141045,0.03918261277441303,0.005880730309907713,0.013528880914598616,0.2833031949686304,0.1345149459757785,0.006410171044914414,0.17713433449548327,0.060503263860075776,39,12,15,Roof and attic ventilation and airflow,0.2833031949686304,0.17713433449548327,0.10616886047314711,8.899186057526702,builder_contractor,how_to_installation_demo,2022-08-21 19:33:23+00:00,2022
yhDX3hHrCo4,0.09703804219887475,0.006825325836928202,0.12555222911094807,0.004469988493330349,0.029729721178673358,0.09266134615597249,0.010879995693930741,0.04730631641594786,0.06553920473660169,0.0057630888717873545,0.01685002991319234,0.012967636212155648,0.05477641900209115,0.34396070328943157,0.027708012750204746,0.05797194013992971,9,14,3,Thermostat wiring and smart heating controls,0.34396070328943157,0.12555222911094807,0.2184084741784835,8.914474543044559,installer_tradesperson,how_to_installation_demo,2024-10-30 07:38:03+00:00,2024
yiov8ZpIF2U,0.0,0.0,0.0,0.0,0.0,0.0,0.0,0.0,0.0,0.0,1.0,0.0,0.0,0.0,0.0,0.0,1,11,16,"Product sourcing, access and location questions",1.0,0.0,1.0,1.0,diy_renovator_homeowner,problem_warning_mistakes,2024-09-20 14:45:59+00:00,2024
ykKwmSqpznM,0.11768873520399721,0.0791878956290795,0.03809171163890592,0.049160697460505845,0.007847273989882806,0.031038417922186843,0.007869769105829092,0.020612520634598962,0.03959246368757472,0.07639718735752225,0.012675763808943525,0.28791049541078695,0.12062177423037332,0.036318654824503145,0.035044282708464054,0.03994235638684586,23,12,13,Roof and attic ventilation and airflow,0.28791049541078695,0.12062177423037332,0.16728872118041363,10.474639164886481,diy_renovator_homeowner,how_to_installation_demo,2022-11-17 16:27:48+00:00,2022
ynFQ9yPRitc,0.2534394365787694,0.0,0.023594743437013312,0.0,0.02585014461729763,0.0,0.07585196822501838,0.01996436521827223,0.0,0.3051123472279204,0.0012019301746890249,0.26440710767690584,0.0005059972462431954,0.029117754166310322,0.0,0.0009542054315602794,3,10,12,"Implementation follow-up, outcomes and retrospective questions",0.3051123472279204,0.26440710767690584,0.04070523955101457,5.155092485846013,diy_renovator_homeowner,how_to_installation_demo,2022-01-25 19:46:46+00:00,2022
yq-FAP0iIjU,0.2048998397720159,0.009465955041061649,0.11587687050234924,0.44295627751534133,0.008542156344859646,0.08234897723698947,0.0,0.06502195975106803,0.0,0.009175146850128012,0.0,0.0,0.029778706173454742,0.0,0.0,0.03193411081273205,2,4,1,"Implementation, cost and how-to questions",0.44295627751534133,0.2048998397720159,0.23805643774332544,5.26471117871026,builder_contractor,how_to_installation_demo,2026-06-26 15:00:28+00:00,2026
yqDOLyL3-tA,0.1750583920931905,0.0030178598119829135,0.07675162763475583,0.07569711984414798,0.07056412468491449,0.06474271204846954,0.046887844710424294,0.043087992525533476,0.1105021229010109,0.03017412577892114,0.011388954995146578,0.005427795459545675,0.008713982847713707,0.23140329014679212,0.0089540839090944,0.03762797060835649,36,14,1,Thermostat wiring and smart heating controls,0.23140329014679212,0.1750583920931905,0.05634489805360163,10.30088307535587,installer_tradesperson,how_to_installation_demo,2022-08-18 17:00:36+00:00,2022
yrHjqOMAZno,0.11335233307438262,0.03173123803634542,0.05004526914997917,0.08695649824441119,0.012229144427863796,0.05987381433552482,0.04643377794784645,0.012921099723463505,0.02790650320776185,0.0007723836863658307,0.036605524380349544,0.12975943064912093,0.11139919043679555,0.009507652906643073,0.20081828606590424,0.06968785372724198,25,15,12,Vapour barriers and moisture control,0.20081828606590424,0.12975943064912093,0.0710588554167833,11.33532675052011,builder_contractor,practical_advice_explainer,2024-05-18 16:00:48+00:00,2024
yuxWDCRwIuc,0.16674030029237075,0.0018851036577175993,0.038221074358372936,0.04086907560248394,0.06362198607728428,0.181990366725105,0.03184027826297524,0.03688108273125065,0.0712085598970322,0.04292221740030135,0.016500251771483967,0.014074403125494293,0.009031054246613846,0.17868929245383705,0.005024475900308939,0.10050047749736793,166,6,14,"Praise, gratitude and social endorsement",0.181990366725105,0.17868929245383705,0.0033010742712679397,10.39684213685762,diy_renovator_homeowner,how_to_installation_demo,2021-01-02 18:56:25+00:00,2021
yz3TxnVeqoQ,0.25302404219517044,0.0,0.003362290073950125,0.030414201321095357,0.0,0.6018475583018308,0.04564520747017792,0.0,0.03532073078018118,0.020959082111553763,0.0,0.0,0.0,0.0035107471687882974,0.0,0.005916140577252022,1,6,1,"Praise, gratitude and social endorsement",0.6018475583018308,0.25302404219517044,0.34882351610666035,3.21839885443366,installer_tradesperson,practical_advice_explainer,2023-08-29 17:02:50+00:00,2023
z8k3cbiwsyQ,0.046438235595534276,0.0,0.32607523385844334,0.0,0.009664894809602004,0.027529070948587083,0.0007514842075230437,0.19755351123699402,0.0206872418841701,0.0036817790586152286,0.23011191282803398,0.0,0.04918029100128838,0.0016955889480320327,0.016021172255463602,0.07060958336771295,4,3,11,Clarification and specification questions,0.32607523385844334,0.23011191282803398,0.09596332103040936,6.226225538167791,diy_renovator_homeowner,how_to_installation_demo,2022-11-26 15:26:59+00:00,2022
z9Y8BxovmfY,0.20096986890586507,0.0,0.0,0.0,0.0,0.0,0.061686406822633086,0.0,0.08423094154680782,0.6189796134709459,0.0,0.001054736999337224,0.0078286627574853,0.02524976949692558,0.0,0.0,1,10,1,"Implementation follow-up, outcomes and retrospective questions",0.6189796134709459,0.20096986890586507,0.4180097445650808,3.11965965813096,installer_tradesperson,how_to_installation_demo,2024-06-14 06:30:21+00:00,2024
zDBu3OZjPoI,0.028421316305818678,0.0,0.49718882437046963,0.006248619289096183,0.004868073267807652,0.014811697118250044,0.006259019899117435,0.04056715951712228,0.0,0.013259109339042502,0.3564982143804514,0.0,0.0,0.019705520884527056,0.0,0.012172445628297198,2,3,11,Clarification and specification questions,0.49718882437046963,0.3564982143804514,0.14069060999001826,3.620043971059057,installer_tradesperson,practical_advice_explainer,2023-12-18 06:09:31+00:00,2023
zFi-z5lT-pQ,0.0,0.0,0.011209540131931798,0.0,0.0,0.24634555851407322,0.0,0.0,0.0,0.0,0.0,0.04116354170257939,0.0,0.009083740468834596,0.0,0.6921976191825809,1,16,6,"Prospective choices, recommendations and alternatives",0.6921976191825809,0.24634555851407322,0.4458520606685077,2.279942925909477,diy_renovator_homeowner,how_to_installation_demo,2023-01-16 14:08:24+00:00,2023
zG1MvJjih_0,0.13952800076518668,0.0071943168336141075,0.06082754033160008,0.08611184467964836,0.014215160445084167,0.003414949257803648,0.025369619295869845,0.08412953144143824,0.12721054636627657,0.2273821659521362,0.004073252003838158,0.011603651801521574,0.08450264596385501,0.0030691872697807257,0.005963713387207363,0.11540387420513928,7,10,1,"Implementation follow-up, outcomes and retrospective questions",0.2273821659521362,0.13952800076518668,0.08785416518694952,9.51232945873498,builder_contractor,how_to_installation_demo,2024-02-27 16:00:42+00:00,2024
zMpQ1IJ4bcw,0.0917005797686553,0.04716745763654063,0.08538750338365929,0.04976982356421148,0.004524780623420299,0.118629155547559,0.04647319827591484,0.011443177461255206,0.04493983993301205,0.012447249312026615,0.010673061446144239,0.023699581547519718,0.2573492628065966,0.020885392789628934,0.08757656285859686,0.08733337304525897,72,13,6,"Wall, cavity and floor insulation",0.2573492628065966,0.118629155547559,0.1387201072590376,10.817059834260782,training_educational,how_to_installation_demo,2022-06-06 14:25:43+00:00,2022
zPN0UVeJLtg,0.02836683969367397,0.00679529211782588,0.16922529202391928,0.0,0.0016276935865932709,0.007009273729881943,0.033151358992819666,0.018553828011057823,0.07771970181648606,0.24715230595512924,0.18295384099366008,0.0668113113071765,0.06453125004050353,0.00017951001732110312,0.06651832134423558,0.029404180369716062,2,10,11,"Implementation follow-up, outcomes and retrospective questions",0.24715230595512924,0.18295384099366008,0.06419846496146916,8.720382153595093,builder_contractor,how_to_installation_demo,2023-09-17 19:43:47+00:00,2023
zRdPLYCI6Cs,0.0998795032439546,0.08952442238891449,0.06135928766871024,0.028746384788484684,0.023627817106881405,0.10009923603975476,0.040150036997616795,0.01683566298687763,0.03348984097198302,0.053941429112240896,0.04126839262526315,0.18568571327623287,0.14406074294021204,0.008493855779881727,0.03431896051067114,0.03851871356232057,35,12,13,Roof and attic ventilation and airflow,0.18568571327623287,0.14406074294021204,0.04162497033602083,12.334321124562162,installer_tradesperson,how_to_installation_demo,2024-12-04 03:01:49+00:00,2024
zSxyUFLwFbc,0.20160251303386467,0.01047099456664142,0.05015019346323641,0.05287184073663302,0.08340886044406702,0.08359362376373308,0.020997855476135578,0.05086104671357424,0.034077252810290254,0.035256681668141505,0.027573434556830544,0.1988992013894927,0.042936708931813554,0.02265547658709715,0.01233864449459061,0.0723056713638582,111,1,12,Situated household retrofit experience and building context,0.20160251303386467,0.1988992013894927,0.0027033116443719585,11.494163726263176,diy_renovator_homeowner,problem_warning_mistakes,2024-12-21 13:20:57+00:00,2024
zVi2ltsJs8U,0.12513451122557,0.07240211371162504,0.0559237557251721,0.04782514325515156,0.027119952004504563,0.03119080284506447,0.09405073813163578,0.033092442628507586,0.0466539940081165,0.02514978729345953,0.018075793430653908,0.1925799759518642,0.0956046445554472,0.00445915939457994,0.05954329803079847,0.0711938878078491,67,12,1,Roof and attic ventilation and airflow,0.1925799759518642,0.12513451122557,0.0674454647262942,12.528485358465424,builder_contractor,how_to_installation_demo,2026-01-30 23:01:24+00:00,2026
zVr9sycn2fg,0.20100423500414263,0.004628832267508897,0.019136733156762762,0.035027887820393615,0.0011884399705276967,0.045633233414206796,0.033565629954162964,0.012171365828144778,0.012716214044213964,0.2344471826230852,0.0015057183550325282,0.03271700406242123,0.2049015530669703,0.008353531205539421,0.023863073290533613,0.12913936593635358,6,10,13,"Implementation follow-up, outcomes and retrospective questions",0.2344471826230852,0.2049015530669703,0.029545629556114894,8.104839365162283,installer_tradesperson,how_to_installation_demo,2021-08-30 13:30:08+00:00,2021
z_U5J9qwuZw,0.05256108864145469,0.0,0.4668095372378731,0.4589332860435449,0.0,0.0,0.0,0.0,0.0,0.0,0.0,0.011670253442580053,0.010025834634547346,0.0,0.0,0.0,2,3,4,Clarification and specification questions,0.4668095372378731,0.4589332860435449,0.007876251194328221,2.6273897010950535,installer_tradesperson,how_to_installation_demo,2022-10-20 19:15:03+00:00,2022
zaaaVfjdYnQ,0.16201918347290192,0.016163795345043027,0.020852922726608384,0.11185470885901247,0.0028246249398992994,0.08303833473305064,0.02851977864372858,0.014036829966011986,0.05453263486093471,0.02051378359677686,0.02164032623927427,0.35696377060151774,0.06083830574744226,0.015016734024108514,0.008384759873683008,0.022799506370006366,26,12,1,Roof and attic ventilation and airflow,0.35696377060151774,0.16201918347290192,0.19494458712861581,8.335542231306084,installer_tradesperson,how_to_installation_demo,2023-07-19 22:36:48+00:00,2023
zfV4t9TwnkE,0.23159614984292087,0.0,0.0036310706993518127,0.05594970687722659,0.2149940884078938,0.006808507173220431,0.005451157214505458,0.05627160343488562,0.00598136551378038,0.0,0.0014513882279771463,0.0,0.019056376119530292,0.38643945410593405,0.0,0.012369132382773507,5,14,1,Thermostat wiring and smart heating controls,0.38643945410593405,0.23159614984292087,0.15484330426301318,5.015835324856257,installer_tradesperson,how_to_installation_demo,2024-12-26 12:48:31+00:00,2024
zg9IM061rbU,0.11686644146999611,0.004145940582616927,0.09490368890100953,0.08544865096538941,0.018568346668399353,0.0302703282705124,0.033691926517013505,0.35014189408405666,0.06259099241696725,0.04125950484353913,0.02559138426211639,0.022397337251763776,0.01324136952338817,0.012266794222169423,0.009937110340765283,0.07867828968029664,253,8,1,"Solar PV, batteries and power systems",0.35014189408405666,0.11686644146999611,0.23327545261406055,9.114238842481729,diy_renovator_homeowner,how_to_installation_demo,2024-04-24 14:00:02+00:00,2024
zi1Mkt1Nc8s,0.032253641263799926,0.001662175800255284,0.04602502343900073,0.05436287519419738,0.0965611644505794,0.05431428537208917,0.038734993159464944,0.035594834175495,0.07014585174200401,0.020105352702603493,0.019501661680513586,0.02426373315973684,0.003735772533762429,0.4643049464282055,0.003678479071303114,0.0347552098269892,90,14,5,Thermostat wiring and smart heating controls,0.4643049464282055,0.0965611644505794,0.36774378197762614,7.362671883958744,diy_renovator_homeowner,how_to_installation_demo,2019-12-28 16:00:07+00:00,2019
zm3gQAwT3B0,0.15092891369480368,0.0,0.25988246497013506,0.0,0.039165036400496844,0.21090467431435458,0.04115058627558594,0.0,0.04321676882841628,0.0,0.0,0.0020571710900490195,0.0014894778200015026,0.18914117155649668,0.0,0.062063735049660396,1,3,6,Clarification and specification questions,0.25988246497013506,0.21090467431435458,0.04897779065578048,6.473348141019683,installer_tradesperson,how_to_installation_demo,2023-06-28 11:00:55+00:00,2023
zmYtFOSPx2o,0.17283960913800372,0.01571666405263476,0.05796628276072779,0.03754331713674748,0.021237804461962183,0.0733899228651658,0.02772878343621204,0.01577835817334062,0.037826853278131255,0.03457658191239608,0.02096627210355654,0.08095788690376188,0.3268719446169175,0.008362680907809929,0.015346148148610187,0.05289089010402226,357,13,1,"Wall, cavity and floor insulation",0.3268719446169175,0.17283960913800372,0.15403233547891376,9.442313851852687,builder_contractor,problem_warning_mistakes,2022-05-02 18:00:26+00:00,2022
znnpVnN5HFQ,0.21465446210518377,0.005855462060727138,0.006213212822869131,0.009016397811234375,0.3342607399976319,0.14836674794193475,0.0030339362928144837,0.017837315275375343,0.05907168193314474,0.012954373528707592,0.05364947028345582,0.00029662104209199,0.0011298321074773125,0.08736107084882443,0.014856548787025962,0.03144212716150129,4,5,1,Heat pumps and heating systems,0.3342607399976319,0.21465446210518377,0.11960627789244813,7.014130047829794,training_educational,practical_advice_explainer,2024-11-06 18:00:43+00:00,2024
zptJko9v2Rw,0.1411584501085752,0.07941562330045693,0.07190866622387274,0.05710255657428917,0.0014578150889179547,0.16977591086641794,0.09544817342001334,0.011405641214531258,0.050444638014338995,0.01150828172496924,0.013153828657495932,0.0456918463516522,0.10379866718758503,0.022497471302287686,0.014738651786305162,0.11049377817829124,16,6,1,"Praise, gratitude and social endorsement",0.16977591086641794,0.1411584501085752,0.028617460757842744,11.498353631739516,training_educational,how_to_installation_demo,2023-05-20 06:12:57+00:00,2023
zqBUl0o59fw,0.3638680277409508,0.007966450087043688,0.007818749592902739,0.02183465938107343,0.13437684818553897,0.036576886558145706,0.043439186085935465,0.13220788822402055,0.0910325952445373,0.029036050979487565,0.040562447221778514,0.0010445725219079074,0.0007742110837469513,0.05150899202758454,0.0,0.03795243506534589,5,1,5,Situated household retrofit experience and building context,0.3638680277409508,0.13437684818553897,0.22949117955541182,7.868215786131973,installer_tradesperson,how_to_installation_demo,2021-10-05 13:22:11+00:00,2021
zuAXatdlLCo,0.14473876926183826,0.0048824677448984725,0.025985580917557212,0.030755076481655447,0.1740409883058431,0.1032411983818351,0.03662647018167489,0.0389890936016772,0.03374516263376669,0.03443439974248265,0.0040278609743876325,0.011368779144534859,0.008864755488421949,0.27750542046600063,0.015812466430308366,0.05498151024311758,10,14,5,Thermostat wiring and smart heating controls,0.27750542046600063,0.1740409883058431,0.10346443216015752,9.209051137485027,installer_tradesperson,how_to_installation_demo,2024-12-04 15:01:13+00:00,2024
zwgSqwJb4wo,0.19598610230400992,0.0016294533012251463,0.11003044388850798,0.09193923569106371,0.23197107087401808,0.07759308660869926,0.027815881703554805,0.03250051195727079,0.034907818782532116,0.005087980129028925,0.024883296403517666,0.0603563138301199,0.01566513140621372,0.0502643307524585,0.0,0.03936934236777947,8,5,1,Heat pumps and heating systems,0.23197107087401808,0.19598610230400992,0.03598496857000816,9.860490679041769,training_educational,problem_warning_mistakes,2025-10-23 17:01:30+00:00,2025
zxPh7ekFqc4,0.06769927124241762,0.0055325264784116535,0.1751086578001489,0.044109823045703676,0.006307461289729399,0.017066923352141848,0.20968701483122926,0.09155130936730034,0.11414862965814279,0.029276065786608907,0.017966469967909834,0.011665090060145149,0.00750956628499459,0.12219589520038884,0.009732948647490573,0.07044234698723663,20,7,3,"Alternative methods, challenges and ""why"" questions",0.20968701483122926,0.1751086578001489,0.034578357031080365,9.999147406143784,installer_tradesperson,how_to_installation_demo,2025-01-04 16:47:14+00:00,2025
