video_id,topic_01_relative_weight,topic_02_relative_weight,topic_03_relative_weight,topic_04_relative_weight,topic_05_relative_weight,topic_06_relative_weight,topic_07_relative_weight,topic_08_relative_weight,topic_09_relative_weight,topic_10_relative_weight,topic_11_relative_weight,topic_12_relative_weight,topic_13_relative_weight,topic_14_relative_weight,topic_15_relative_weight,topic_16_relative_weight,modelled_comment_count,dominant_topic_number,secondary_topic_number,dominant_topic_label,dominant_relative_weight,secondary_relative_weight,dominance_margin,effective_topic_count,creator_type,video_type,_video_publication_date,publication_year,duration_minutes,view_count,like_count,api_comment_count,likes_per_1000_views,api_comments_per_1000_views,views_per_day,api_comments_per_day
-0vb6-7lOWw,0.0433455307754663,0.0039559495405045,0.1131990134542634,0.2181115877674508,0.0048346402631142,0.0065511439210747,0.0214902612274753,0.2563378287751608,0.1594904004890446,0.0215886287519467,0.0004113451459405,0.073676105343905,0.0009342431997487,0.0068945575229895,0.0262187797080957,0.0429599841138187,11,8,4,"Solar PV, batteries and power systems",0.2563378287751608,0.2181115877674508,0.0382262410077099,7.919516914130511,installer_tradesperson,how_to_installation_demo,2024-12-09 09:16:23+00:00,2024,0.3166666666666666,1540464,12149,101,7.886584821196731,0.065564661037194,2606.5380710659897,0.170896785109983
-2o5S8zfOVg,0.1987914110511016,0.0512626807826503,0.1357020064055701,0.0376994355425992,0.0320160599329626,0.0613404914993667,0.0495635996016531,0.0270316922034496,0.0362159727490263,0.0800977152998972,0.023008103484352,0.1454977842419051,0.0087543284650002,0.0170477696350368,0.0041474829790083,0.0918234661264202,87,1,12,Situated household retrofit experience and building context,0.1987914110511016,0.1454977842419051,0.0532936268091964,11.456014753827308,diy_renovator_homeowner,how_to_installation_demo,2023-06-02 13:00:00+00:00,2023,6.083333333333333,80386,666,249,8.28502475555445,3.097554300500087,70.08369659982563,0.2170880557977332
-H_ZQyxef_w,0.259334982161829,0.0536095590024488,0.0052259176878421,0.0585543537627054,0.0,0.0,0.0,0.0,0.0,0.0,0.0907999173372688,0.0,0.3861848752389678,0.0,0.1462903948089379,0.0,1,13,1,"Wall, cavity and floor insulation",0.3861848752389678,0.259334982161829,0.1268498930771388,4.792042235738991,installer_tradesperson,how_to_installation_demo,2023-02-01 21:46:58+00:00,2023,0.25,114872,539,10,4.692179121108712,0.0870534159760429,90.59305993690852,0.0078864353312302
-JM1bVBwzsw,0.0892575357577734,0.0004636213628227,0.016747868987519,0.0641749623335079,0.0,0.0148123515123996,0.0424352473984581,0.5791617753318145,0.0752964811066766,0.0030345041213074,0.0027876817122931,0.0785460418202897,0.0014989918278999,0.0204316975615843,0.0021220467219334,0.0092291924437198,6,8,1,"Solar PV, batteries and power systems",0.5791617753318145,0.0892575357577734,0.489904239574041,4.715507494044775,installer_tradesperson,how_to_installation_demo,2025-09-19 10:56:43+00:00,2025,24.53333333333333,7149,98,20,13.70821093859281,2.7975940691005734,23.286644951140065,0.0651465798045602
-OPjbjcthCA,0.0153704575252959,0.0,0.2708587892773217,0.1361341221393906,0.0,0.0856184639660362,0.0145473254155458,0.0,0.0,0.0,0.0012612611693822,0.0075869830090555,0.0,0.4680872404283248,0.0005353570696469,0.0,2,14,3,Thermostat wiring and smart heating controls,0.4680872404283248,0.2708587892773217,0.197228451151003,3.9204946866667543,installer_tradesperson,how_to_installation_demo,2023-09-13 16:30:01+00:00,2023,0.4166666666666667,65734,274,15,4.168314722974412,0.2281924118416649,62.96360153256705,0.014367816091954
-VJQLcU_YjU,0.1040487317750336,0.0048078922531856,0.0725605228393814,0.0392497514906043,0.3249276983709351,0.0902871541797851,0.0377823285160704,0.0423486098240577,0.0382892251319411,0.0077448910459877,0.0469853270811708,0.0166749180607741,0.0551632156409975,0.0300218184394073,0.0161749607052613,0.0729329546454064,31,5,1,Heat pumps and heating systems,0.3249276983709351,0.1040487317750336,0.2208789665959014,10.133669414353122,training_educational,practical_advice_explainer,2022-02-06 18:00:12+00:00,2022,4.783333333333333,53621,940,86,17.53044516141064,1.6038492381716118,32.936732186732186,0.0528255528255528
-Y0qNAhj4ik,0.3091773311477229,0.0033261970031232,0.0250337612272184,0.0707012605366492,0.0520319035566897,0.0065834017018152,0.0406032046657621,0.1719430280175079,0.0632424969558492,0.0341373822081201,0.0042966467315494,0.0,0.0,0.1065860233529346,0.0,0.1123373628950575,5,1,8,Situated household retrofit experience and building context,0.3091773311477229,0.1719430280175079,0.1372343031302149,7.9943725590322,installer_tradesperson,practical_advice_explainer,2023-04-30 21:00:00+00:00,2023,0.8333333333333334,20202,203,17,10.048510048510048,0.8415008415008415,17.120338983050846,0.0144067796610169
-k4kTEE3bS4,0.0286992861814779,0.0018380766418887,0.3178323379902321,0.0,0.0442730694410431,0.0009472759417315,0.0,0.0067999241320768,0.2341549560073478,0.0001831851498761,0.0119773744441364,0.145048231981997,0.0091240911499457,0.0,0.0208871311830549,0.1782350597551915,3,3,9,Clarification and specification questions,0.3178323379902321,0.2341549560073478,0.0836773819828842,5.8237906835060524,installer_tradesperson,how_to_installation_demo,2023-05-31 17:14:20+00:00,2023,0.2666666666666666,101601,439,12,4.320823613940807,0.1181090737295892,88.42558746736293,0.010443864229765
-l7CAxBeJ50,0.1536091477943525,0.0015177669612301,0.1209272499867711,0.1844956749962602,0.0285068882270813,0.077065522265472,0.035610812735539,0.1450462867710423,0.0874481834951514,0.0501003551381047,0.0097647196320387,0.0143029847460139,0.008063694832556,0.041436164906679,0.0036222543162748,0.0384822931954323,15,4,1,"Implementation, cost and how-to questions",0.1844956749962602,0.1536091477943525,0.0308865272019077,10.46648640777532,installer_tradesperson,how_to_installation_demo,2022-02-18 21:00:01+00:00,2022,7.983333333333333,31398,396,47,12.61226829734378,1.496910631250398,19.429455445544555,0.0290841584158415
-myHxDsrVqs,0.1537889582755792,0.0051713549538272,0.0003126849284933,0.0112363173610118,0.1894815512271882,0.0036964671557429,0.0144832517115269,0.0141638542682737,0.0,0.0056087433816836,0.0069657597180604,0.383103554712157,0.0950290513671202,0.0075520312883296,0.0473541734387041,0.0620522462123013,4,12,5,Roof and attic ventilation and airflow,0.383103554712157,0.1894815512271882,0.1936220034849688,6.261075511847588,builder_contractor,problem_warning_mistakes,2025-01-23 20:00:25+00:00,2025,0.4166666666666667,8717,41,20,4.703453022828954,2.2943673282092463,15.965201465201464,0.0366300366300366
-qXLU6xjwFQ,0.0562710352782509,0.0012052412480869,0.028085886209077,0.0760440027505742,0.0032439102077507,0.0701239633104059,0.0121894131233349,0.2965518627692012,0.197178736272949,0.103425108719138,0.0034696712741993,0.0179966952420454,0.0098607111387159,0.0770346571354249,0.0087167295055379,0.0386023758153072,9,8,9,"Solar PV, batteries and power systems",0.2965518627692012,0.197178736272949,0.0993731264962521,8.517969316498458,diy_renovator_homeowner,how_to_installation_demo,2024-05-23 15:00:00+00:00,2024,19.55,13137,102,41,7.764329755651976,3.1209560782522647,16.60809102402023,0.0518331226295828
-rIyo6bh9A4,0.0804324786955156,0.0088871591960089,0.0750970205993239,0.0474410179892798,0.0196591366226618,0.1840894860455482,0.0185919072242784,0.0095776652203629,0.0517561787228115,0.0158047321104002,0.0017948522114403,0.0878420805050379,0.3186972255121945,0.009851855282705,0.0475316466912393,0.0229455573711912,10,13,6,"Wall, cavity and floor insulation",0.3186972255121945,0.1840894860455482,0.1346077394666462,8.813590220203743,training_educational,how_to_installation_demo,2019-04-17 20:30:01+00:00,2019,6.95,157643,680,35,4.313543893480839,0.2220206415762196,59.39826676714393,0.0131876412961567
-vEJ_fthQFk,0.0718851512401732,0.0019130397698246,0.0712153512102148,0.0430403853896726,0.0674560753169657,0.1806993779380275,0.030392912965481,0.0263524092654367,0.0376722364410163,0.0069138177095829,0.0026669498667935,0.0119648960859659,0.2129765831951741,0.0137266852075442,0.0808072074434518,0.1403169209546745,19,13,6,"Wall, cavity and floor insulation",0.2129765831951741,0.1806993779380275,0.0322772052571466,10.09036726458467,builder_contractor,how_to_installation_demo,2023-06-28 08:03:56+00:00,2023,9.9,22763,191,45,8.390809647234548,1.976892325264684,20.30597680642284,0.0401427297056199
-w5u3R5RELo,0.0085465157416559,0.0,0.0,0.1308363438239618,0.1903852982085228,0.0572305773087365,0.0080151505711896,0.0,0.2273504191027497,0.0,0.0016876982180724,0.0,0.0,0.168188916049181,0.0,0.2077590809759299,1,9,16,Performance checking and troubleshooting,0.2273504191027497,0.2077590809759299,0.0195913381268198,6.042542844643671,installer_tradesperson,how_to_installation_demo,2024-12-26 19:08:06+00:00,2024,0.4833333333333333,9356,30,2,3.206498503634032,0.2137665669089354,16.299651567944252,0.0034843205574912
-yx0KyWunLE,0.1586596761932975,0.0712072649636492,0.0547468660945886,0.0593450089237521,0.0104976236944733,0.0642057785652942,0.0441389119286516,0.0471229714604178,0.0282103642052964,0.0169222594842804,0.0225263813344794,0.1643742692138907,0.0505340788728597,0.0135353492283752,0.0361110367695916,0.1578621590671016,17,12,1,Roof and attic ventilation and airflow,0.1643742692138907,0.1586596761932975,0.0057145930205931,12.001823633891435,diy_renovator_homeowner,problem_warning_mistakes,2022-01-29 12:11:29+00:00,2022,28.0,10550,262,57,24.83412322274881,5.402843601895735,6.4486552567237165,0.034841075794621
-zF_TZVvFIA,0.1840909669839943,0.0368868310569861,0.1810097807042927,0.0648836200628089,0.002689443730871,0.0538478238122281,0.0284373885278486,0.0495584491572517,0.0763677767857614,0.0500148537125772,0.0556965429367441,0.0399164715335176,0.0190038884119608,0.0251748304476993,0.0384843333015365,0.0939369988339209,17,1,3,Situated household retrofit experience and building context,0.1840909669839943,0.1810097807042927,0.0030811862797016,12.118079145256145,builder_contractor,how_to_installation_demo,2024-09-17 18:41:36+00:00,2024,1.0166666666666666,559691,6739,57,12.040572387263683,0.1018419091963244,830.4020771513353,0.0845697329376854
00wwEMbEc_M,0.2369750040019012,0.0022769176873312,0.0517565319929736,0.1075135659048377,0.1682714828386203,0.0088628178951155,0.0659760571557804,0.1180298964387846,0.0429645227679711,0.0137036358070405,0.0149569970594135,0.051609094529856,0.0077263340982836,0.024094811879806,0.0228755832209544,0.0624067467213298,56,1,5,Situated household retrofit experience and building context,0.2369750040019012,0.1682714828386203,0.0687035211632809,10.156856891100247,training_educational,how_to_installation_demo,2025-01-02 23:00:00+00:00,2025,10.433333333333334,98816,1639,192,16.586382772020727,1.9430051813471505,174.27865961199294,0.3386243386243386
021LlXChe90,0.3585423208839188,0.0136784718833257,0.050962782152029,0.0747598206494123,0.0283312356166253,0.0025295148799336,0.0483120529472444,0.0,0.1724436935548658,0.015193976141733,0.0105227954049759,0.0855564619157188,0.0,0.0141534190365748,0.026375436074179,0.0986380188594627,7,1,9,Situated household retrofit experience and building context,0.3585423208839188,0.1724436935548658,0.186098627329053,7.722535327648893,installer_tradesperson,practical_advice_explainer,2024-08-17 15:15:33+00:00,2024,0.3333333333333333,212369,844,26,3.97421469235152,0.1224284146932932,301.2326241134752,0.0368794326241134
0D3YVxxqFsI,0.1872257379133817,0.0171484296704883,0.0511226722813726,0.0349687906506144,0.0972270463695938,0.0341207557126669,0.0703264485715118,0.0562777527429235,0.1821992490307398,0.0145821061416047,0.0057867942268234,0.0431669613259766,0.0834943516212238,0.0309291833688559,0.0516832745521569,0.039740445820065,29,1,9,Situated household retrofit experience and building context,0.1872257379133817,0.1821992490307398,0.0050264888826418,11.901256449165048,diy_renovator_homeowner,how_to_installation_demo,2022-12-30 21:01:34+00:00,2022,5.716666666666667,169736,1417,67,8.348258471980017,0.394730640524108,130.46579554189086,0.0514988470407378
0EQ-pJmPZ-M,0.1432501435068761,0.0050154896976913,0.1177712805502154,0.0679065129316047,0.0241198851077287,0.222011332921007,0.0425166114872794,0.0270791777423077,0.0811644778513856,0.0295207256365287,0.0147383368065097,0.0698125137957356,0.02077479507622,0.0200436884832606,0.0140509804309701,0.1002240479746787,85,6,1,"Praise, gratitude and social endorsement",0.222011332921007,0.1432501435068761,0.0787611894141309,11.0295189514341,training_educational,how_to_installation_demo,2019-12-13 19:00:01+00:00,2019,26.53333333333333,131184,1924,244,14.666422734479816,1.8599829247469204,54.34299917149959,0.1010770505385252
0IvGe4JZLSU,0.1113844518643507,0.0036235196901591,0.0555730575863391,0.0621177189542922,0.2927133044302014,0.1093617982274559,0.0291523169045378,0.067054317452788,0.0419855595911664,0.0352980792304928,0.0323670598030187,0.032528092031402,0.0113089543266871,0.0316864242490653,0.0113349026286738,0.072510443029369,129,5,1,Heat pumps and heating systems,0.2927133044302014,0.1113844518643507,0.1813288525658507,10.57694399063241,installer_tradesperson,how_to_installation_demo,2022-12-19 21:20:54+00:00,2022,11.883333333333333,100147,2031,539,20.280188123458515,5.382088330154673,76.33155487804878,0.4108231707317073
0M9QzdPhm58,0.0447299109460848,0.0009878956765593,0.0663318804751776,0.0918665754515584,0.0336000675554939,0.0706539436053057,0.0473644386275548,0.0241313441357128,0.0965103998939272,0.0283642912166863,0.0437293387356217,0.0235979475708297,0.0086655343394057,0.3941661438719286,0.0039435953351544,0.0213566925629985,83,14,9,Thermostat wiring and smart heating controls,0.3941661438719286,0.0965103998939272,0.2976557439780013,8.53979299248764,diy_renovator_homeowner,how_to_installation_demo,2023-05-07 22:00:01+00:00,2023,20.016666666666666,354633,2380,208,6.711163371711036,0.5865218408890318,302.3299232736573,0.1773231031543052
0OsM6Ao-kSA,0.0253258699884735,0.0151774037524044,0.0083574894645448,0.0593277891526048,0.1512820942693988,0.0603364491486848,0.0375732812787448,0.0268476394395322,0.1129930473913797,0.0247189812036425,0.003184366148021,0.0111802175278178,0.0013727842105557,0.3670212222155635,0.0421993387464155,0.0531020260622153,5,14,5,Thermostat wiring and smart heating controls,0.3670212222155635,0.1512820942693988,0.2157391279461647,8.269251027776791,installer_tradesperson,how_to_installation_demo,2024-05-23 20:49:45+00:00,2024,26.05,19341,166,9,8.582803371076986,0.4653327128897161,24.45132743362832,0.011378002528445
0RQFr4QRb2s,0.1193049915778103,0.0413323490495634,0.0487729769094844,0.0554374400698576,0.0072961876699559,0.04628689251737,0.0479127075953541,0.0451746506825043,0.033860347827414,0.0636482861969118,0.0297110087483819,0.1327418101624698,0.180040598908718,0.0170149571005838,0.065457350795046,0.0660074441885739,38,13,12,"Wall, cavity and floor insulation",0.180040598908718,0.1327418101624698,0.0472987887462482,12.871121920169251,diy_renovator_homeowner,practical_advice_explainer,2023-04-22 16:13:41+00:00,2023,0.9833333333333332,180081,2282,151,12.672075343873036,0.8385115586874795,151.58333333333334,0.1271043771043771
0TsN6h2UH4Q,0.1263622103921228,0.004939149143009,0.0685019701971005,0.0724096360053358,0.0211353501789431,0.0961800626956799,0.0540340581899,0.010605415822559,0.0441481732341544,0.026444062665624,0.0070971144918649,0.3294624882143336,0.0286727864602714,0.0430077964581138,0.005510414659778,0.0614893111912092,18,12,1,Roof and attic ventilation and airflow,0.3294624882143336,0.1263622103921228,0.2031002778222108,9.45016416694512,builder_contractor,how_to_installation_demo,2025-09-02 17:18:14+00:00,2025,2.9833333333333334,100654,1681,79,16.700776918950066,0.7848669700160947,310.6604938271605,0.2438271604938271
0WgfnhWOfvI,0.163419976451595,0.0083892679592972,0.0380533530265204,0.0288959589156406,0.0788874504858647,0.0134000746755852,0.0545500844312518,0.1526652329300969,0.0450169969276717,0.0672932828029758,0.0053399721053157,0.09043993557749,0.1541195475056875,0.0067658101076432,0.0595581537471607,0.0332049023502029,51,1,13,Situated household retrofit experience and building context,0.163419976451595,0.1541195475056875,0.0093004289459075,11.429636684405729,builder_contractor,how_to_installation_demo,2024-02-21 11:06:22+00:00,2024,0.85,157252,1519,138,9.659654567191517,0.8775723043268131,178.08833522083805,0.1562853907134767
0WzU-f_ggm4,0.0653973261217627,0.0012699093625706,0.3047205432780204,0.0811426751999871,0.0,0.0409997684189936,0.0133044112427756,0.0282874464060847,0.0,0.0930990617892982,0.0129863386285502,0.2154129960477607,0.0686725635700356,0.035268554317988,0.0362109586221404,0.0032274469940317,3,3,12,Clarification and specification questions,0.3047205432780204,0.2154129960477607,0.0893075472302596,8.09084731800939,installer_tradesperson,how_to_installation_demo,2024-12-27 18:25:44+00:00,2024,2.316666666666667,2344,30,9,12.79863481228669,3.839590443686007,4.090750436300175,0.0157068062827225
0mG9u6qrglA,0.23980189618408,0.0371410878239067,0.0402101962596821,0.0347665782979277,0.0470419819149744,0.1001570094449978,0.0109048491814451,0.0188235789047081,0.0440834093120124,0.0004697560344809,0.0015881611959592,0.0857361193875656,0.1258310781437642,0.0046065271867279,0.1139235835009029,0.0949141872268644,8,1,13,Situated household retrofit experience and building context,0.23980189618408,0.1258310781437642,0.1139708180403157,10.254161374134586,builder_contractor,problem_warning_mistakes,2025-09-13 14:00:00+00:00,2025,11.016666666666667,14415,467,19,32.396808879639266,1.3180714533472078,46.054313099041536,0.060702875399361
0oDLwBZurp8,0.1292323452539955,0.060946313986915,0.0352505091303915,0.026924465655036,0.042811903783323,0.0682148675187888,0.0256190839866827,0.0267238203429794,0.0402834225666241,0.0301664878976287,0.0182491114389611,0.0772359294758349,0.2184576262158795,0.0098176029996237,0.112360142967897,0.0777063667794384,344,13,1,"Wall, cavity and floor insulation",0.2184576262158795,0.1292323452539955,0.089225280961884,12.020717002242556,builder_contractor,project_walkthrough,2022-08-05 17:00:00+00:00,2022,15.216666666666669,183771,7142,872,38.8635856582377,4.7450359414706345,126.91367403314918,0.6022099447513812
0pOjJ-w733E,0.0906038538118357,0.0325418078640788,0.0503346266319206,0.0460253113121174,0.0023383677514228,0.1466071976133313,0.0285823180153238,0.0091553218385966,0.0636592014079472,0.0120883326951948,0.0653487054470943,0.043275661723098,0.2283557953102418,0.006296162303711,0.1090962931713677,0.0656910431027177,29,13,6,"Wall, cavity and floor insulation",0.2283557953102418,0.1466071976133313,0.0817485976969105,10.957220697531616,training_educational,how_to_installation_demo,2024-01-13 16:00:00+00:00,2024,12.833333333333334,28074,756,57,26.9288309467835,2.0303483650352643,30.44902386117137,0.061822125813449
0qc4CliDuLo,0.0673028130467806,0.0025050076923922,0.0535823127349876,0.0049739868987185,0.1249416979124143,0.0027049750045443,0.2339581111156614,0.0229491141231224,0.1471370555760922,0.0034724934588556,0.0,0.1707042612924637,0.1015815590216041,0.0025032506193986,0.0079130967192375,0.0537702647837262,6,7,12,"Alternative methods, challenges and ""why"" questions",0.2339581111156614,0.1707042612924637,0.0632538498231976,8.400780129416358,installer_tradesperson,how_to_installation_demo,2019-04-15 03:58:16+00:00,2019,1.4833333333333334,68716,106,13,1.5425810582688166,0.1891844694103265,25.871987951807228,0.004894578313253
0sVRsjU8PlA,0.1792195139613919,0.0105955378582256,0.1354199179686379,0.0853912829401878,0.0154767721589606,0.0937479936055564,0.014279306714675,0.0136195133919073,0.074169461926222,0.0735640637410913,0.0305036272188699,0.0747457711498298,0.1380676317438194,0.018685494276671,0.0199636801462379,0.0225504311977155,20,1,13,Situated household retrofit experience and building context,0.1792195139613919,0.1380676317438194,0.0411518822175724,11.46601880478933,diy_renovator_homeowner,how_to_installation_demo,2025-02-20 12:00:01+00:00,2025,5.4,40367,545,92,13.501127158322392,2.2790893551663487,77.92857142857143,0.1776061776061776
0z7OdJe7AQc,0.1171943989178791,0.001438631266019,0.0413846293131653,0.05059973195659,0.211774142207889,0.201564687516089,0.1460216305306018,0.0043642733174858,0.0395352381948533,0.0499962094992051,0.0108268333722013,0.0126350341504215,0.0021750211665116,0.0600608754528551,0.005959513796773,0.0444691493414592,23,5,6,Heat pumps and heating systems,0.211774142207889,0.201564687516089,0.0102094546918,9.324211709269663,installer_tradesperson,how_to_installation_demo,2022-05-23 07:33:33+00:00,2022,27.05,79706,1426,74,17.890748500740223,0.928411913783153,52.369250985545335,0.0486202365308804
0zASbMENdCk,0.1528979545023157,0.0026880781392565,0.0500477150470461,0.0346830184254756,0.2679971123810227,0.043384337218908,0.0519752032551745,0.0853540189114008,0.0752746112468082,0.0408885778966273,0.033458514127627,0.0335495585831256,0.0042620589363893,0.0471281324851899,0.0048171031475333,0.0715940056960987,47,5,1,Heat pumps and heating systems,0.2679971123810227,0.1528979545023157,0.115099157878707,10.558998599821477,training_educational,how_to_installation_demo,2025-11-30 23:00:05+00:00,2025,6.383333333333334,49705,1239,153,24.92706971129665,3.0781611507896587,211.51063829787236,0.6510638297872341
1-diFUZo_Cc,0.0,0.274057255461482,0.004056336966998,0.4664643941162543,0.0104554773793178,0.0,0.024793683538073,0.0288559693786624,0.0,0.0134887424267033,0.0,0.0,0.1380275538150756,0.0122522118792796,0.0275483750381536,0.0,2,4,2,"Implementation, cost and how-to questions",0.4664643941162543,0.274057255461482,0.1924071386547723,4.3006067534505545,installer_tradesperson,how_to_installation_demo,2023-06-07 21:15:47+00:00,2023,0.3,35003,229,8,6.542296374596463,0.2285518384138502,30.65061295971979,0.0070052539404553
19_ub9qiqZA,0.0829628124412989,0.0035443982563838,0.2687718067966277,0.0048524507636214,0.0,0.1292464567087456,0.0,0.0,0.4675181908443429,0.0,0.0021560391065293,0.0,0.0133424570454338,0.0104328964189908,0.0171724916180253,0.0,2,9,3,Performance checking and troubleshooting,0.4675181908443429,0.2687718067966277,0.1987463840477151,4.110949832739823,diy_renovator_homeowner,how_to_installation_demo,2025-04-08 20:49:03+00:00,2025,1.25,27668,369,5,13.336706664739047,0.1807141824490386,58.74309978768577,0.0106157112526539
1EsMv9NLf3c,0.0768574556368989,0.0,0.0,0.0,0.0,0.0,0.0,0.0,0.0431653110562398,0.0,0.0,0.0,0.5989079986087972,0.0,0.0,0.2810692346980639,1,13,16,"Wall, cavity and floor insulation",0.5989079986087972,0.2810692346980639,0.3178387639107332,2.709072302244627,installer_tradesperson,how_to_installation_demo,2022-01-09 17:54:58+00:00,2022,2.033333333333333,1320,18,13,13.636363636363637,9.848484848484848,0.7971014492753623,0.0078502415458937
1FuGf05MoGM,0.0842168606058337,0.0026544234138158,0.0131489733589674,0.1588061005112065,0.0,0.0050639869296126,0.0036002108519117,0.0147882697202613,0.0,0.1568691028897555,0.0302535075827282,0.0586021156391011,0.2903811915520264,0.0493710155376281,0.0830483680973551,0.0491958733097962,4,13,4,"Wall, cavity and floor insulation",0.2903811915520264,0.1588061005112065,0.1315750910408198,8.22949427256484,diy_renovator_homeowner,how_to_installation_demo,2024-02-05 11:33:10+00:00,2024,0.4833333333333333,70197,301,23,4.287932532729318,0.3276493297434363,78.08342602892102,0.0255839822024471
1N_ZsLrfUJM,0.102070635143456,0.0014668713225591,0.0545482280728839,0.0307461253092913,0.0170843203047465,0.0378976805434015,0.0636751118850803,0.4896381151885434,0.0464196167951761,0.0266572621018901,0.0241584518112824,0.0178083136996913,0.0079840274800282,0.011599162848167,0.0047844413231447,0.0634616361706574,152,8,1,"Solar PV, batteries and power systems",0.4896381151885434,0.102070635143456,0.3875674800450874,6.810104271229965,training_educational,practical_advice_explainer,2024-04-29 08:00:01+00:00,2024,16.166666666666668,506645,6262,565,12.359739067789084,1.115179267534467,621.6503067484663,0.6932515337423313
1Y7d6Pa0ejQ,0.0690737519333379,0.0,0.0150240747588547,0.0504275370876682,0.0002793591426324,0.1325652958995084,0.0588230067387656,0.0134729678554897,0.1854124579128772,0.0240822516695539,0.0033327207260903,0.0525549048198689,0.2600519720410671,0.0125292138469312,0.109724709057646,0.0126457765097077,7,13,9,"Wall, cavity and floor insulation",0.2600519720410671,0.1854124579128772,0.0746395141281899,8.776239899884947,installer_tradesperson,how_to_installation_demo,2023-08-27 16:00:02+00:00,2023,10.55,17660,97,14,5.49263873159683,0.7927519818799547,16.644674835061263,0.0131950989632422
1kz1c-rZsDk,0.0342981355963513,0.0053595877025211,0.0629894221846993,0.0842578898875886,0.0059844751592372,0.0508041407623265,0.0634478564925962,0.503702947887864,0.0400011553397361,0.0257057918141854,0.0179878931648938,0.0055424783788615,0.0066233419557847,0.0600085325852097,0.0166323687409059,0.0166539823472381,91,8,4,"Solar PV, batteries and power systems",0.503702947887864,0.0842578898875886,0.4194450580002754,6.626116819995497,installer_tradesperson,how_to_installation_demo,2020-11-26 10:39:54+00:00,2020,10.216666666666669,1532662,11507,490,7.507852351007593,0.3197051926647885,742.209200968523,0.2372881355932203
1mJkjrwxdP4,0.0905523465240215,0.0036439479767897,0.0508934541268425,0.0375869423326856,0.0340598781545226,0.2495998872419377,0.0255594317046525,0.0262331889575803,0.0463020263533238,0.0316724562764521,0.0196732976379943,0.0262234549754526,0.0204064506457771,0.3012290982588422,0.0075982918165196,0.0287658470166051,146,14,6,Thermostat wiring and smart heating controls,0.3012290982588422,0.2495998872419377,0.0516292110169044,8.740692431825583,training_educational,how_to_installation_demo,2020-04-11 14:15:00+00:00,2020,20.183333333333334,2192168,27579,1211,12.580696369986242,0.5524211648012378,955.6094158674804,0.527898866608544
1nQ7k_X2aXA,0.0818390701123004,0.0047027998313553,0.0476177216493675,0.0492700780989752,0.2483384401275871,0.1017628240065742,0.0317403360081554,0.03173214029903,0.0635910951097182,0.0180322790443547,0.0191219838703611,0.0555763085683059,0.0074916196523425,0.1704791118395897,0.0066954636235443,0.0620087281584377,82,5,14,Heat pumps and heating systems,0.2483384401275871,0.1704791118395897,0.0778593282879974,10.474170372559668,training_educational,practical_advice_explainer,2020-07-04 11:00:01+00:00,2020,19.48333333333333,546451,9568,329,17.509346675182222,0.6020667909840041,247.26289592760185,0.1488687782805429
1nv4PAqDKUo,0.1516886861189833,0.0005017686657045,0.002571248053118,0.0302565046799731,0.0,0.0,0.67608640176334,0.0,0.0477516680266043,0.0202782755189281,0.0060217311359879,0.0648437160373604,0.0,0.0,0.0,0.0,1,7,1,"Alternative methods, challenges and ""why"" questions",0.67608640176334,0.1516886861189833,0.5243977156443567,3.0288447210273826,diy_renovator_homeowner,project_walkthrough,2023-08-04 12:15:00+00:00,2023,0.5,4057,56,1,13.803302933201874,0.2464875523786048,3.742619926199262,0.0009225092250922
1qOaqofMzoA,0.1342293603937859,0.0150562131156484,0.0,0.1112186068086423,0.006923255369378,0.0,0.063066044180103,0.1888690866663596,0.2054267082081278,0.0157940161462378,0.180273758983227,0.0,0.0151195511272718,0.0002234632176134,0.0,0.0637999357836045,4,9,8,Performance checking and troubleshooting,0.2054267082081278,0.1888690866663596,0.0165576215417681,7.697032473001506,installer_tradesperson,how_to_installation_demo,2024-09-22 21:11:01+00:00,2024,0.2666666666666666,62337,338,9,5.422140943580859,0.1443765340006737,93.17937219730942,0.0134529147982062
1qe5faxJ5UQ,0.0600782561113629,0.001253514531245,0.0051190099772928,0.1180611553474949,0.0422654002463656,0.122394627788579,0.0233879496822806,0.0206516985509018,0.2495383773639082,0.0047150467973165,0.1529766665744187,0.0006654008261488,4.507007704215557e-05,0.1456684915342105,0.0071214770255057,0.0460578575659261,9,9,11,Performance checking and troubleshooting,0.2495383773639082,0.1529766665744187,0.0965617107894895,8.474922648105546,training_educational,how_to_installation_demo,2024-09-29 18:45:00+00:00,2024,3.0166666666666666,39084,190,34,4.86132432709037,0.8699211953740662,59.0392749244713,0.0513595166163142
1rNnFXYBj6U,0.0912836401882361,0.1266919419898264,0.0712328370593355,0.0366146698939969,0.008046144533473,0.0294359849377141,0.0176742046844611,0.0084800143860167,0.0235781026821733,0.0103970334716378,0.0147128914625662,0.0484980661867056,0.2292378966787798,0.0103579172430904,0.2146408835999601,0.0591177710020261,68,13,15,"Wall, cavity and floor insulation",0.2292378966787798,0.2146408835999601,0.0145970130788197,9.689623279197765,builder_contractor,problem_warning_mistakes,2022-11-28 23:00:01+00:00,2022,4.566666666666666,123080,1020,179,8.287292817679557,1.4543386415339616,92.33308327081772,0.1342835708927232
1rhmEAggMqU,0.0589480414025226,0.0207612843706002,0.0,0.0,0.0,0.0,0.1243868096412628,0.0,0.1245810842542889,0.0450771395617017,0.0,0.0950776630327733,0.0394430968689961,0.0,0.0321956243114617,0.4595292565563923,2,16,9,"Prospective choices, recommendations and alternatives",0.4595292565563923,0.1245810842542889,0.3349481723021034,5.612268303484352,diy_renovator_homeowner,how_to_installation_demo,2025-08-18 23:21:41+00:00,2025,0.5333333333333333,12845,124,6,9.653561697158429,0.4671078240560529,37.89085545722714,0.0176991150442477
1sPJC71hwQ4,0.0491314572942731,0.0020068620025338,0.0495385023302645,0.0074285714960412,0.0684511494953437,0.0675316303123485,0.0306420657437346,0.1039213119502431,0.0632970164779584,0.0362100736422903,0.0356614223143062,0.0243611820185461,0.0134615113471162,0.4001322142642085,0.0021766150047948,0.0460484143059962,19,14,8,Thermostat wiring and smart heating controls,0.4001322142642085,0.1039213119502431,0.2962109023139653,8.476221922886952,builder_contractor,how_to_installation_demo,2025-01-28 23:14:07+00:00,2025,7.266666666666667,24540,577,78,23.512632436837816,3.178484107579462,45.36044362292052,0.144177449168207
1wNLJ9ojP1g,0.2443115622513426,0.0,0.0302370090611906,0.0041486044488934,0.0855630690285815,0.207128830300589,0.0,0.1010959839950598,0.0,0.0,0.0,0.0,0.0,0.3194470078041994,0.0,0.0080679331101434,1,14,1,Thermostat wiring and smart heating controls,0.3194470078041994,0.2443115622513426,0.0751354455528568,5.178043166244226,installer_tradesperson,practical_advice_explainer,2024-10-13 16:24:23+00:00,2024,1.1166666666666667,2326,4,1,1.7196904557179709,0.4299226139294927,3.5895061728395063,0.0015432098765432
2-nc6E1Kvks,0.1019820009246405,0.0233800061972108,0.0406173432392181,0.0755389230629174,0.0254320562406782,0.1724768852907116,0.0894801941073229,0.0291229907773957,0.0583171932259157,0.0609164307630056,0.0325730359682227,0.0373384291980731,0.1003858949972022,0.0307900036013445,0.0263850069524534,0.0952636054536869,62,6,1,"Praise, gratitude and social endorsement",0.1724768852907116,0.1019820009246405,0.0704948843660711,13.325096085011516,diy_renovator_homeowner,how_to_installation_demo,2024-06-29 14:00:01+00:00,2024,18.933333333333334,243898,4234,195,17.359715946830235,0.7995145511648312,323.47214854111405,0.2586206896551724
2A7Gl2APM6o,0.0470635105675808,0.0095442797853307,0.0318678762032703,0.0442211645824047,0.0061888880718148,0.1009894544847173,0.0474101685842176,0.0223417784105278,0.0732568982998577,0.02160109360575,0.0246027078929345,0.2041196434432079,0.2284123674675214,0.0169871952348641,0.0402124190706017,0.081180554295398,63,13,12,"Wall, cavity and floor insulation",0.2284123674675214,0.2041196434432079,0.0242927240243135,10.568290293271826,installer_tradesperson,how_to_installation_demo,2022-12-02 19:00:12+00:00,2022,3.716666666666667,128900,1373,292,10.65166795965865,2.2653219550038792,96.99021820917984,0.2197140707298721
2Apa2WcG9z0,0.0992563517795122,0.0024340643438505,0.0477294951372802,0.0491007196983548,0.028049124708154,0.0942929959503151,0.0426210512281314,0.3655466618437685,0.0370340990762707,0.0487038423461555,0.0257388890279029,0.0450270472825506,0.0099750308188504,0.0193919936688226,0.0074799684052345,0.0776186646848453,174,8,1,"Solar PV, batteries and power systems",0.3655466618437685,0.0992563517795122,0.2662903100642562,9.23369894544607,diy_renovator_homeowner,how_to_installation_demo,2022-07-15 10:48:40+00:00,2022,23.95,572641,7114,650,12.423141200158565,1.13509161935663,389.81688223281145,0.4424778761061947
2HLLKCUUqxY,0.1019914316349684,0.0280249987247881,0.0,0.0010641202227634,0.0,0.0232215752543622,0.0,0.0,0.0,0.0385879182468894,0.0,0.19671193744815,0.3250098884009573,0.0,0.2136222425236154,0.0717658875435052,1,13,15,"Wall, cavity and floor insulation",0.3250098884009573,0.2136222425236154,0.1113876458773419,5.7961617687327776,builder_contractor,how_to_installation_demo,2025-01-12 12:00:02+00:00,2025,0.85,23581,140,6,5.936983164412027,0.2544421356176582,42.33572710951526,0.0107719928186714
2IwMSNOk6hg,0.0777549795520425,0.0,0.2956152362722242,0.0,0.026142740717105,0.0,0.0,0.0,0.0,0.0,0.0,0.3755433361296879,0.2192285429872648,0.0057151643416754,0.0,0.0,1,12,3,Roof and attic ventilation and airflow,0.3755433361296879,0.2956152362722242,0.0799280998574637,3.991481319187239,diy_renovator_homeowner,how_to_installation_demo,2020-06-05 06:53:40+00:00,2020,0.3166666666666666,34714,57,7,1.6419888229532753,0.2016477501872443,15.504242965609649,0.0031263957123715
2LDGcVGH0RY,0.0767506336324206,0.1508448157123899,0.0427340402563892,0.026640474198951,0.0068783625935383,0.0296891055021974,0.0212499236519752,0.0429642200676032,0.0281921448021572,0.0006989219567658,0.0186023843605054,0.2553625996655808,0.1218173674440471,0.0075709535169422,0.1145625801814958,0.0554414724570401,25,12,2,Roof and attic ventilation and airflow,0.2553625996655808,0.1508448157123899,0.1045177839531909,9.97217702857066,training_educational,practical_advice_explainer,2024-06-29 15:30:01+00:00,2024,5.6,160757,1279,49,7.956107665607096,0.304807877728497,213.2055702917772,0.0649867374005305
2TWEFWY5Uvg,0.4224582221189746,0.0,0.0016606765350202,0.0,0.2229516326820912,0.0128253158491184,4.4055028299355214e-05,0.0,0.1531378492882185,0.0451743713500733,0.0,0.0464308961939115,0.0149982728824863,0.0,0.0,0.0803187080718062,1,1,5,Situated household retrofit experience and building context,0.4224582221189746,0.2229516326820912,0.1995065894368834,4.957484311650199,installer_tradesperson,problem_warning_mistakes,2025-06-09 07:30:03+00:00,2025,4.3,2073,8,6,3.859141341051616,2.894356005788712,5.068459657701712,0.0146699266503667
2WaI7q8tin4,0.012855719386583,0.0,0.2413598615895703,0.0422665438479774,0.0212927295712388,0.0008920565194852,0.0090335491504521,0.0053498132118657,0.0130396591667331,0.0617243575059763,0.170119537007148,0.0476772435065001,0.2014598597077764,0.0,0.1725360946919559,0.0003929751367371,5,3,13,Clarification and specification questions,0.2413598615895703,0.2014598597077764,0.0399000018817939,7.355528679823325,builder_contractor,how_to_installation_demo,2024-09-09 18:15:02+00:00,2024,0.2,67559,256,12,3.7892804807649614,0.1776225225358575,99.0601173020528,0.0175953079178885
2_NUFxr5dI0,0.054781025496956,0.0,0.0014310802012312,0.0205541705417341,0.0056818388504338,0.3881474895739188,0.0296414116591803,0.3668527712382169,0.0432362303945222,0.0163014406354851,0.0,0.0647590270001397,0.0,0.0039150006633728,0.0,0.0046985137448085,2,6,8,"Praise, gratitude and social endorsement",0.3881474895739188,0.3668527712382169,0.0212947183357018,4.684501881174826,installer_tradesperson,how_to_installation_demo,2024-04-01 17:01:04+00:00,2024,0.6,15217,151,14,9.92311230860222,0.9200236577511992,18.051008303677342,0.0166073546856465
2bZET18Gy4A,0.0,0.0171003725656066,0.0228849543384303,0.0314545068589059,0.0141982520457236,0.0270578301140036,0.0069208642951795,0.1000522423557761,0.0,0.3724735520367294,0.2995020589303186,0.0,0.0113350638107156,0.0212394377288867,0.0588030731654074,0.0169777917543162,1,10,11,"Implementation follow-up, outcomes and retrospective questions",0.3724735520367294,0.2995020589303186,0.0729714931064107,5.959616280980597,diy_renovator_homeowner,how_to_installation_demo,2025-02-11 10:09:24+00:00,2025,1.0666666666666669,2007,12,1,5.9790732436472345,0.4982561036372695,3.8083491461100567,0.0018975332068311
2ggG8XoX0cA,0.0649463487772445,0.0,0.0,0.0,0.0460871064778796,0.0,0.0,0.0041376679007332,0.7844076308756497,0.0,0.0042949932905367,0.0148838049460176,0.0357872633162269,0.0268225259409438,0.0186326584747676,0.0,1,9,1,Performance checking and troubleshooting,0.7844076308756497,0.0649463487772445,0.7194612820984051,2.4819769190135403,installer_tradesperson,problem_warning_mistakes,2019-05-15 20:38:25+00:00,2019,3.35,304,6,4,19.73684210526316,13.157894736842104,0.1157654226961157,0.0015232292460015
2hw9XA9qHjA,0.1775769187045674,0.0095960331022497,0.0595484600952066,0.0772892456332961,0.0200564849728814,0.1361307436437863,0.0779030191435283,0.0185590981177302,0.0449698977287411,0.0466579483523654,0.035111572459433,0.1428149810820108,0.0416484308231659,0.0160766694239838,0.027472504101984,0.0685879926150691,80,1,12,Situated household retrofit experience and building context,0.1775769187045674,0.1428149810820108,0.0347619376225565,12.17531525214033,diy_renovator_homeowner,practical_advice_explainer,2024-11-10 12:57:18+00:00,2024,15.183333333333334,121090,2679,226,22.124039970270047,1.866380378231068,195.30645161290323,0.364516129032258
2iLjP5z0jXo,0.248146164827695,0.0,0.0,0.5941619556110407,0.0,0.0,0.0,0.0147705636318039,0.0106126916353408,0.0,0.0170760279669848,0.0,0.0987034960663072,0.0,0.0,0.0165291002608272,2,4,1,"Implementation, cost and how-to questions",0.5941619556110407,0.248146164827695,0.3460157907833456,3.1004585042063875,builder_contractor,practical_advice_explainer,2025-05-10 15:01:16+00:00,2025,0.1666666666666666,322864,701,5,2.1711928242232026,0.0154863967490955,735.4533029612757,0.0113895216400911
2xFERnXiHTM,0.0144587261159071,0.0028176784987194,0.0384326540111451,0.0743091467890659,0.0769431882947605,0.1348632772755941,0.0828750117272226,0.0403229614729778,0.0753500623984836,0.0,0.100403206640215,0.0671570312924194,0.0130341968691791,0.2737408959221408,0.004731514257256,0.000560448434913,7,14,6,Thermostat wiring and smart heating controls,0.2737408959221408,0.1348632772755941,0.1388776186465467,9.462529593304518,installer_tradesperson,how_to_installation_demo,2023-12-04 15:15:00+00:00,2023,4.466666666666667,29482,208,15,7.055152296316396,0.508785021368971,30.646569646569645,0.0155925155925155
2ysltLzfWsk,0.1592100719048702,0.0010698434316091,0.1846459616172363,0.0960455175805159,0.0069763586591237,0.1715146637827272,0.0,0.0047661291923616,0.0229455066126238,0.0228438090693495,0.0008382507890323,0.0333029675895747,0.1352053318018337,0.0119294378290361,0.0158723656772808,0.1328337844628246,14,3,6,Clarification and specification questions,0.1846459616172363,0.1715146637827272,0.013131297834509,8.574552321385427,diy_renovator_homeowner,project_walkthrough,2022-04-17 23:13:59+00:00,2022,10.95,20047,250,41,12.470693869406894,2.0451937945827305,12.867137355584084,0.0263157894736842
35C-ZqFVAuM,0.1722461101942153,2.900445267749473e-05,0.264852598144139,0.0062012420851487,0.0,0.152187296309425,0.0608119126253944,0.2489585061370796,0.0627997090836558,0.0144883955090661,0.0005824997802593,0.003471075125448,0.0,0.0038231433463476,0.0,0.0095485072071435,6,3,8,Clarification and specification questions,0.264852598144139,0.2489585061370796,0.0158940920070593,6.137812280903511,installer_tradesperson,practical_advice_explainer,2023-06-01 14:57:02+00:00,2023,0.3333333333333333,210256,1346,46,6.401719808233771,0.2187809146944677,183.1498257839721,0.0400696864111498
35kJvNW81pU,0.1603022127891292,0.1593048809040737,0.0788130199134494,0.0348597373009325,0.0109710806142581,0.0424712397908909,0.0393921885840915,0.017405764898861,0.0377080537428654,0.0502517419449303,0.0186636284050902,0.0561406816836724,0.1343756410333444,0.0134136410370926,0.0747649105734533,0.0711615767838645,234,1,2,Situated household retrofit experience and building context,0.1603022127891292,0.1593048809040737,0.0009973318850554,12.234957070972923,builder_contractor,how_to_installation_demo,2024-09-14 12:24:59+00:00,2024,0.6166666666666667,5712937,79927,1847,13.99052711416212,0.3233013071910298,8438.607090103398,2.7282127031019203
3G3ZVCgngvY,0.0652877026382591,0.0,0.0205630708358645,0.6579753862942938,0.0089148185659409,0.0,0.0,0.1231879679082676,0.0,0.0,0.1132491856983778,0.0,0.0,0.0092311105369653,0.0,0.0015907575220308,1,4,8,"Implementation, cost and how-to questions",0.6579753862942938,0.1231879679082676,0.5347874183860262,3.107050522493531,training_educational,how_to_installation_demo,2021-02-24 09:57:56+00:00,2021,8.8,1565,14,1,8.945686900958467,0.6389776357827476,0.7924050632911392,0.000506329113924
3KU9BbN5tWk,0.0313057456901337,0.1023806654442932,0.3050901180605352,0.296556824131543,0.0046122619579247,0.0008833641143841,0.0,0.0193459365591655,0.0032000694513927,0.0035850821339961,0.0004377996875398,0.0,0.1424028656986136,0.0143492978094557,0.0690349229416629,0.0068150463193594,3,3,4,Clarification and specification questions,0.3050901180605352,0.296556824131543,0.0085332939289922,5.875118784848149,diy_renovator_homeowner,how_to_installation_demo,2023-11-18 23:00:01+00:00,2023,0.7833333333333333,6624,62,5,9.359903381642512,0.7548309178743962,6.773006134969325,0.0051124744376278
3ZUSHZuFBVk,0.1657069499593796,0.000464951129155,0.0,0.3484587334544766,0.0,0.0620997117854037,0.0427367968053737,0.0,0.210252085589889,0.0151628615807075,0.0006145781130347,0.0,0.0,0.0,0.0037888535535467,0.1507144780290332,2,4,9,"Implementation, cost and how-to questions",0.3484587334544766,0.210252085589889,0.1382066478645875,5.35682631613266,installer_tradesperson,how_to_installation_demo,2025-01-26 21:50:44+00:00,2025,0.9,17550,346,10,19.715099715099715,0.5698005698005698,32.32044198895028,0.0184162062615101
3bRxyGXEX3c,0.0921582335797676,0.0022244497111871,0.0899584135477318,0.0700508896699927,0.2310590610898641,0.0679551531777143,0.0779165071537302,0.0773426710927708,0.0594669110744351,0.0419813837873344,0.0336572766250666,0.0406449138586938,0.0125819755849947,0.0073639378499421,0.0064631252492313,0.0891750969475427,26,5,1,Heat pumps and heating systems,0.2310590610898641,0.0921582335797676,0.1389008275100964,11.460235638550778,training_educational,how_to_installation_demo,2021-05-14 22:00:00+00:00,2021,4.3,93017,1273,101,13.6856703613318,1.0858230215982023,49.05959915611815,0.0532700421940928
3hOY38uOXxE,0.0914860922401373,0.0385770587671822,0.0506137623257278,0.0191649423543189,0.0107941333868824,0.0955126964231935,0.0614221795335164,0.0669041407706409,0.0317566126352377,0.0254821799201347,0.0116570040484919,0.2025678481478016,0.0945413396326458,0.0145040296839772,0.116047277072059,0.068968703058052,45,12,15,Roof and attic ventilation and airflow,0.2025678481478016,0.116047277072059,0.0865205710757426,12.107540452595469,training_educational,practical_advice_explainer,2025-11-08 15:00:07+00:00,2025,9.283333333333331,68718,1990,93,28.95893361273611,1.3533571989871649,267.3852140077821,0.3618677042801556
3hukFwgTFI0,0.092237557247914,0.0039216440471117,0.0500797792307261,0.0418155954928679,0.0141023827462027,0.2192300022697021,0.0301627024628869,0.2939871397395866,0.0433604114235369,0.0220459437228592,0.0191354681757575,0.0122891959163453,0.0069923638525111,0.0468633095575441,0.0132438283182497,0.0905326757961974,171,8,6,"Solar PV, batteries and power systems",0.2939871397395866,0.2192300022697021,0.0747571374698845,8.893942135008992,training_educational,how_to_installation_demo,2021-12-31 01:39:57+00:00,2021,12.233333333333333,929920,23847,1323,25.644141431520996,1.422703028217481,558.5105105105105,0.7945945945945946
3q4f_O2541c,0.1853959080542555,0.0,0.001384268712443,0.0112539525741186,0.0242262909056001,0.3358769192369771,0.0,0.0555727986375773,0.0375356164588352,0.0500472248543649,0.0200771684983024,0.0077342697471703,0.0451237201669628,0.2102277860843981,0.0,0.015544076068994,5,6,14,"Praise, gratitude and social endorsement",0.3358769192369771,0.2102277860843981,0.1256491331525789,6.758441645452988,installer_tradesperson,how_to_installation_demo,2022-10-16 21:19:23+00:00,2022,2.333333333333333,172276,246,59,1.427941210615524,0.342473704985024,125.20058139534883,0.0428779069767441
3tfqdP68umQ,0.2195229129074125,0.0203593165129404,0.0332658985952364,0.0387752296165218,0.0189467264500029,0.0553920052404057,0.0331664446356451,0.0309013828101751,0.0380657216144375,0.0222849873714295,0.032251183162723,0.1459116477037527,0.1620314509665529,0.0150846726352211,0.0423109979286459,0.0917294218488969,75,1,13,Situated household retrofit experience and building context,0.2195229129074125,0.1620314509665529,0.0574914619408595,11.235699294843148,diy_renovator_homeowner,how_to_installation_demo,2023-11-22 18:00:02+00:00,2023,14.95,175158,1784,173,10.185090032998778,0.9876796949040296,179.83367556468173,0.177618069815195
3yRVaVyn_Q8,0.2048617786367096,0.0,0.0482649496409244,0.0519467551219249,0.2149646364744138,0.008991887003726,0.0175477897147731,0.0285699697870515,0.1335325839766595,0.015394113926042,0.0016229170152336,0.1428752635247903,0.0,0.0072038012872899,0.0,0.1242235538904608,4,5,1,Heat pumps and heating systems,0.2149646364744138,0.2048617786367096,0.0101028578377042,8.054488368350281,installer_tradesperson,how_to_installation_demo,2025-08-08 06:00:08+00:00,2025,3.966666666666667,3071,58,22,18.886356235753823,7.163790296320417,8.799426934097422,0.0630372492836676
3zUMOblSJ60,0.2864927844357869,0.0076313286780481,0.0333970734687745,0.0236303971631093,0.0655578982818426,0.034379156825362,0.0444243501631827,0.0309794279193756,0.0555034239786643,0.0204953576865404,0.0212178068166378,0.2565110344995867,0.0446446635326353,0.0092004206420211,0.0234096113865429,0.0425252645218893,314,1,12,Situated household retrofit experience and building context,0.2864927844357869,0.2565110344995867,0.0299817499362002,9.14179388772892,training_educational,how_to_installation_demo,2025-04-23 10:56:13+00:00,2025,7.116666666666666,94737,4438,747,46.84547747975976,7.884986858355236,207.7565789473684,1.638157894736842
4-6KqpUoM3g,0.2186152448074204,0.03650831027044,0.0855046094896042,0.0585448259262389,0.0301401413127798,0.0471180432015434,0.0748054483478491,0.037912905777635,0.0835907059861751,0.0462571062509721,0.0494557036824945,0.0419754473488873,0.0512176494996829,0.0277512526889101,0.0361341532658134,0.0744684521435531,68,1,3,Situated household retrofit experience and building context,0.2186152448074204,0.0855046094896042,0.1331106353178162,13.379042358962696,installer_tradesperson,how_to_installation_demo,2022-08-28 01:00:00+00:00,2022,0.55,5737292,30777,267,5.364377479828463,0.0465376348284173,4026.1698245614034,0.1873684210526315
424kGp_6_JQ,0.2384526790399102,0.0,0.0,0.0,0.0,0.1761437715526067,0.0,0.0,0.0306659248701119,0.0,0.001376717869571,0.023592471940961,0.458179314493919,0.0,0.0125278395777398,0.0590612806551802,2,13,1,"Wall, cavity and floor insulation",0.458179314493919,0.2384526790399102,0.2197266354540087,4.185407458133936,builder_contractor,how_to_installation_demo,2019-07-15 05:00:01+00:00,2019,4.716666666666667,3099,26,5,8.389803162310423,1.6134236850596966,1.208187134502924,0.0019493177387914
46-e73YYEpM,0.1967505691073107,0.0215562406117108,0.1573430972063748,0.0987885426670443,0.0131510375818568,0.0544888853567381,0.0335908980995631,0.0192078220629643,0.128448566079055,0.0343903116177607,0.1040442377945839,0.0609853697288688,0.0139158408654322,0.0224339273088322,0.0100613081846904,0.030843345727213,26,1,3,Situated household retrofit experience and building context,0.1967505691073107,0.1573430972063748,0.0394074719009359,11.149975442485736,builder_contractor,problem_warning_mistakes,2024-09-16 22:13:10+00:00,2024,0.4833333333333333,761308,8943,112,11.746888250221986,0.1471152280023328,1127.8637037037038,0.1659259259259259
4C_lAlZkERw,0.4476681643707618,0.0313243060828512,0.4045116276254888,0.0,0.0017261107130785,0.0086245212906192,0.0108257235043817,0.0129210760512538,0.0,0.0,0.0144411977336027,0.026411765194391,0.0007018217219791,0.0,0.0408436857115914,0.0,2,1,3,Situated household retrofit experience and building context,0.4476681643707618,0.4045116276254888,0.0431565367452729,3.61266718379729,diy_renovator_homeowner,practical_advice_explainer,2023-10-12 19:38:09+00:00,2023,0.4333333333333333,10612,161,2,15.171503957783642,0.1884658876743309,10.455172413793104,0.0019704433497536
4Fi08aRWUNE,0.0619017280010614,0.0026489302360773,0.0121291628265507,0.0896393359195863,0.0792738455405197,0.144714000024725,0.0505448075762424,0.022047197300689,0.1222731885956612,0.0054972277795871,0.0015173689733129,0.0063589283386848,0.0049829011441994,0.3197281446720413,0.0108430980271717,0.065900135043889,13,14,6,Thermostat wiring and smart heating controls,0.3197281446720413,0.144714000024725,0.1750141446473163,8.33251617026162,installer_tradesperson,how_to_installation_demo,2019-11-21 13:37:49+00:00,2019,2.65,18824,56,31,2.9749256268593287,1.6468338291542712,7.727422003284072,0.0127257799671592
4GLhIK9tm4c,0.0186529135023537,0.0028951949666354,0.2319245705119828,0.0,0.258611816827971,0.0067993436935952,0.1261060179958533,0.0,0.0,0.0,0.00155421505533,0.00621515682446,0.0,0.0,0.0074424149210536,0.3397983557007647,2,16,5,"Prospective choices, recommendations and alternatives",0.3397983557007647,0.258611816827971,0.0811865388727937,4.571319721587018,training_educational,how_to_installation_demo,2023-05-16 17:58:34+00:00,2023,8.766666666666667,2701,31,4,11.477230655312846,1.480932987782303,2.320446735395189,0.0034364261168384
4ODG2eI7Eeo,0.1313886723483368,0.0,0.5789207129780115,0.0297501180860351,0.0,0.1696989601737268,0.0233494146181655,0.0,0.0512564618712325,0.0056917424224504,0.0019784922979151,0.0,0.0,0.0,0.0,0.007965425204126,1,3,6,Clarification and specification questions,0.5789207129780115,0.1696989601737268,0.4092217528042847,3.70211406516512,diy_renovator_homeowner,project_walkthrough,2020-03-28 13:46:12+00:00,2020,17.633333333333333,700,19,5,27.142857142857142,7.142857142857142,0.3032928942807625,0.0021663778162911
4QDwJ-ZJQPM,0.1217196244079132,0.0065529906219272,0.090034557531645,0.006052922725419,0.2063622525364882,0.0620502339452384,0.0808349872203461,0.0593784632128401,0.049827882591459,0.0323133292190141,0.0248639889825623,0.0178691572444646,0.0028515977324345,0.0716982543503263,0.0132461062517024,0.1543436514262192,20,5,16,Heat pumps and heating systems,0.2063622525364882,0.1543436514262192,0.052018601110269,10.822042113455218,installer_tradesperson,how_to_installation_demo,2026-01-11 18:33:08+00:00,2026,22.016666666666666,20751,355,97,17.10760927184232,4.6744735193484654,107.51813471502592,0.5025906735751295
4rT7viDgAZk,0.2890153761668995,0.0087045915799841,0.0048275864843664,0.1219511191295557,0.0576154480710345,0.0698741543796023,0.0637714954726265,0.0383030659532021,0.0318887710419317,0.0114808531927204,0.0758922386502161,0.1262050752311965,0.014793429674015,0.0,0.0329146692798662,0.0527621256927825,6,1,12,Situated household retrofit experience and building context,0.2890153761668995,0.1262050752311965,0.1628103009357029,9.78874651764774,diy_renovator_homeowner,how_to_installation_demo,2023-02-17 19:00:02+00:00,2023,0.3,323455,3336,28,10.313644865591812,0.0865653645793077,258.3506389776358,0.0223642172523961
5-dPwCFkWE8,0.1983793642740292,0.0035886935535552,0.0416201236877519,0.0479320005733088,0.0362733758857825,0.1888704741824273,0.0736678103280008,0.0694893884395496,0.0218397837464128,0.1360442847055465,0.0064774668247948,0.0604016763049337,0.0005302989655414,0.0567437760507444,0.0039851047770893,0.0541563777005312,12,1,6,Situated household retrofit experience and building context,0.1983793642740292,0.1888704741824273,0.0095088900916018,10.333335774116096,installer_tradesperson,how_to_installation_demo,2020-10-08 18:54:00+00:00,2020,1.1,45554,396,58,8.692979760284496,1.2732142073143962,21.548722800378428,0.0274361400189214
5D9TBj3_Cf4,0.1848337890712984,0.0030198138432762,0.0310161888149072,0.0424310967268332,0.098556340135526,0.098162363118854,0.04256221643289,0.0832910643744843,0.1116347462396509,0.0282644791439074,0.0239044353465866,0.0104053140386864,0.0051429690810495,0.1546077126278496,0.0096232916109727,0.0725441793932269,72,1,14,Situated household retrofit experience and building context,0.1848337890712984,0.1546077126278496,0.0302260764434488,11.04556351807615,installer_tradesperson,practical_advice_explainer,2022-04-10 10:44:12+00:00,2022,30.433333333333334,83607,1246,253,14.903058356357722,3.0260624110421377,53.42300319488818,0.1616613418530351
5JhAU-11szU,0.0945770640327687,0.0035214023861887,0.2080515412765686,0.0,0.1180136765016169,0.0219072881168976,0.0035012970638464,0.0202410844274318,0.056858927939754,0.0,0.0011920706805622,0.1297445278308403,0.1758685490985506,0.0166166974513893,0.0008028825551754,0.1491029906384088,5,3,13,Clarification and specification questions,0.2080515412765686,0.1758685490985506,0.032182992178018,8.194392906089194,training_educational,how_to_installation_demo,2021-02-04 12:15:35+00:00,2021,8.666666666666666,2996,28,7,9.345794392523365,2.336448598130841,1.5017543859649125,0.0035087719298245
5O6rHbUJRrM,0.0904272407274931,0.0006138524266249,0.261412818483432,0.0553949739905488,0.0155182743345194,0.0162935140860374,0.1122026391450148,0.0307774369455783,0.0586408855908262,0.0080423743136887,0.0231393824873214,0.0231150935214329,0.0078825740224183,0.2862925687941086,0.0050196093415202,0.0052267617894343,22,14,3,Thermostat wiring and smart heating controls,0.2862925687941086,0.261412818483432,0.0248797503106765,7.742965362316936,diy_renovator_homeowner,how_to_installation_demo,2023-04-21 14:35:24+00:00,2023,1.0166666666666666,482859,8571,128,17.750523444732313,0.2650877378282273,406.1051303616484,0.1076534903280067
5PWBt-sSA3Y,0.006116114095637,0.0021473623034804,0.0016704928283994,0.1372246261883199,0.0208033314804553,0.0229098287219018,0.0809931266881562,0.035674163507112,0.0484922192017795,0.000444689464648,0.0002634853076967,0.0,0.0124776204063553,0.5099145742673998,0.0052155089984026,0.1156528565402553,7,14,4,Thermostat wiring and smart heating controls,0.5099145742673998,0.1372246261883199,0.3726899480790798,5.178615185336287,installer_tradesperson,how_to_installation_demo,2022-12-20 22:15:00+00:00,2022,9.1,55500,247,20,4.45045045045045,0.3603603603603603,42.33409610983982,0.015255530129672
5RyDxZLA8b8,0.1333865620035983,0.0074815244146268,0.059047164634263,0.0484702926059858,0.0182520560216883,0.0758150788033061,0.0478655471903737,0.185472847350021,0.1079226026969258,0.0397316639105825,0.0293900563511845,0.0120028770218161,0.0071572986847504,0.0661559443631877,0.0198877949565002,0.1419606889911892,92,8,16,"Solar PV, batteries and power systems",0.185472847350021,0.1419606889911892,0.0435121583588317,11.484086467978337,installer_tradesperson,practical_advice_explainer,2019-09-11 11:00:04+00:00,2019,16.65,269081,3552,266,13.200486098981347,0.9885499161962382,107.33187076186675,0.1061029118468288
5ScJj0YlUAM,0.1448609198134681,0.1859019662205968,0.0554942694477361,0.0414463484341414,0.0084162863351736,0.0180220293186521,0.0677386949767926,0.0598035325827673,0.0520058068860431,0.0265805138909465,0.0373799895408048,0.0376196483302906,0.1349897513728842,0.0139468592604208,0.0479426981799515,0.0678506854093298,123,2,1,Spray foam and foam insulation,0.1859019662205968,0.1448609198134681,0.0410410464071287,12.218814134469069,installer_tradesperson,practical_advice_explainer,2023-10-28 14:19:01+00:00,2023,1.0,231792,2557,537,11.03144198246704,2.3167322427003523,232.024024024024,0.5375375375375375
5U06vl2du3M,0.2860056654501973,0.001673081309282,0.0042348590907535,0.2227093427786324,0.0029202838370912,0.046681536292553,0.0,0.070768413444014,0.2149232752698572,0.0003736725966004,0.0,0.0,0.0006019948876145,0.1378388936593801,0.0064699833083232,0.0047989980757008,5,1,4,Situated household retrofit experience and building context,0.2860056654501973,0.2227093427786324,0.0632963226715649,5.714916708232693,installer_tradesperson,how_to_installation_demo,2024-08-30 18:36:55+00:00,2024,1.9166666666666667,16118,77,28,4.777267651073334,1.7371882367539395,23.291907514450862,0.0404624277456647
5VRwpg3jRF0,0.1639599101831687,0.0097018974316807,0.004515234149274,0.1818878575819793,0.00927945347914,0.1926110746984548,0.112757932346072,0.1130897412182795,0.115595762362244,0.0216043118554755,0.0007811495495453,0.0080121676712969,0.0013507829807714,0.0347775148776488,0.0270258024559905,0.0030494071589781,5,6,4,"Praise, gratitude and social endorsement",0.1926110746984548,0.1818878575819793,0.0107232171164754,8.555664487087212,installer_tradesperson,how_to_installation_demo,2025-09-24 06:58:08+00:00,2025,11.35,13380,204,21,15.246636771300448,1.569506726457399,44.3046357615894,0.0695364238410596
5_e6-VltfoA,0.2507130925338785,0.0057825615297931,0.2762031708439905,0.2030579660373629,0.0,0.0,0.0463766589950687,0.0851717293412259,0.0,0.0,0.0396483605732108,0.0,0.0880488338080475,0.0008124889603292,0.0041851373770925,0.0,3,3,1,Clarification and specification questions,0.2762031708439905,0.2507130925338785,0.025490078310112,5.921365216375035,installer_tradesperson,how_to_installation_demo,2025-04-24 23:00:10+00:00,2025,0.1166666666666666,4998167,6947,58,1.389909540837671,0.0116042541195602,10984.982417582418,0.1274725274725274
5abHgZp11C4,0.0956657365293469,0.0080841273876623,0.0760313240853732,0.0514217055605939,0.0260131228359249,0.1285476496251409,0.0945411075630254,0.0234070034730238,0.0477606839008136,0.0709902096739264,0.0117027272657166,0.0381936353632646,0.1280830809682522,0.0231955583486395,0.0875061513583106,0.0888561760609845,18,6,13,"Praise, gratitude and social endorsement",0.1285476496251409,0.1280830809682522,0.0004645686568887,13.067008245731206,diy_renovator_homeowner,project_walkthrough,2025-10-23 06:29:45+00:00,2025,45.63333333333333,9474,448,54,47.28731264513405,5.699810006333122,34.7032967032967,0.1978021978021978
5d5TRMumuSI,0.1102993797205755,0.0266065083822266,0.0610274678392911,0.052489594569444,0.0162717401964222,0.0216297828454547,0.0687745739423793,0.021410539743708,0.0266761599459506,0.0118030458984008,0.0357039858410799,0.0838573244724399,0.106729333541027,0.0087715843447581,0.2669453450622123,0.0810036336546293,93,15,1,Vapour barriers and moisture control,0.2669453450622123,0.1102993797205755,0.1566459653416367,10.95437438516408,training_educational,practical_advice_explainer,2025-03-01 15:00:11+00:00,2025,5.483333333333333,180926,3659,220,20.22373788178592,1.2159667488365409,355.4538310412574,0.4322200392927308
5dCCntGj1wM,0.1392547977826177,0.0117058243607128,0.0803663049191892,0.077285447863824,0.0550696031173671,0.1023110914111353,0.0388181717096898,0.0640672447385373,0.0732117024992765,0.0823272006472567,0.0226697196883161,0.034890176370998,0.038869963364001,0.0865286908510713,0.0206944938424181,0.0719295668335882,311,1,6,Situated household retrofit experience and building context,0.1392547977826177,0.1023110914111353,0.0369437063714823,13.868329878586152,diy_renovator_homeowner,problem_warning_mistakes,2023-07-23 12:15:00+00:00,2023,8.183333333333334,2087336,19763,1099,9.468049226382336,0.5265084298838328,1904.5036496350365,1.0027372262773722
5ftY0QMe2qY,0.1024765842478446,0.0016655006205964,0.0508377168199437,0.0510996657578214,0.0390164132580328,0.0313856765410733,0.0691590223668456,0.3348719936920517,0.0411916282598434,0.0411879399405787,0.0040070661794408,0.1331731308846615,0.0174845630085788,0.0136460271551914,0.0074438394783461,0.0613532317891492,70,8,12,"Solar PV, batteries and power systems",0.3348719936920517,0.1331731308846615,0.2016988628073902,9.246676514166298,installer_tradesperson,how_to_installation_demo,2026-03-14 06:00:10+00:00,2026,13.416666666666666,38876,732,310,18.829097643790515,7.974071406523305,296.763358778626,2.366412213740458
5q4S12q9m7E,0.1399143266926731,0.006490611230702,0.1122304685237419,0.0057521529977316,0.0765143933228644,0.0766528052351454,0.02664893419517,0.0360231898906886,0.0553852775602189,0.0053125636209222,0.0511935185391998,0.1286916735667559,0.0377139942559232,0.0160021594713161,0.0285595367696479,0.196914394127298,21,16,1,"Prospective choices, recommendations and alternatives",0.196914394127298,0.1399143266926731,0.0570000674346249,11.115019109042471,installer_tradesperson,how_to_installation_demo,2021-05-20 19:57:40+00:00,2021,10.35,55708,490,54,8.79586414877576,0.9693401306814102,29.475132275132275,0.0285714285714285
5sqw7vHwhGU,0.1077108315853407,0.0027083612395147,0.0489694176888065,0.047735039800007,0.0487970909025587,0.1028874142215004,0.0443497528020455,0.3982854560927873,0.0435282014749726,0.0372950327522158,0.0193564894471954,0.0115821409188245,0.0021919189107719,0.0187830472634056,0.0077459517638684,0.0580738531361841,85,8,1,"Solar PV, batteries and power systems",0.3982854560927873,0.1077108315853407,0.2905746245074466,8.27496842697377,diy_renovator_homeowner,project_walkthrough,2023-07-22 08:00:02+00:00,2023,20.616666666666667,188013,5831,302,31.013812874641644,1.606271906729854,171.38833181403828,0.2752962625341841
5t9PwXUV3SA,0.0869014856061093,0.0134755804370003,0.2060411559066394,0.0184538975576756,0.1076251410778017,0.0512623117353013,0.1251505696508491,0.1203607418285602,0.0273311772863821,0.0185143039920255,0.0961774811322883,0.0166152550711564,0.059363554715716,0.009259164941731,0.0247059690071397,0.0187622100536234,28,3,7,Clarification and specification questions,0.2060411559066394,0.1251505696508491,0.0808905862557902,11.236541364149724,installer_tradesperson,how_to_installation_demo,2023-08-15 22:17:59+00:00,2023,2.316666666666667,31753,643,87,20.25005511290272,2.739898592258999,29.59273066169618,0.081081081081081
5tC7X6jvFuE,0.1993374390442448,0.0,0.0,0.0,0.3556859517313585,0.0,0.0305927540503201,0.0911159448870438,0.0057796860988868,0.0,0.0,0.0317721215171516,0.0,0.0,0.0,0.2857161026709939,1,5,16,Heat pumps and heating systems,0.3556859517313585,0.2857161026709939,0.0699698490603645,4.533158827953147,installer_tradesperson,practical_advice_explainer,2025-05-21 08:10:54+00:00,2025,0.35,7796,8,1,1.026167265264238,0.1282709081580297,18.21495327102804,0.0023364485981308
5varW8-Qg5E,0.1087291739501337,0.0,0.0852693416388811,0.0105016331132625,0.0235606510021545,0.0008947079526404,0.0,0.2732515777529639,0.1418574531358964,0.0195351412376649,0.0164295752395428,0.0,0.0450726934926238,0.2748980514842355,0.0,0.0,2,14,8,Thermostat wiring and smart heating controls,0.2748980514842355,0.2732515777529639,0.0016464737312715,6.45107108835262,installer_tradesperson,how_to_installation_demo,2024-12-24 11:30:00+00:00,2024,0.4833333333333333,30944,139,3,4.491985522233713,0.0969493278179937,53.72222222222222,0.0052083333333333
5wNfMHSI1Ug,0.1143110693253754,0.0027787411149116,0.0637095854513226,0.0435239900150147,0.4089240313379512,0.0368624553640754,0.0304685287798247,0.0472525075603435,0.0530059339616535,0.018774633995159,0.0209533326951989,0.0530313613587865,0.0119319381765903,0.0103024923884629,0.0081724964299408,0.0759969020453884,40,5,1,Heat pumps and heating systems,0.4089240313379512,0.1143110693253754,0.2946129620125758,8.29982460885429,training_educational,practical_advice_explainer,2024-04-08 22:00:04+00:00,2024,4.483333333333333,128345,1902,138,14.81943199968834,1.0752269274221824,153.52272727272728,0.1650717703349282
60vAJEMsXs0,0.0720299528626048,0.0582974306124553,0.0105724576197321,0.0014013396588919,0.0,0.0,0.0107150196480598,0.0064421564221628,0.1491457872717453,0.0032261712271564,0.0044559346679327,0.1528093114503854,0.1009291533444178,0.0011035175299919,0.0665105952788392,0.3623611724056241,3,16,12,"Prospective choices, recommendations and alternatives",0.3623611724056241,0.1528093114503854,0.2095518609552387,6.647016377656734,diy_renovator_homeowner,how_to_installation_demo,2025-08-20 01:00:12+00:00,2025,1.3833333333333333,1677,29,5,17.292784734645203,2.9815146094215863,4.976261127596439,0.0148367952522255
62Byw_osjUY,0.0,0.0,0.2203100946712946,0.0,0.1312956607068304,0.0740787699932268,0.0,0.2022998279416463,0.0072800561138223,0.0,0.0601400089252037,0.0,0.0,0.2530601298225522,0.0,0.0515354518254233,1,14,3,Thermostat wiring and smart heating controls,0.2530601298225522,0.2203100946712946,0.0327500351512576,6.180336359060258,installer_tradesperson,how_to_installation_demo,2023-01-31 06:25:27+00:00,2023,0.2666666666666666,8510,29,3,3.407755581668625,0.3525264394829612,6.706067769897557,0.0023640661938534
63bv_a9jOBs,0.1114095025392954,0.0134824470742361,0.0052075581604179,0.0,0.0056236252374298,0.0633686604751751,0.0452727961946297,0.0169601651183457,0.0154486943289782,0.1313594453646675,0.0,0.0301197418018753,0.1779199978780584,0.0120418607905027,0.3198598180704886,0.051925686965899,6,15,13,Vapour barriers and moisture control,0.3198598180704886,0.1779199978780584,0.1419398201924301,7.832534174475681,installer_tradesperson,how_to_installation_demo,2021-06-07 13:00:06+00:00,2021,18.03333333333333,16540,159,40,9.613059250302298,2.4183796856106405,8.835470085470085,0.0213675213675213
6CDL4hwYrtU,0.1128894971556554,0.0,0.0651836433468311,0.0309935968677677,0.2373355444702759,0.0547574034953245,0.1155841317410751,0.0275285868299925,0.0610114830170325,0.0287280131313527,0.0200727620354441,0.0,0.0751711648438893,0.0532988307033464,0.0006766742971129,0.1167686680648993,5,5,16,Heat pumps and heating systems,0.2373355444702759,0.1167686680648993,0.1205668764053766,10.362579210901202,installer_tradesperson,practical_advice_explainer,2021-10-12 05:00:01+00:00,2021,33.983333333333334,1328,42,5,31.626506024096383,3.765060240963856,0.7610315186246418,0.0028653295128939
6DpVZKu4v1o,0.1770161460509699,0.0363196983002725,0.0004239931741666,0.0451683531714692,0.0759714586399961,0.0,0.0132830111755156,0.0,0.0216027718735575,0.1079137659704397,0.1005010177946974,0.1683810855621146,0.0993607405964944,0.1361615184580522,0.0055545212401906,0.0123419179920633,3,1,12,Situated household retrofit experience and building context,0.1770161460509699,0.1683810855621146,0.0086350604888553,9.595733817885318,installer_tradesperson,how_to_installation_demo,2025-12-06 20:37:12+00:00,2025,12.5,15382,280,5,18.20309452606943,0.325055259394097,67.17030567685589,0.0218340611353711
6FTZ3QInSGI,0.0846065330953334,0.3401870207805741,0.1708458474680505,0.0001425006519474,0.0002637568025115,0.0125563007115593,0.0174006538270983,0.0069017334737225,0.0113005367669429,0.1603803845682971,0.0007762415545466,0.022906824572246,0.096084425547342,0.0003682126285171,0.0093713400799614,0.0659076874713491,3,2,3,Spray foam and foam insulation,0.3401870207805741,0.1708458474680505,0.1693411733125236,6.87665244680923,builder_contractor,how_to_installation_demo,2023-07-05 23:02:25+00:00,2023,0.15,31075,157,10,5.052292839903459,0.3218020917135961,27.894973070017954,0.0089766606822262
6MTCHa3hWVo,0.2098696427179909,0.0,0.1126930479939147,0.021463843241946,0.0,0.0028199473562306,0.0923191236261951,0.0,0.1094822643270906,0.0419786439207508,0.0030647245662909,0.1930902578253492,0.0,0.2132185044242408,0.0,0.0,3,14,1,Thermostat wiring and smart heating controls,0.2132185044242408,0.2098696427179909,0.0033488617062499,6.908276630106969,installer_tradesperson,how_to_installation_demo,2019-05-26 13:23:56+00:00,2019,0.2666666666666666,58151,338,12,5.812453784113773,0.2063593059448676,22.237476099426384,0.0045889101338432
6N2XWDNsY7I,0.1208683951844955,0.0967623242726925,0.1388540190866116,0.0846306938534428,0.0023702864974776,0.0065839433739315,0.1256572393546286,0.01778372615229,0.0572300743164283,0.067867405819321,0.0843527472273681,0.014767908183759,0.1258822207221315,0.0049875982787794,0.0149137288804165,0.0364876887962254,13,3,13,Clarification and specification questions,0.1388540190866116,0.1258822207221315,0.0129717983644801,11.383779618490925,diy_renovator_homeowner,how_to_installation_demo,2024-01-30 14:01:53+00:00,2024,0.9833333333333332,92513,1125,36,12.160453125506685,0.3891345000162139,102.2243093922652,0.0397790055248618
6Q06Bm9rc-Q,0.03595675122288,0.7098804533787593,0.0,0.0003870402379572,0.0,0.0,0.0,0.0240350357925901,0.0,0.0047131076145967,0.0,0.0,0.1490279965407746,0.0,0.0504105598719476,0.0255890553404942,1,2,13,Spray foam and foam insulation,0.7098804533787593,0.1490279965407746,0.5608524568379847,2.7423473912712333,builder_contractor,how_to_installation_demo,2025-06-24 12:28:12+00:00,2025,1.9166666666666667,10022,10,3,0.997804829375374,0.2993414488126122,25.43654822335025,0.0076142131979695
6UUIEt0oYJE,0.0717793099769669,0.0,0.0008491494074331,0.0253964558874838,0.4977387850034632,0.0438986016110883,0.0,0.1077793738883333,0.0,0.0201852715229208,0.0,0.0773096216189663,0.0362542073407481,0.0658536742803798,0.0305814523133864,0.0223740971488295,2,5,8,Heat pumps and heating systems,0.4977387850034632,0.1077793738883333,0.3899594111151299,5.934052242903223,installer_tradesperson,how_to_installation_demo,2025-09-17 23:44:50+00:00,2025,1.1166666666666667,2800,69,23,24.642857142857142,8.214285714285714,9.06148867313916,0.0744336569579288
6V1MvP3-F1w,0.2627094238993636,0.2412693730598282,0.2219552335940779,0.0,0.0,0.0031473987156293,0.1372378760382349,0.0165806825896211,0.0027871920252084,0.005768826125056,0.0022117637737421,0.0378530327535393,0.0028639686638464,0.0016572454623141,0.0007261203589804,0.0632318629405576,4,1,2,Situated household retrofit experience and building context,0.2627094238993636,0.2412693730598282,0.0214400508395354,5.916721275199946,installer_tradesperson,how_to_installation_demo,2024-02-14 18:32:47+00:00,2024,0.3333333333333333,243805,1192,24,4.889153216710075,0.0984393265109411,273.938202247191,0.0269662921348314
6WgK-YFqwLk,0.3440184712788961,0.0068522139924609,0.0041052181819234,0.0009229645937785,0.0272886878826647,0.0196337022660306,0.1251723198150139,0.0229531808131704,0.0530284181773761,0.0141586723045494,0.0858141131148556,0.1783906410676253,0.018638475892401,0.0059407310074055,0.0270564487056764,0.0660257409061714,6,1,12,Situated household retrofit experience and building context,0.3440184712788961,0.1783906410676253,0.1656278302112707,7.912738413874973,diy_renovator_homeowner,problem_warning_mistakes,2025-05-20 18:47:22+00:00,2025,0.9333333333333332,8412,206,28,24.48882548739895,3.328578221588208,19.60839160839161,0.0652680652680652
6Yu4RpcH2Tc,0.1176914573609399,0.005908999350422,0.1117449830362009,0.1534362023122856,0.083535746441367,0.0668510946539227,0.0255899172754672,0.0786618578220208,0.0566693323020755,0.0289342638809842,0.0368475308953983,0.1097281312771724,0.0268069349950301,0.0249713315119681,0.0135855703081255,0.0590366465766191,80,4,1,"Implementation, cost and how-to questions",0.1534362023122856,0.1176914573609399,0.0357447449513457,12.686978211506403,installer_tradesperson,project_walkthrough,2019-06-11 14:35:16+00:00,2019,12.1,190839,1570,283,8.226829945661002,1.4829253978484482,73.42785686802617,0.1088880338591766
6bQgwGQAHeU,0.1474832149313197,0.0502736325706862,0.0986662488607525,0.0636372876564165,0.0068332723585084,0.0399767392447496,0.1326441525433299,0.0220997161548758,0.0381680295435615,0.0615936103022479,0.0641656882707427,0.0669645615922571,0.0970627489366538,0.0171469887460667,0.0279915601437404,0.0652925481440906,81,1,7,Situated household retrofit experience and building context,0.1474832149313197,0.1326441525433299,0.0148390623879897,13.188693399336858,diy_renovator_homeowner,how_to_installation_demo,2023-05-01 22:47:32+00:00,2023,0.5166666666666667,2888721,32904,440,11.390508117606371,0.1523165442422442,2450.1450381679388,0.373197625106022
6cEvH7a1qRE,0.1280739344990133,0.0429039998097739,0.0025780706307549,0.0119881724886372,0.0,0.1287293251988273,0.0,0.0451931210665741,0.0354797383051034,0.0071701710331463,0.2915883163110342,0.0,0.0504417845139252,0.0,0.0648256957341436,0.1910276704090659,1,11,16,"Product sourcing, access and location questions",0.2915883163110342,0.1910276704090659,0.1005606459019682,7.599118679179877,diy_renovator_homeowner,how_to_installation_demo,2021-03-10 17:55:16+00:00,2021,2.25,2765,24,2,8.679927667269439,0.7233273056057866,1.4099949005609382,0.0010198878123406
6f8pWJgtvzc,0.1199352306073471,0.013735399283569,0.1622849456206058,0.1216339004756384,0.0428846818013803,0.0548235370248844,0.0326292323042722,0.1271154575338218,0.0109159864060117,0.0152848349418007,0.1051414948447421,0.0378502526723817,0.0580948308203698,0.0151352306465967,0.0611555700867954,0.0213794149297823,9,3,8,Clarification and specification questions,0.1622849456206058,0.1271154575338218,0.0351694880867839,12.04359050997971,training_educational,how_to_installation_demo,2023-08-04 23:55:07+00:00,2023,0.4,146046,1616,21,11.065006915629322,0.1437903126412226,134.72878228782287,0.0193726937269372
6mzPLZUjEvw,0.1604248051909773,0.0,0.0046852223140774,0.0,0.0,0.147595605739023,0.0060445328612182,0.0416193607545269,0.017602493743504,0.0,0.0947876815185923,0.0132535613048523,0.0155404444639972,0.3798785702759394,0.0221762012448935,0.0963915205883979,2,14,1,Thermostat wiring and smart heating controls,0.3798785702759394,0.1604248051909773,0.219453765084962,6.413333575887423,installer_tradesperson,how_to_installation_demo,2022-10-23 19:00:03+00:00,2022,5.233333333333333,7884,52,10,6.595636732623033,1.2683916793505834,5.758948137326516,0.0073046018991964
6rN2fylJdZU,0.1127155147842561,0.0119654462950895,0.004146905398484,0.0,0.1512908418350881,0.0,0.1296560041154203,0.0,0.0735316817743731,0.0356854991826735,0.050532504368332,0.0343362560515256,0.0,0.3699046669877796,0.0262346792069778,0.0,1,14,5,Thermostat wiring and smart heating controls,0.3699046669877796,0.1512908418350881,0.2186138251526914,6.774727042398458,installer_tradesperson,how_to_installation_demo,2024-08-28 19:25:52+00:00,2024,0.7166666666666667,57398,420,3,7.317328129899996,0.0522666294992856,82.70605187319885,0.0043227665706051
77Df_yhanvg,0.0790340025818235,0.006304569791924,0.0879132471138205,0.208900689357464,0.0127980106742781,0.084034907044529,0.0673531548728268,0.1325053350353867,0.0755193975823351,0.0063919212370072,0.0074030458607307,0.0109861179418274,0.0081560382683561,0.1492673543144874,0.0181675180612848,0.045264690261918,5,4,14,"Implementation, cost and how-to questions",0.208900689357464,0.1492673543144874,0.0596333350429765,10.341066231764078,installer_tradesperson,how_to_installation_demo,2023-08-22 16:06:51+00:00,2023,12.5,13091,77,30,5.881903597891681,2.2916507524253307,12.28048780487805,0.0281425891181988
77a0-rwdVng,0.0426375965734547,0.0,0.1625757725867329,0.0,0.179221469292213,0.0201802670004559,0.0,0.0058098153871933,0.0444909685188672,0.0,0.0017215212525277,0.0354636691072382,0.2751447697636446,0.0,0.0010069538476902,0.2317471966699817,1,13,16,"Wall, cavity and floor insulation",0.2751447697636446,0.2317471966699817,0.0433975730936629,6.143201679969259,builder_contractor,how_to_installation_demo,2024-08-11 12:40:51+00:00,2024,0.25,56560,214,4,3.783592644978784,0.0707213578500707,79.54992967651195,0.0056258790436005
7Fws1GkBJbs,0.123093035799905,0.0013850574377846,0.1478012319303423,0.1090420089793799,0.0066870515338309,0.0301933541412946,0.057047926021469,0.3102560602834611,0.1311336885979607,0.0203514211725614,0.0,0.0063830677983128,0.0116671019347785,0.0190142603279015,0.0088355312177525,0.0171092028232645,5,8,3,"Solar PV, batteries and power systems",0.3102560602834611,0.1478012319303423,0.1624548283531187,7.952071202901443,installer_tradesperson,how_to_installation_demo,2022-10-04 22:00:04+00:00,2022,0.6,66004,561,36,8.49948487970426,0.5454214896066905,47.55331412103747,0.0259365994236311
7IXJnc4nWCg,0.1148526243558194,0.0048544569500354,0.0658315373456225,0.1274907663571706,0.0023965028640266,0.1202865187949029,0.0663509040998334,0.2127643432350235,0.0677709366525102,0.0687463498211487,0.0070406045604381,0.0062626486691254,0.0310534878329275,0.0080381632892745,0.0122954191155718,0.0839647360565687,43,8,4,"Solar PV, batteries and power systems",0.2127643432350235,0.1274907663571706,0.0852735768778529,10.344058840775451,installer_tradesperson,how_to_installation_demo,2023-05-17 21:13:32+00:00,2023,16.9,80165,2244,288,27.992265951475083,3.5925902825422567,68.92949269131556,0.2476354256233877
7InXlYbklLU,0.1991341915827551,0.0007576500955973,0.0710786770848392,0.1208204706505386,0.1598543562585302,0.0062254172442922,0.0295972134097878,0.013616289882544,0.0683130180918886,0.0623478619688579,0.0006183098318847,0.0712343549952798,0.0432976695394227,0.1136242042513661,0.0026322089398857,0.0368481061725294,22,1,5,Situated household retrofit experience and building context,0.1991341915827551,0.1598543562585302,0.0392798353242249,10.246153684512002,installer_tradesperson,practical_advice_explainer,2022-11-29 16:42:47+00:00,2022,0.8666666666666667,28320,330,69,11.652542372881356,2.436440677966102,21.26126126126126,0.0518018018018018
7Ml_xOJsLTo,0.1223906463330732,0.001162131104371,0.09331870182958,0.0401957687264577,0.2028662396046858,0.0951125877684221,0.0333360583156314,0.1446135666624983,0.0511967211432641,0.040104920155058,0.0096130770422343,0.0221266271964462,0.0336045448848754,0.0361771499567383,0.0054758741872508,0.0687053850894126,48,5,8,Heat pumps and heating systems,0.2028662396046858,0.1446135666624983,0.0582526729421875,11.162832037670343,installer_tradesperson,how_to_installation_demo,2025-05-18 17:58:12+00:00,2025,12.166666666666666,19493,637,134,32.678397373416104,6.874262555789257,45.22737819025522,0.3109048723897912
7NsZ2d2Oups,0.1676819331827303,0.0035028562397064,0.0781672901142737,0.0629839809501273,0.1135066072216129,0.2339840313231727,0.0239792564469974,0.0116696639325322,0.0658144663225907,0.0277488070752877,0.0209644802037277,0.0462864736989178,0.0085731994574512,0.0836762572719904,0.0074871293678551,0.0439735671910258,273,6,1,"Praise, gratitude and social endorsement",0.2339840313231727,0.1676819331827303,0.0663020981404423,10.433978849138104,diy_renovator_homeowner,problem_warning_mistakes,2022-10-15 14:00:03+00:00,2022,9.566666666666666,1899381,72799,1284,38.32774993537368,0.6760097105320102,1379.3616557734206,0.9324618736383442
7O5zW3ZCDBo,0.1861251386265288,0.0,0.051008682537281,0.3166779994425124,0.0399052962418594,0.0594968250274742,0.0,0.0014149423529275,0.1666227151771059,0.0,0.0003194248373962,0.1174085849474195,0.0208473812648343,0.0,0.0,0.0401730095446604,2,4,1,"Implementation, cost and how-to questions",0.3166779994425124,0.1861251386265288,0.1305528608159836,6.6663790483524,installer_tradesperson,how_to_installation_demo,2024-11-22 16:36:23+00:00,2024,6.6,2644,34,12,12.859304084720122,4.53857791225416,4.348684210526316,0.0197368421052631
7Oua2F27iws,0.3248041028724031,0.0,0.0,0.0333583786209013,0.0244862205576939,0.2022571339759176,0.0,0.1609037568585865,0.0,0.0,0.0001609338044995,0.0,0.0,0.0,0.0,0.2540294733099976,1,1,16,Situated household retrofit experience and building context,0.3248041028724031,0.2540294733099976,0.0707746295624054,4.64707712107107,installer_tradesperson,practical_advice_explainer,2025-11-03 07:00:05+00:00,2025,6.45,956,11,15,11.506276150627617,15.690376569037657,3.648854961832061,0.0572519083969465
7PbriOcD500,0.0841274844303971,0.0160817037203699,0.4013694935554042,0.0004977531023488,0.0,0.0973656551611233,0.0,0.0046783898809572,0.0904381375161457,0.0039882324770845,0.0064639263454218,0.0079365523652032,0.1404477707181109,0.0131747413359935,0.024905225699623,0.1085249336918164,6,3,13,Clarification and specification questions,0.4013694935554042,0.1404477707181109,0.2609217228372933,6.506383120511756,training_educational,how_to_installation_demo,2024-10-08 22:06:09+00:00,2024,0.9,39947,572,23,14.318972638746338,0.5757628858237164,61.17457886676876,0.0352220520673813
7TMRMH13knk,0.2169831792049385,0.0263968226002208,0.0107103048672991,0.0046910157335744,0.0160119724631236,0.014561821235438,0.0141865227257753,0.1084823026114984,0.0437352887453232,0.0065125434911313,0.0013904786021875,0.1605727766528089,0.2060244235929695,0.0043222295998589,0.1146747661844645,0.0507435516893873,7,1,13,Situated household retrofit experience and building context,0.2169831792049385,0.2060244235929695,0.010958755611969,8.597200826551417,training_educational,how_to_installation_demo,2024-10-24 19:00:03+00:00,2024,0.6,13923,211,21,15.154779860662211,1.5082956259426847,21.857142857142858,0.0329670329670329
7U-vwvSwxhA,0.0739518774965677,0.1016255455200775,0.0891675575153244,0.007594626488432,0.0175780556642899,0.1443731683495826,0.0254581859746759,0.0095502472327292,0.0580336933739444,0.047108539456127,0.0071418100546091,0.1823127695098224,0.1337141118117203,0.0127471800816339,0.0273339376219198,0.0623086938485434,11,12,6,Roof and attic ventilation and airflow,0.1823127695098224,0.1443731683495826,0.0379396011602397,11.207690209407872,diy_renovator_homeowner,how_to_installation_demo,2021-02-11 04:10:39+00:00,2021,3.683333333333333,31360,239,18,7.621173469387755,0.5739795918367347,15.774647887323944,0.0090543259557344
7Wk2MF4pEmc,0.2214088871186713,0.0013981777777025,0.2757309682423562,0.059434785535465,0.0,0.0463650325719061,0.0210092051946636,0.0818297105278763,0.0158553410968924,0.1228321177021345,0.0017678388004206,0.0892224108572761,0.0083541245923032,0.0069745319964149,0.0478015344024648,1.533358345192579e-05,6,3,1,Clarification and specification questions,0.2757309682423562,0.2214088871186713,0.0543220811236848,7.882418083848085,diy_renovator_homeowner,practical_advice_explainer,2023-01-23 14:08:28+00:00,2023,0.5166666666666667,155068,1743,42,11.240230092604536,0.2708489178940852,121.43148003132342,0.0328895849647611
7byWM_0XWzE,0.0,0.2429844882921773,0.1115725110463314,0.0,0.0,0.1286701749509709,0.0,0.0060801988691906,0.0,0.0,0.0,0.1764665832499332,0.2476435195450848,0.0,0.0,0.0865825240463116,2,13,2,"Wall, cavity and floor insulation",0.2476435195450848,0.2429844882921773,0.0046590312529074,5.736841686124246,training_educational,how_to_installation_demo,2020-09-08 08:15:09+00:00,2020,3.316666666666667,29136,133,3,4.564799560680945,0.1029654036243822,13.58955223880597,0.0013992537313432
7cTCskg8G2I,0.0776147170034638,0.0015908137987899,0.033413837420114,0.0334635146575063,0.391942241794691,0.042680247551753,0.0333319453098092,0.1189340119033579,0.0403196393338406,0.0260755336629582,0.0145599784578599,0.0460983585139972,0.00331754167534,0.0328454881358488,0.0045407143472498,0.0992714164334196,48,5,8,Heat pumps and heating systems,0.391942241794691,0.1189340119033579,0.273008229891333,8.307256886594237,installer_tradesperson,practical_advice_explainer,2023-03-14 21:15:00+00:00,2023,8.666666666666666,159348,3267,182,20.50229685970329,1.142154278685644,129.8679706601467,0.1483292583537082
7dhfqmm_c2M,0.1879138409047844,0.0144376952344549,0.0436636831546498,0.0852778801777777,0.0179043414500492,0.0519404621632969,0.0754606967879732,0.0141961967786212,0.0517496095768579,0.0260978039327431,0.0286968666836616,0.0313078965023485,0.2856948950104156,0.0052031929593483,0.0082248649331423,0.0722300737498748,75,13,1,"Wall, cavity and floor insulation",0.2856948950104156,0.1879138409047844,0.0977810541056311,9.741336536555908,installer_tradesperson,how_to_installation_demo,2026-02-01 16:57:31+00:00,2026,2.3666666666666667,104774,1361,214,12.989863897531832,2.042491457804417,609.1511627906976,1.244186046511628
7fFlhX-8mv8,0.051299490295822,0.0063415385873862,0.1143990291912533,0.039312414923806,0.0568815070647014,0.0213398893874306,0.0467695879286449,0.0307515690575169,0.0752207855452468,0.039470361695186,0.020399108457672,0.0230227453963649,0.0125495952904905,0.4116712623446468,0.0141567647450518,0.0364143500887794,42,14,3,Thermostat wiring and smart heating controls,0.4116712623446468,0.1143990291912533,0.2972722331533934,8.540450467046247,diy_renovator_homeowner,how_to_installation_demo,2022-01-27 22:00:03+00:00,2022,6.333333333333333,274743,1846,88,6.719006489701284,0.3202993342869518,167.73076923076923,0.0537240537240537
7gEXj_D9yps,0.1269970831356358,0.001446988341337,0.2710472988176621,0.0081477360467352,0.2135961627147382,0.1121682764921219,0.0525908549101247,0.0129815507490559,0.0714340764495047,0.0101310606922381,0.0043195207855965,0.0022510346885204,0.0,0.1087992966714781,0.0040890595052506,0.0,3,3,5,Clarification and specification questions,0.2710472988176621,0.2135961627147382,0.0574511361029238,7.294183267626255,installer_tradesperson,how_to_installation_demo,2023-08-08 01:55:02+00:00,2023,0.9666666666666668,90175,0,45,0.0,0.4990296645411699,83.49537037037037,0.0416666666666666
7gbaiLf_6dA,0.1071637746345892,0.0281866161715138,0.0420410385911795,0.0663797973080101,0.0363210137526105,0.0797381598708652,0.0523022345187592,0.0229722174214733,0.0967115533352777,0.0267791020234766,0.0401078173482275,0.0439361089973927,0.1496780494247585,0.0154597705946053,0.028842394673848,0.1633803513334122,40,16,13,"Prospective choices, recommendations and alternatives",0.1633803513334122,0.1496780494247585,0.0137023019086537,12.8387199031576,builder_contractor,how_to_installation_demo,2023-12-15 13:24:18+00:00,2023,10.683333333333334,82617,644,99,7.795005870462496,1.1983005918878682,86.87381703470031,0.1041009463722397
7gm__CCBSjc,0.0,0.0,0.1308372255173854,0.1322013616659651,0.0162492799454298,0.3052058684019266,0.1947941315980734,0.0,0.0,0.0,0.0,0.0,0.0,0.2207121328712196,0.0,0.0,2,6,14,"Praise, gratitude and social endorsement",0.3052058684019266,0.2207121328712196,0.0844937355307069,5.027222803840636,installer_tradesperson,how_to_installation_demo,2024-06-19 14:56:58+00:00,2024,1.0,24286,143,6,5.888166021576216,0.2470559169892118,31.787958115183248,0.0078534031413612
7hY95JosjI0,0.1334005544175986,0.0058571645586325,0.026151166937424,0.0398975590082682,0.0004701261562336,0.1084212657314388,0.0896237651301738,0.136457915735553,0.0720270490752849,0.0509564556495671,0.0370092866909389,0.1191318419682657,0.0104701084053779,0.0187188694983488,0.0232652610696422,0.1281416099672511,25,8,1,"Solar PV, batteries and power systems",0.136457915735553,0.1334005544175986,0.0030573613179544,11.527277476959805,diy_renovator_homeowner,how_to_installation_demo,2022-06-05 21:05:41+00:00,2022,8.983333333333333,111062,580,100,5.222308260251031,0.9003979759053502,73.59973492379059,0.0662690523525513
7n2L5g4Z3i8,0.0744823240578407,0.0541282872169505,0.0709019647418348,0.0396827074165034,0.0053832996310069,0.0988818672451153,0.0524761187379815,0.0149975671756831,0.04572387352472,0.0102145339103102,0.0282275172700115,0.3223261239968586,0.083344439170038,0.0127433375180748,0.0422054810839792,0.0442805573030909,43,12,6,Roof and attic ventilation and airflow,0.3223261239968586,0.0988818672451153,0.2234442567517433,10.271787146968151,installer_tradesperson,problem_warning_mistakes,2019-05-25 20:59:16+00:00,2019,5.116666666666666,129533,1038,153,8.013401990226429,1.181166189310832,49.51567278287462,0.05848623853211
7oGgL1bdWVs,0.0139381678097106,0.0021912358508162,0.0465157806520528,0.1118506482313166,0.2029241039845658,0.0188440182129318,0.0356300044030316,0.0097364541751812,0.0292159179793303,0.0080534840031593,0.000668089064945,0.1549204558869839,0.0173385538121264,0.3388851583866767,0.0070060906140506,0.0022818369331207,8,14,5,Thermostat wiring and smart heating controls,0.3388851583866767,0.2029241039845658,0.1359610544021108,6.9907534960070485,installer_tradesperson,how_to_installation_demo,2024-12-27 03:35:50+00:00,2024,0.1833333333333333,299253,1223,39,4.086842905501365,0.1303245080249822,522.2565445026178,0.0680628272251308
7oLiirmFSI4,0.1692616096988146,0.0021192796700627,0.003145477426014,0.0052923819306938,0.1106919645356643,0.0497175943814252,0.0242964748943208,0.0931149587218519,0.0310723808452926,0.013714817918042,0.0,0.2673582265412506,0.2029569793030616,0.0035958402088838,0.0087687354950373,0.0148932784295841,6,12,13,Roof and attic ventilation and airflow,0.2673582265412506,0.2029569793030616,0.0644012472381889,7.62376762933342,diy_renovator_homeowner,how_to_installation_demo,2023-03-04 22:31:05+00:00,2023,1.0,23307,178,13,7.637190543613507,0.5577723430728966,18.84155214227971,0.0105092966855295
7q62pihBwB0,0.0726963855239291,0.0089320824799884,0.0794645977642162,0.0973785368076307,0.0053544047165086,0.0996958006916867,0.0504503306797345,0.1973208180216951,0.0854226859525815,0.0190277117538859,0.0503762343955836,0.0067051991915493,0.0035288889194386,0.1208072098438069,0.024144497881686,0.0786946153760782,39,8,14,"Solar PV, batteries and power systems",0.1973208180216951,0.1208072098438069,0.0765136081778882,11.295466760175836,installer_tradesperson,how_to_installation_demo,2022-02-05 13:00:07+00:00,2022,10.85,83141,1049,186,12.617120313683982,2.237163373065034,51.03806015960712,0.1141804788213628
7y99MtFVjg8,0.1236897007464208,0.0225598777924508,0.1607341307755358,0.0086703521383308,0.0,0.196145434100316,0.0651971965815111,0.0185270067247719,0.1237236874811179,0.0112753544776596,0.1413349908952943,0.0262217507059279,0.0244804114659757,0.0245230813319123,0.0391193542179465,0.0137976705648279,6,6,3,"Praise, gratitude and social endorsement",0.196145434100316,0.1607341307755358,0.0354113033247802,9.9664117694006,builder_contractor,project_walkthrough,2024-08-30 14:50:44+00:00,2024,4.766666666666667,2816,43,19,15.269886363636363,6.747159090909091,4.069364161849711,0.0274566473988439
7zjIfTt61mU,0.0477336711863409,0.0574111058339265,0.0683124192190463,0.5307101968428382,0.0,0.0487018213956136,0.0332781224145462,0.0,0.0332607622482385,0.1137255495835989,0.0021600367345101,0.0,0.0603880306372302,0.0023133449052562,0.002004938998854,0.0,5,4,10,"Implementation, cost and how-to questions",0.5307101968428382,0.1137255495835989,0.4169846472592392,5.253693071749265,builder_contractor,how_to_installation_demo,2023-11-20 00:15:46+00:00,2023,0.25,130574,310,22,2.3741326757241104,0.1684868350513885,133.78483606557376,0.0225409836065573
86l_Gb4TEDs,0.1148152745324516,0.1034261740678059,0.0686567763528537,0.0799748465561388,0.0387126938830112,0.1335310896459232,0.0114583403568993,0.008600943363515,0.0015423943004087,0.0320701828887843,0.026291562425982,0.1771542538495091,0.1167452081474439,0.0181331400299435,0.0063290294733622,0.0625580901259667,19,12,6,Roof and attic ventilation and airflow,0.1771542538495091,0.1335310896459232,0.0436231642035858,11.105066939307411,training_educational,practical_advice_explainer,2023-02-10 06:57:37+00:00,2023,7.416666666666667,69789,1140,98,16.334952499677602,1.4042327587442147,55.43208895949166,0.0778395552025417
88VKMB-X0ZM,0.1512187650612191,0.0024416515665318,0.0344103116677456,0.1152006318987219,0.1529497460630537,0.0496755898378904,0.0328457061479605,0.1495817909149186,0.0652079828928661,0.0563580033666785,0.0095411483490381,0.0224481635079801,0.0294773388903379,0.0051027452996485,0.0072500156676858,0.1162904088677226,21,5,1,Heat pumps and heating systems,0.1529497460630537,0.1512187650612191,0.0017309810018346,10.852957071905776,installer_tradesperson,how_to_installation_demo,2026-01-19 07:15:00+00:00,2026,13.9,36839,207,90,5.619045033795706,2.443063058172046,199.1297297297297,0.4864864864864865
8GdNojhiWcA,0.1300470746856273,0.000854593015251,0.0521272926898878,0.1658780414821381,0.2769764487821227,0.0755359266402784,0.0926028887025951,0.0564354192727416,0.0387065332865625,0.0129921010405561,0.0229173668755625,0.0027765629649896,0.0003831653296676,0.0429430103447042,0.0142115499942514,0.0146120248930635,18,5,4,Heat pumps and heating systems,0.2769764487821227,0.1658780414821381,0.1110984072999845,9.044464858718408,training_educational,how_to_installation_demo,2023-11-28 23:27:49+00:00,2023,1.0166666666666666,92669,3868,60,41.739956188153535,0.6474657112950393,95.73243801652892,0.0619834710743801
8Ss2LRlnRes,0.0486736739706436,0.0,0.63043865697527,0.0061140840723519,0.1484848228744828,0.0013373655509221,0.019618219334461,0.0,0.0,0.0242934659844145,0.0143064908718177,0.0297044288584059,0.0256075585192088,0.0,0.0454791681164063,0.0059420648716147,1,3,5,Clarification and specification questions,0.63043865697527,0.1484848228744828,0.4819538341007872,3.891107352069914,installer_tradesperson,how_to_installation_demo,2024-09-20 09:59:55+00:00,2024,0.4833333333333333,32965,135,16,4.095252540573335,0.4853632640679509,49.12816691505216,0.0238450074515648
8U_GQfKSktQ,0.0933107549217473,0.0,0.0709417744134274,0.1670886592742511,0.0452671262774066,0.1608854178801801,0.0921291035425144,0.0144616350656075,0.0279157251203769,0.0046040422851791,0.0034663323444029,0.1350961317608964,0.0311791064251899,0.0152528071789185,0.0001122029101523,0.1382891805997491,7,4,6,"Implementation, cost and how-to questions",0.1670886592742511,0.1608854178801801,0.006203241394071,9.818542048198845,diy_renovator_homeowner,how_to_installation_demo,2023-12-12 19:32:00+00:00,2023,12.116666666666667,7285,190,41,26.08098833218943,5.628002745367192,7.636268343815513,0.0429769392033543
8UjnGVyHOfQ,0.2384481842993225,0.0007915510265816,0.0439468803666908,0.0190778207467698,0.0710990715788614,0.0973282010647674,0.0182139424003286,0.0733869970089783,0.0115599615482819,0.0191440572195276,0.0070269593498738,0.1545618463159015,0.0145324288895845,0.082377310630125,0.0082923427932367,0.1402124447611677,6,1,12,Situated household retrofit experience and building context,0.2384481842993225,0.1545618463159015,0.0838863379834209,9.706203328326106,installer_tradesperson,how_to_installation_demo,2024-12-14 15:45:45+00:00,2024,3.683333333333333,3121,30,21,9.612303748798462,6.728612624158924,5.325938566552901,0.0358361774744027
8ZrzGjXTRAo,0.1357091169082466,0.0995276796360706,0.0814627127568709,0.0754740956222681,0.0110213960929426,0.1815926728236361,0.0136318743785343,0.0260515546854815,0.0129567191694269,0.0951125452117045,0.0151698334969119,0.0365223312297034,0.092022015599038,0.0040054008562067,0.013283770178613,0.1064562813543443,36,6,1,"Praise, gratitude and social endorsement",0.1815926728236361,0.1357091169082466,0.0458835559153895,11.190491326546857,diy_renovator_homeowner,project_walkthrough,2020-06-18 23:00:03+00:00,2020,9.833333333333334,61350,834,125,13.594132029339852,2.037489812550937,27.560646900269543,0.0561545372866127
8bYasF6h1VM,0.1142317665488326,0.0510446467260048,0.0809676258400638,0.1335433793646135,0.0662607554034013,0.045213526234386,0.046877213279371,0.0145183714976165,0.0257542458710252,0.0162591570223455,0.0390215252226219,0.0624149539215549,0.2241265761321584,0.0064992807845018,0.0426326580559703,0.0306343180955318,28,13,4,"Wall, cavity and floor insulation",0.2241265761321584,0.1335433793646135,0.0905831967675449,11.786553501953028,training_educational,how_to_installation_demo,2025-11-01 14:00:22+00:00,2025,9.166666666666666,58728,1319,118,22.45947418607819,2.009263043182128,222.45454545454547,0.4469696969696969
8bdaCkOTNOQ,0.0649723743534965,0.0015769666639463,0.0323719363630006,0.1404454160833313,0.2818551618956719,0.1097571136229182,0.0322513754329439,0.0329103799748998,0.0563733447455173,0.0697951043657617,0.008992924218278,0.0341214745156547,0.0162895264840948,0.0371710028842984,0.000292637396939,0.0808232609992471,19,5,4,Heat pumps and heating systems,0.2818551618956719,0.1404454160833313,0.1414097458123406,9.951919376320644,installer_tradesperson,how_to_installation_demo,2023-09-08 17:45:56+00:00,2023,7.733333333333333,27390,376,87,13.727637824023368,3.176341730558598,26.11058150619638,0.0829361296472831
8g2ZIRswrsQ,0.2435898601698979,0.0,0.5660132868872729,0.0,0.0,0.0126588549157302,0.0799315221750311,0.0004481953470791,0.0946766080984494,0.0026816724065393,0.0,0.0,0.0,0.0,0.0,0.0,1,3,1,Clarification and specification questions,0.5660132868872729,0.2435898601698979,0.322423426717375,3.208919181443741,builder_contractor,how_to_installation_demo,2025-07-04 17:21:17+00:00,2025,0.1166666666666666,1324652,2099,10,1.5845671164955024,0.0075491525321367,3449.614583333333,0.0260416666666666
8gHoVpqNl7o,0.1375738399281524,0.0184169389339751,0.0208902578077655,0.0,0.0,0.0045013693562914,0.0324491727649854,0.0,0.1735407132147868,0.0009426512131601,0.0074461035327842,0.3749681322511689,0.0279064042039573,0.0154595989461444,0.1859048178468282,0.0,3,12,15,Roof and attic ventilation and airflow,0.3749681322511689,0.1859048178468282,0.1890633144043406,5.781989567671582,installer_tradesperson,problem_warning_mistakes,2025-04-07 06:51:27+00:00,2025,0.5166666666666667,35431,111,17,3.132849764330671,0.479805819762355,75.06567796610169,0.0360169491525423
8ixXTer9lAE,0.0,0.0,0.0,0.3374072999675245,0.0038470925823559,0.0052176569037027,0.0,0.0339511406649022,0.2555209439628856,0.0,0.0,0.0,0.1896007404780255,0.0,0.0,0.1744551254406032,1,4,9,"Implementation, cost and how-to questions",0.3374072999675245,0.2555209439628856,0.0818863560046389,4.476227041499282,installer_tradesperson,problem_warning_mistakes,2021-08-14 10:33:37+00:00,2021,2.9833333333333334,85,1,1,11.76470588235294,11.76470588235294,0.0471175166297117,0.0005543237250554
8jhOV0ZT4nU,0.0474211834390519,0.0,0.0,0.0,0.0339580942109482,0.0,0.049584313347458,0.0,0.0601574078604933,0.3269228401189969,0.0,0.0,0.4819561610230514,0.0,0.0,0.0,2,13,10,"Wall, cavity and floor insulation",0.4819561610230514,0.3269228401189969,0.1550333209040544,3.650177516494777,diy_renovator_homeowner,problem_warning_mistakes,2025-03-12 19:15:34+00:00,2025,1.6666666666666667,358,4,3,11.1731843575419,8.379888268156424,0.7188755020080321,0.0060240963855421
8jovCom4ikw,0.0921157336147938,0.0064503508387602,0.2967674399398279,0.1297736145183376,0.0,0.0356300886212368,0.0341383260025941,0.0089671101273047,0.0424016279775753,0.0108197438011471,0.073088978920322,0.0095660210835949,0.0161602944073028,0.0521550330159541,0.0166745165363644,0.1752911205948836,7,3,16,Clarification and specification questions,0.2967674399398279,0.1752911205948836,0.1214763193449443,8.731762278169295,diy_renovator_homeowner,how_to_installation_demo,2024-06-23 22:00:19+00:00,2024,0.8166666666666667,312107,2712,29,8.689327698513651,0.0929168522333687,410.6671052631579,0.0381578947368421
8k0MP7PNJW0,0.1390795208225791,0.0129496446151725,0.0715924047285489,0.0592814440764409,0.0017042336361344,0.1591421805657136,0.04540485624388,0.0220095083737514,0.0272538080653656,0.0428363746704842,0.0265810009525888,0.0132685970007011,0.1766879370473157,0.013283532322868,0.0666849611950864,0.1222399956833686,37,13,6,"Wall, cavity and floor insulation",0.1766879370473157,0.1591421805657136,0.0175457564816021,11.0534065884063,diy_renovator_homeowner,how_to_installation_demo,2023-12-16 12:47:01+00:00,2023,37.083333333333336,42695,826,109,19.346527696451577,2.5529921536479683,44.94210526315789,0.1147368421052631
8n4gca_N9X0,0.0599461155846731,0.0108961571064639,0.0080939067264992,0.1125413660255686,0.0232969764001019,0.1741646292004883,0.0546084762929124,0.2337575227729438,0.0478635354274331,0.1096890059269504,0.1017770946356877,0.0,0.0034294981742549,0.0233277271936449,0.0321133582554715,0.0044946302769057,4,8,6,"Solar PV, batteries and power systems",0.2337575227729438,0.1741646292004883,0.0595928935724554,9.540991364941124,installer_tradesperson,how_to_installation_demo,2024-05-23 09:11:56+00:00,2024,9.833333333333334,8815,65,10,7.37379466817924,1.1344299489506524,11.144121365360304,0.0126422250316055
8ph6kw4dvMw,0.3461472386200149,0.0,0.0525616516479124,0.0160694346180455,0.0115426976623019,0.1486098112087332,0.1290700542753869,0.0,0.0936926783259856,0.1807198319653379,0.0,0.0067587341227725,0.01008805348236,0.0047398140711487,0.0,0.0,3,1,10,Situated household retrofit experience and building context,0.3461472386200149,0.1807198319653379,0.1654274066546769,6.196817547598386,installer_tradesperson,how_to_installation_demo,2024-05-03 09:00:12+00:00,2024,0.3166666666666666,71503,152,20,2.125784932100751,0.2797085436974672,88.16646115906289,0.0246609124537607
8tPZquRNlDw,0.1032438795731275,0.0,0.7579890870755993,0.0,0.0869108672960741,0.0,0.0,0.0,0.0,0.0,0.0,0.0,0.0,0.0518561660551989,0.0,0.0,1,3,1,Clarification and specification questions,0.7579890870755993,0.1032438795731275,0.6547452075024718,2.248423715214734,installer_tradesperson,how_to_installation_demo,2023-10-05 04:00:04+00:00,2023,0.5,18549,98,2,5.283303682139199,0.1078225241252897,18.149706457925635,0.0019569471624266
905IZbKpfWQ,0.1151723136034036,0.001728589446189,0.1043613236748001,0.0,0.0001238369367586,0.005532738462746,0.0115983160746076,0.0,0.0,0.2690160302125643,0.0,0.2125871811959992,0.2191100958244562,0.0,0.0504592069129497,0.0103103676555251,1,10,13,"Implementation follow-up, outcomes and retrospective questions",0.2690160302125643,0.2191100958244562,0.049905934388108,5.990806063713446,builder_contractor,how_to_installation_demo,2024-11-09 13:00:15+00:00,2024,22.65,617,13,1,21.06969205834684,1.6207455429497568,0.9935587761674718,0.001610305958132
95YJjFOKDOY,0.0370586491250836,0.0022369704755431,0.031950726578591,0.0536845956164524,0.0793318555727385,0.0645201535677906,0.0192403897896856,0.0416817451625102,0.1057672933104695,0.0194449884082167,0.0266415184058106,0.0115528135009397,0.0136423615079378,0.4493542794847249,0.0052143348204456,0.0386773246730594,56,14,9,Thermostat wiring and smart heating controls,0.4493542794847249,0.1057672933104695,0.3435869861742553,7.558954883484164,diy_renovator_homeowner,practical_advice_explainer,2020-12-22 19:15:00+00:00,2020,3.05,221060,1898,132,8.585904279381165,0.5971229530444223,108.4158901422266,0.064737616478666
9A-YMXZ_XAk,0.0816246434425686,0.0,0.128089486688009,0.0584106020827331,0.2251620599234347,0.1466591290807886,7.134439306420931e-05,0.0324806526680465,0.0830304344789009,0.0014144729307389,0.0005109135180821,0.0077519900188855,0.0085273282042761,0.2196584693862457,0.0066084731842254,0.0,4,5,14,Heat pumps and heating systems,0.2251620599234347,0.2196584693862457,0.005503590537189,7.591753714998681,installer_tradesperson,how_to_installation_demo,2023-10-03 16:44:03+00:00,2023,0.65,18623,136,10,7.302797615851366,0.5369704129302475,18.1865234375,0.009765625
9EPnwFhocwM,0.0389255056554396,0.0011289838868679,0.0811221938686624,0.03937069116798,0.0353117559095471,0.0394468667949443,0.0541736896955449,0.0196155363208932,0.0849923085715777,0.0770797518099104,0.0380341634539188,0.0167378709844553,0.0383822028137473,0.4000643780026061,0.0028297882650691,0.0327843127988354,30,14,9,Thermostat wiring and smart heating controls,0.4000643780026061,0.0849923085715777,0.3150720694310284,8.722974869746825,diy_renovator_homeowner,how_to_installation_demo,2022-11-12 18:06:23+00:00,2022,3.8,192699,1032,125,5.355502623262186,0.6486800658021058,142.84581171237954,0.0926612305411415
9G17C0kaD7M,0.1247403479889948,0.0564621190796891,0.0412849972318248,0.0413389334517753,0.0250775292187486,0.1134327019854983,0.0114606034319087,0.016656914979786,0.0222526604059959,0.0545428156284804,0.0492764893660829,0.0360856294789334,0.2284825177106602,0.0118327234341604,0.0970774375600993,0.0699955790473611,20,13,1,"Wall, cavity and floor insulation",0.2284825177106602,0.1247403479889948,0.1037421697216653,11.679847686015638,diy_renovator_homeowner,how_to_installation_demo,2024-02-08 19:03:46+00:00,2024,4.733333333333333,21915,293,97,13.369838010495094,4.426192105863564,24.458705357142858,0.1082589285714285
9GLHP_fm-vU,0.1487014663484533,0.0019921440027008,0.095929356441533,0.0308461887234043,0.2025825488398137,0.1147771046738771,0.0492680437951099,0.1136974252953332,0.0620435512952526,0.0168350161290516,0.0217073469236505,0.0384424886909834,0.011086562753379,0.0332456189095063,0.0063108044016756,0.0525343327762748,61,5,1,Heat pumps and heating systems,0.2025825488398137,0.1487014663484533,0.0538810824913603,10.966717177136331,installer_tradesperson,how_to_installation_demo,2023-02-17 16:49:32+00:00,2023,29.83333333333333,84531,436,241,5.157871076883037,2.851025067726633,67.5167731629393,0.1924920127795527
9N5ScLIdsfA,0.0634635032474525,0.0,0.2273891871710538,0.0012526921975392,0.0,0.1952864264194066,0.4851287419616051,0.0,0.0,0.0,0.0024562487528586,0.0250232002500839,0.0,0.0,0.0,0.0,1,7,3,"Alternative methods, challenges and ""why"" questions",0.4851287419616051,0.2273891871710538,0.2577395547905513,3.658522747865269,builder_contractor,problem_warning_mistakes,2024-08-03 18:21:22+00:00,2024,0.35,2943,0,11,0.0,3.737682636765206,4.093184979137691,0.015299026425591
9OFpzKn0cq4,0.1207415012488541,0.3063971692597494,0.0391013666222282,0.0155339116666101,0.0094299115722874,0.0106353657761376,0.0570115652213465,0.0107649977958107,0.0616644636506662,0.0296836803238183,0.0109524232775928,0.1983688073464012,0.0700114152144911,0.0050349438119864,0.0286235583482191,0.0260449188638002,118,2,12,Spray foam and foam insulation,0.3063971692597494,0.1983688073464012,0.1080283619133481,8.754707584479666,diy_renovator_homeowner,problem_warning_mistakes,2024-11-11 15:00:08+00:00,2024,0.4166666666666667,815271,3552,526,4.356833494629393,0.6451842393510869,1317.0775444264943,0.8497576736672051
9VEam5wRanQ,0.3852405801272527,0.004905953283226,0.0,0.0,0.1093454672874283,0.0,0.1118606074038767,0.0,0.171542588055455,0.0021006550370668,0.0,0.0,0.0,0.2150041488056942,0.0,0.0,1,1,14,Situated household retrofit experience and building context,0.3852405801272527,0.2150041488056942,0.1702364313215585,4.601820634580188,installer_tradesperson,how_to_installation_demo,2022-04-23 16:19:12+00:00,2022,0.2,33022,203,17,6.147416873599418,0.514808309611774,21.2770618556701,0.0109536082474226
9__N_v1PH0Q,0.1533232385832564,0.0040538264716677,0.1369376049764395,0.0021653110829061,0.0594845622161712,0.0107723204580946,0.0,0.066713329568212,0.0858899520239453,0.1719912026349276,0.0381646470137921,0.0,0.0040630035390306,0.1585043787186548,0.0,0.1079366227129015,2,10,14,"Implementation follow-up, outcomes and retrospective questions",0.1719912026349276,0.1585043787186548,0.0134868239162727,8.89538451739073,builder_contractor,how_to_installation_demo,2022-11-11 20:35:00+00:00,2022,0.3333333333333333,14947,0,5,0.0,0.3345152873486318,11.071851851851852,0.0037037037037037
9cUnrWl13GI,0.0194699240262359,0.0,0.0136027317122142,0.747384862413368,0.0199845201845492,0.0,0.0,0.1873856044338043,0.0,0.0059136481063907,0.0,0.0,0.0,0.0,0.0,0.0062587091234374,1,4,8,"Implementation, cost and how-to questions",0.747384862413368,0.1873856044338043,0.5599992579795636,2.240840861390954,installer_tradesperson,how_to_installation_demo,2024-08-12 20:34:22+00:00,2024,0.3166666666666666,37484,195,3,5.202219613701846,0.0800341479031053,52.7943661971831,0.004225352112676
9fcsgrrHSQ8,0.1187181737624927,0.0013828402621919,0.0952012377246602,0.0472702778195799,0.2811444943737844,0.1080274972990974,0.0429095497930271,0.0504885991313288,0.0344608909963931,0.018696237558957,0.018721656018309,0.0194904644504254,0.0210463195028545,0.03700025481615,0.0059464578894731,0.0994950486012747,72,5,1,Heat pumps and heating systems,0.2811444943737844,0.1187181737624927,0.1624263206112916,10.158008704781809,installer_tradesperson,how_to_installation_demo,2022-03-31 17:00:11+00:00,2022,6.883333333333334,67360,1705,205,25.311757719714965,3.0433491686460807,42.768253968253966,0.1301587301587301
9hbK298cat8,0.2206755889356531,0.0162751679032221,0.0554240848820044,0.0854543773910529,0.0050673227961072,0.1424531707111825,0.1336251978903905,0.0012814830762358,0.1019535229561589,0.0223231811049117,0.0413895059833357,0.1084556409978339,0.0264631154593478,0.006305390967786,0.0094612545114863,0.0233919944332906,21,1,6,Situated household retrofit experience and building context,0.2206755889356531,0.1424531707111825,0.0782224182244706,10.006858699442445,training_educational,how_to_installation_demo,2025-11-30 15:00:12+00:00,2025,5.316666666666666,102453,3183,133,31.06790430734093,1.2981562277336924,435.9702127659575,0.5659574468085107
9jRpO_kKgJM,0.0778059359944859,0.0024903522761393,0.1164196627597516,0.0727746569920387,0.0239399256293704,0.1889260485316457,0.0271425713554702,0.0220308679923339,0.0804835586030119,0.0745169008563925,0.0158129223710136,0.0084026408224359,0.0156203523623301,0.2215333207852824,0.0174437107819626,0.0346565718863345,29,14,6,Thermostat wiring and smart heating controls,0.2215333207852824,0.1889260485316457,0.0326072722536366,10.265985788456636,training_educational,how_to_installation_demo,2023-01-14 18:15:00+00:00,2023,7.716666666666667,113338,690,88,6.087984612398313,0.776438617233408,88.13219284603421,0.0684292379471228
A21p0LBHuHA,0.0029543349974454,0.0,0.0,0.0724013008001997,0.0122279174422098,0.0,0.2985792484545559,0.0104528058785705,0.0128578862473864,0.0015211702283399,0.0782233802318592,0.4946819893723784,0.0,0.0160999663470543,0.0,0.0,3,12,7,Roof and attic ventilation and airflow,0.4946819893723784,0.2985792484545559,0.1961027409178225,3.8557101956576103,installer_tradesperson,how_to_installation_demo,2025-01-14 11:43:00+00:00,2025,2.85,4285,53,10,12.368728121353556,2.333722287047841,7.72072072072072,0.018018018018018
A4MGntDOos8,0.0533957107807956,0.0084492666589578,0.0758601396035129,0.0051035809648575,0.036295877318977,0.0810098278487536,0.0945486621720591,0.0078988280123135,0.0911594600446476,0.0010388034520177,0.2252901130477581,0.0583480842801178,0.009796055143123,0.1172251700865654,0.0113339864023286,0.1232464341832141,8,11,16,"Product sourcing, access and location questions",0.2252901130477581,0.1232464341832141,0.102043678864544,10.349964325333795,installer_tradesperson,how_to_installation_demo,2023-03-20 22:20:54+00:00,2023,0.9833333333333332,57962,629,23,10.85193747627756,0.3968117042200062,47.47092547092547,0.0188370188370188
A5qlBbd5xwY,0.1198210829884882,0.0049550062265544,0.0044087054076775,0.0383123079414444,0.1025661832211119,0.0863158572891703,0.0590027013047967,0.0558277404629984,0.1749723404167957,0.0411330073515777,0.028905444724628,0.0164209967878833,0.0053691023516992,0.1997335671281113,0.0164325859047717,0.0458233704922905,17,14,9,Thermostat wiring and smart heating controls,0.1997335671281113,0.1749723404167957,0.0247612267113155,10.668031800433008,training_educational,how_to_installation_demo,2024-11-17 18:00:09+00:00,2024,8.45,60365,516,58,8.547999668682182,0.9608216681852066,98.4747145187602,0.0946166394779771
AADAMH0TRQU,0.0609424389183581,0.481651124322188,0.0002995085709561,0.000562432793288,0.0,0.0019862869193201,0.004026039074982,0.0030480309105733,0.0,0.0,0.0,0.4035751224946125,0.015450281300004,0.0010013410399416,0.0178694367539255,0.0095879569018503,5,2,12,Spray foam and foam insulation,0.481651124322188,0.4035751224946125,0.0780760018275755,3.1119512949888057,training_educational,how_to_installation_demo,2025-07-14 19:54:08+00:00,2025,0.2833333333333333,75797,230,15,3.0344208873702123,0.1978970143937095,202.6657754010695,0.0401069518716577
ABjqoJ0eXYo,0.0691129565916758,0.0029817994351387,0.070002652128651,0.0373515556102941,0.0405471430547466,0.1877060197042464,0.0583886667767301,0.0218623882515392,0.0780745910946155,0.0228736976480364,0.0200522425795295,0.0099293914804828,0.0151305824975835,0.2856242297979474,0.0150186613509833,0.0653434219977988,187,14,6,Thermostat wiring and smart heating controls,0.2856242297979474,0.1877060197042464,0.0979182100937009,9.74453077516829,training_educational,how_to_installation_demo,2022-12-02 18:45:00+00:00,2022,11.2,418895,3927,465,9.374664295348476,1.1100633810382077,315.1956358164033,0.3498871331828442
ADS46Ke0fdg,0.0197030275755982,0.0039744522510295,0.1339140396676453,8.260307776212356e-05,0.0,0.0,0.0421669385618151,0.0001431532142479,0.1033196840174949,0.0130951336144258,0.0,0.0,0.0076735518292631,0.6609731894602074,0.0030135660886875,0.0119406606418225,6,14,3,Thermostat wiring and smart heating controls,0.6609731894602074,0.1339140396676453,0.5270591497925621,3.244111018945821,installer_tradesperson,how_to_installation_demo,2023-12-06 23:14:06+00:00,2023,0.6833333333333333,126012,1180,28,9.36418753769482,0.2222010602164873,131.2625,0.0291666666666666
AEKPaFNwibc,0.033806220985063,0.003442625085374,0.0748065962076508,0.0762101726722128,0.231311754617655,0.0243254199951911,0.082954687529826,0.0025049414913666,0.0068643505501299,0.0827300381936199,0.1284800150506378,0.0096202898852754,0.0855205313170149,0.0158649389430957,0.0228314011684844,0.1187260163074019,6,5,11,Heat pumps and heating systems,0.231311754617655,0.1284800150506378,0.1028317395670171,10.368173978617383,training_educational,how_to_installation_demo,2025-10-02 22:00:22+00:00,2025,23.716666666666665,23542,737,25,31.3057514229887,1.0619318664514483,80.07482993197279,0.0850340136054421
AGgixk6jaew,0.1989024618078421,0.0048586831632323,0.061076717282686,0.030136609740177,0.074491915598035,0.1220313385526866,0.057368780603704,0.0529337521570487,0.0868474162083661,0.0260895355577088,0.0171043020824466,0.0073844852548767,0.0068318488518576,0.165485365544963,0.0123524582658745,0.0761043293284943,185,1,14,Situated household retrofit experience and building context,0.1989024618078421,0.165485365544963,0.033417096262879,10.89489172352427,installer_tradesperson,problem_warning_mistakes,2022-11-26 10:00:05+00:00,2022,11.166666666666666,118240,4915,600,41.567997293640055,5.074424898511502,88.5692883895131,0.449438202247191
AHKxh1vjMMU,0.2253852208935002,0.04962651823444,0.0543702949619989,0.0134974805088774,0.0,0.0238012767173001,0.0911163189793277,0.0073551021829642,0.1104000268420684,0.0540715254887501,0.0031932735828981,0.2409469930260931,0.0526565284347728,0.0158845834486954,0.0361871769502087,0.0215076797481041,16,12,1,Roof and attic ventilation and airflow,0.2409469930260931,0.2253852208935002,0.0155617721325929,9.304155257545125,builder_contractor,how_to_installation_demo,2023-01-16 19:31:38+00:00,2023,1.0166666666666666,82436,835,57,10.12906982386336,0.6914454849822893,64.202492211838,0.0443925233644859
AMUU3EQ3qLs,0.0753513189529924,0.0013304583344304,0.1038996917423608,0.0629046505196732,0.1732746426293733,0.1504711074409676,0.0223129862149565,0.0023762501555126,0.064272132795591,0.0034782634216385,0.0218811836869478,0.0142578073703841,0.0028511303497421,0.247542942989179,0.0010652474865543,0.0527301859096956,16,14,5,Thermostat wiring and smart heating controls,0.247542942989179,0.1732746426293733,0.0742683003598057,8.722718309303714,installer_tradesperson,how_to_installation_demo,2023-09-23 19:52:06+00:00,2023,5.2,64955,901,53,13.87114155954122,0.8159495035024247,62.819148936170215,0.0512572533849129
AN4_mkEfDPE,0.2706562588860924,0.023991444495264,0.080382178523619,0.0682872483180001,0.014295885537969,0.0373663042843393,0.1240833683023607,0.032254754810002,0.0649645559520108,0.0269398773903447,0.0202339694179854,0.0250979501508803,0.0267055283336353,0.0125142429063586,0.0892038216866434,0.083022611004494,240,1,7,Situated household retrofit experience and building context,0.2706562588860924,0.1240833683023607,0.1465728905837316,11.05126898024127,builder_contractor,how_to_installation_demo,2024-06-21 20:39:44+00:00,2024,1.0,1519159,29190,1190,19.21457859249756,0.7833281440586535,1993.6469816272968,1.561679790026247
AQ4EYHNCDzg,0.1369157399887645,0.0099910145439117,0.0429586082616914,0.0610241602360337,0.0452629622228316,0.2066074295414008,0.0737247980092152,0.054014099605068,0.0771820600793189,0.0925539152281162,0.0223483191942762,0.0450301856032961,0.007885728549218,0.0610257438009634,0.0207837687907382,0.0426914663451554,88,6,1,"Praise, gratitude and social endorsement",0.2066074295414008,0.1369157399887645,0.0696916895526363,12.261193064428303,diy_renovator_homeowner,how_to_installation_demo,2024-11-26 19:21:18+00:00,2024,24.366666666666667,395198,6368,421,16.113441869645087,1.0652887919473275,654.3013245033112,0.6970198675496688
AQSkC4RJjhA,0.1986172077212634,0.0162276256182788,0.1328247619999772,0.0,0.0021502887184891,0.0930688183469416,0.0007713026612552,0.1003253743333025,0.0200101576881729,0.0,0.0075051157463781,0.1374345967419201,0.1023562637652996,0.0345369735194889,0.036711729591355,0.117459783547877,5,1,12,Situated household retrofit experience and building context,0.1986172077212634,0.1374345967419201,0.0611826109793433,9.361576414889951,installer_tradesperson,how_to_installation_demo,2021-04-26 01:45:13+00:00,2021,2.966666666666667,48079,173,24,3.598244555835188,0.4991784354915867,25.119644723093,0.012539184952978
ATk1fx_N_qc,0.1279762641056427,0.0044727944581896,0.0647390092940574,0.0806027246329846,0.0964692363093807,0.1556685239696888,0.0575973155971832,0.0683168601473484,0.0704958111990229,0.0222134533893887,0.0363556484598879,0.0623139626269293,0.0161930644559278,0.0620235532148459,0.0148319543215331,0.0597298238179885,146,6,1,"Praise, gratitude and social endorsement",0.1556685239696888,0.1279762641056427,0.0276922598640461,13.00512033449066,training_educational,practical_advice_explainer,2021-12-11 05:00:07+00:00,2021,19.516666666666666,838504,16835,575,20.0774236020341,0.6857450888725635,497.62848664688426,0.3412462908011869
AXamAjE0juw,0.1091730084329172,0.0014820011416248,0.0801993634295192,0.0588828448746388,0.246508717940001,0.1001343938926639,0.0517248482303123,0.0461497518352927,0.0616991688449942,0.0224845229060296,0.0227118101763983,0.0256668918736075,0.0336979361482816,0.0218811403431937,0.0070076971064125,0.110595902824112,217,5,16,Heat pumps and heating systems,0.246508717940001,0.110595902824112,0.135912815115889,11.074940714391628,installer_tradesperson,how_to_installation_demo,2023-08-26 11:26:35+00:00,2023,17.283333333333335,101406,1872,580,18.46044612744808,5.719582667692247,95.48587570621469,0.5461393596986818
AZlHO1ipodg,0.1762527712962714,0.0140515546468023,0.0,0.0,0.0,0.2923446050979206,0.0025697288253881,0.003792605816957,0.4212977451458028,0.0276803928364576,0.0,0.0,0.0184246350521119,0.043585961282288,0.0,0.0,1,9,6,Performance checking and troubleshooting,0.4212977451458028,0.2923446050979206,0.1289531400478821,4.20169481768659,diy_renovator_homeowner,practical_advice_explainer,2024-02-13 01:25:59+00:00,2024,0.5833333333333334,6193,106,11,17.116098821249796,1.7761989342806397,6.950617283950617,0.0123456790123456
Aa1U1jezAwA,0.0,0.0,0.0,0.4249466027785879,0.0,0.0,0.0,0.0,0.0,0.0,0.0,0.0,0.1878301362273601,0.0,0.0,0.3872232609940519,1,4,16,"Implementation, cost and how-to questions",0.4249466027785879,0.3872232609940519,0.037723341784536,2.8437913810333524,builder_contractor,how_to_installation_demo,2025-10-24 12:22:58+00:00,2025,1.0333333333333334,2857,27,7,9.450472523626182,2.450122506125306,10.503676470588236,0.025735294117647
Aa7SsJto3qU,0.066553568858858,0.0362173120196095,0.0814403328243493,0.0649691229648696,0.0251468396426334,0.0086528242053089,0.0728159101284639,0.09146236221775,0.0948806065241764,0.0337271757798951,0.0014062275395023,0.0173267627997488,0.0260956757093411,0.3117980013622095,0.0094132133638586,0.058094064059425,21,14,9,Thermostat wiring and smart heating controls,0.3117980013622095,0.0948806065241764,0.216917394838033,10.080960344851889,training_educational,how_to_installation_demo,2024-05-20 22:00:10+00:00,2024,9.65,96627,1059,82,10.959669657549131,0.848624090575098,121.69647355163728,0.1032745591939546
AbuA88xVIHQ,0.1155195750819644,0.0134414827641004,0.0580600438556008,0.0521780078517162,0.0261605185617261,0.1200030398101923,0.0391068010586307,0.1799390480314835,0.075797491780596,0.0258845189407189,0.0312287211833691,0.0091344249807527,0.0069749586081041,0.1538429298497716,0.0327947341170323,0.0599337035242401,18,8,14,"Solar PV, batteries and power systems",0.1799390480314835,0.1538429298497716,0.0260961181817119,11.662189549141024,installer_tradesperson,how_to_installation_demo,2024-11-21 02:49:26+00:00,2024,4.883333333333334,44058,408,67,9.26052022334196,1.5207226837350765,72.34482758620689,0.1100164203612479
Ac1ofvlsFj0,0.1395960327395492,0.0051613758838715,0.0515841682360763,0.1773040189882818,0.0126458061354132,0.0854739255421194,0.0439216336766346,0.0132659134920449,0.0373044695220952,0.0076749980957058,2.838428823240777e-06,0.0874000629319287,0.3001269183705495,0.005891042023258,0.0284369297448912,0.0042098661887567,7,13,4,"Wall, cavity and floor insulation",0.3001269183705495,0.1773040189882818,0.1228228993822677,8.253482897346187,builder_contractor,how_to_installation_demo,2025-07-27 18:00:18+00:00,2025,4.366666666666666,10980,295,21,26.86703096539162,1.9125683060109289,30.41551246537396,0.0581717451523545
AcR8e8sMXfo,0.0091892153066383,0.0144425397059224,0.0266444235267662,0.007572571663444,0.0,0.0148808602884229,0.2897613320281664,0.0,0.0052692328322144,0.0134239922787599,0.0760689431048832,0.0558770893229666,0.0791630173529096,0.0,0.1860328308720456,0.2216739517168597,2,7,16,"Alternative methods, challenges and ""why"" questions",0.2897613320281664,0.2216739517168597,0.0680873803113066,7.026407117436289,builder_contractor,how_to_installation_demo,2024-06-14 06:50:24+00:00,2024,0.9,42139,368,9,8.733002681601368,0.2135788699304682,54.79713914174252,0.0117035110533159
Af6aaUyMc3E,0.0757529265638222,0.0034310418570625,0.0594735634978283,0.0339207662487531,0.0387850058493445,0.0526250346995112,0.0416242692785446,0.0312254432311288,0.0514574546554358,0.046188006917133,0.0247206347412486,0.0217851715030627,0.0217266205692967,0.447226190240056,0.0075012967458228,0.0425565734019483,113,14,1,Thermostat wiring and smart heating controls,0.447226190240056,0.0757529265638222,0.3714732636762338,8.188967933361075,diy_renovator_homeowner,how_to_installation_demo,2021-10-28 23:42:59+00:00,2021,10.2,896498,8149,378,9.089813920387998,0.4216406506205256,518.5066512434934,0.2186234817813765
Ahv9b4YilEQ,0.0580146608880602,0.0015431561036138,0.1100279309005177,0.0580686011860553,0.0022904461396,0.0035093335781126,0.1721472263855935,0.0123035101871749,0.1781566396683151,0.0071423324737711,0.0,0.0,0.3831986997130944,0.0021264473582726,0.0114710154178183,0.0,5,13,9,"Wall, cavity and floor insulation",0.3831986997130944,0.1781566396683151,0.2050420600447793,5.746235509696428,builder_contractor,how_to_installation_demo,2021-11-11 15:23:39+00:00,2021,0.2666666666666666,133921,876,28,6.541169794132362,0.2090784865704407,78.08804664723031,0.0163265306122449
AlVATirl5ac,0.0,0.0,0.0,0.0,0.0,0.0,0.0,0.0,0.0,0.0,0.0,0.0,0.0,0.0,1.0,0.0,1,15,16,Vapour barriers and moisture control,1.0,0.0,1.0,1.0,diy_renovator_homeowner,how_to_installation_demo,2025-04-03 09:01:25+00:00,2025,0.9833333333333332,1766,8,1,4.530011325028313,0.5662514156285391,3.7100840336134455,0.0021008403361344
AmIIvqsEhto,0.0317123152389116,0.0066570261858128,0.0083040301938754,0.0115096517447801,0.0,0.0352635088152812,0.0,0.0,0.0003970485260868,0.0,0.9061564192952516,0.0,0.0,0.0,0.0,0.0,1,11,6,"Product sourcing, access and location questions",0.9061564192952516,0.0352635088152812,0.8708929104799705,1.5594528305048578,builder_contractor,practical_advice_explainer,2025-07-30 09:00:17+00:00,2025,0.95,1359,7,1,5.15084621044886,0.7358351729212657,3.79608938547486,0.0027932960893854
ApMPs6p2kJk,0.1087957575790077,0.024453326777366,0.127773236868531,0.0370130245032292,0.0027646211105781,0.0323333434844138,0.0746527151413342,0.0382772847865279,0.0564680394829197,0.0525455638693275,0.0143950926319649,0.0389470473789557,0.1646471562057522,0.0251731514233983,0.1514005220413098,0.0503601167153832,27,13,15,"Wall, cavity and floor insulation",0.1646471562057522,0.1514005220413098,0.0132466341644423,12.102597336348078,installer_tradesperson,how_to_installation_demo,2023-10-03 18:19:02+00:00,2023,0.9666666666666668,208878,0,121,0.0,0.5792855159471079,203.982421875,0.1181640625
At0g_sgj2-Y,0.1691086294918986,0.0256321514053879,0.1812503267187392,0.020838771768035,0.0123832208974698,0.1724588975546302,0.0321078691476019,0.0217101974257363,0.1200462773616111,0.0615941904549212,0.0034316782852617,0.0159561869349469,0.0270537818133934,0.0146923994635432,0.0387192023947609,0.0830162188820617,12,3,6,Clarification and specification questions,0.1812503267187392,0.1724588975546302,0.0087914291641089,10.376555393746756,builder_contractor,project_walkthrough,2023-07-19 09:30:04+00:00,2023,11.383333333333333,50443,671,75,13.302143012905656,1.4868267153024204,45.85727272727273,0.0681818181818181
AwnLmyrzHNA,0.3001475383972302,0.012568935093141,0.0034326127781729,0.0073541501843859,0.0,0.0063921228971937,0.0429298599579065,0.0007681647138651,0.0645979319429941,0.1881505571819805,0.0058148077270983,0.0420777316462279,0.020823339427514,0.0,0.135827018029387,0.1691152300229024,8,1,10,Situated household retrofit experience and building context,0.3001475383972302,0.1881505571819805,0.1119969812152496,7.040258292259908,builder_contractor,how_to_installation_demo,2023-07-04 12:45:16+00:00,2023,0.5833333333333334,97617,1075,28,11.01242611430386,0.2868352848376819,87.54887892376682,0.0251121076233183
B5wwIv7ZhGI,0.0842810232032691,0.2516840987819844,0.100520925175452,0.0807500043955327,0.0144900672203146,0.0394560367891776,0.0353756152738562,0.0165262978215761,0.0409007874381547,0.0761465770740964,0.0127713530982473,0.1428904617339689,0.0460984778828644,0.006205359038933,0.0190481519099875,0.0328547631625843,67,2,12,Spray foam and foam insulation,0.2516840987819844,0.1428904617339689,0.1087936370480154,10.873572467931606,installer_tradesperson,project_walkthrough,2024-12-24 18:24:15+00:00,2024,11.183333333333334,207354,1348,193,6.500959711411403,0.9307753889483684,359.9895833333333,0.3350694444444444
B7HnFHw8tdg,0.0711941911468263,0.1327108658880098,0.0393536201357113,0.0755777773742004,0.0795649063737186,0.0,0.0416109553378936,0.019796905068156,0.0560192236496192,0.0021559740886703,0.0,0.0082626647931839,0.10355878502238,0.0099199367704465,0.0324821762991183,0.3277920180520654,4,16,2,"Prospective choices, recommendations and alternatives",0.3277920180520654,0.1327108658880098,0.1950811521640556,8.686937044602685,builder_contractor,how_to_installation_demo,2025-10-16 16:00:27+00:00,2025,0.2333333333333333,17935,0,7,0.0,0.3902982994145525,64.05357142857143,0.025
BAfnGXeQ_C0,0.1139700488396055,8.444736986376978e-05,0.0302945017564719,0.0006338500425734,0.0249629687721292,0.081947055386366,0.0215304622228543,0.1388316588955776,0.0085733276605758,0.0092945760164383,0.1457777214048851,0.1751423695246431,0.0989818529336357,0.0645795325386334,0.0351233172189643,0.0502723094167818,3,12,11,Roof and attic ventilation and airflow,0.1751423695246431,0.1457777214048851,0.0293646481197579,10.556635354128089,diy_renovator_homeowner,how_to_installation_demo,2024-05-31 18:04:36+00:00,2024,0.1666666666666666,136192,1250,7,9.178218984962406,0.0513980263157894,173.93614303959131,0.0089399744572158
BGhrTC0o-qg,0.0975210056474155,0.0472066767550721,0.057101779609495,0.1043891617614011,0.0151791885748299,0.0169740013675489,0.0261032699478982,0.0111158906385012,0.0465617171619384,0.0138923228167013,0.0154150270709253,0.0890178738659962,0.2243126039657405,0.0141952446046617,0.1291832604511174,0.0918309757607567,36,13,15,"Wall, cavity and floor insulation",0.2243126039657405,0.1291832604511174,0.095129343514623,11.129671185150018,training_educational,how_to_installation_demo,2025-01-18 15:00:12+00:00,2025,7.716666666666667,32620,745,75,22.83874923359902,2.299202942979767,59.201451905626136,0.1361161524500907
BQhmBzh7gjo,0.7225836336742036,0.0,0.0,0.0,0.0,0.0,0.0393167950901981,0.0,0.0017585358043493,0.0278094111718511,0.0260514088053935,0.1128297453792723,0.0,0.0,0.0696504700747319,0.0,1,1,12,Situated household retrofit experience and building context,0.7225836336742036,0.1128297453792723,0.6097538882949314,2.7171145290570866,diy_renovator_homeowner,problem_warning_mistakes,2024-12-16 23:21:03+00:00,2024,4.85,8317,65,3,7.815318023325718,0.3607069856919562,14.241438356164384,0.0051369863013698
BTV2nqretRY,0.0515418751247251,0.0118279299340069,0.0385298882915261,0.0035329340956484,0.0139653334915384,0.0508960659156112,0.1227284188432065,0.0081986639402019,0.0477685844609757,0.0097983219459522,0.0155743135837436,0.4676264358892157,0.0495069615001962,0.0141616269080617,0.0221828211289135,0.0721598249464762,17,12,7,Roof and attic ventilation and airflow,0.4676264358892157,0.1227284188432065,0.3448980170460091,7.049289365094153,installer_tradesperson,practical_advice_explainer,2023-04-03 11:15:01+00:00,2023,0.9,203406,2803,66,13.78032113113674,0.3244742043007581,168.52195526097762,0.0546810273405136
BXPR0NUn5fA,0.156685399077622,0.0377024816773488,0.0260211777619823,0.0366282668339824,0.0195056347127111,0.0242389058429934,0.074608872415702,0.0280155842044074,0.0796053277889571,0.0524309088682391,0.027170139237356,0.0489583461233528,0.2540479900738133,0.0402698887270896,0.0508967412906222,0.0432143353638198,245,13,1,"Wall, cavity and floor insulation",0.2540479900738133,0.156685399077622,0.0973625909961912,11.673591211023355,builder_contractor,problem_warning_mistakes,2023-07-16 15:00:15+00:00,2023,0.9833333333333332,793669,39865,811,50.22874775252656,1.021836559069335,719.5548504079783,0.7352674524025385
BaXMLIfBiJs,0.0041183019108275,0.015931216428141,0.0132309745364004,0.0027862687718684,0.0,0.0722725369207223,0.0,0.013195344264053,0.7084046168104793,0.0,0.0368639779571451,0.0176561679642343,0.0325109938276941,0.0245524742154473,0.0462274222272335,0.0122497041657532,2,9,6,Performance checking and troubleshooting,0.7084046168104793,0.0722725369207223,0.636132079889757,3.4721473114563537,training_educational,how_to_installation_demo,2020-06-04 02:30:32+00:00,2020,4.983333333333333,5761,15,3,2.603714632876237,0.5207429265752473,2.571875,0.0013392857142857
Bbzsfhg1dmg,0.0801046935903235,0.0161550283277723,0.0620344580823356,0.0539815967955411,0.0042636625300262,0.0795727373315938,0.0250353475783076,0.0031852570141818,0.0439508681475758,0.0033669950092176,0.0119642182513227,0.3186441502959783,0.1588740943794069,0.0040462290580132,0.0174863827832565,0.1173342808251464,16,12,13,Roof and attic ventilation and airflow,0.3186441502959783,0.1588740943794069,0.1597700559165713,8.540572566366608,diy_renovator_homeowner,project_walkthrough,2025-01-11 15:00:13+00:00,2025,4.066666666666666,80472,832,33,10.33899990058654,0.4100805249030718,144.21505376344086,0.0591397849462365
Bc60g7YCo1E,0.102619755437411,0.0028578507853406,0.0788329619714243,0.0506952560869047,0.010381770385112,0.0536276201682489,0.0158750228424543,0.0571122088034513,0.0221354198514611,0.0990075508059569,0.001780488701714,0.0838028179691558,0.3483516732533013,0.0069685876580213,0.0142778609384562,0.0516731543415855,17,13,1,"Wall, cavity and floor insulation",0.3483516732533013,0.102619755437411,0.2457319178158903,8.87715014845352,diy_renovator_homeowner,how_to_installation_demo,2023-10-16 15:26:49+00:00,2023,0.9666666666666668,97571,919,63,9.418782220126882,0.6456836560043455,96.50939663699307,0.0623145400593471
BcsBr4cqEAU,0.172659381656099,0.0205922323131651,0.0038334355682263,0.0355524505725762,0.0046969974750786,0.0187435879222469,0.0849564798093514,0.0579213429399824,0.0306864608925451,0.0659629996658759,0.0224645062734695,0.0306880308602885,0.1474536670218519,0.1877170514741441,0.0546489042038299,0.0614224713512684,23,14,1,Thermostat wiring and smart heating controls,0.1877170514741441,0.172659381656099,0.015057669818045,11.048518446716528,builder_contractor,practical_advice_explainer,2024-03-26 13:00:09+00:00,2024,0.3666666666666666,475961,6120,123,12.85819636482821,0.258424534783312,560.6136631330978,0.1448763250883392
BqaiSe8ans0,0.0086883070039154,0.0,0.0,0.0072509754854466,0.0,0.0169829592403386,0.03903225632259,0.004909028099622,0.0,0.0,0.0,0.4339168196500986,0.0463456283593276,0.0,0.0372289290588317,0.4056450967798292,1,12,16,Roof and attic ventilation and airflow,0.4339168196500986,0.4056450967798292,0.0282717228702694,3.640106600841464,diy_renovator_homeowner,how_to_installation_demo,2024-12-19 01:00:09+00:00,2024,1.25,2729,15,2,5.496518871381458,0.7328691828508611,4.697074010327023,0.0034423407917383
BqflmLgXTzQ,0.1131424868798216,0.015681989341124,0.2438069645493142,0.1142027227671103,0.0042929939829604,0.0619422714376498,0.033247782522997,0.0100250028544372,0.0817589007954675,0.0248175198084272,0.011702176359045,0.1499708435940842,0.0593870279580204,0.0179632834960615,0.0427591242018035,0.0152989094516756,8,3,12,Clarification and specification questions,0.2438069645493142,0.1499708435940842,0.0938361209552299,10.28089740464872,diy_renovator_homeowner,how_to_installation_demo,2021-12-18 21:12:48+00:00,2021,0.3833333333333333,113515,709,37,6.245870589789895,0.3259481125842399,67.64898688915376,0.0220500595947556
BuywbScRm-E,0.2880477012689461,0.0,0.0090711112157654,0.0,0.0,0.0222781200483296,0.2885697979150551,0.0,0.2894076862224034,0.0473007829619275,0.0,0.0,0.0,0.0,0.011863404898529,0.0434613954690434,1,9,7,Performance checking and troubleshooting,0.2894076862224034,0.2885697979150551,0.0008378883073483,4.648865913534384,installer_tradesperson,how_to_installation_demo,2019-10-18 09:14:33+00:00,2019,5.8,10451,16,3,1.5309539756961057,0.2870538704430198,4.231174089068826,0.0012145748987854
C-PEn_VcGqA,0.0851303753626795,0.001943902004713,0.125330284820942,0.0409555691154339,0.0002080368063852,0.0006951078281658,0.2118439072950238,0.1514875181487415,0.1115714742544129,0.1520831438286813,0.0012852994018535,0.0520443849157432,0.0079507515044976,0.0074639311271102,0.0070471166855423,0.0429591969000735,3,7,10,"Alternative methods, challenges and ""why"" questions",0.2118439072950238,0.1520831438286813,0.0597607634663425,8.785506593749922,installer_tradesperson,how_to_installation_demo,2025-06-17 16:43:04+00:00,2025,24.466666666666665,6887,75,11,10.890082764629012,1.597212138812255,17.174563591022444,0.027431421446384
C0mLHcIEcEs,0.0983321521854939,0.0069312226097547,0.0370342527426761,0.0786886762414555,0.0159268349890337,0.1782290022564825,0.0436467132109879,0.0154616064783663,0.0586148428699669,0.0862932074628538,0.0532020560605227,0.0097988773942987,0.2511079780731841,0.0075553151454499,0.0134334837039581,0.0457437785755146,15,13,6,"Wall, cavity and floor insulation",0.2511079780731841,0.1782290022564825,0.0728789758167015,10.187128094677684,diy_renovator_homeowner,how_to_installation_demo,2023-12-30 20:02:24+00:00,2023,16.75,11933,246,50,20.615100980474317,4.190061174893153,12.748931623931623,0.0534188034188034
C1Jm82sf_4I,0.0,0.0,0.0,0.0,0.0,0.0,0.085564117515487,0.0,0.0916004832236219,0.0176002987272359,0.0,0.0,0.3686974246003455,0.0,0.0,0.4365376759333094,1,16,13,"Prospective choices, recommendations and alternatives",0.4365376759333094,0.3686974246003455,0.0678402513329638,3.4216788985504145,training_educational,how_to_installation_demo,2019-03-07 02:46:57+00:00,2019,0.9166666666666666,2243,12,2,5.349977708426215,0.8916629514043691,0.8322820037105751,0.0007421150278293
C1fttmKe-_Q,0.1496906396727574,0.012694202411539,0.0662310084753371,0.0751436495372081,0.0870114667099392,0.035959030415156,0.2306758917864801,0.0909755749194289,0.0398078584554584,0.0352373499689988,0.0552490412321758,0.0336099448235741,0.0133677428093629,0.0057720143530098,0.0214779937117283,0.0470965907178454,28,7,1,"Alternative methods, challenges and ""why"" questions",0.2306758917864801,0.1496906396727574,0.0809852521137226,11.43356637796083,training_educational,how_to_installation_demo,2021-03-26 22:00:04+00:00,2021,4.85,102872,1606,142,15.611633875106929,1.3803561707753325,52.890488431876605,0.0730077120822622
C2WtdSRzq3E,0.1807925969435701,0.0069406270662482,0.0422382033188824,0.0254088984606541,0.0140115565178908,0.0816040674599824,0.0871628312840845,0.0040296503176827,0.0299314333092364,0.0868819921322927,0.0122893671674195,0.1559511787441916,0.2032359545653145,0.0018121110401305,0.0418021618544874,0.0259073698179315,11,13,1,"Wall, cavity and floor insulation",0.2032359545653145,0.1807925969435701,0.0224433576217444,9.911230027737426,diy_renovator_homeowner,project_walkthrough,2023-10-16 17:29:55+00:00,2023,0.9833333333333332,41431,1174,29,28.336269942796456,0.6999589679225701,40.98021760633036,0.0286844708209693
C5lPpLUw-Ts,0.1202282271474737,0.0796099589770125,0.0378570159732184,0.0193110133439694,0.0006281749895255,0.1803591162843472,0.0515106480537627,0.0162510080987993,0.0951185507436197,0.0419458047429092,0.0138922929270849,0.0111411794611785,0.2286866238544179,0.0070564744213343,0.0483770917043976,0.0480268192769483,24,13,6,"Wall, cavity and floor insulation",0.2286866238544179,0.1803591162843472,0.0483275075700707,10.18177864687424,diy_renovator_homeowner,how_to_installation_demo,2021-02-05 22:23:08+00:00,2021,8.333333333333334,47770,1235,78,25.85304584467239,1.632823948084572,23.956870611835505,0.0391173520561685
C7jJgrf_kOA,0.112190876111359,0.0144655778219444,0.0,0.3286033138068691,0.0,0.0,0.0419037886284941,0.0,0.1807230335532436,0.0301692690829636,0.0,0.000992269832035,0.0,0.2487908664915198,0.0,0.0421610046715711,1,4,14,"Implementation, cost and how-to questions",0.3286033138068691,0.2487908664915198,0.0798124473153492,5.510173420719216,installer_tradesperson,how_to_installation_demo,2024-10-10 17:40:54+00:00,2024,0.7833333333333333,14491,184,5,12.69753640190463,0.3450417500517562,22.259600614439325,0.0076804915514592
C8nGKicz_ew,0.0655948508829058,0.1064191611843481,0.0710607911057139,0.0524852216520598,0.0187825494670331,0.0739459897496272,0.0267576178948602,0.002502568139594,0.0511014930525382,0.0403778395205453,0.0099408796061481,0.2189952983161119,0.1259720226287587,0.0034030997087227,0.0431015158109729,0.0895591012800593,25,12,13,Roof and attic ventilation and airflow,0.2189952983161119,0.1259720226287587,0.0930232756873532,11.367350738303267,diy_renovator_homeowner,how_to_installation_demo,2023-10-24 23:00:07+00:00,2023,6.116666666666666,31176,327,91,10.488837567359507,2.9189119835771105,31.0827517447657,0.0907278165503489
CDoGRY3yUH0,0.0,2.999111362799311e-05,0.2663054390409082,0.2453063502805308,0.0073372599641774,0.0,0.0,0.1625317096024379,0.3052763439631301,0.0,0.000300501620099,0.00051784078122,0.0,0.0118903950521986,0.0,0.0005041685816695,3,9,3,Performance checking and troubleshooting,0.3052763439631301,0.2663054390409082,0.0389709049222218,4.2795406226940464,installer_tradesperson,how_to_installation_demo,2020-02-18 00:23:13+00:00,2020,2.95,10398,38,7,3.654548951721485,0.6732063858434314,4.430336599914785,0.0029825308904985
CFXSu7eU6Hg,0.1619167694330562,0.0225082862989947,0.0178458219857192,0.0,0.0074415187834355,0.0,0.0053089292163491,0.236238786373083,0.0,0.0,0.0,0.0273781356237188,0.4790903090399749,0.0023854982081673,0.0006251717793419,0.0392607732581588,2,13,8,"Wall, cavity and floor insulation",0.4790903090399749,0.236238786373083,0.2428515226668919,4.281768894369694,builder_contractor,how_to_installation_demo,2024-05-17 16:36:43+00:00,2024,0.3666666666666666,79177,0,14,0.0,0.1768190257271682,99.34378920953576,0.0175658720200752
CMOxXJpMJyg,0.0573043817061758,0.0258389995819824,0.0285132120683376,0.0751276581631982,0.0003643722373815,0.0557071802668541,0.0917783934933249,0.0122385176046716,0.014258140977717,0.0085279847796179,0.0113156066427161,0.371632294993186,0.044786288875384,0.0080972202098253,0.1049974830646486,0.0895122653349785,20,12,15,Roof and attic ventilation and airflow,0.371632294993186,0.1049974830646486,0.2666348119285374,8.513369665167316,builder_contractor,how_to_installation_demo,2023-11-12 16:24:08+00:00,2023,3.533333333333333,21556,229,50,10.623492299127852,2.319539803303025,21.90650406504065,0.0508130081300813
CNFXQRKmytc,0.2553180345966375,0.0206061331223435,0.3098770250692833,0.0032389228548265,0.0,0.0822024952779753,0.0,0.0194058780669025,0.0,0.0,0.0002509238951034,0.1423047029503516,0.0356382651999535,0.012087065546081,0.0071051649845556,0.1119653884359858,6,3,1,Clarification and specification questions,0.3098770250692833,0.2553180345966375,0.0545589904726457,6.197345411843845,diy_renovator_homeowner,practical_advice_explainer,2026-05-28 21:00:04+00:00,2026,6.95,2213,86,11,38.86127428829643,4.970628106642566,39.517857142857146,0.1964285714285714
CPEs03cYIOs,0.1486388881526559,0.0,0.0,0.0,0.0,0.0924999012681456,0.6353761598179742,0.0580561854896066,0.0,0.0,0.0031678946345522,0.038433859201154,0.0,0.0,0.0,0.0238271114359112,1,7,1,"Alternative methods, challenges and ""why"" questions",0.6353761598179742,0.1486388881526559,0.4867372716653183,3.285358320436519,installer_tradesperson,how_to_installation_demo,2025-08-16 02:54:10+00:00,2025,1.8333333333333333,6676,129,5,19.32294787297783,0.7489514679448772,19.577712609970675,0.0146627565982404
CPLkXkKwTFM,0.1170173460306435,0.0044612936043575,0.0586331281433466,0.0235867379586563,0.0172153227793888,0.0285337445127911,0.0517022157439851,0.003569874867628,0.0578525443202293,0.0158649979383378,0.0309931396634919,0.2196560937993835,0.2970276028207234,0.0050262164546847,0.0219543152052247,0.0469054261571271,166,13,12,"Wall, cavity and floor insulation",0.2970276028207234,0.2196560937993835,0.0773715090213398,8.673855479447774,training_educational,practical_advice_explainer,2025-01-07 19:00:12+00:00,2025,3.066666666666667,313273,6441,462,20.56034193818171,1.4747520533209053,557.4252669039146,0.8220640569395018
CVYF0C-Wb0o,0.2917054563806688,0.0176893497439426,0.0063037399886789,0.00079003501132,0.0441373888310043,0.0,0.1799090710974603,0.0279925382919686,0.1928683405415501,0.006927091862471,0.0103726537309048,0.0158950132112168,0.0540538539399369,0.0193752611459336,0.0617386864264009,0.0702415197965419,4,1,9,Situated household retrofit experience and building context,0.2917054563806688,0.1928683405415501,0.0988371158391187,7.944261413291097,installer_tradesperson,how_to_installation_demo,2025-03-20 18:00:10+00:00,2025,1.1833333333333331,24152,351,22,14.532957933090428,0.91089764822789,49.28979591836735,0.0448979591836734
CWYKUAb-Acg,0.0613097519560283,0.0,0.0105820896737615,0.0006740397911539,0.080283666909049,0.201616883445352,0.0175915327510231,0.0194118439688282,0.5184501940315847,0.0094366734458698,0.0006162420809403,0.0258887554497213,0.0,0.0380936318238166,0.0044587757987706,0.0115859188741002,3,9,6,Performance checking and troubleshooting,0.5184501940315847,0.201616883445352,0.3168333105862326,4.860629741129115,installer_tradesperson,how_to_installation_demo,2020-03-09 12:12:46+00:00,2020,0.5333333333333333,79657,366,14,4.594699775286541,0.1757535433169715,34.23162870648904,0.0060163300386764
CXVEmlC-XVE,0.1043366731018931,0.0061794485848385,0.0,0.0,0.0387064666682263,0.0237510756864419,0.0306282267816277,0.0,0.0269560566800751,0.0362299515727152,0.0,0.0401687146460142,0.0301463043280125,0.0,0.0,0.6628970819501552,1,16,1,"Prospective choices, recommendations and alternatives",0.6628970819501552,0.1043366731018931,0.5585604088482621,3.719365769230929,installer_tradesperson,how_to_installation_demo,2024-11-15 12:00:16+00:00,2024,0.75,34097,229,16,6.716133384168695,0.4692494940903892,55.44227642276423,0.0260162601626016
CXebZiR5TYc,0.1159567610349983,0.001447473360132,0.1151123310647868,0.1745158749121709,0.077971450636112,0.0627818509351631,0.0542837060921114,0.0296638215220229,0.1356354840457629,0.0180078393456742,0.0113273255715062,0.016787327731463,0.0205327425514511,0.1394080953954477,0.0058477781093601,0.0207201376918367,55,4,14,"Implementation, cost and how-to questions",0.1745158749121709,0.1394080953954477,0.0351077795167231,10.757196431620208,installer_tradesperson,how_to_installation_demo,2022-11-29 15:21:58+00:00,2022,3.583333333333333,220063,689,193,3.1309215997237154,0.8770215801838565,165.21246246246247,0.1448948948948949
CXngoK0cwHQ,0.099441589749583,0.0519374287343486,0.1873031738466917,0.0036493863700247,0.0039072811661329,0.0251170286405432,0.0,0.0,0.1030056738783296,0.0,0.0019015327291283,0.0609441450444592,0.4049382062076088,0.0006691310973859,0.0169890527389149,0.0401963697968485,9,13,3,"Wall, cavity and floor insulation",0.4049382062076088,0.1873031738466917,0.2176350323609171,6.156504653660837,installer_tradesperson,practical_advice_explainer,2022-10-12 11:09:04+00:00,2022,0.3833333333333333,163143,1268,20,7.772322441048651,0.1225918366096001,118.2195652173913,0.0144927536231884
Cn98RoANnJE,0.0,0.2448517979691377,0.0,0.3000475931282259,0.0,0.0,0.0,0.0,0.3564110342143787,0.0,0.0,0.0,0.0622699381502165,0.0,0.0364196365380413,0.0,1,9,4,Performance checking and troubleshooting,0.3564110342143787,0.3000475931282259,0.0563634410861527,3.923388936791836,installer_tradesperson,how_to_installation_demo,2022-12-08 15:40:15+00:00,2022,2.433333333333333,13638,58,1,4.252822994573985,0.0733245343892066,10.308390022675736,0.000755857898715
CnLwJxCbxfM,0.1263317332570422,0.0093398737382685,0.0940186594158516,0.0427635876547251,0.0163492164420027,0.0965669631602741,0.077060908474722,0.0382803411539775,0.0910483397416043,0.0284035354826579,0.0237351652389349,0.1930310479710574,0.0256047490954867,0.0172834808111847,0.0077714025810408,0.1124109957811689,55,12,1,Roof and attic ventilation and airflow,0.1930310479710574,0.1263317332570422,0.0666993147140151,11.59464884287966,installer_tradesperson,how_to_installation_demo,2023-11-02 00:44:17+00:00,2023,37.85,60581,1673,214,27.615919182582,3.5324606724880736,60.9466800804829,0.2152917505030181
CoQsGBFVG2Y,0.1894039692656213,0.0269372703696494,0.0599007652956874,0.0577127525301687,0.048772411393975,0.1492527760972056,0.0507576529274547,0.036732676720499,0.0573146882457925,0.0562661054818299,0.0258148495072468,0.0207344273466584,0.1033734685603802,0.0058273008396875,0.0248046540921589,0.0863942313259837,60,1,6,Situated household retrofit experience and building context,0.1894039692656213,0.1492527760972056,0.0401511931684157,12.403919941468727,diy_renovator_homeowner,project_walkthrough,2023-03-10 19:08:57+00:00,2023,17.1,158978,2607,229,16.398495389299146,1.4404508799959743,129.14541023558084,0.1860276198212835
Csjs2yVVt7A,0.0816908362260128,0.0725786084221387,0.0507037481306763,0.0382672554367857,0.0163527817568525,0.134784888778861,0.0117913365789238,0.014192167023048,0.0308676131610787,0.0039588950430885,0.0206352518657362,0.0524916309288056,0.2127739062144849,0.0095822712110102,0.1546347287690719,0.0946940804534244,20,13,15,"Wall, cavity and floor insulation",0.2127739062144849,0.1546347287690719,0.0581391774454129,10.7069721304734,builder_contractor,problem_warning_mistakes,2023-12-07 00:00:09+00:00,2023,8.283333333333333,13384,392,40,29.288702928870293,2.988643156007173,13.956204379562044,0.0417101147028154
CsqyrTew2FM,0.5177659557878561,0.0,0.0015308540022302,0.0018935828258137,0.0,0.0,0.0,0.0,0.0,0.0,0.0197431423587456,0.1712951443816303,0.1333272874972579,0.1126030127939678,0.0418410203524981,0.0,1,1,12,Situated household retrofit experience and building context,0.5177659557878561,0.1712951443816303,0.3464708114062257,4.013569099008421,installer_tradesperson,how_to_installation_demo,2025-01-31 00:05:06+00:00,2025,0.3166666666666666,25914,82,1,3.16431272671143,0.0385891795940418,48.16728624535316,0.0018587360594795
Cu4bn0RjwyQ,0.1520799738474335,0.0,0.0144531534522034,0.0,0.0,0.0,0.0,0.0,0.0,0.0732197469262718,0.0,0.3706304179415452,0.0881263133106639,0.0,0.1382070345830048,0.1632833599388772,1,12,16,Roof and attic ventilation and airflow,0.3706304179415452,0.1632833599388772,0.2073470580026679,5.421784063052119,builder_contractor,problem_warning_mistakes,2024-07-23 17:45:00+00:00,2024,0.4166666666666667,7668,145,10,18.909754825247784,1.3041210224308817,10.504109589041096,0.0136986301369863
Cw80wUAJfd0,0.1344358228418869,0.0,0.0,0.6572191891908201,6.876708894982723e-05,0.1404750517738409,0.0,0.0678011691045021,0.0,0.0,0.0,0.0,0.0,0.0,0.0,0.0,1,4,6,"Implementation, cost and how-to questions",0.6572191891908201,0.1404750517738409,0.5167441374169792,2.7304480385918644,training_educational,practical_advice_explainer,2022-04-14 16:29:00+00:00,2022,1.2833333333333334,265,2,1,7.547169811320755,3.7735849056603774,0.1697629724535554,0.0006406149903907
D3cbyUtsEVE,0.0675078546676775,0.0,0.0,0.0,0.0,0.0,0.0,0.0634373463383673,0.0,0.0005635024822737,0.0097673962637858,0.0125520230722402,0.8057284762366197,0.0404434009390356,0.0,0.0,1,13,1,"Wall, cavity and floor insulation",0.8057284762366197,0.0675078546676775,0.7382206215689422,2.149139330066649,builder_contractor,how_to_installation_demo,2023-05-25 06:13:38+00:00,2023,1.0,4845,54,1,11.145510835913312,0.2063983488132094,4.194805194805195,0.0008658008658008
D6xmOCHZkxg,0.159484411255913,0.0231915328873079,0.000459406522156,0.0,0.0,0.0,0.041909610241606,0.0295156235202081,0.2586854529423358,0.0120830371799607,0.0039003063241238,0.2210189670183653,0.0420910887375038,0.0,0.0,0.2076605633705192,4,9,12,Performance checking and troubleshooting,0.2586854529423358,0.2210189670183653,0.0376664859239705,6.288267691582041,diy_renovator_homeowner,how_to_installation_demo,2021-01-14 19:33:25+00:00,2021,0.5666666666666667,50040,470,19,9.392486011191046,0.3796962430055955,24.821428571428573,0.0094246031746031
DA5okoaEhQ4,0.0347382824850369,0.0003472970154964,0.1663326920311355,0.0220675212131304,0.0484206325355862,0.0322257927906781,0.0459413760471111,0.0,0.0804456431548541,0.0036401877342678,0.0964086690625444,0.0300970521387738,0.0026312275056531,0.415234443843459,0.000596597954857,0.0208725844874157,21,14,3,Thermostat wiring and smart heating controls,0.415234443843459,0.1663326920311355,0.2489017518123234,6.825984631790731,installer_tradesperson,how_to_installation_demo,2023-09-26 21:19:38+00:00,2023,0.8666666666666667,334930,4914,72,14.671722449467053,0.2149702922998835,324.85935984481085,0.069835111542192
DAhND1ygIgY,0.1901734128256849,0.0025543916768491,0.0438561838253612,0.0972204146222965,0.1900442280092484,0.0172646994963778,0.0223020466413559,0.1393911582579734,0.0502290998700777,0.0285511754633426,0.0030557504935258,0.1221145738238744,0.0071555847718191,0.0461239384435229,0.0054280412421236,0.034535300536566,17,1,5,Situated household retrofit experience and building context,0.1901734128256849,0.1900442280092484,0.0001291848164365,9.853323609986669,installer_tradesperson,practical_advice_explainer,2024-12-13 12:58:43+00:00,2024,5.133333333333334,29087,462,78,15.883384329769314,2.681610341389624,49.55195911413969,0.1328790459965928
DBX6cmga2eE,0.0650091704546128,0.0038680799628957,0.1211741115456487,0.036601730514797,0.0558081813229394,0.0636603193043977,0.0165795681917555,0.0202618063608164,0.1174219084979452,0.0323544796442309,0.0352471919462875,0.001035078484377,0.0035511393941394,0.4104802347731252,0.0103923096642451,0.0065546899377857,11,14,3,Thermostat wiring and smart heating controls,0.4104802347731252,0.1211741115456487,0.2893061232274764,7.484503193154355,training_educational,how_to_installation_demo,2022-04-14 18:39:27+00:00,2022,30.78333333333333,36984,303,56,8.192731992212849,1.5141682889898334,23.69250480461243,0.0358744394618834
DMhi9i7j-Ug,0.2348899342994019,0.0037520028270465,0.0286530565260847,0.0011253248573058,0.2629782019374442,0.1499310317857671,0.0162155731637102,0.0833457253028323,0.0063372534140449,0.0039408512833062,0.0,0.0,0.0,0.1817604910257559,0.0106499028430938,0.0164206507342059,5,5,1,Heat pumps and heating systems,0.2629782019374442,0.2348899342994019,0.0280882676380423,6.423781413323065,diy_renovator_homeowner,practical_advice_explainer,2023-02-20 07:00:04+00:00,2023,4.216666666666667,8752,161,19,18.39579524680073,2.170932358318099,7.007205764611689,0.0152121697357886
DSCWGAE1BVQ,0.102636929902401,0.0380922157829743,0.0744001445817938,0.031340149654684,0.0215416900581961,0.0798917169139758,0.0131723799298532,0.0301653776795773,0.0348749853438584,0.0183485834008829,0.012396107996519,0.0646719624450414,0.2638135486625278,0.0065232191206322,0.1016079802644008,0.1065230082626813,65,13,16,"Wall, cavity and floor insulation",0.2638135486625278,0.1065230082626813,0.1572905403998465,10.852068972764236,training_educational,practical_advice_explainer,2025-10-26 07:14:01+00:00,2025,13.766666666666667,61106,1408,174,23.04192714299741,2.8475108827283737,226.3185185185185,0.6444444444444445
DSpJfAKdJLg,0.1536078573256756,0.0118333209988015,0.0644351571176586,0.0377053625330542,0.0142519772268552,0.0609106861096274,0.067888929080869,0.0308229383046209,0.0703162019808996,0.0620877621746127,0.0270609805689061,0.1827684700129008,0.07813442677314,0.0239175149586316,0.0472278793551158,0.0670305354786303,92,12,1,Roof and attic ventilation and airflow,0.1827684700129008,0.1536078573256756,0.0291606126872251,12.71499161455662,builder_contractor,how_to_installation_demo,2022-07-20 17:43:54+00:00,2022,0.9833333333333332,763298,16709,422,21.89053292423143,0.5528640190331954,521.3784153005464,0.2882513661202185
DU4ddDIdbs0,0.3036622475642715,0.0051104588786656,0.0921613927846345,0.0402080268942794,0.0413624743884038,0.0092165650186699,0.0453270390452424,0.2140693320193887,0.0957629229257056,0.0367705655488595,0.0149306905588592,0.0152466247506449,0.0123335455621282,0.0184141510501313,0.0039538281604524,0.0514701348496624,27,1,8,Situated household retrofit experience and building context,0.3036622475642715,0.2140693320193887,0.0895929155448828,8.653810895936513,diy_renovator_homeowner,how_to_installation_demo,2024-09-11 15:30:12+00:00,2024,0.9333333333333332,90754,1025,82,11.294268021244244,0.9035414416995394,133.46176470588236,0.1205882352941176
DYUXqpLYnlw,0.2197894304310083,0.0708414837392524,0.1336447219688323,0.0301083852791609,0.0,0.0880697769819438,0.0915647428915095,0.0886251941282834,0.0,0.057502643326642,0.0,0.0,0.0354299301502015,0.0231691922095949,0.1271040466397262,0.0341504522538444,2,1,3,Situated household retrofit experience and building context,0.2197894304310083,0.1336447219688323,0.086144708462176,9.874273109838624,installer_tradesperson,how_to_installation_demo,2025-03-10 10:35:43+00:00,2025,0.3,87389,392,9,4.485690418702583,0.1029877902253143,174.778,0.018
DYffo59_47Y,0.0604558119998928,0.0,0.0052208057887057,0.0284412149693191,0.0068540129216237,0.0,0.0,0.0761744413811014,0.0,0.0121043140748569,0.0,0.1532050373492546,0.6570458146436002,0.0,0.0,0.0004985468716451,2,13,12,"Wall, cavity and floor insulation",0.6570458146436002,0.1532050373492546,0.5038407772943456,3.155624633665484,installer_tradesperson,how_to_installation_demo,2024-05-29 09:05:15+00:00,2024,10.183333333333334,13135,385,3,29.311001141987056,0.228397411496003,16.73248407643312,0.0038216560509554
DcOtQ2PgBTw,0.1059828341783235,0.1055241205792587,0.0635600413366691,0.0213246608620928,0.0203163183710633,0.0406095037471509,0.0343839436411314,0.0468993227015107,0.0636839257599766,0.0334060073336472,0.0128063490582421,0.0588009090960005,0.1860468350652557,0.0039523663673367,0.1502120246680003,0.0524908372343397,88,13,15,"Wall, cavity and floor insulation",0.1860468350652557,0.1502120246680003,0.0358348103972554,12.020244529779749,training_educational,practical_advice_explainer,2025-08-30 14:00:22+00:00,2025,7.866666666666666,211099,3314,223,15.698795351943875,1.0563763921193374,645.5626911314985,0.6819571865443425
Df7qhfo9atI,0.0,0.0,0.1712753233500978,0.0,0.3776366588070244,0.0,0.0,0.4510880178428778,0.0,0.0,0.0,0.0,0.0,0.0,0.0,0.0,1,8,5,"Solar PV, batteries and power systems",0.4510880178428778,0.3776366588070244,0.0734513590358533,2.798466205360896,training_educational,practical_advice_explainer,2021-04-19 13:13:44+00:00,2021,2.216666666666667,1579,15,1,9.499683343888538,0.6333122229259025,0.8219677251431546,0.0005205622071837
Dw_GgXEX1Zw,0.0320038749921188,0.0079661735564521,0.0007864426597956,0.0091155125268622,0.0052113121693526,0.0018767424766677,0.4525169204400124,0.0013135461769224,0.0,0.0,0.0,0.0019153487754419,0.4125268740429578,0.074767252183416,0.0,0.0,2,7,13,"Alternative methods, challenges and ""why"" questions",0.4525169204400124,0.4125268740429578,0.0399900463970546,3.238019884264767,builder_contractor,project_walkthrough,2023-05-12 20:56:57+00:00,2023,21.866666666666667,5165,138,9,26.718296224588578,1.7424975798644724,4.422089041095891,0.0077054794520547
E3JK2zMR53c,0.1376499338964305,0.0007576531948649,0.2914259865373196,0.0061470289993802,0.0,0.0495918555915102,0.0710909592401574,0.0,0.0867534323896408,0.0214421071747553,0.0794943991989768,0.0948883922125436,0.0232615345457873,0.0049692422385577,0.0084158102615753,0.1241116645184999,4,3,1,Clarification and specification questions,0.2914259865373196,0.1376499338964305,0.153776052640889,8.484115728745069,training_educational,how_to_installation_demo,2020-05-14 19:30:00+00:00,2020,1.2333333333333334,549433,1747,20,3.1796415577513546,0.0364011626531351,243.00442282176027,0.0088456435205661
E8m3hamcAAo,0.2004668151395235,0.089333743076441,0.0863658785392491,0.0385445268952763,0.0007744409872888,0.0272044431921892,0.0944519057604107,0.0,0.0845767170466547,0.0331481016447256,0.0016328459489677,0.0254878787797004,0.2999607209950959,0.0060412629970036,0.0076131500766291,0.0043975689208439,11,13,1,"Wall, cavity and floor insulation",0.2999607209950959,0.2004668151395235,0.0994939058555723,8.007227081589331,installer_tradesperson,how_to_installation_demo,2024-02-06 14:31:41+00:00,2024,1.4333333333333331,12737,0,35,0.0,2.747899819423726,14.183741648106905,0.0389755011135857
ECQ4ruST6y8,0.1133925175462855,0.0030676421625995,0.0311914925431887,0.0612173331587606,0.0823478538055219,0.0722006341673146,0.018332356958599,0.0542285669774119,0.0646582470029128,0.0289355846312955,0.0447145090672115,0.2745720750431071,0.0577570738581769,0.0268771120859228,0.0075932001890813,0.0589138008026097,35,12,1,Roof and attic ventilation and airflow,0.2745720750431071,0.1133925175462855,0.1611795574968216,11.13062872336832,installer_tradesperson,how_to_installation_demo,2023-01-14 17:11:19+00:00,2023,1.0,73134,776,132,10.6106598845954,1.8049060628435476,56.86936236391913,0.1026438569206843
ECgCt-NxA6Q,0.318421891854011,0.006923694725802,0.0111110608066968,0.0504556179130094,0.2371887949263188,0.0464603000813776,0.0075110567403339,0.1571475204065213,0.0188850419966339,0.0053335409352067,0.0093471521397787,0.0091570466519179,0.04394367013836,0.0355872777960381,0.0109619104519109,0.0315644224360824,5,1,5,Situated household retrofit experience and building context,0.318421891854011,0.2371887949263188,0.0812330969276921,7.501199357935369,installer_tradesperson,how_to_installation_demo,2023-10-26 10:17:33+00:00,2023,0.2666666666666666,16740,197,32,11.768219832735962,1.911589008363202,16.723276723276722,0.0319680319680319
ED8HnJDGX8w,0.1989501025780645,0.0017016238537089,0.0545717688576201,0.0784532960173849,0.3214942249295043,0.0725907339259533,0.0261516445705484,0.0669966657719492,0.0201667981361594,0.0503230452483238,0.0001937904403615,0.0047115152774174,0.0250012554865084,0.012132606051549,0.0046204821121041,0.061940446742842,17,5,1,Heat pumps and heating systems,0.3214942249295043,0.1989501025780645,0.1225441223514397,8.339868982605108,installer_tradesperson,practical_advice_explainer,2025-05-06 09:17:39+00:00,2025,15.8,20278,119,55,5.868428839136009,2.7122990432981555,45.77426636568849,0.1241534988713318
EEl3NtMXS78,0.4053531614312204,0.0081409182842854,0.0,0.0,0.1723854102266498,0.0957053302072511,0.0349889819182438,0.1236709295042927,0.0,0.0,0.0343306999431924,0.0,0.0,0.1254245684848641,0.0,0.0,1,1,5,Situated household retrofit experience and building context,0.4053531614312204,0.1723854102266498,0.2329677512045706,5.391175105549444,training_educational,practical_advice_explainer,2024-01-24 17:00:07+00:00,2024,3.75,84270,146,14,1.7325264032277203,0.1661326688026581,92.50274423710208,0.0153677277716794
EOAm2mlzfTg,0.0427240923798702,3.676999919886911e-05,0.034987268520967,0.0407768177262064,0.0073465449600297,0.0550231911945263,0.0010083421850399,0.0208239516483636,0.0248034837530615,0.0005091364833354,0.0010411529766142,0.3905235913576744,0.0638712428972807,0.0046047834942311,0.2887536602251568,0.0231659701984433,7,12,15,Roof and attic ventilation and airflow,0.3905235913576744,0.2887536602251568,0.1017699311325175,5.944043532624927,builder_contractor,how_to_installation_demo,2023-04-12 14:53:05+00:00,2023,11.5,6712,245,17,36.50178784266984,2.5327771156138263,5.602671118530885,0.0141903171953255
ETRFUSMf86o,0.1523142357638098,0.0027496563189499,0.0686821525409414,0.0051073450240528,0.0353213584977111,0.2447928502593865,0.0,0.3525752606228229,0.0,0.0,0.010729940044035,0.0354321125579915,0.039457020536609,0.0252463041092131,0.0131795669830164,0.0144121967414598,3,8,6,"Solar PV, batteries and power systems",0.3525752606228229,0.2447928502593865,0.1077824103634364,6.356554035762745,installer_tradesperson,how_to_installation_demo,2021-06-24 11:19:35+00:00,2021,5.216666666666667,11767,27,5,2.2945525622503613,0.4249171411574743,6.343396226415094,0.0026954177897574
EX51PpXbS_Y,0.0629387305833516,0.0079883970687443,0.207156136586553,0.2223606691399008,0.0,0.0,0.0,0.0,0.1314882193182462,0.0,0.2297998481928239,0.0027708596798231,0.1065723655517931,0.0,0.0010844482838392,0.0278403255949246,2,11,4,"Product sourcing, access and location questions",0.2297998481928239,0.2223606691399008,0.007439179052923,6.295327601796064,installer_tradesperson,how_to_installation_demo,2025-04-10 15:52:01+00:00,2025,0.2333333333333333,14039,31,3,2.208134482513,0.2136904337915806,29.933901918976545,0.0063965884861407
EXAkEa1Kmjo,0.0990291276189452,0.0016773219050451,0.0199327956411783,0.0153213042395571,0.4209985820888951,0.1319185017768848,0.0182868275821302,0.0151060276487731,0.0218856082927746,0.0309846305815655,0.1538332573092903,0.0228112381529819,0.0,0.0166336867267163,0.0008905057007021,0.0306905847345598,5,5,11,Heat pumps and heating systems,0.4209985820888951,0.1538332573092903,0.2671653247796047,6.662616912957035,installer_tradesperson,how_to_installation_demo,2025-07-30 14:00:32+00:00,2025,49.73333333333333,3969,98,24,24.69135802469136,6.046863189720333,11.08659217877095,0.0670391061452514
EY77sPyVM2c,0.1485931613940956,0.0099234951775595,0.1377312407675059,0.1300611768478233,0.0364712905075882,0.0261662561039192,0.0648596474187001,0.0700493056341838,0.0724432748213445,0.068003353181643,0.0619093820251199,0.0451088232639641,0.0255090572902919,0.0381921115385418,0.0170268239987438,0.0479516000289748,113,1,3,Situated household retrofit experience and building context,0.1485931613940956,0.1377312407675059,0.0108619206265897,13.00636409945994,installer_tradesperson,how_to_installation_demo,2023-06-09 11:00:08+00:00,2023,1.0,3800337,47108,554,12.395742798599178,0.1457765456063501,3333.628947368421,0.4859649122807017
EZX8HSecxL0,0.1532808486320658,0.0006287981847203,0.158549804196156,0.0518872398468652,0.0877029806574971,0.1584727263810693,0.0255335753891454,0.0098668727780998,0.08909265976255,0.006309668702254,0.0005569858394966,0.1400262347464095,0.0039116484099746,0.0950815362084981,0.0028029149852117,0.0162955052799858,7,3,6,Clarification and specification questions,0.158549804196156,0.1584727263810693,7.70778150867013e-05,9.375120082440413,installer_tradesperson,problem_warning_mistakes,2024-01-16 21:16:04+00:00,2024,0.5166666666666667,155709,685,30,4.399231900532403,0.1926670905342658,169.43307943416758,0.0326441784548422
EauxatCN7vI,0.0838021173454404,0.0025169434394341,0.1981843285898727,0.1872710033951801,0.0,0.1331900961549143,0.0501892513328442,0.0151880584244448,0.2979015109957447,0.021777223280328,0.0099794670417962,0.0,0.0,0.0,0.0,0.0,2,9,3,Performance checking and troubleshooting,0.2979015109957447,0.1981843285898727,0.0997171824058719,6.231791959068842,diy_renovator_homeowner,how_to_installation_demo,2021-08-26 06:23:15+00:00,2021,6.3,18543,0,8,0.0,0.4314296500026964,10.34765625,0.0044642857142857
EjAU_-7NRpM,0.1947768474575734,0.0336568048332573,0.1461496898374514,0.055274341425729,0.0104743274273147,0.1676098321275838,0.0968985999471192,0.0044439147194258,0.0397459165283465,0.0050907669842919,0.0167873935679555,0.0724803465730215,0.0574313271532758,0.0169747575187577,0.0049780947374888,0.0772270391614069,15,1,6,Situated household retrofit experience and building context,0.1947768474575734,0.1676098321275838,0.0271670153299895,10.408398203641584,diy_renovator_homeowner,how_to_installation_demo,2024-12-22 14:58:51+00:00,2024,8.033333333333333,94619,2088,115,22.067449455183414,1.2154007123305044,163.7006920415225,0.1989619377162629
End2PwYI1h4,0.1986365123683141,0.0099818053274949,0.116823178988972,0.0100413089654051,0.0173384672173771,0.1056560369533281,0.0024827518994462,0.0554138360590935,0.0009288086448294,0.0028326044473943,0.0065798889311328,0.3509549270573097,0.0322681207010054,0.0453615925933965,0.0241312310990896,0.0205689287464106,11,12,1,Roof and attic ventilation and airflow,0.3509549270573097,0.1986365123683141,0.1523184146889955,7.326885107841504,installer_tradesperson,problem_warning_mistakes,2024-05-28 06:37:02+00:00,2024,4.633333333333334,11631,105,33,9.027598658756771,2.837245292752128,14.797709923664122,0.0419847328244274
EtJeMrj38MQ,0.0,0.0,0.0,0.0,0.0573646677874745,0.0,0.0,0.0,0.0,0.0,0.0050804661263031,0.4279916208005888,0.0,0.5095632452856336,0.0,0.0,1,14,12,Thermostat wiring and smart heating controls,0.5095632452856336,0.4279916208005888,0.0815716244850447,2.4536280776240496,installer_tradesperson,how_to_installation_demo,2025-09-03 23:00:24+00:00,2025,1.4666666666666666,7854,77,11,9.803921568627452,1.4005602240896358,24.31578947368421,0.0340557275541795
EwSBpgAR9PM,0.084259137614548,0.0006149511530045,0.0658832987223437,0.3740621908926202,0.0648553392062627,0.0137821637027461,0.0397155674529199,0.0158596059355654,0.0836266168641136,0.0215325428609985,0.0109344246565108,0.0636956136577648,0.0045740454682371,0.1489751249724387,0.0045662960749185,0.0030630807650069,40,4,14,"Implementation, cost and how-to questions",0.3740621908926202,0.1489751249724387,0.2250870659201815,7.813705638934637,installer_tradesperson,practical_advice_explainer,2023-10-11 18:38:20+00:00,2023,0.5833333333333334,267957,1732,87,6.463723657153946,0.3246789596838298,263.7372047244094,0.0856299212598425
Ex8kTRtwKcY,0.1142248505525599,0.0040506205188393,0.0889529232409496,0.0971875138344243,0.0216827001570886,0.063893746789024,0.1128088290036938,0.0187709557131465,0.0242710725159887,0.0922127693640425,0.0419040838637792,0.0815522233732634,0.1226333826619049,0.0604877112804342,0.0079123590947034,0.0474542580361569,7,13,1,"Wall, cavity and floor insulation",0.1226333826619049,0.1142248505525599,0.008408532109345,12.792889886499854,training_educational,how_to_installation_demo,2021-06-27 23:51:16+00:00,2021,0.2666666666666666,171412,906,22,5.285510932723497,0.1283457400882085,92.55507559395248,0.0118790496760259
EyBIp8Ghabk,0.1174810838667184,0.0073117930167276,0.0450017672231209,0.0805950696548245,0.0109305355828791,0.0985548567144551,0.036121786498039,0.0115707683350173,0.0301478223002152,0.1207727252328792,0.0145448898647897,0.0504113523493811,0.1457723670255073,0.0174047866696771,0.1128350812732021,0.1005433143925656,22,13,10,"Wall, cavity and floor insulation",0.1457723670255073,0.1207727252328792,0.024999641792628,11.949836046027915,diy_renovator_homeowner,how_to_installation_demo,2019-05-16 21:04:31+00:00,2019,10.75,55959,807,60,14.421272717525332,1.0722135849461214,21.317714285714285,0.0228571428571428
F7s9lhe_cIw,0.0322177836398401,0.0060049854488544,0.147837850225324,0.0120471071088162,0.0020736334544473,0.150804553692186,0.3317563205990116,0.004532519252367,0.1321934898205151,0.0094009383076311,0.004341174405383,0.0155184912845685,0.0134111903318058,0.0061468708443115,0.0037436776507209,0.1279694139342168,3,7,6,"Alternative methods, challenges and ""why"" questions",0.3317563205990116,0.150804553692186,0.1809517669068256,6.949099864649883,installer_tradesperson,how_to_installation_demo,2022-02-22 20:56:00+00:00,2022,7.216666666666667,5253,32,6,6.091757091185989,1.1422044545973729,3.258684863523573,0.0037220843672456
FAgNEels3nQ,0.114427479647613,0.0255624205537088,0.0848925811430724,0.0236832235863099,0.0072701287387696,0.1214830203277834,0.0930323845381198,0.008775470484334,0.0584819486583744,0.0676635583846203,0.0455862467237843,0.0572181476727522,0.1649169888577906,0.0089706659637617,0.0396903176817694,0.0783454170374353,35,13,6,"Wall, cavity and floor insulation",0.1649169888577906,0.1214830203277834,0.0434339685300071,12.354493929640949,installer_tradesperson,how_to_installation_demo,2022-03-18 21:15:45+00:00,2022,17.95,79496,619,140,7.786555298379793,1.761094897856496,50.060453400503775,0.08816120906801
FAhOxmYHFTg,0.2831929348250541,0.0065174783725811,0.0545684572967068,0.0117311095164104,0.3182959045372215,0.0334836876537419,0.0164505593201819,0.0667470975320175,0.0150485859079721,0.0038357918977946,0.0012442756671749,0.1379218638198091,0.0172396056162453,0.0247128781797681,0.0,0.0090097698573201,3,5,1,Heat pumps and heating systems,0.3182959045372215,0.2831929348250541,0.0351029697121674,6.667348002182594,diy_renovator_homeowner,practical_advice_explainer,2023-05-23 08:00:12+00:00,2023,0.7,30527,260,8,8.517050479903038,0.2620630916893242,26.384615384615383,0.006914433880726
FDjXoiylGl4,0.1045931044178605,0.0007015323794255,0.4813297896396827,0.0,0.0901346853255344,0.0092590428216632,0.0,0.0,0.0,0.0040166078689707,0.0063915057693857,0.006600502247715,0.0107117718231102,0.2710120455199778,0.0152494121866737,0.0,2,3,14,Clarification and specification questions,0.4813297896396827,0.2710120455199778,0.2103177441197049,4.084702095322741,builder_contractor,how_to_installation_demo,2022-12-18 10:27:10+00:00,2022,0.2833333333333333,42528,302,16,7.101203912716328,0.3762227238525207,32.38994668697639,0.0121858339680121
FH0U8hehXr8,0.1361276472094545,0.02663312139632,0.0909171872891935,0.0420942426185438,0.014891388770745,0.086353583038317,0.0344176571477508,0.0406104989172285,0.0350324712261796,0.0572481789642149,0.0569948416053754,0.0413231117990365,0.2132719792458244,0.0138592019135036,0.029198641788893,0.081026247069419,63,13,1,"Wall, cavity and floor insulation",0.2132719792458244,0.1361276472094545,0.0771443320363698,12.321421167827957,training_educational,how_to_installation_demo,2024-08-04 16:45:00+00:00,2024,30.933333333333334,171601,1417,205,8.257527636785333,1.194631732915309,238.99860724233983,0.2855153203342618
FXXgjvOJcYI,0.1037978894738173,0.0267302085675281,0.0693426035573943,0.0604093292943334,0.0133301621207427,0.0907206367706572,0.0350902993136369,0.0151328689942038,0.0444964004208081,0.0329446186338027,0.0381553803182496,0.0754417698509748,0.0564320714893683,0.0089664544138111,0.2691995005702911,0.05980980621038,181,15,1,Vapour barriers and moisture control,0.2691995005702911,0.1037978894738173,0.1654016110964737,11.467794029482262,training_educational,practical_advice_explainer,2019-02-12 17:36:30+00:00,2019,16.083333333333332,602000,8757,550,14.546511627906977,0.9136212624584718,221.48638704930096,0.202354672553348
FZmoyo4_6Xg,0.1192523378180525,6.741075049229833e-05,0.0,0.0079790810012971,0.0121838904455894,0.0012997744651203,0.0051688679750568,0.7771692845484586,0.0086042579549232,0.0002979161778439,0.0,0.0286393590955504,0.00030790854077,0.0,0.0,0.0390299112268451,4,8,1,"Solar PV, batteries and power systems",0.7771692845484586,0.1192523378180525,0.657916946730406,2.3453477104537077,training_educational,practical_advice_explainer,2025-08-01 12:49:16+00:00,2025,3.5166666666666666,6246,104,14,16.65065642010887,2.241434518091579,17.54494382022472,0.0393258426966292
FcXAtVjdRE8,0.1010090274152207,0.001528107663429,0.0595877360916592,0.0833560513546909,0.1756826374345675,0.1970023377143425,0.027022342477809,0.0746957826274823,0.0776662800931775,0.0270574978809097,0.0142932417856787,0.0329007167060849,0.0048711973954104,0.0708777154564588,0.0125781560581127,0.0398711718449654,35,6,5,"Praise, gratitude and social endorsement",0.1970023377143425,0.1756826374345675,0.021319700279775,11.020946715803756,training_educational,how_to_installation_demo,2022-08-18 11:36:39+00:00,2022,3.05,77672,326,107,4.197136677309713,1.3775878051292614,54.12682926829268,0.0745644599303135
FhoibYvLaj8,0.1905454039194212,0.0,0.0005664396154837,0.2456897673008365,0.0054199919634762,0.0052272719884504,0.0,0.2263366767352657,0.0,0.0,0.0064134061546654,0.0669477967923019,0.0233824254739814,0.0007929444819203,0.0420348651034539,0.1866430104707427,3,4,8,"Implementation, cost and how-to questions",0.2456897673008365,0.2263366767352657,0.0193530905655708,6.112976200692169,installer_tradesperson,how_to_installation_demo,2023-01-09 17:22:03+00:00,2023,8.383333333333333,5844,74,14,12.662559890485968,2.395619438740588,4.5267234701781565,0.010844306738962
FiNXBPvIc6E,0.1293336638531731,0.0,0.0,0.0543313128845189,0.1541355274599742,0.0,0.1037124572868312,0.0564221066107427,0.1204113192166077,0.0239755676459023,0.0,0.2571736249548995,0.0,0.0577734470019603,0.0,0.0427309730853895,2,12,5,Roof and attic ventilation and airflow,0.2571736249548995,0.1541355274599742,0.1030380974949252,8.176522183457518,installer_tradesperson,practical_advice_explainer,2023-12-01 14:39:19+00:00,2023,2.2,207181,5,2,0.0241334871440913,0.0096533948576365,214.6953367875648,0.0020725388601036
FlQR-5T0KN4,0.0,0.0,0.0,0.0,0.0,0.0008630998038987,0.0018187023825998,0.0075978482569464,0.0024050941602186,0.0017393598561734,0.0,0.0496126709665456,0.7755183009768073,0.0024313736370772,0.1580135499597327,0.0,1,13,15,"Wall, cavity and floor insulation",0.7755183009768073,0.1580135499597327,0.6175047510170746,2.0803699818089174,diy_renovator_homeowner,how_to_installation_demo,2025-01-14 21:45:58+00:00,2025,1.0166666666666666,10123,31,6,3.062333300405018,0.5927096710461326,18.23963963963964,0.0108108108108108
FnQxRWLTabU,0.151390819062424,0.0260623162564877,0.0159934127484584,0.0787347306281532,0.0055253323684774,0.1837030918817145,0.0342266348789533,0.0622620495320959,0.0,0.0149078202539953,0.3083824217495728,0.018907124755449,0.0,0.0188525916320169,0.0498201973296202,0.0312314569225809,5,11,6,"Product sourcing, access and location questions",0.3083824217495728,0.1837030918817145,0.1246793298678582,8.236348314816755,diy_renovator_homeowner,problem_warning_mistakes,2025-01-24 13:24:56+00:00,2025,1.5166666666666666,10300,185,11,17.961165048543688,1.0679611650485437,18.89908256880734,0.0201834862385321
Fp4OMhIYzHg,0.1096720296050443,0.0216562305896207,0.1316088415469044,0.0723634135448124,0.0019827411008749,0.0096262863950535,0.0682326228177618,0.0236745131619455,0.0836283938337021,0.0399320874602649,0.1298310217662953,0.173249680027431,0.0474949179935844,0.0045644100274905,0.0073267636953594,0.0751560464338543,15,12,3,Roof and attic ventilation and airflow,0.173249680027431,0.1316088415469044,0.0416408384805266,11.200031808761818,installer_tradesperson,practical_advice_explainer,2023-03-10 17:14:30+00:00,2023,0.8333333333333334,222071,2481,76,11.172102615830072,0.342232889481292,180.39886271324127,0.0617384240454914
FpxQocfyHSA,0.0505919770219808,0.0,0.0032594219633188,0.0888948920124017,0.0033201570692899,0.1336993459474317,0.0260675619025916,0.0,0.0612455895052175,0.1644432724963785,0.0987764794323203,0.0264722326660164,0.2594307226119539,0.0,0.0434880750211817,0.0403102723499167,4,13,10,"Wall, cavity and floor insulation",0.2594307226119539,0.1644432724963785,0.0949874501155753,8.814108229080194,diy_renovator_homeowner,how_to_installation_demo,2025-09-24 12:46:41+00:00,2025,5.233333333333333,3045,21,11,6.896551724137931,3.61247947454844,10.082781456953642,0.0364238410596026
FsFTsrfhBug,0.0886869435714826,0.1047430373011283,0.0545677050769832,0.047603250172394,0.0127525006902494,0.0417962019971622,0.0442476009235129,0.0193246516245584,0.0333382582600078,0.0167158756897529,0.0068359503082585,0.3119725950903329,0.0583370161331153,0.005634958989246,0.0969208798783089,0.0565225742935059,58,12,2,Roof and attic ventilation and airflow,0.3119725950903329,0.1047430373011283,0.2072295577892046,10.17749165897751,training_educational,practical_advice_explainer,2024-03-16 15:00:12+00:00,2024,9.733333333333333,163126,2702,126,16.563883133283472,0.772409058028763,189.9022118742724,0.1466821885913853
FxLVBbGaHH4,0.0646925299218564,0.0,0.0,0.0017811289023458,0.0,0.0,0.5399395156520793,0.0,0.0234726924662484,0.0,0.0027654423995618,0.0251561358875086,0.0053963317003717,0.0463177846240495,0.0,0.290478438445978,1,7,16,"Alternative methods, challenges and ""why"" questions",0.5399395156520793,0.290478438445978,0.2494610772061012,3.482495053158302,diy_renovator_homeowner,how_to_installation_demo,2024-12-12 18:41:17+00:00,2024,0.8333333333333334,35325,276,11,7.813163481953291,0.3113941967445152,60.076530612244895,0.0187074829931972
G3uGK_JRUrw,0.9449580360920709,0.0065882893748138,0.0044402509028447,0.0008589447502903,0.0,0.0132101423264205,0.0,0.0,0.0,0.0194928956439749,0.0,0.0,0.0,0.0104514409095848,0.0,0.0,2,1,10,Situated household retrofit experience and building context,0.9449580360920709,0.0194928956439749,0.925465140448096,1.3475508144122,builder_contractor,how_to_installation_demo,2025-05-09 21:43:31+00:00,2025,0.35,15856,87,5,5.486881937436933,0.3153380423814329,36.03636363636364,0.0113636363636363
G6ADMAqdaDs,0.1706307827691524,0.0050770219394296,0.0633127617481238,0.045784217874579,0.0655996337006645,0.2502642959219196,0.0356873546803374,0.0201713188906158,0.0664411298374533,0.0441363988383814,0.0198788548726898,0.0190203272000057,0.0122626527356705,0.0822605361403324,0.0204601265747748,0.0790125862758693,48,6,1,"Praise, gratitude and social endorsement",0.2502642959219196,0.1706307827691524,0.0796335131527671,10.78559746896561,installer_tradesperson,how_to_installation_demo,2022-09-06 18:17:32+00:00,2022,11.15,168151,1769,244,10.52030615339784,1.451076710813495,118.75070621468926,0.1723163841807909
G8qfuf0YcEY,0.0234276224102168,0.0474711671505333,0.1038991701233372,0.0148475157916663,0.0450061483296096,0.0349686696084452,0.0423370364557242,0.0368378969871809,0.0217650749057875,0.0084227990483193,0.0022400362319292,0.2696636915923193,0.0816887651347729,0.0066960153703125,0.1984793367959381,0.0622490540639071,20,12,15,Roof and attic ventilation and airflow,0.2696636915923193,0.1984793367959381,0.0711843547963811,9.633545916926058,training_educational,practical_advice_explainer,2024-07-03 16:17:18+00:00,2024,1.8333333333333333,73721,609,55,8.260875462893884,0.7460560762876249,98.29466666666669,0.0733333333333333
G9QMUOyUzOA,0.1250538908035,0.0238162412888546,0.0577920004300907,0.0484103248864266,0.0152404491089506,0.0172425634377436,0.0166304208485713,0.1230124332532916,0.0,0.0896280329658387,0.0,0.2265340146769677,0.0754391333490831,0.1042713735127351,0.0455415441560892,0.0313875772818564,5,12,1,Roof and attic ventilation and airflow,0.2265340146769677,0.1250538908035,0.1014801238734677,10.51292307205806,installer_tradesperson,how_to_installation_demo,2024-04-01 21:58:16+00:00,2024,0.5,36081,216,26,5.986530306809678,0.720600870264128,42.80071174377224,0.0308422301304863
GATyK84HnVQ,0.2724310968918582,0.0112160073657481,0.1142407660761659,0.0075830139361667,0.0355672487716518,0.2630931959910814,0.0,0.1562740585314686,0.0,0.0003148768012999,0.0042077330160558,0.029238800363445,0.0194699271449707,0.0474834174265686,0.0120452528850179,0.0268346047985009,3,1,6,Situated household retrofit experience and building context,0.2724310968918582,0.2630931959910814,0.0093379009007767,7.029075777075177,builder_contractor,problem_warning_mistakes,2023-10-20 21:10:48+00:00,2023,8.65,2664,87,4,32.65765765765766,1.5015015015015014,2.6454816285998013,0.0039721946375372
GCi1VyP1Hac,0.0581870507536407,0.0005357279470251,0.004444763970492,0.2647528346753049,0.0181321339149728,0.1016905141592803,0.013133100114658,0.0068980800000434,0.058531107378158,0.0056616543743018,0.0133306746914334,0.0059841696226171,0.0055124221084414,0.3744495704482169,0.0054980723542747,0.0632581234871387,11,14,4,Thermostat wiring and smart heating controls,0.3744495704482169,0.2647528346753049,0.1096967357729119,6.203779709793948,installer_tradesperson,how_to_installation_demo,2024-01-18 14:40:12+00:00,2024,18.98333333333333,66034,570,37,8.631916891298422,0.5603174122421782,72.01090512540894,0.0403489640130861
GGe8ifunbMk,0.0908226925270103,0.0534185176623043,0.1974379785468764,0.0356773095742924,0.0095608053842736,0.0897821391857708,0.0414414942140015,0.0417011683957001,0.0534599709279214,0.0315489211189282,0.0284917134688374,0.0,0.0924661013761495,0.0,0.2175971291576997,0.0165940584602337,3,15,3,Vapour barriers and moisture control,0.2175971291576997,0.1974379785468764,0.0201591506108232,10.23592389465661,builder_contractor,how_to_installation_demo,2021-04-13 20:17:51+00:00,2021,1.2166666666666666,29781,70,5,2.3504919243813167,0.1678922803129512,15.454592631032693,0.0025947067981318
GL12Tg0NmWc,0.1863430867966655,0.0,0.0001122810711548,0.4563863003351395,0.0,0.0,0.0,0.0061124196093596,0.0073679923469577,0.0,0.0,0.0,0.0,0.0197133045008803,0.0,0.3239646153398422,2,4,16,"Implementation, cost and how-to questions",0.4563863003351395,0.3239646153398422,0.1324216849952973,3.2608725502876075,diy_renovator_homeowner,how_to_installation_demo,2021-01-03 04:45:57+00:00,2021,2.6,585,10,5,17.094017094017097,8.547008547008549,0.2886038480513073,0.002466699555994
GP3KxAyNI6s,0.1943740929985456,0.0073853867140225,0.1241092891773605,0.0800534313491906,0.0777149982323859,0.1107505652523044,0.0336775913552565,0.0017139821420485,0.0358858187087136,0.0442446463664627,0.0132244957720374,0.0963337674060876,0.0015378110746579,0.1017391593422584,0.0279260332173122,0.0493289308913549,8,1,3,Situated household retrofit experience and building context,0.1943740929985456,0.1241092891773605,0.0702648038211851,11.177591757280748,installer_tradesperson,how_to_installation_demo,2022-06-15 09:59:00+00:00,2022,0.45,236601,983,33,4.154673902477166,0.1394753192082873,157.8392261507672,0.0220146764509673
GVHI-ibRhgo,0.0,0.0,0.0,0.0170209156801034,0.0299070173760318,0.0,0.0,0.0,0.0114664612227165,0.0,0.0,0.0,0.9363370060456117,0.0052685996755364,0.0,0.0,1,13,5,"Wall, cavity and floor insulation",0.9363370060456117,0.0299070173760318,0.9064299886695798,1.3699333040570592,builder_contractor,how_to_installation_demo,2024-02-09 19:09:42+00:00,2024,0.6833333333333333,2927,41,3,14.00751622822002,1.0249402118209772,3.270391061452514,0.0033519553072625
GZAce6iz2gg,0.1140230240319645,0.0099104401841508,0.0849431109213613,0.0479819569256217,0.1222932020196906,0.0600920308841746,0.1043127728882126,0.0612378078406906,0.0490516717563641,0.0522420090222619,0.0364393322270132,0.0551391739370158,0.0207798874027023,0.1036384509895065,0.0180566943762357,0.0598584345930332,83,5,1,Heat pumps and heating systems,0.1222932020196906,0.1140230240319645,0.008270177987726,13.73968412659334,installer_tradesperson,how_to_installation_demo,2025-09-06 12:00:36+00:00,2025,27.5,126639,2421,223,19.11733352284841,1.7609109358096635,395.746875,0.696875
GZfllYLf0Tk,0.0749829942591681,0.0179622624541393,0.0050767301965671,0.0,0.0352404950465286,0.1178822164033076,0.2080829215224828,0.0629659580517075,0.0355970225758655,0.1750401698642346,0.0,0.0459338918955108,0.0,0.0269233546671273,0.0412862772117139,0.1530257058516464,3,7,10,"Alternative methods, challenges and ""why"" questions",0.2080829215224828,0.1750401698642346,0.0330427516582482,9.444314149721446,training_educational,how_to_installation_demo,2023-03-30 18:00:09+00:00,2023,0.7333333333333333,17011,598,12,35.153724060901766,0.7054259008876609,14.04706853839802,0.0099091659785301
G_EcGlpXGqQ,0.0396988889655846,0.0071575375989485,0.1178238177342687,0.0089579292422483,0.1622545073263734,0.0,0.0219710747380437,0.0,0.0291644739023664,0.0124672256726989,0.0016164241079363,0.4488673977046325,0.124072176766289,0.0055657652685088,0.0131993131476939,0.0071834678244061,2,12,5,Roof and attic ventilation and airflow,0.4488673977046325,0.1622545073263734,0.286612890378259,5.724243503061034,installer_tradesperson,how_to_installation_demo,2025-01-08 21:00:05+00:00,2025,3.6166666666666663,7545,42,2,5.566600397614314,0.2650762094102054,13.449197860962569,0.0035650623885918
GbWrO6QN_qw,0.3052802642216244,0.1803491619565154,0.0307196192181366,8.565302060810345e-05,0.1003439964240237,0.0,0.0075267045791447,0.0296463379134907,0.0109257687873081,0.0307771604538807,0.0916805525565417,0.1516942373630909,0.0072287865106102,0.0056907057527162,0.0480510512423079,0.0,5,1,2,Situated household retrofit experience and building context,0.3052802642216244,0.1803491619565154,0.124931102265109,7.56308861720144,diy_renovator_homeowner,project_walkthrough,2025-08-29 17:01:35+00:00,2025,0.35,23155,135,16,5.830274238825307,0.6909954653422586,70.59451219512195,0.048780487804878
Genu_Plnp2M,0.0832650264829666,0.2832837291069746,0.0452288334940852,0.0293693305860505,0.0197387157175307,0.0470957411332912,0.0515658323072074,0.0092809396311269,0.0478482741984874,0.0387387115618835,0.0190378738159625,0.0719044150580784,0.1160687078398948,0.0138617784574639,0.0678531032663432,0.0558589873426523,89,2,13,Spray foam and foam insulation,0.2832837291069746,0.1160687078398948,0.1672150212670797,11.186140122267547,installer_tradesperson,how_to_installation_demo,2022-12-02 18:20:29+00:00,2022,5.283333333333333,535441,4340,295,8.105468202845879,0.5509477234653305,402.8901429646351,0.2219714070729872
GhAKMAcmJFg,0.1745214672827139,0.0023045966529108,0.0432737752179101,0.0255670126634753,0.3308288042366278,0.0561646368505463,0.023591012580796,0.084014907112732,0.0417076520008535,0.0190385444972444,0.0172964751296248,0.0513382389766797,0.0506664897355234,0.0202612973211762,0.0086991948332507,0.0507258949079341,310,5,1,Heat pumps and heating systems,0.3308288042366278,0.1745214672827139,0.1563073369539139,9.258983615439092,builder_contractor,practical_advice_explainer,2021-07-19 18:00:03+00:00,2021,13.2,2515067,60984,13905,24.247465375673887,5.528679752865431,1374.3535519125685,7.598360655737705
GnZIHwdO--0,0.1265722430026799,0.0022037216348075,0.0841733739907177,0.0302996580809085,0.0212996441477899,0.0499398373334228,0.0548613036121955,0.3898451771585814,0.0786690248710586,0.0363427935550102,0.0086538336448131,0.0136316579320318,0.0110910694700638,0.0088230028193282,0.005471771709773,0.0781218870368175,109,8,1,"Solar PV, batteries and power systems",0.3898451771585814,0.1265722430026799,0.2632729341559015,8.060559794170727,diy_renovator_homeowner,project_walkthrough,2026-01-30 16:00:33+00:00,2026,16.316666666666666,160625,1661,403,10.340856031128403,2.5089494163424124,923.132183908046,2.3160919540229883
GszCtrqYThA,0.2702034635062422,0.0,0.0,0.0,0.1480310885808826,0.2621825596418703,0.0,0.0,0.0,0.0,0.0,0.0,0.2300259656855461,0.0895569225854585,0.0,0.0,1,1,6,Situated household retrofit experience and building context,0.2702034635062422,0.2621825596418703,0.0080209038643718,4.671531207162412,installer_tradesperson,how_to_installation_demo,2023-07-10 13:06:06+00:00,2023,4.65,6972,30,3,4.3029259896729775,0.4302925989672977,6.286744815148783,0.0027051397655545
Gw8lLhMzLho,0.0891886693799401,0.0012566753838154,0.071094061373233,0.0742969915740477,0.0109426842347443,0.0308152219274165,0.0155559621405994,0.4612436680233936,0.0361641295990502,0.0542193223154321,0.0146943530197385,0.0068838997623698,0.0081118453301669,0.0507245278794166,0.0047674234915058,0.0700405645651294,37,8,1,"Solar PV, batteries and power systems",0.4612436680233936,0.0891886693799401,0.3720549986434535,7.097539036730539,installer_tradesperson,how_to_installation_demo,2024-06-16 23:33:41+00:00,2024,2.966666666666667,150598,1894,177,12.576528240746889,1.1753144132060187,196.34680573663624,0.2307692307692307
H2xIwmdIutY,0.1384037556610749,0.0007846213450266,0.1677642106967707,0.0002677844051743,0.3753714340451052,0.0732387146960374,0.0084681419624232,0.0567926813932333,0.0533105528035934,0.0021756888845984,0.0002996275920917,0.0449026782836281,0.0427875287139416,0.0085559497552617,0.0077572015489941,0.0191194282130445,10,5,3,Heat pumps and heating systems,0.3753714340451052,0.1677642106967707,0.2076072233483345,6.985932366995741,diy_renovator_homeowner,how_to_installation_demo,2026-02-07 11:29:02+00:00,2026,8.766666666666667,7043,172,52,24.42141133039897,7.383217378957831,42.4277108433735,0.3132530120481928
H51FYrDR5xs,0.2542363773492986,0.0068348008282923,0.0411477467949423,0.0221069173125915,0.0570954509380027,0.0495999846498253,0.0247232184852183,0.0207111681226012,0.0406642808219459,0.0183395821631595,0.0189606842301982,0.1709458414197445,0.13557892343909,0.0093664805932088,0.0630716644285627,0.0666168784233175,291,1,12,Situated household retrofit experience and building context,0.2542363773492986,0.1709458414197445,0.083290535929554,10.300038042469776,diy_renovator_homeowner,project_walkthrough,2023-12-08 19:00:15+00:00,2023,23.966666666666665,223298,4596,523,20.58236079140879,2.342161595715144,233.08768267223385,0.545929018789144
H8Ms_siUiCk,0.1171492821001844,0.0087349889268672,0.0408855956372148,0.0113443008081813,0.003269928038233,0.0107030927383593,0.0627166997887686,0.4391751633895102,0.0475479279162194,0.0179921970940048,0.0058491995764168,0.1750248424724096,0.0051899195806913,0.003620928652609,0.0076491773707012,0.0431467559096284,49,8,12,"Solar PV, batteries and power systems",0.4391751633895102,0.1750248424724096,0.2641503209171005,6.354993419626988,installer_tradesperson,problem_warning_mistakes,2024-01-06 14:12:38+00:00,2024,0.9666666666666668,225597,2219,227,9.836123707318803,1.0062190543313962,242.83853606027984,0.2443487621097954
HCo8nWzfFVc,0.2568301252715508,0.0103148136451052,0.033776632817731,0.0354759516903405,0.0543306105943975,0.0950631921863762,0.0283288144620617,0.0182253765084881,0.0316238436702796,0.0319819806465404,0.0322745432720617,0.2245046465923534,0.0661308215334772,0.0098097167966752,0.0266355986221205,0.0446933316904403,318,1,12,Situated household retrofit experience and building context,0.2568301252715508,0.2245046465923534,0.0323254786791973,10.0851162871588,diy_renovator_homeowner,practical_advice_explainer,2023-01-06 16:56:49+00:00,2023,8.5,731799,8161,660,11.151969324910256,0.901886993559707,565.532457496136,0.5100463678516228
HDOA7aiIeOs,0.0136975752350772,0.0110125792997594,0.0096706793713386,0.0,0.0478982093428502,0.2521750517568459,0.0153128516855393,0.0145866724818052,0.0,0.0070363277545697,0.0776768646096448,0.0872740717381527,0.2402216011111898,0.0022906191278289,0.0461037426076539,0.1750431538777438,3,6,13,"Praise, gratitude and social endorsement",0.2521750517568459,0.2402216011111898,0.0119534506456561,7.549785709303162,installer_tradesperson,how_to_installation_demo,2020-08-18 02:07:38+00:00,2020,2.6,28574,121,15,4.2346188843004136,0.5249527542521173,13.198152424942265,0.0069284064665127
HE7HTlP1b2U,0.184963989056263,0.0164631688738853,0.0058935353065911,0.0056459300042268,0.2339722949554323,0.1267602755577158,0.029860274125895,0.1200790508093568,0.009957953989925,0.0085931238383463,0.0436791156112688,0.0937894416749094,0.0041517815868752,0.0167299230053035,0.0448472553623279,0.0546128862416771,8,5,1,Heat pumps and heating systems,0.2339722949554323,0.184963989056263,0.0490083058991693,9.346466307845606,installer_tradesperson,how_to_installation_demo,2023-04-25 06:40:39+00:00,2023,0.9,6012,92,24,15.302727877578176,3.992015968063872,5.073417721518988,0.020253164556962
HEbAISvrOpA,0.1694364874654876,0.0010649151414981,0.1145264120494243,0.0612850709021326,0.0884496954429099,0.1743718395122382,0.0511455548642741,0.0068471646929484,0.0735679667798505,0.0443115447113905,0.0211202490861113,0.0504372652532471,0.015342615945629,0.1027868432603661,0.004528075639882,0.0207782992526097,52,6,1,"Praise, gratitude and social endorsement",0.1743718395122382,0.1694364874654876,0.0049353520467506,10.997986265557392,installer_tradesperson,practical_advice_explainer,2019-01-31 09:24:25+00:00,2019,12.766666666666667,427606,2138,271,4.999929841957315,0.6337609855801836,156.63223443223444,0.0992673992673992
HFlIbNAUWkY,0.1055522324319257,0.0022200010548046,0.0889691827894216,0.0717919917039354,0.2351931363960477,0.1200805813063174,0.0585799891903438,0.0334984981968568,0.084879934562993,0.0243791705377177,0.0223410164995396,0.0142013788699211,0.0245839985812775,0.0264754049573114,0.0145921674531872,0.0726613154683989,96,5,6,Heat pumps and heating systems,0.2351931363960477,0.1200805813063174,0.1151125550897302,11.188243619386215,installer_tradesperson,how_to_installation_demo,2022-03-17 19:45:10+00:00,2022,15.416666666666666,113634,2000,259,17.600366087614624,2.2792474083460936,71.51290119572057,0.1629955947136563
HL3XNB48qzg,0.0757817997710873,0.0133792062167504,0.0,0.0,0.0,0.0,0.0629735945287808,0.0175978647365846,0.0716387722200267,0.0126113057011845,0.0,0.6613268743114908,0.0846905825140946,0.0,0.0,0.0,3,12,13,Roof and attic ventilation and airflow,0.6613268743114908,0.0846905825140946,0.5766362917973962,3.4041327250788758,installer_tradesperson,problem_warning_mistakes,2023-03-01 14:42:40+00:00,2023,1.0166666666666666,10656,134,10,12.575075075075077,0.9384384384384384,8.593548387096774,0.0080645161290322
HW4iyMnblZ8,0.1527067376167219,0.0034373837785432,0.0431796648557364,0.0270175752387983,0.0185205028478976,0.0840130560358197,0.0400844315282982,0.3930302845022806,0.0613066962256369,0.0345679640571946,0.0253173667350555,0.0283279389694585,0.0034102642167736,0.0085492718975617,0.0077063307930892,0.0688245307011335,162,8,1,"Solar PV, batteries and power systems",0.3930302845022806,0.1527067376167219,0.2403235468855586,8.012014748753444,training_educational,practical_advice_explainer,2024-08-13 11:42:09+00:00,2024,15.583333333333334,484409,11896,823,24.557760074647664,1.698977516933005,683.228490832158,1.160789844851904
Ha7bnPiDd-w,0.142167698996813,0.0169600670815072,0.1377624693653278,0.0335867462394712,0.2524523949125807,0.0257714572555969,0.0045731863487303,0.0772004992631774,0.0776407473711389,0.0053666048316525,0.0166714108213664,0.0127051044819265,0.0658040177471726,0.0150148325246664,0.0509550871800205,0.0653676755788509,16,5,1,Heat pumps and heating systems,0.2524523949125807,0.142167698996813,0.1102846959157676,10.175595415107091,training_educational,how_to_installation_demo,2024-04-20 22:00:13+00:00,2024,9.116666666666667,45306,1119,71,24.69871540193352,1.5671213525802323,54.98300970873787,0.0861650485436893
HcDTVrbQGB4,0.0691314638131251,0.0,0.0,0.0,0.0756853843535892,0.0,0.0,0.001617544555851,0.0,0.0,0.0,0.7973700432087234,0.0,0.0,0.0561955640687112,0.0,1,12,5,Roof and attic ventilation and airflow,0.7973700432087234,0.0756853843535892,0.7216846588551342,2.080878658253099,installer_tradesperson,how_to_installation_demo,2021-02-09 09:39:06+00:00,2021,1.85,8011,32,8,3.9945075521158406,0.9986268880289602,4.0256281407035175,0.0040201005025125
HcJdN1d9PzY,0.0,0.0060194866712646,0.0162003152700513,0.0,0.0,0.0215029912852588,0.0,0.0,0.0,0.0057819547655527,0.0246156976197729,0.0353561435149626,0.0069235835306965,0.0,0.0774339705189872,0.8061658568234532,1,16,15,"Prospective choices, recommendations and alternatives",0.8061658568234532,0.0774339705189872,0.728731886304466,2.28304623231396,builder_contractor,how_to_installation_demo,2025-10-19 16:05:00+00:00,2025,0.2666666666666666,66564,0,5,0.0,0.0751156781443423,240.30324909747293,0.0180505415162454
HdqaNAU7-XE,0.0904398396074662,0.0020839098889149,0.0823768218410292,0.068674995981984,0.0201614436113221,0.0275052622480564,0.0660775259845589,0.4416410675829905,0.0388077615447062,0.0799554200178231,0.004198699673754,0.0209818435338611,0.0047670932160418,0.0058721415304565,0.0063975000053339,0.0400586737317005,43,8,1,"Solar PV, batteries and power systems",0.4416410675829905,0.0904398396074662,0.3512012279755243,7.292082271961535,installer_tradesperson,project_walkthrough,2025-02-12 14:00:21+00:00,2025,6.716666666666667,20325,1208,142,59.43419434194342,6.986469864698647,38.64068441064639,0.2699619771863117
HeH1B1mmD48,0.102664884729836,0.043097827844161,0.0500370807644837,0.0586287788692308,0.0269158637615051,0.1143090542222653,0.0440904434949724,0.0156114786133319,0.0469969660317775,0.0019968528508238,0.0016475211312831,0.0294980383786479,0.3197582110759825,0.004408232952076,0.087283003369208,0.0530557619104142,23,13,6,"Wall, cavity and floor insulation",0.3197582110759825,0.1143090542222653,0.2054491568537172,9.591755957335948,training_educational,practical_advice_explainer,2019-01-21 13:49:12+00:00,2019,4.483333333333333,181006,1838,117,10.15435952399368,0.6463874125719589,66.06058394160584,0.0427007299270073
HkHozg0ckWY,0.1923073208998233,0.0087758741656295,0.0558962247133392,0.0371000742052431,0.1282432793186822,0.0751791695832607,0.0487867395611582,0.0720846192506931,0.0558487512375991,0.0285628130653247,0.0353299168412806,0.098026604529872,0.053226404206576,0.039562730289753,0.0170475588963044,0.05402191923546,312,1,5,Situated household retrofit experience and building context,0.1923073208998233,0.1282432793186822,0.0640640415811411,12.888740315180192,diy_renovator_homeowner,practical_advice_explainer,2022-11-12 14:23:48+00:00,2022,17.733333333333334,464374,8930,985,19.23018945935819,2.1211351195372696,344.23573017049665,0.7301704966641956
HmmFXljfqfs,0.0474182813902008,0.4163704259081595,0.0016471784598791,0.0487744028152595,0.0474945460315567,0.0028403514008036,0.0,0.0225045208216791,0.0,0.0567993864960109,0.1526636653351209,0.0887668150749292,0.0369641346205532,0.0036540290901324,0.0235782160387375,0.050524046516977,6,2,11,Spray foam and foam insulation,0.4163704259081595,0.1526636653351209,0.2637067605730385,7.102429083465872,builder_contractor,project_walkthrough,2022-03-08 15:34:06+00:00,2022,8.133333333333333,2690,97,12,36.059479553903344,4.4609665427509295,1.683354192740926,0.0075093867334167
Hwn6WciiGy4,0.1175454345933917,0.1084689278556838,0.0418737888853631,0.0634096774770417,0.0,0.0043718682141191,0.0,0.010581956219922,0.0429001502816354,0.0186334749182092,0.0179555304288489,0.264599330203104,0.1628396448536744,0.0091749248948597,0.0733902098228339,0.0642550813513124,8,12,13,Roof and attic ventilation and airflow,0.264599330203104,0.1628396448536744,0.1017596853494296,9.135595307275183,installer_tradesperson,problem_warning_mistakes,2023-10-30 23:02:29+00:00,2023,1.0166666666666666,34893,306,39,8.769667268506577,1.1177026910841716,34.99799398194584,0.0391173520561685
Hyv_vQEvHgo,0.1010294086517479,0.0032768924349506,0.0537809455262722,0.0750692787409482,0.1928164077726961,0.1713814380213755,0.0356996439990806,0.0597526554767694,0.0474225611075956,0.1059204890710794,0.011737142143561,0.0224569586574315,0.0223125507386167,0.0253776892686768,0.0067231238351337,0.0652428145540639,122,5,6,Heat pumps and heating systems,0.1928164077726961,0.1713814380213755,0.0214349697513206,11.229123958545042,diy_renovator_homeowner,how_to_installation_demo,2022-08-31 11:52:04+00:00,2022,33.06666666666667,102440,1860,484,18.15696993361968,4.724716907458024,72.0393811533052,0.340365682137834
I3Anbo9ks8Q,0.2472827676442736,0.0032868446145444,0.0582302366305358,0.0,0.0,0.0,0.1138973669701141,0.0,0.122328413009932,0.0619834772325402,0.0,0.0498831671397677,0.0279203978759319,0.0203433908183522,0.2948439380640075,0.0,2,15,1,Vapour barriers and moisture control,0.2948439380640075,0.2472827676442736,0.0475611704197339,6.655823944856226,installer_tradesperson,how_to_installation_demo,2025-06-19 21:31:07+00:00,2025,1.5,26792,1582,13,59.04747685876381,0.4852194684980591,67.14786967418546,0.0325814536340852
I7GD0MB8SzY,0.1000902838682027,0.0112484054230589,0.0779898504599714,0.0496002144675446,0.0119329290323787,0.1205079138558897,0.0496886296789911,0.0250813834989818,0.0423615974775942,0.0629510038381319,0.0303263470352195,0.0275895149592625,0.1770470665875088,0.0140405321550975,0.0714728801120569,0.1280714475501089,127,13,16,"Wall, cavity and floor insulation",0.1770470665875088,0.1280714475501089,0.0489756190373998,12.299305056499646,diy_renovator_homeowner,how_to_installation_demo,2019-01-17 17:22:24+00:00,2019,15.733333333333333,657718,4903,340,7.45456259369517,0.5169388704581599,239.69314868804665,0.1239067055393586
IA-0NAweiS0,0.0994937892375529,0.000570175912175,0.0774850583159474,0.2472173025607321,0.0067024860789846,0.17193256812724,0.0,0.128028490109204,0.1126675170990989,0.0096866659795085,0.0111055726281147,0.0073573498643304,0.0,0.1261299275141913,0.0013455157454736,0.0002775808274458,6,4,6,"Implementation, cost and how-to questions",0.2472173025607321,0.17193256812724,0.0752847344334921,7.58583344106321,installer_tradesperson,how_to_installation_demo,2023-12-26 15:51:19+00:00,2023,8.4,6819,39,16,5.719313682358117,2.346385100454612,7.254255319148936,0.0170212765957446
IH7pXvIhHHE,0.0938866716267649,0.2883278445905597,0.0280579701138948,0.0036353594952174,0.0134812417100636,0.0146516522639625,0.0407624129234367,0.0076344929328046,0.0639963878543401,0.0332470634732162,0.0028328456449273,0.2547318201289702,0.0368802177519755,0.004259701597922,0.0502740270216022,0.0633402908703416,37,2,12,Spray foam and foam insulation,0.2883278445905597,0.2547318201289702,0.0335960244615895,8.273750438596792,diy_renovator_homeowner,problem_warning_mistakes,2025-07-16 14:45:05+00:00,2025,1.6,29100,326,77,11.20274914089347,2.646048109965636,78.2258064516129,0.2069892473118279
IK8e7fJPsBs,0.1148572749466967,0.0025858790138289,0.061199893520585,0.0297101334467962,0.0116962386664481,0.202091700617639,0.0173121815592168,0.0116673678729268,0.0431697725034561,0.0257624006221483,0.0285674797535391,0.2931724957072378,0.0833786629759075,0.0175742993850451,0.0131376582024387,0.0441165612060892,91,12,6,Roof and attic ventilation and airflow,0.2931724957072378,0.202091700617639,0.0910807950895987,9.031550463036696,diy_renovator_homeowner,practical_advice_explainer,2022-12-31 09:30:02+00:00,2022,3.933333333333333,113807,3053,456,26.82611790135932,4.0067834140255,87.54384615384615,0.3507692307692308
IKdzI0aVWgM,0.1407692639606975,0.0015794703001044,0.120149355978205,0.0377590098379009,0.0589193480444267,0.1160333438331625,0.0383963315262784,0.0271280164862163,0.0446955086128898,0.0109381561208876,0.0216123570740326,0.2146762127339312,0.0131018470527657,0.0427901753831942,0.0187375744874043,0.0927140285679023,47,12,1,Roof and attic ventilation and airflow,0.2146762127339312,0.1407692639606975,0.0739069487732336,10.939986635737649,training_educational,practical_advice_explainer,2022-01-20 17:08:29+00:00,2022,7.05,74000,1066,126,14.405405405405403,1.7027027027027026,44.984802431610944,0.076595744680851
IKe-q2JHORM,0.1735651454307424,0.0192900391436491,0.0626073714592039,0.0447896277446126,0.0202625152099315,0.1094871869618894,0.0197557045789369,0.0316881555911773,0.0872583123283023,0.0287823138292604,0.0342737243284227,0.0540740876485342,0.1744617027511811,0.0186685873407014,0.0517076442432144,0.0693278814102396,51,13,1,"Wall, cavity and floor insulation",0.1744617027511811,0.1735651454307424,0.0008965573204387,12.25853595420897,builder_contractor,how_to_installation_demo,2024-05-20 20:00:06+00:00,2024,22.8,54823,723,173,13.187895591266438,3.155609871769148,69.04659949622166,0.2178841309823677
IOu73_HYJ3A,0.14808042166217,0.0050384469301523,0.0786954348136918,0.0614097211979939,0.1712396616730361,0.1474816869584389,0.0163910286918302,0.0575242245295418,0.0676707539041612,0.0106797782430987,0.0144612132224177,0.0301274808078563,0.0139458243707881,0.1029504585193303,0.01929438836863,0.0550094761068618,43,5,1,Heat pumps and heating systems,0.1712396616730361,0.14808042166217,0.0231592400108661,11.28947847311699,training_educational,practical_advice_explainer,2023-12-07 06:00:07+00:00,2023,14.283333333333331,46263,448,204,9.683764563474051,4.409571363724791,48.24087591240876,0.2127215849843587
IQAS48p97kM,0.0818461616406612,0.000917035177696,0.118469794878059,0.2074941942800446,0.0194068481352479,0.0537516444178829,0.01879216018924,0.1820030438563502,0.1689988364645113,0.0249849134877858,0.016810845692371,0.0016554587339252,0.0094522106454819,0.0209450035667131,0.0022788394629679,0.0721930093710611,21,4,8,"Implementation, cost and how-to questions",0.2074941942800446,0.1820030438563502,0.0254911504236944,9.109121982030263,diy_renovator_homeowner,how_to_installation_demo,2019-06-01 16:36:19+00:00,2019,6.083333333333333,76378,1287,65,16.85040194820498,0.8510304014244939,29.274817937907244,0.0249137600613261
ISrFr9IfXRU,0.0,0.3603947690428196,0.0,0.0,0.0,0.0,0.0,0.0,0.4701969217210996,0.0,0.0,0.03800273244483,0.0330977844033889,0.0,0.0983077923878617,0.0,1,9,2,Performance checking and troubleshooting,0.4701969217210996,0.3603947690428196,0.1098021526782799,3.2796424899448,diy_renovator_homeowner,how_to_installation_demo,2022-04-07 13:20:20+00:00,2022,0.2333333333333333,3185,18,2,5.651491365777081,0.6279434850863422,2.03125,0.0012755102040816
IT_Eme9XSl8,0.1864995661115739,0.0009852993287255,0.2523455371843203,0.053850968870707,0.0100935690579949,0.0030463552997229,0.0172692305064355,0.0016293949763335,0.0822537928747904,0.0036107116947409,0.2018654175113446,0.1581420440135513,0.0,0.0034050718914428,0.0,0.0250030406783161,5,3,11,Clarification and specification questions,0.2523455371843203,0.2018654175113446,0.0504801196729756,6.830679624407712,diy_renovator_homeowner,how_to_installation_demo,2021-01-14 19:42:30+00:00,2021,0.35,77900,590,43,7.573812580231065,0.5519897304236201,38.64087301587302,0.021329365079365
IUhFxJlKbXU,0.1441622891415771,0.0038943960446265,0.0561773296686503,0.0289254725635657,0.37353120661958,0.0682932773587059,0.0196500139701119,0.1088186624494548,0.0429230916033468,0.0205955807051422,0.0043737247430439,0.0359599862823789,0.0356203604112365,0.0122087218618652,0.0075641284180994,0.0373017581586141,31,5,1,Heat pumps and heating systems,0.37353120661958,0.1441622891415771,0.2293689174780029,8.376319800846362,diy_renovator_homeowner,how_to_installation_demo,2025-05-02 17:54:42+00:00,2025,8.516666666666667,14546,366,150,25.16155644163344,10.31211329575141,32.541387024608504,0.3355704697986577
IbQjqDJ2Vuo,0.0614131727935227,0.0016534742002673,0.0236969870754058,0.0846401014377981,0.0469168916069916,0.035641469978659,0.0463952995710544,0.0193051281914849,0.1263614774223275,0.0712013301095294,0.04837183892217,0.0172909564926537,0.0125931031773579,0.352177820324894,0.0066538794520959,0.0456870692437871,44,14,9,Thermostat wiring and smart heating controls,0.352177820324894,0.1263614774223275,0.2258163429025665,9.242681228652904,diy_renovator_homeowner,how_to_installation_demo,2022-04-23 18:15:01+00:00,2022,22.2,181014,1355,120,7.485608847934414,0.6629321488945606,116.63273195876288,0.0773195876288659
IiHMAilpGrA,0.1465477620077866,0.0190335308504538,0.0018798848690921,0.1717643316506057,0.0051181284218404,0.0298701240311369,0.1573531534980713,0.2930802336741103,0.0995283984116518,0.0,0.0030346362306658,0.033491678485697,0.0011121798977266,0.0205669834238522,0.003466031920672,0.0141529426266367,4,8,4,"Solar PV, batteries and power systems",0.2930802336741103,0.1717643316506057,0.1213159020235045,7.258020282853797,installer_tradesperson,practical_advice_explainer,2023-08-19 14:24:23+00:00,2023,0.4,243194,1164,20,4.7863022936421125,0.0822388710247785,227.49672591206732,0.0187090739008419
ImdbQFgf-X8,0.1047824039784515,0.0020253195988553,0.0943438503676993,0.0604548791076836,0.0647336671370261,0.0927010286467061,0.0726476774873812,0.0149829858881562,0.0830065464283698,0.0564227780001593,0.0263527591153703,0.2651733295612398,0.0106587691960382,0.0098542396364818,0.0033201988140252,0.0385395670363554,30,12,1,Roof and attic ventilation and airflow,0.2651733295612398,0.1047824039784515,0.1603909255827882,10.458177418364585,training_educational,how_to_installation_demo,2020-10-28 22:00:02+00:00,2020,3.1333333333333333,149386,1987,140,13.301112554054596,0.937169480406464,71.34001910219675,0.0668576886341929
Iqo3sqT8Bjw,0.1301774901829526,0.0025000948873643,0.0135574609979599,0.0013181651377205,0.0,0.0971257296377943,0.0,0.0,0.0,0.0786088383781008,0.3513046594097308,0.0,0.1953334880873274,0.0,0.0071018534165635,0.1229722198644854,2,11,13,"Product sourcing, access and location questions",0.3513046594097308,0.1953334880873274,0.1559711713224033,5.772977262568194,installer_tradesperson,how_to_installation_demo,2022-06-27 16:53:00+00:00,2022,0.1333333333333333,1448659,4533,18,3.129100775268714,0.0124252843491808,974.2158708809684,0.0121049092131809
IwY3o8ndJx8,0.1191093444046526,0.0002068395231408,0.0,0.4164681270090362,0.0,0.0244514797953043,0.0612701246514895,0.0,0.0647032805218024,0.0027159311819234,0.0,0.2668993882007999,0.0,0.0,0.0,0.0441754847118505,1,4,12,"Implementation, cost and how-to questions",0.4164681270090362,0.2668993882007999,0.1495687388082363,4.784481626966136,diy_renovator_homeowner,problem_warning_mistakes,2025-05-02 01:40:51+00:00,2025,24.58333333333333,900,24,5,26.666666666666668,5.555555555555555,2.0134228187919465,0.0111856823266219
IxSsOEGs3SU,0.0479513671324858,0.0008828685390225,0.1319719133286035,0.0194995003258121,0.0139057298404159,0.0448649071703144,0.0,0.3953076597581184,0.0042829762029131,0.1913684872628396,0.0011611881394794,0.0019347297793048,0.0041572364307202,0.0582709119700774,0.0001395530028088,0.0843009711170833,4,8,10,"Solar PV, batteries and power systems",0.3953076597581184,0.1913684872628396,0.2039391724952788,6.16826924336456,installer_tradesperson,how_to_installation_demo,2025-11-23 18:00:32+00:00,2025,2.1166666666666667,10152,66,7,6.501182033096927,0.6895193065405831,41.950413223140494,0.0289256198347107
J0e6fuIiuic,0.0726338194464315,0.0030945775302015,0.2686105732501746,0.0833221218891564,0.089434445776298,0.0565347541975457,0.0947229509956578,0.0282702957619159,0.053767302126549,0.0144685733687102,0.0856948392253815,0.0531661503798926,0.0139188732428325,0.0038844216329003,0.0133422359907371,0.0651340651856147,19,3,7,Clarification and specification questions,0.2686105732501746,0.0947229509956578,0.1738876222545167,10.723615812026384,installer_tradesperson,how_to_installation_demo,2023-10-19 08:41:39+00:00,2023,0.5833333333333334,27336895,389058,1833,14.231974772555551,0.0670522383760116,27119.93551587301,1.818452380952381
J6Q1F2peyag,0.0718831861077477,0.002924635210098,0.0078722613482846,0.0625318667851548,0.0080601812223637,0.1059327949200649,0.0587596488139739,0.2420892955059023,0.0658807636971377,0.0038508675467345,0.0954785509615183,0.0076218862599382,0.0004234791907526,0.070937001360175,0.0200614401502486,0.1756921409199048,10,8,16,"Solar PV, batteries and power systems",0.2420892955059023,0.1756921409199048,0.0663971545859975,9.406179562712753,installer_tradesperson,how_to_installation_demo,2025-06-22 17:00:31+00:00,2025,27.03333333333333,11381,138,29,12.125472278358668,2.548106493278271,28.73989898989899,0.0732323232323232
J9C3jHA_TlQ,0.2480987176553345,0.1209832340883884,0.0112604070168103,0.0016600916982424,0.0126381880317861,0.1236784319992455,0.0872381740149627,0.0361010444912267,0.070123098893784,0.0740014258588538,0.0429525853622352,0.0630920603471826,0.0178506905581326,0.0204864840104505,0.0526289733264421,0.0172063926469218,15,1,6,Situated household retrofit experience and building context,0.2480987176553345,0.1236784319992455,0.1244202856560889,10.738937682266965,builder_contractor,problem_warning_mistakes,2025-01-16 13:17:26+00:00,2025,0.7166666666666667,68676,709,88,10.323839478129187,1.281379230007572,124.1880650994575,0.159132007233273
JLNQqc5daic,0.0052558706065702,0.0,0.1747931156921957,0.2315715017966833,0.0006630802671438,0.0006522014699806,0.0,0.0,0.0,0.1327955241704826,0.0008906067490035,0.0,0.2913024429058739,0.0341219444131769,0.0034870242517619,0.1244666876771272,4,13,4,"Wall, cavity and floor insulation",0.2913024429058739,0.2315715017966833,0.0597309411091906,5.52255923376512,installer_tradesperson,how_to_installation_demo,2023-09-29 16:05:19+00:00,2023,0.7666666666666667,5815,44,9,7.566638005159072,1.5477214101461736,5.656614785992218,0.0087548638132295
JOvERrJWrck,0.0053242136348318,0.0152565222425935,0.2248549154659833,0.0009464568194522,0.0010528038421619,0.0,0.0354388730048661,0.0273529935203095,0.2876610399513524,0.0406320413690093,0.0,0.1288546162655866,0.0879400006597413,0.006470366281156,0.1232752521321748,0.0149399048107807,3,9,3,Performance checking and troubleshooting,0.2876610399513524,0.2248549154659833,0.062806124485369,7.226254199313273,training_educational,how_to_installation_demo,2023-05-24 11:03:02+00:00,2023,0.25,130090,254,14,1.9524944269351987,0.1076178030594204,112.53460207612456,0.0121107266435986
JU_Fts-2F7o,0.1126270801041964,0.0195717248768647,0.0455398715480084,0.0691964954910696,0.0444423875442637,0.1468709270714566,0.0492579230014204,0.0179343383876158,0.0517986383444019,0.075389771937333,0.0334093133747176,0.1196010229230161,0.0643243386356984,0.0111728833405931,0.001887570639496,0.1369757127798476,21,6,16,"Praise, gratitude and social endorsement",0.1468709270714566,0.1369757127798476,0.009895214291609,12.37351794213968,installer_tradesperson,how_to_installation_demo,2023-04-22 17:39:21+00:00,2023,36.65,15243,282,61,18.50029521747687,4.001836908744997,12.83080808080808,0.0513468013468013
JY_3dKSLCz0,0.0237632601783347,0.0021445811512427,0.0930477778134069,0.0090019750162332,0.1371349164141568,0.0023824333326688,0.2094901484988382,0.0,0.0826943429237637,0.0,0.0023494616511183,0.0,0.0004374827927935,0.3553309433973438,0.0042328508712641,0.0779898259588349,5,14,7,Thermostat wiring and smart heating controls,0.3553309433973438,0.2094901484988382,0.1458407948985055,6.00858348500525,installer_tradesperson,how_to_installation_demo,2023-02-12 20:06:21+00:00,2023,0.6333333333333333,54393,300,16,5.515415586564448,0.2941554979501039,43.27207637231504,0.0127287191726332
JZHWAOAl_nE,0.0823295026655904,0.0,0.0,0.0,0.0,0.470893180220033,0.3198825863972416,0.1014610432559416,0.0,0.0,0.0,0.0,0.0,0.0119342380583082,0.0,0.0134994494028849,1,6,7,"Praise, gratitude and social endorsement",0.470893180220033,0.3198825863972416,0.1510105938227914,3.553520919685916,installer_tradesperson,practical_advice_explainer,2024-04-05 09:37:48+00:00,2024,1.0,43554,271,11,6.222160995545759,0.2525600404096064,51.911799761620976,0.0131108462455303
JcTgSwtljcY,0.0884563783178687,0.0046646430520656,0.089996840533425,0.0725670519273866,0.038888684463987,0.0153744549707939,0.0454531664372545,0.0622035949729879,0.0586330029016978,0.0310418933353295,0.0634702319025262,0.375802801020635,0.0147666377550123,0.0071874499829537,0.0105440877132213,0.0209490807128543,60,12,3,Roof and attic ventilation and airflow,0.375802801020635,0.089996840533425,0.2858059604872101,8.970634167106986,diy_renovator_homeowner,how_to_installation_demo,2023-07-11 20:07:51+00:00,2023,0.95,95893,2387,180,24.892327907146505,1.8770921756541143,86.54602888086643,0.1624548736462094
JjuiCQN6yMo,0.1050483593618846,0.021895067401393,0.0068712001439159,0.0,0.6220177692113875,0.0,0.0132069015048412,0.0412847174928099,0.0,0.0016813452611674,0.0094698088594958,0.0,0.0,0.0,0.1785248307631045,0.0,1,5,15,Heat pumps and heating systems,0.6220177692113875,0.1785248307631045,0.4434929384482829,3.3238697772941785,installer_tradesperson,how_to_installation_demo,2022-05-04 12:05:47+00:00,2022,3.283333333333333,321025,29,4,0.0903356436414609,0.0124600887781325,208.32251784555484,0.0025957170668397
JlLAyv-6OZ4,0.1558871536044861,0.0032175506079898,0.0768322995129057,0.030342242094283,0.0801632945125761,0.0325633177218288,0.0574615069741336,0.0604875768590137,0.0848057834625985,0.0132405688967124,0.0196088813223483,0.0126893256305663,0.0055602980305436,0.3370484990330485,0.0052847681346678,0.0248069336022969,45,14,1,Thermostat wiring and smart heating controls,0.3370484990330485,0.1558871536044861,0.1811613454285624,8.783900942137988,installer_tradesperson,problem_warning_mistakes,2024-04-19 17:00:09+00:00,2024,4.75,155883,486,164,3.117722907565289,1.0520711046105091,188.9490909090909,0.1987878787878788
JlQ16FEl4zI,0.1231113222393154,0.0085750839536771,0.0793304387294829,0.0579217088917861,0.0194830250046285,0.1634466475351461,0.0700546407976163,0.1573024672022651,0.0591086489795445,0.0321413061269504,0.032211189340761,0.0094560483007216,0.0046114538935165,0.093516579331347,0.0175218253406,0.0722076143326406,54,6,8,"Praise, gratitude and social endorsement",0.1634466475351461,0.1573024672022651,0.006144180332881,11.636266326020587,installer_tradesperson,how_to_installation_demo,2025-02-21 17:21:06+00:00,2025,20.883333333333333,83170,1698,192,20.416015390164723,2.30852470842852,160.87040618955513,0.3713733075435203
JltjcD-3Zzc,0.0946413868129633,0.0,0.0,0.4421448796756194,0.0,0.0030577952847075,0.0537733823348994,0.0480975197954295,0.0772528332902201,0.0082790864994337,0.0,0.0,0.0,0.2727531163067268,0.0,0.0,1,4,14,"Implementation, cost and how-to questions",0.4421448796756194,0.2727531163067268,0.1693917633688925,4.46682418378931,installer_tradesperson,how_to_installation_demo,2021-04-23 09:54:09+00:00,2021,2.1666666666666665,23800,18,1,0.7563025210084033,0.042016806722689,12.415232133541991,0.0005216484089723
JnxRKblanBs,0.1048615241239678,0.0033275046961146,0.1048240581237214,0.0708167215909489,0.0143790928331824,0.2551347082485159,0.0197074344516699,0.0268368197267438,0.0223986456224355,0.0076270918626778,0.0048678292112712,0.0291778546009993,0.1688875284280537,0.0206192447841127,0.0363379444549851,0.1101959972405994,28,6,13,"Praise, gratitude and social endorsement",0.2551347082485159,0.1688875284280537,0.0862471798204621,9.569578556143677,builder_contractor,how_to_installation_demo,2021-07-28 14:14:16+00:00,2021,2.8666666666666667,39096,254,71,6.49682832003274,1.816042561898916,21.469522240527183,0.0389895661724327
JoMHQAHSGZ0,0.2136085584357291,0.0067003712900038,0.0115595736629884,0.0099043399741266,0.0094646697133602,0.3023657551628833,0.1116216364359417,0.0107772179111176,0.0404611200004429,0.0182008472033122,0.0006633670468296,0.0685668397827009,0.0,0.0254605867451032,0.0164519801661516,0.1541931364693083,3,6,1,"Praise, gratitude and social endorsement",0.3023657551628833,0.2136085584357291,0.0887571967271541,7.392602643929551,diy_renovator_homeowner,problem_warning_mistakes,2024-11-18 16:08:52+00:00,2024,9.166666666666666,838,42,8,50.11933174224344,9.54653937947494,1.369281045751634,0.0130718954248366
JofgCviM79w,0.1672242786849563,0.0037257969425886,0.0558266091623116,0.0603410487344734,0.0662100062871762,0.0718365548392882,0.0478461446132823,0.0349343038069099,0.0960472976707916,0.036283302151529,0.0383262970075127,0.006985760491182,0.0147057363765003,0.2353070354186305,0.0119166980508673,0.0524831297619993,81,14,1,Thermostat wiring and smart heating controls,0.2353070354186305,0.1672242786849563,0.0680827567336741,10.98996504219679,installer_tradesperson,how_to_installation_demo,2021-06-12 19:00:03+00:00,2021,23.5,57229,1106,223,19.32586625661815,3.896625836551399,30.65291912158543,0.1194429566148902
JqJODEOtoK0,0.0994384839697203,0.0026099697491083,0.0228849339515808,0.0628479258343333,0.0031402549276628,0.0297876714813045,0.1484010456424543,0.4490358296130892,0.0531307840763108,0.0279945534117383,0.0013035034102514,0.0179872198405936,0.0087110000618965,0.0159425681852072,0.0139339744905303,0.0428502813542177,14,8,7,"Solar PV, batteries and power systems",0.4490358296130892,0.1484010456424543,0.3006347839706349,6.750419959127734,installer_tradesperson,practical_advice_explainer,2022-02-25 15:00:15+00:00,2022,7.216666666666667,128176,2066,68,16.118462114592436,0.5305205342653851,79.66190180236171,0.0422622747047855
JyFMQuSUV2U,0.1464439391890727,0.0269634353756602,0.0518403745313749,0.0570155587761286,0.0082435948030008,0.1435570587607288,0.0315518807901501,0.0240238345440041,0.0473176298050861,0.0624523287393692,0.0245755026852755,0.0691418797232299,0.1561023450203502,0.0155146429375909,0.0556850333034351,0.0795709610155422,97,13,1,"Wall, cavity and floor insulation",0.1561023450203502,0.1464439391890727,0.0096584058312775,12.459308305235732,diy_renovator_homeowner,how_to_installation_demo,2023-02-10 17:05:45+00:00,2023,13.3,315490,4577,240,14.507591365811912,0.7607214174775746,250.58776806989675,0.1906274821286735
K2JHmIfIWTY,0.0667568987097027,0.0,0.0,0.8728850960851259,0.013729957646559,0.0331147112275173,0.0,0.0,0.0,0.0,0.0,0.013513336331095,0.0,0.0,0.0,0.0,1,4,1,"Implementation, cost and how-to questions",0.8728850960851259,0.0667568987097027,0.8061281973754231,1.697653732711347,installer_tradesperson,how_to_installation_demo,2024-10-07 00:20:16+00:00,2024,0.65,11933,141,8,11.815972513198693,0.6704097879829046,18.24617737003058,0.0122324159021406
K4TS8z617_Y,0.1325053525142672,0.0,0.2050134393535068,0.1059601265359427,0.0168316928019139,0.0474051569064481,0.0226724926714664,0.1469181788190276,0.2250160951633561,0.0172907542960785,0.0004373555020323,0.0051194380802839,0.0,0.057636531185826,0.0,0.0171933861698499,4,9,3,Performance checking and troubleshooting,0.2250160951633561,0.2050134393535068,0.0200026558098492,8.020160194354546,installer_tradesperson,how_to_installation_demo,2024-12-19 14:24:46+00:00,2024,2.95,44013,868,60,19.721445936427877,1.3632335900756596,75.7538726333907,0.1032702237521514
K6HR2ftXFss,0.0970573191460045,0.0414969725907088,0.0605467116857814,0.0278446696045723,0.0224225084442278,0.0634998666682333,0.0386834450880364,0.009833156900072,0.0357567693997344,0.021508135249989,0.0235783634559452,0.0993224329153026,0.141341052259487,0.0062072970928262,0.241318506912473,0.0695827925866056,117,15,13,Vapour barriers and moisture control,0.241318506912473,0.141341052259487,0.099977454652986,11.194610128989988,training_educational,practical_advice_explainer,2024-03-09 16:00:09+00:00,2024,9.65,631582,7236,290,11.456944624767647,0.4591644473718377,729.3094688221709,0.3348729792147806
K9LZKRr8-HQ,0.0434739434842626,0.0,6.545097577171924e-05,0.3532824718244555,0.2337694536175583,0.3241726407787017,0.0,0.0006196966206398,0.0,0.0169574157488341,0.0065511215335876,0.0,0.0012758714540444,0.0077082938467564,0.0,0.0121236401153875,2,4,6,"Implementation, cost and how-to questions",0.3532824718244555,0.3241726407787017,0.0291098310457538,4.119076528132662,training_educational,how_to_installation_demo,2022-05-24 16:00:13+00:00,2022,31.98333333333333,2887,27,4,9.352268791132664,1.3855213023900244,1.8980933596318208,0.0026298487836949
KExLT4RVplc,0.0765346374155434,0.0006118130973127,0.4101574537221564,0.0037343587292507,0.0209421091852088,0.0,0.023573245153459,0.0070863009859991,0.0126646185122215,0.0106410380491504,0.0,0.3200650593736378,0.0770127472763871,0.0,0.0148427363047897,0.0221338821948828,3,3,12,Clarification and specification questions,0.4101574537221564,0.3200650593736378,0.0900923943485186,4.975857802207426,training_educational,how_to_installation_demo,2025-05-15 10:19:43+00:00,2025,2.833333333333333,14826,263,12,17.739106974234456,0.8093889113719143,34.16129032258065,0.0276497695852534
KH1U2gLK8Y8,0.098006652545025,0.0079234136492533,0.0311648417827355,0.0639128828921282,0.0137952203269183,0.1420492069186761,0.0344115648508242,0.2594040977061754,0.1097547281030776,0.0563856290750906,0.0182326912130196,0.005428519073102,0.0065029831466582,0.0704772417758632,0.0173933210729227,0.0651570058685293,84,8,6,"Solar PV, batteries and power systems",0.2594040977061754,0.1420492069186761,0.1173548907874993,10.23897973516014,installer_tradesperson,how_to_installation_demo,2024-04-20 14:00:13+00:00,2024,16.866666666666667,79690,1630,371,20.45426025850169,4.655540218346091,96.71116504854368,0.4502427184466019
KIbJ6CBhWoI,0.2319609092888604,0.0168709654077813,0.0711748200187541,0.0859041921466168,0.0190815999579389,0.0460071225328682,0.0325556324305018,0.0259318160605076,0.1345572697084809,0.0337666846907064,0.0216291445541846,0.1006820622233052,0.0379719096783087,0.0141642560933373,0.0593628959758102,0.0683787192320369,96,1,9,Situated household retrofit experience and building context,0.2319609092888604,0.1345572697084809,0.0974036395803794,11.75297878575833,diy_renovator_homeowner,how_to_installation_demo,2023-09-23 03:56:08+00:00,2023,2.966666666666667,286596,3152,247,10.998059986880486,0.8618403606470433,277.17214700193426,0.2388781431334622
KJava-6Slu8,0.0801581922044851,0.0225529200548588,0.1466354297864725,0.0254639632006818,0.0001107673461253,0.0801760080749574,0.0119969018347871,0.0112744699918828,0.0237409065754163,0.0271100095722885,0.0136248538892585,0.0342387826779234,0.2931779512971264,0.0241290522087654,0.125330181030186,0.0802796102547841,25,13,3,"Wall, cavity and floor insulation",0.2931779512971264,0.1466354297864725,0.1465425215106539,9.419653456946811,builder_contractor,how_to_installation_demo,2023-07-28 11:56:52+00:00,2023,1.9333333333333331,52201,511,68,9.789084500296928,1.3026570372215092,47.84692942254812,0.0623281393217231
KLwXZxYlrpo,0.0174886385516694,0.0,0.4295333721594002,0.4702487973184662,0.0515595240859688,0.0,0.0,0.0051792532723573,0.0,0.0,0.002519010534357,0.0234714040777807,0.0,0.0,0.0,0.0,1,4,3,"Implementation, cost and how-to questions",0.4702487973184662,0.4295333721594002,0.0407154251590659,2.920670619821903,installer_tradesperson,how_to_installation_demo,2023-07-15 22:43:45+00:00,2023,0.9333333333333332,2533,22,2,8.685353335965258,0.7895775759968416,2.294384057971014,0.0018115942028985
KMZEbcjmu_g,0.0409620659749541,0.0320587999051058,0.1309902179946522,0.1224246747979313,0.0100452251358698,0.032215695709917,0.0894544312240099,0.0548030036188931,0.1775176708464158,0.0986039977417437,0.0016049818017652,0.0004145702408245,0.0557129733032591,0.0054649417477529,0.0457968452676625,0.1019299046892424,5,9,3,Performance checking and troubleshooting,0.1775176708464158,0.1309902179946522,0.0465274528517635,11.119448595407562,builder_contractor,problem_warning_mistakes,2025-07-03 21:22:49+00:00,2025,3.966666666666667,3596,54,17,15.016685205784205,4.727474972191324,9.34025974025974,0.0441558441558441
KMjAD1by_vc,0.2078200584214965,0.0577092569628093,0.1356724154987634,0.0359006818083349,0.0197523987923676,0.0623031942246621,0.0560555498123566,0.0386406471752573,0.1497890654735135,0.043942419016472,0.0433620192323712,0.0413107434293444,0.0096227616602385,0.0085555794534767,0.0219140135966327,0.0676491954419025,15,1,9,Situated household retrofit experience and building context,0.2078200584214965,0.1497890654735135,0.058030992947983,11.704958630201732,diy_renovator_homeowner,how_to_installation_demo,2020-10-25 17:58:52+00:00,2020,2.2333333333333334,173445,1992,57,11.48490876070224,0.3286344374297327,82.71101573676681,0.0271816881258941
KNJjVP1co6s,0.0727564660731156,0.0146101992141241,0.108426054711914,0.1468552694928557,0.0053353915776502,0.330708596902612,0.0125824477186625,0.0406662009203543,0.0467000112710143,0.0087640505059608,0.0033464448034382,0.0164473705857004,0.096920724806101,0.0494577509259863,0.013735679904326,0.0326873405861838,12,6,4,"Praise, gratitude and social endorsement",0.330708596902612,0.1468552694928557,0.1838533274097563,8.767077936312802,installer_tradesperson,how_to_installation_demo,2024-09-26 14:16:20+00:00,2024,29.53333333333333,29491,321,55,10.884676681021327,1.864975755315181,44.34736842105263,0.0827067669172932
KRJGh6X073Q,0.2656561306801286,0.0069541184517681,0.0717719588168761,0.0551772027685014,0.1114940111234668,0.0418520993649382,0.0420725869588946,0.0328794624728862,0.074319264794467,0.0288004900835426,0.066362220893773,0.0371917640655426,0.0128248729270647,0.0703992999558663,0.0113100103657205,0.0709345062765626,48,1,5,Situated household retrofit experience and building context,0.2656561306801286,0.1114940111234668,0.1541621195566617,11.444037929670984,installer_tradesperson,problem_warning_mistakes,2024-12-10 00:23:54+00:00,2024,1.0,477035,18780,266,39.36818053182681,0.5576110767553744,808.5338983050848,0.4508474576271186
KVM1hAuYDeM,0.0248766567385751,0.0,0.297777825089118,0.2798494677751224,0.0,0.0,0.0,0.0084488049264737,0.0015178372938987,0.0,0.0002555060433559,0.1960231918194201,0.1402339386458857,0.0388143816544646,0.0122023900136854,0.0,2,3,4,Clarification and specification questions,0.297777825089118,0.2798494677751224,0.0179283573139955,5.135024314259639,installer_tradesperson,how_to_installation_demo,2025-05-22 05:18:51+00:00,2025,2.45,328,2,2,6.097560975609756,6.097560975609756,0.7681498829039812,0.0046838407494145
KW7dWGEwXWQ,0.2339193326378543,0.0445011282055287,0.0105536470597414,0.2216933827965061,0.0763435019130301,0.1511161585532768,0.0203198570438181,0.0130117747599057,0.0111896327320346,0.0,0.0102874415754085,0.029376599011599,0.0238344569434575,0.0565201529113074,0.0,0.0973329338565313,4,1,4,Situated household retrofit experience and building context,0.2339193326378543,0.2216933827965061,0.0122259498413482,8.6464195606225,training_educational,how_to_installation_demo,2023-05-28 06:40:04+00:00,2023,7.383333333333334,19047,150,17,7.875255945818239,0.8925290071927338,16.533854166666668,0.0147569444444444
K_GmdyM8WVQ,0.0369119918485645,0.0054076986521446,0.2460672684773637,0.101389869642859,0.0,0.0011482497901709,0.0102794315058536,0.0123601659797646,0.0518432190373335,0.2348525901002413,0.1034779089961351,0.0021369231856039,7.735428544522905e-05,0.1757038453184868,0.0143217718279261,0.0040217113521066,5,3,10,Clarification and specification questions,0.2460672684773637,0.2348525901002413,0.0112146783771223,7.149493096819881,installer_tradesperson,how_to_installation_demo,2025-02-07 01:44:59+00:00,2025,0.25,136110,612,13,4.496363235618251,0.0955109837631327,256.3276836158192,0.0244821092278719
Kl3EAJD7Kbs,0.074329943279476,0.0059210606639986,0.0514753402386179,0.0409768392014605,0.003909066027978,0.0720522543531444,0.0255651892007024,0.0097593790987083,0.0249330385291532,0.0211834287440046,0.0132488238302086,0.3424986543407439,0.1102825205019709,0.00714551641965,0.1094471406046949,0.0872718049654869,105,12,13,Roof and attic ventilation and airflow,0.3424986543407439,0.1102825205019709,0.232216133838773,8.923440775941497,builder_contractor,problem_warning_mistakes,2019-05-18 06:59:56+00:00,2019,10.833333333333334,264847,1676,220,6.328181931454765,0.830668272625327,100.97102554327108,0.0838734273732367
KltU08BK7Oc,0.1218772055339561,0.0221958451284241,0.088478273977073,0.0257307345935631,0.0234987974226766,0.0350892922686417,0.0269516308744576,0.013935028005372,0.04212361046129,0.0625862107098295,0.0165141512428937,0.0914243236440785,0.2110994323933726,0.0152789500928409,0.117656420840386,0.0855600928111438,228,13,1,"Wall, cavity and floor insulation",0.2110994323933726,0.1218772055339561,0.0892222268594165,11.70598707328142,training_educational,practical_advice_explainer,2025-01-14 19:00:09+00:00,2025,3.35,302845,4317,477,14.254816820485726,1.575063151116908,545.6666666666666,0.8594594594594595
Ks55Hi2O81I,0.1529980904886079,0.0017200990622604,0.0655961182047655,0.0364397582285884,0.1996785832281979,0.1213504131929619,0.0686182080704813,0.046327610900787,0.0659538306245351,0.0118505156920541,0.0221474930453268,0.0190597925789445,0.0176352840002733,0.0959735296882267,0.0067688701886463,0.0678818028053423,44,5,1,Heat pumps and heating systems,0.1996785832281979,0.1529980904886079,0.04668049273959,11.08565574499593,diy_renovator_homeowner,how_to_installation_demo,2024-11-24 07:00:10+00:00,2024,5.916666666666667,27077,326,199,12.039738523470104,7.349410939173468,44.68151815181518,0.3283828382838283
KwevE9ru8PE,0.0169002443789561,0.0,0.0,0.0,0.677762115274857,0.0,0.1410429422237231,0.0,0.1348332164972549,0.0294614816252086,0.0,0.0,0.0,0.0,0.0,0.0,1,5,7,Heat pumps and heating systems,0.677762115274857,0.1410429422237231,0.5367191730511338,2.6720633724742697,installer_tradesperson,how_to_installation_demo,2024-07-19 15:30:05+00:00,2024,0.8666666666666667,6294,29,2,4.607562758182397,0.3177629488401652,8.574931880108991,0.0027247956403269
KxHcu7JvZwk,0.2517715507804889,0.0023906389055037,0.0337703010321703,0.0295938994471686,0.2170045360186817,0.0435230503165476,0.0318927135952909,0.0725565656090574,0.0553970755187255,0.0181376214819302,0.0156112655783752,0.0666070350806032,0.046730275400561,0.0574613330189179,0.006096823988614,0.0514553142273631,228,1,5,Situated household retrofit experience and building context,0.2517715507804889,0.2170045360186817,0.0347670147618071,10.15446351251538,training_educational,practical_advice_explainer,2022-01-19 19:00:06+00:00,2022,14.383333333333333,292027,4698,664,16.087553548130824,2.273762357590223,177.4161603888214,0.4034021871202916
Kz5JbXTo4rM,0.0425928571574008,0.0030795833419819,0.0781258743961421,0.0697036211466758,0.0019735836984117,0.0535570775089215,0.0473549258691986,0.4359927372293428,0.0675688727464397,0.0266700666021856,0.0138632004424603,0.0097134931635908,0.0060143996461497,0.0625423865825524,0.0073960090800031,0.0738513113885424,126,8,3,"Solar PV, batteries and power systems",0.4359927372293428,0.0781258743961421,0.3578668628332007,7.601827150904096,training_educational,practical_advice_explainer,2024-09-04 16:15:01+00:00,2024,7.483333333333333,487523,11110,401,22.78866843205346,0.8225252962424338,709.6404657933042,0.5836972343522562
L2Hy1IhQ17s,0.0683083028087532,0.0255929662345584,0.0946355512854488,0.0586322272372822,0.0072897279558035,0.2090998008708471,0.0232972467761666,0.0336228516429587,0.0482157132440699,0.0239357141202587,0.0223315705154215,0.0225525712840591,0.1611648138364281,0.018326284147342,0.0392276664315214,0.1437669916090802,31,6,13,"Praise, gratitude and social endorsement",0.2090998008708471,0.1611648138364281,0.047934987034419,11.140837904434465,installer_tradesperson,how_to_installation_demo,2022-08-27 13:06:32+00:00,2022,7.233333333333333,97822,955,100,9.762630083212365,1.0222649301793052,68.59887798036466,0.0701262272089761
LC8RkysGVwY,0.1439912134488805,0.0089642673201864,0.0225526113434584,0.0386040525030126,0.0011348279754239,0.0800651376203237,0.0125280371733256,0.0119547821087441,0.0767490692685964,0.0024547358089619,0.0022726205661048,0.0641528454456908,0.4317610069652705,0.0013224466160492,0.024165972838869,0.0773263729971016,11,13,1,"Wall, cavity and floor insulation",0.4317610069652705,0.1439912134488805,0.2877697935163898,6.761302646799046,installer_tradesperson,how_to_installation_demo,2024-01-15 10:19:19+00:00,2024,4.466666666666667,7071,0,39,0.0,5.515485787017395,7.685869565217391,0.042391304347826
LHNQ0GYG07I,0.1134315949020094,0.0077382688704305,0.1060924506224167,0.0579149631740072,0.012456025778888,0.0708500014686378,0.0328670807026748,0.1440857406455445,0.1409831040950452,0.0341778793551466,0.0235510982355824,0.0205074468291831,0.0088300043898686,0.1327049429009949,0.0214398301788989,0.0723695678506706,45,8,9,"Solar PV, batteries and power systems",0.1440857406455445,0.1409831040950452,0.0031026365504993,11.738473090686004,installer_tradesperson,how_to_installation_demo,2020-10-01 13:30:03+00:00,2020,13.7,98233,1766,149,17.97766534667576,1.5168018893854407,46.31447430457332,0.0702498821310702
LJvPWIKaZpM,0.0280581205597427,0.008824057010595,0.1033569252953555,0.0920557022856344,0.008721420996325,0.0567060989453959,0.3040469954336888,0.0177769923510921,0.0026433137972441,0.0006186511438189,0.0,0.0120057808091361,0.2614745335022514,0.0796524312679247,0.018435259478244,0.0056237171235508,6,7,13,"Alternative methods, challenges and ""why"" questions",0.3040469954336888,0.2614745335022514,0.0425724619314373,7.115506063246529,training_educational,how_to_installation_demo,2025-08-07 06:26:00+00:00,2025,0.5,41370,199,27,4.810248972685521,0.6526468455402465,118.2,0.0771428571428571
LL2-8RXSYKc,0.0796402666803902,0.0133565382644205,0.0477962618206698,0.0433696218664108,0.0027625029924738,0.095724251725121,0.0331831485050591,0.0126236508272809,0.0438328197001354,0.0163095705809497,0.0088913185785286,0.2859803990727234,0.0859991804339295,0.0114364758706129,0.1316553268352282,0.0874386662460655,131,12,15,Roof and attic ventilation and airflow,0.2859803990727234,0.1316553268352282,0.1543250722374952,9.934366875463066,installer_tradesperson,problem_warning_mistakes,2020-01-18 18:36:38+00:00,2020,8.583333333333334,681183,3187,312,4.678625273971899,0.4580266976715508,286.45206055508834,0.1312026913372582
LL6YhT_HkIY,0.1400309209844939,0.0033141315957035,0.0872568027629116,0.0682539933955463,0.1828270258500895,0.1077863906298914,0.0387568624077726,0.0328934746979958,0.051586662146409,0.0272283797637091,0.0253451794185863,0.0100171032924399,0.0153942469813214,0.0960551315416383,0.0108437562121729,0.1024099383193176,204,5,1,Heat pumps and heating systems,0.1828270258500895,0.1400309209844939,0.0427961048655955,11.488359045177452,installer_tradesperson,how_to_installation_demo,2024-03-02 14:14:15+00:00,2024,12.283333333333331,218993,3529,550,16.114670331928416,2.511495801235656,250.8510882016037,0.6300114547537228
LMOqxyZPivQ,0.1239179202065931,0.0442920232885952,0.0743533674143089,0.0403644423360389,0.0225311418646138,0.0890916213049747,0.0256864740566265,0.0350261075277275,0.0285352074091529,0.0183665591318553,0.0107297957279041,0.1358808807063956,0.1498398940996351,0.0060436529274323,0.0987178541167739,0.0966230578813715,70,13,12,"Wall, cavity and floor insulation",0.1498398940996351,0.1358808807063956,0.0139590133932395,12.138902825690575,training_educational,practical_advice_explainer,2024-03-23 15:00:16+00:00,2024,24.633333333333333,173623,2885,154,16.616462104675072,0.8869792596602984,203.78286384976525,0.1807511737089202
LVYSz1CuuDw,0.1364322740310911,0.0061414685804562,0.1538504787980759,0.0548008971522282,0.0018903835179841,0.0258621087363536,0.1233480457822211,0.093968267459367,0.0454770503787549,0.0292934782575779,0.0815552549383261,0.1304198599769867,0.0156013205167622,0.0116879201917011,0.0286578179055649,0.0610133737765483,98,3,1,Clarification and specification questions,0.1538504787980759,0.1364322740310911,0.0174182047669848,11.476279583366711,installer_tradesperson,how_to_installation_demo,2023-04-27 01:23:08+00:00,2023,1.0,48837004,287610,1831,5.8891818998561005,0.0374920623713936,41282.33643279797,1.547759932375317
LXVmZhiyUQc,0.0494969538513624,0.1208816312664585,0.0967786248554946,0.072806022950557,0.0291463816618164,0.0053464776577437,0.0268328732099981,0.0109798119918737,0.0246992587730312,0.0860103417309561,0.0674354795648336,0.1970861557775617,0.1574159197217483,0.0064958880590576,0.0313472830392022,0.0172408958883041,19,12,13,Roof and attic ventilation and airflow,0.1970861557775617,0.1574159197217483,0.0396702360558134,11.081248681326752,diy_renovator_homeowner,how_to_installation_demo,2023-04-18 02:07:21+00:00,2023,0.3833333333333333,707347,3112,115,4.3995379919615125,0.1625793281091175,593.4119127516778,0.0964765100671141
LZSdQjGvL9k,0.0304388893462705,0.0457559533837746,0.0871209403902586,0.0170452779711345,0.0022380727159122,0.0481713473392872,0.0165999314777907,0.031107586792019,0.0221704782627965,0.0036195877523595,0.015790443575245,0.4962012681935158,0.066563707746207,0.0115078759609616,0.077445027612751,0.0282236114797154,5,12,3,Roof and attic ventilation and airflow,0.4962012681935158,0.0871209403902586,0.4090803278032572,6.778559661763783,training_educational,problem_warning_mistakes,2023-06-20 23:00:09+00:00,2023,3.533333333333333,10659,126,6,11.82099634112018,0.5629045876723895,9.441098317094774,0.0053144375553587
Lc2D5U4DJew,0.0781679879507245,0.0197047838640754,0.0594147877026241,0.0406645274262026,0.004557768185527,0.0561189916114924,0.0357302345892971,0.0123816704616167,0.0434147259231623,0.0263727910461081,0.0179744052197091,0.3016879344718039,0.1503786347684108,0.0103568787269873,0.0863304017745595,0.0567434762776984,179,12,13,Roof and attic ventilation and airflow,0.3016879344718039,0.1503786347684108,0.151309299703393,10.039906374868146,installer_tradesperson,problem_warning_mistakes,2024-02-04 16:34:44+00:00,2024,7.566666666666666,407639,2861,537,7.018464867198674,1.3173420600089785,452.9322222222222,0.5966666666666667
Lh8aCduBcqo,0.0831756845109402,0.0297284687471765,0.002043882770406,0.1971221488358814,0.0138935294547083,0.0028908291276267,0.0267668447687642,0.0197836616209188,0.0338059682901419,0.009161570581812,0.0097048180269131,0.0297416606113135,0.3668471995894842,0.0,0.1682589169679646,0.0070748160959478,2,13,4,"Wall, cavity and floor insulation",0.3668471995894842,0.1971221488358814,0.1697250507536027,6.717909218108981,training_educational,problem_warning_mistakes,2025-07-22 11:00:44+00:00,2025,3.45,937,10,3,10.672358591248669,3.2017075773746,2.560109289617486,0.0081967213114754
Li7CgRYpf5o,0.0,0.0,0.2850136437168599,0.004239330567904,0.0,0.0269922323748259,0.0,0.0,0.0339257590146216,0.0,0.0,0.0,0.0,0.3658907937271352,0.0,0.2839382405986533,3,14,3,Thermostat wiring and smart heating controls,0.3658907937271352,0.2850136437168599,0.0808771500102752,3.738031743390619,installer_tradesperson,how_to_installation_demo,2025-03-09 21:14:55+00:00,2025,2.8,9191,80,13,8.704167120008705,1.4144271570014144,18.345309381237524,0.0259481037924151
LiPPnHF2pFY,0.1247577247585576,0.0073118102682405,0.4119746949275798,0.008309762425074,0.0003549969043331,0.0017136050157017,0.1900371240335688,0.0005633281727133,0.0069123655630218,0.103875450134461,0.0040630181350445,0.0,0.0886399891632686,0.0054819711568029,0.0018758981382663,0.0441282612033655,14,3,7,Clarification and specification questions,0.4119746949275798,0.1900371240335688,0.221937570894011,5.579452957002696,installer_tradesperson,how_to_installation_demo,2022-10-05 19:26:30+00:00,2022,0.4,300932,3658,63,12.155570029109567,0.2093496205122751,216.9661139149243,0.0454217736121124
LkCtjVxpO-c,0.1550226568807857,0.005253185560603,0.2128324245009353,0.0010925002081755,0.0006663199621547,0.0370718117202586,0.044778798956471,0.1027610836810098,0.1549817626571492,0.1156168570716711,0.0068236604098585,0.0026099152034442,0.0,0.0641909727929797,0.0033650642732255,0.0929329861212777,4,3,1,Clarification and specification questions,0.2128324245009353,0.1550226568807857,0.0578097676201495,8.648750909521864,installer_tradesperson,how_to_installation_demo,2025-11-05 16:29:59+00:00,2025,6.3,19983,304,40,15.212930991342642,2.001701446229295,76.8576923076923,0.1538461538461538
LktNz_AXslE,0.1823202895310578,0.0,0.0,0.0,0.0,0.1499244335962401,0.0337796336695912,0.0,0.1320097488466614,0.0301037618385951,0.0,0.4320208718938931,0.0241333907827212,0.0044233056387073,0.0,0.0112845642025325,1,12,1,Roof and attic ventilation and airflow,0.4320208718938931,0.1823202895310578,0.2497005823628353,4.998087590890063,builder_contractor,how_to_installation_demo,2025-10-28 13:46:03+00:00,2025,3.0166666666666666,1323,4,2,3.0234315948601664,1.5117157974300832,4.936567164179104,0.0074626865671641
LyZ2M3MJqGA,0.0664952567041745,0.0814826140839748,0.2187489473989508,0.0963400716909973,0.0013269504316205,0.0160410968673693,0.0107076703285778,0.0090979875416299,0.0632560854880138,0.0679332061070219,0.0088433179421531,0.0390839485038977,0.1731516598244042,0.0192250945412866,0.0633116431673185,0.0649544493786087,14,3,13,Clarification and specification questions,0.2187489473989508,0.1731516598244042,0.0455972875745466,10.661121376549534,builder_contractor,how_to_installation_demo,2023-02-02 16:20:23+00:00,2023,0.9833333333333332,186168,2511,42,13.487817455201752,0.2256026814490138,146.93606945540648,0.0331491712707182
LzIbIpMx5SA,0.0525952846124534,0.0,0.0594512395313553,0.0,0.0235119270504402,0.0972639008855202,0.0009260693048735,0.1181119577266622,0.1600961154548818,0.0027931927189237,0.0637661753576818,0.0,0.0250934062168611,0.3962426359032328,0.0001480952371137,0.0,2,14,9,Thermostat wiring and smart heating controls,0.3962426359032328,0.1600961154548818,0.236146520448351,6.310014240009192,installer_tradesperson,how_to_installation_demo,2019-06-21 20:30:08+00:00,2019,0.3,32189,154,6,4.784243064400883,0.1863990804312032,12.432985708767864,0.0023174971031286
M14wFSDbOCs,0.0760883709683657,0.0,0.1960113197617689,0.002742327113417,0.0182227213416296,0.0045905854542117,0.0,0.0897349294082843,0.0,0.4102280807018051,0.0212674903965066,0.0358455768784073,0.1136299271298226,0.0013496697495502,0.0139848988604178,0.0163041022358129,5,10,3,"Implementation follow-up, outcomes and retrospective questions",0.4102280807018051,0.1960113197617689,0.2142167609400362,6.020855293841276,diy_renovator_homeowner,how_to_installation_demo,2023-12-15 22:35:03+00:00,2023,0.35,37586,240,19,6.385356249667429,0.5055073697653382,39.52260778128286,0.0199789695057833
M1KzqaOgtss,0.0661596727632481,0.0115987622659682,0.0533069390452354,0.022947135998529,0.0342023553377063,0.1292695991371438,0.0273325363227809,0.0129144736702978,0.0675698515833028,0.023205195133655,0.0159750592921573,0.0719107010832573,0.1869983735491131,0.0199218345448467,0.1417700238132237,0.1149174864595337,62,13,15,"Wall, cavity and floor insulation",0.1869983735491131,0.1417700238132237,0.0452283497358893,11.595765866625172,installer_tradesperson,how_to_installation_demo,2023-08-14 13:43:35+00:00,2023,15.583333333333334,95922,1036,169,10.80044202581264,1.7618481683034133,89.31284916201118,0.1573556797020484
M5tyd3ayt80,0.1186905090674977,0.011881743262982,0.058733527323595,0.0348561718580743,0.0181996346255481,0.0931744634847786,0.0323914171021389,0.0159016671792912,0.0295633076480957,0.0121895045284882,0.0201690173044411,0.2344604708693461,0.1323066515067842,0.0105159637285571,0.1198836071902011,0.05708234332018,229,12,13,Roof and attic ventilation and airflow,0.2344604708693461,0.1323066515067842,0.1021538193625618,10.697296657500107,training_educational,practical_advice_explainer,2021-02-03 18:55:10+00:00,2021,27.98333333333333,323017,4419,556,13.680394530318836,1.7212716358581746,161.8321643286573,0.2785571142284569
M6LNHyVoXWc,0.1563214585952469,0.0022530080481492,0.0208762534309638,0.0499367647248744,0.0253430848412673,0.1955225770262625,0.0362359472261068,0.0801869323500734,0.0780913999776383,0.091097386650191,0.0259207090340985,0.0187408332353381,0.0157926189597653,0.1761590304087588,0.0042895405542454,0.0232324549370195,19,6,14,"Praise, gratitude and social endorsement",0.1955225770262625,0.1761590304087588,0.0193635466175036,10.359018756954065,installer_tradesperson,how_to_installation_demo,2025-04-15 18:53:41+00:00,2025,3.0,106455,2546,132,23.91620872669203,1.2399605467098775,229.42887931034485,0.2844827586206896
MDb9hLPQ8eE,0.3358584919347812,0.0453483117823395,0.1515151491533188,0.011633189002032,0.0,0.0287060964408052,0.1287367040176924,0.054995772280152,0.0811844773267734,0.0247632178978034,0.0096931396573486,0.0254240849239183,0.0093102085117597,0.0034951526962079,0.0298850355279866,0.0594509688470805,12,1,3,Situated household retrofit experience and building context,0.3358584919347812,0.1515151491533188,0.1843433427814623,8.495785972800851,installer_tradesperson,how_to_installation_demo,2023-01-17 08:16:28+00:00,2023,0.2166666666666666,588961,2280,92,3.871224070863775,0.1562072870699418,459.049883086516,0.0717069368667186
MQmy2PkmlCE,0.126510455017576,0.0066098931176385,0.1704134638318447,0.0834741249069593,0.0075619579825592,0.0178110542268977,0.0538691792756499,0.1527720535669207,0.0698348126501195,0.0392183091427546,0.0289953727748003,0.1247018822941022,0.015294294139214,0.0053013159518228,0.0170987840297432,0.0805330470913966,76,3,8,Clarification and specification questions,0.1704134638318447,0.1527720535669207,0.0176414102649239,10.978553778662167,installer_tradesperson,how_to_installation_demo,2023-06-02 00:28:11+00:00,2023,0.9833333333333332,7225462,58410,522,8.083912142919027,0.0722445152988141,6299.443766346993,0.4551002615518744
MSYMzF7R340,0.0339118877910572,0.0,0.1563594491337082,0.3052484381775703,0.0030736700918872,0.0,0.0,0.0,0.299157349387206,0.0,0.0034871100961777,0.0015414149426908,0.1920697309778049,0.0051509494018975,0.0,0.0,3,4,9,"Implementation, cost and how-to questions",0.3052484381775703,0.299157349387206,0.0060910887903642,4.570673835978536,diy_renovator_homeowner,how_to_installation_demo,2025-01-31 10:28:20+00:00,2025,0.3833333333333333,8061,17,31,2.1089194888971594,3.8456767150477607,14.983271375464684,0.0576208178438661
MSkP5jaxvt4,0.0491230029065021,0.0,0.0,0.0,0.0007482805675268,0.6454199952683718,0.0,0.2423501453968693,0.0,0.0187235458421775,0.0,0.0,0.0,0.0356900609301479,0.0,0.0079449690884045,1,6,8,"Praise, gratitude and social endorsement",0.6454199952683718,0.2423501453968693,0.4030698498715025,2.749345105962308,installer_tradesperson,practical_advice_explainer,2022-12-29 21:00:11+00:00,2022,3.15,7242,49,2,6.766086716376692,0.276166804750069,5.56221198156682,0.0015360983102918
MUGaC890lJ8,0.133886579781457,0.0015115041258023,0.0232161087470363,0.097304080016068,0.2809950705855534,0.1254978144275052,0.0325889512831046,0.0322307922492514,0.0478123009719903,0.0572742237630563,0.0458250276069036,0.0173021907507548,0.0303746895466406,0.0239860606925712,0.0088217373568444,0.04137286809546,22,5,1,Heat pumps and heating systems,0.2809950705855534,0.133886579781457,0.1471084908040964,10.19920872224418,installer_tradesperson,how_to_installation_demo,2024-02-29 23:01:01+00:00,2024,13.3,50525,1070,111,21.177634834240475,2.1969322117763483,57.74285714285714,0.1268571428571428
MWQWEHA4vjc,0.0388453254989485,0.0029067271101308,0.0810181246586912,0.0,0.0295560309969922,0.068175170640983,0.0295445590327263,0.0361099081229406,0.1030833145805708,0.0513757564611931,0.0071156674049103,0.0166593618484044,0.0098843185017461,0.3740240755557519,0.0133834481870184,0.1383182113989919,9,14,16,Thermostat wiring and smart heating controls,0.3740240755557519,0.1383182113989919,0.23570586415676,8.108225184127841,installer_tradesperson,how_to_installation_demo,2024-03-09 14:15:01+00:00,2024,2.25,130741,1022,44,7.816981666042023,0.3365432419822397,150.97113163972287,0.0508083140877598
Mt-ZkjoBdVM,0.0759074379807386,0.004724547048925,0.0789287687783073,0.2662808223583242,0.0203838537299244,0.0670612298244514,0.0455970423694053,0.0416065304624175,0.0518115312886597,0.0711233383520624,0.0568817731115028,0.0356977432464984,0.049650252515283,0.0566230406496216,0.0176229942313537,0.0600990940525239,35,4,3,"Implementation, cost and how-to questions",0.2662808223583242,0.0789287687783073,0.1873520535800168,11.9730163635431,diy_renovator_homeowner,how_to_installation_demo,2022-07-09 14:00:20+00:00,2022,8.966666666666667,228968,3895,135,17.011110722895776,0.5896020404598022,155.23254237288137,0.0915254237288135
Mvvkmfux0_M,0.1406992122808477,0.0009371867599888,0.0080417740935997,0.0022870640963378,0.1262307989224944,0.007348398873146,0.1654305098164231,0.076289116551065,0.174263470520643,0.0,0.0007218574146382,0.0059942329305323,0.00555066803498,0.2772512524778076,0.0045139284880229,0.004440528739473,5,14,9,Thermostat wiring and smart heating controls,0.2772512524778076,0.174263470520643,0.1029877819571645,6.684286354315305,installer_tradesperson,how_to_installation_demo,2025-04-09 17:30:04+00:00,2025,8.933333333333334,14435,54,16,3.7409075164530656,1.1084170419120194,30.71276595744681,0.0340425531914893
MwDCWACcfVA,0.1735080830629309,0.0063655025008823,0.0314767660082066,0.1040305669106605,0.0726428030619109,0.0461483400155546,0.0578831180185184,0.1608930183391804,0.0976562654856965,0.0136136136629415,0.0234723862203129,0.0779915841586332,0.0076227937517243,0.0346581583212552,0.0089259494389219,0.0831110510426692,71,1,8,Situated household retrofit experience and building context,0.1735080830629309,0.1608930183391804,0.0126150647237504,11.55331389030255,builder_contractor,how_to_installation_demo,2025-08-13 11:00:40+00:00,2025,0.7833333333333333,71549,889,140,12.425051363401304,1.9567010021104416,207.99127906976744,0.4069767441860465
Mx9X6maasbY,0.207533613479173,0.0042367764005579,0.0258320536103997,0.0825858260474805,0.0601501444265507,0.0704327177924977,0.0314732698526455,0.0168836581758434,0.0943953746747328,0.0215743009149219,0.0207891967450243,0.2760726807689866,0.0175977422574192,0.0160994870306636,0.0047744617821454,0.049568696040957,47,12,1,Roof and attic ventilation and airflow,0.2760726807689866,0.207533613479173,0.0685390672898135,9.36544556200234,installer_tradesperson,problem_warning_mistakes,2022-10-20 11:52:43+00:00,2022,6.8,102883,628,171,6.10402107248039,1.6620821710097875,74.98760932944606,0.1246355685131195
MzSCf_LkyNw,0.1136775710593876,0.0364113205963713,0.0653276719512083,0.0315542445536218,0.009707453216458,0.0175660349007445,0.0812851174832267,0.0143090213376433,0.0397630359287996,0.0440243505694768,0.0347008247337279,0.1587913366746031,0.2719746141674274,0.01061392942458,0.0388722180602811,0.0314212553424418,184,13,12,"Wall, cavity and floor insulation",0.2719746141674274,0.1587913366746031,0.1131832774928242,10.461939516401952,installer_tradesperson,how_to_installation_demo,2025-07-07 23:09:39+00:00,2025,0.15,20218095,40962,702,2.0260069012436634,0.0347213721174027,53065.86614173228,1.84251968503937
N11syq45m_8,0.1851699732119631,0.0044099561449804,0.0057730040628722,0.0,0.0147859823192745,0.0240720719766905,0.0,0.0293007855824027,0.0019087237707475,0.0044577401725573,0.0027809950427556,0.5206060689744987,0.1136884768658656,0.0633412982234533,0.0283250943709108,0.0013798292810271,2,12,1,Roof and attic ventilation and airflow,0.5206060689744987,0.1851699732119631,0.3354360957625356,4.691246814996453,builder_contractor,how_to_installation_demo,2024-07-04 20:14:23+00:00,2024,0.3666666666666666,28492,94,2,3.299171697318545,0.0701951424961392,38.040053404539385,0.0026702269692923
NHgE0lyJNmE,0.0570453124384879,0.0019407409486254,0.0957960906735051,0.0384025596821718,0.0,0.048391118812231,0.0714961420021551,0.0119460233220404,0.022307731934861,0.0243475217265737,0.0187437404881956,0.1977607158647272,0.1241718123925023,0.0022714950686206,0.1936428619620489,0.0917361326832534,7,12,15,Roof and attic ventilation and airflow,0.1977607158647272,0.1936428619620489,0.0041178539026782,9.91129475237813,builder_contractor,problem_warning_mistakes,2024-08-14 05:15:01+00:00,2024,0.5333333333333333,23318,129,38,5.532206878806073,1.6296423363924866,32.93502824858757,0.0536723163841807
NI1LN6eb94s,0.0925116894294384,0.0060091942395406,0.0010146906099011,0.0059310993814119,0.315965252796918,0.0125024679758641,0.2225858261660619,0.0102776776720359,0.0,0.0092080957751415,0.0062156767314588,0.2007173362921269,0.0165691303932949,0.0262765173815995,0.0,0.0742153451552056,3,5,7,Heat pumps and heating systems,0.315965252796918,0.2225858261660619,0.0933794266308561,6.310961990834551,diy_renovator_homeowner,how_to_installation_demo,2025-08-04 12:28:26+00:00,2025,2.7333333333333334,4320,42,4,9.722222222222223,0.925925925925926,12.237960339943342,0.0113314447592068
NOi8oDemN88,0.0002929312259931,0.0139143748287097,0.004273983176631,0.306744771301264,0.0713234759085595,0.0,0.0219948644993753,0.0469823309528987,0.0,0.0020985026836353,0.0,0.0,0.0,0.4779920966466739,0.0322576500851966,0.0221250186910622,1,14,4,Thermostat wiring and smart heating controls,0.4779920966466739,0.306744771301264,0.1712473253454098,4.155765547545311,installer_tradesperson,how_to_installation_demo,2024-01-07 00:29:45+00:00,2024,0.85,38458,310,8,8.060741588226117,0.208019137760674,41.44181034482759,0.0086206896551724
NPTN70IhpCU,0.4302169121236565,0.089793857728312,0.0348338112239581,0.0017101498885411,0.0,0.1386523416748211,0.0,0.0,0.0,0.0,0.0688035475869803,0.1167900072934349,0.063766264981291,0.0,0.0554331074990046,0.0,1,1,6,Situated household retrofit experience and building context,0.4302169121236565,0.1386523416748211,0.2915645704488353,5.7655002377904285,installer_tradesperson,problem_warning_mistakes,2024-02-06 20:50:03+00:00,2024,0.5333333333333333,7190,35,2,4.867872044506258,0.2781641168289291,8.006681514476615,0.0022271714922048
NQMvw_CcWm4,0.0248015675252644,0.0066416705986938,0.042400884714143,0.0185021086204641,0.0671885242961747,0.0900222401300014,0.0088099801556276,0.0188495275008777,0.0560086169867262,0.0643574712161402,0.1048068222310363,0.0045401997345335,0.0286018092544079,0.4124021884629047,0.0137400222701072,0.0383263663028966,13,14,11,Thermostat wiring and smart heating controls,0.4124021884629047,0.1048068222310363,0.3075953662318684,8.1440323568904,installer_tradesperson,how_to_installation_demo,2020-03-28 11:28:37+00:00,2020,7.083333333333333,66579,160,57,2.40316015560462,0.856125805434146,28.847053726169843,0.0246967071057192
NUAbZcyyRT8,0.2130727145770043,0.0066079685337991,0.0077348709950372,0.0019398749496213,0.0982542699423027,0.0773471311234853,0.0390373527432072,0.0203277404759774,0.0419607154529385,0.0121654590290027,0.031883656409704,0.0720172830320543,0.0082269904158608,0.3095726532005401,0.025863359853079,0.0339879592663855,14,14,1,Thermostat wiring and smart heating controls,0.3095726532005401,0.2130727145770043,0.0964999386235358,8.516789504404924,installer_tradesperson,how_to_installation_demo,2024-01-29 18:12:12+00:00,2024,6.433333333333334,12767,118,31,9.242578522753975,2.4281350356387565,14.091611479028698,0.0342163355408388
NY9bim5h_WA,0.0496840897652512,0.0056380084835157,0.0746954110604448,0.0003939684265518,0.1140678228871972,0.0208722572693148,0.0462759949427036,0.0682551932351975,0.2488411622231209,0.0764213095883628,0.0014520437726474,0.0094719712436913,0.0033199650476954,0.1958417498674918,0.0194826952982672,0.0652863568885458,9,9,14,Performance checking and troubleshooting,0.2488411622231209,0.1958417498674918,0.0529994123556291,9.19334542993887,diy_renovator_homeowner,how_to_installation_demo,2024-12-19 14:15:09+00:00,2024,27.58333333333333,11686,98,41,8.386103029265788,3.5084716755091563,20.11359724612737,0.0705679862306368
NZNyK7W8yKI,0.2127265787014832,0.0200723449866822,0.1800869289487657,0.0439948020065382,0.0121073804014779,0.0846523879482435,0.0699389546457304,0.0275400484286581,0.0819514183409265,0.0328822485752706,0.0261425608458708,0.0396633557806752,0.0440578189334163,0.0117866544173059,0.0404089329359364,0.0719875841030184,93,1,3,Situated household retrofit experience and building context,0.2127265787014832,0.1800869289487657,0.0326396497527174,11.59812010657203,builder_contractor,how_to_installation_demo,2024-12-20 21:00:23+00:00,2024,1.0,886888,16160,418,18.22101550590379,0.4713109208829074,1529.1172413793104,0.7206896551724138
NZs0Pdk81M0,0.065449474579387,0.0069230668722582,0.1605343957008375,0.0473368212758984,0.0186988077903676,0.1582114497531097,0.0291995465716961,0.0064831030296826,0.030921150933485,0.0097430765987522,0.0977660148166344,0.0139352669864778,0.2748208414469617,0.0049282476626728,0.0185036018353984,0.05654513414638,9,13,3,"Wall, cavity and floor insulation",0.2748208414469617,0.1605343957008375,0.1142864457461242,9.11388979555026,diy_renovator_homeowner,how_to_installation_demo,2019-08-15 10:39:38+00:00,2019,3.4166666666666665,21903,157,38,7.167967858284253,1.7349221567821758,8.643646408839778,0.0149960536700868
NiQLk93noEs,0.0617861176856831,0.1248610211205261,0.001632267515802,0.0547260984346347,0.0,0.0840816043156249,0.1019637057237155,0.0,0.201137421137577,0.0250443072372415,0.0075951353424389,0.0,0.1267673275247722,0.0,0.0730516212100645,0.137353372751919,7,9,16,Performance checking and troubleshooting,0.201137421137577,0.137353372751919,0.0637840483856579,9.206276557426571,builder_contractor,practical_advice_explainer,2025-05-04 21:31:18+00:00,2025,0.5833333333333334,199865,896,22,4.483026042578741,0.110074300152603,449.13483146067415,0.049438202247191
NnTpTE9r0sM,0.1069068947701284,0.0036077801292093,0.1251375232683561,0.0686438461769365,0.1705258188422962,0.0939440768551327,0.0188136294920903,0.0849614572601624,0.0650071408171522,0.0223093317921633,0.0083835216261351,0.0594375235286505,0.0381903361407732,0.0313665854711091,0.0186626506538947,0.0841018831758094,65,5,3,Heat pumps and heating systems,0.1705258188422962,0.1251375232683561,0.04538829557394,12.152255926657954,training_educational,practical_advice_explainer,2022-01-24 14:38:42+00:00,2022,7.0,175677,2820,228,16.05218668351577,1.2978363701565945,107.054844606947,0.1389396709323583
NoEnHZ8OyCM,0.262047896842694,0.0070675406114324,0.0453540364965585,0.0621497701320864,0.0712007309725096,0.038335543474622,0.0998762650115999,0.0168806680939065,0.1556737766641286,0.0251607827106924,0.0459495416501538,0.0435359368186526,0.0115293636034254,0.0445825341116589,0.0243766680872451,0.0462789447186331,18,1,9,Situated household retrofit experience and building context,0.262047896842694,0.1556737766641286,0.1063741201785654,10.958576903565811,installer_tradesperson,problem_warning_mistakes,2023-10-30 14:13:46+00:00,2023,0.15,480858,1588,118,3.302430239280619,0.2453946903243785,482.3049147442327,0.1183550651955867
Nqk9fg1dNzg,0.0585808223882506,0.0282499865757087,0.0521306481544964,0.0006489679481393,0.0096328961749004,0.1109867070187075,0.095431246538792,0.0639584724330247,0.0042049115795935,0.0667706974396393,0.0060556599376143,0.2504742367138601,0.103447689527802,0.021842520786536,0.0843509334518867,0.0432336033310477,7,12,6,Roof and attic ventilation and airflow,0.2504742367138601,0.1109867070187075,0.1394875296951526,10.575021643867068,diy_renovator_homeowner,how_to_installation_demo,2025-11-30 20:57:21+00:00,2025,3.8,34981,262,45,7.489780166376033,1.2864126239958833,148.85531914893616,0.1914893617021276
Ns0leU63MRc,0.0656604603780894,0.0004201626686007,0.0930529916614652,0.0552617905116131,0.1329323838866898,0.0004621553704287,0.0899278751194096,0.012265670298146,0.1578457859009787,0.1083903722811811,0.1268145171642947,0.051821639455537,0.0,0.0075076332840684,0.0111478044867542,0.0864887575327427,10,9,5,Performance checking and troubleshooting,0.1578457859009787,0.1329323838866898,0.0249134020142889,10.501505455589808,installer_tradesperson,how_to_installation_demo,2025-06-23 05:51:13+00:00,2025,0.35,263990,0,54,0.0,0.2045532027728323,668.3291139240506,0.1367088607594936
NsYxpQZuSdc,0.0337906578717648,0.0074435910638799,0.0004654921855795,0.1012677289245389,0.0,0.0,0.1640538481082195,0.0461062932545476,0.0091162324169151,0.0089107439311089,0.0018509275123478,0.0854537084611993,0.4932260728223531,0.0008212003017301,0.0172237154618981,0.0302697876839169,6,13,7,"Wall, cavity and floor insulation",0.4932260728223531,0.1640538481082195,0.3291722247141336,5.268856349277974,builder_contractor,problem_warning_mistakes,2021-01-10 17:57:07+00:00,2021,0.4666666666666667,5725,13,16,2.2707423580786026,2.7947598253275108,2.834158415841584,0.0079207920792079
Nt_FAw8aFkA,0.3159325131810477,0.0176816340995984,0.0451925229714679,0.1327535278469714,0.0110780841592047,0.0723098901240718,0.0168901437996904,0.011455621653444,0.0662393654177243,0.0567576386290006,0.0998046343058976,0.0505598799211777,0.0052666173162253,0.017825013978328,0.0079356290415671,0.0723172835545823,10,1,4,Situated household retrofit experience and building context,0.3159325131810477,0.1327535278469714,0.1831789853340762,9.531871053042828,installer_tradesperson,how_to_installation_demo,2023-04-04 14:19:29+00:00,2023,0.6,146129,644,30,4.4070649905220725,0.2052980585646928,121.16832504145935,0.0248756218905472
NuBYWUFiuww,0.2061042039148589,0.0713408274459885,0.166072323146874,0.0188934654459674,0.0062682510561827,0.0958726367697926,0.0473638032110827,0.033616586170951,0.0993366495311428,0.0120214428776551,0.0789732485448977,0.0328433266672078,0.0318722356229866,0.0233713538793292,0.0250237777395483,0.0510258679755338,17,1,3,Situated household retrofit experience and building context,0.2061042039148589,0.166072323146874,0.0400318807679849,11.462294619229205,installer_tradesperson,how_to_installation_demo,2024-01-01 16:56:54+00:00,2024,2.283333333333333,307244,953,71,3.1017692778378096,0.2310866933121558,328.95503211991434,0.076017130620985
O26T3tVKMSU,0.1336632908999251,0.003895359764152,0.0333725505486381,0.0326013729028159,0.0735132657445751,0.0865755969467613,0.075003122120437,0.065454727192813,0.0906917375628926,0.1189027233033667,0.0494057564619731,0.0400742256824065,0.0081385291174403,0.1080617268268487,0.0169592551819004,0.0636867597430536,18,1,10,Situated household retrofit experience and building context,0.1336632908999251,0.1189027233033667,0.0147605675965584,12.996031107245328,installer_tradesperson,how_to_installation_demo,2025-10-01 16:57:37+00:00,2025,38.68333333333333,17321,338,59,19.513884879625888,3.406269845851856,58.715254237288136,0.2
O2xQjzYs5M4,0.1330955241667961,0.031239388716159,0.0580974712529082,0.0419143844771375,0.023983000960672,0.0756230188636423,0.0404347531869087,0.0187326071531881,0.0454114218771845,0.0576128028308529,0.0138071566645398,0.0815929570838635,0.219775885345737,0.0133430206637484,0.0389287108250002,0.1064078959316611,110,13,1,"Wall, cavity and floor insulation",0.219775885345737,0.1330955241667961,0.0866803611789409,12.03385964665194,builder_contractor,how_to_installation_demo,2025-06-06 14:27:03+00:00,2025,16.533333333333335,253132,3471,305,13.712213390642036,1.20490495077667,614.3980582524272,0.7402912621359223
OAok8omYqSY,0.1112247908516036,0.0021194245602776,0.0360725029647504,0.0267704087043583,0.4165438899643647,0.0332438455440688,0.031892837364152,0.1084739154532107,0.0474945097932258,0.0198153735768435,0.0218299323972992,0.0439783202557979,0.0067480915939204,0.0333157750020493,0.0062098452233485,0.0542665367507287,132,5,1,Heat pumps and heating systems,0.4165438899643647,0.1112247908516036,0.305319099112761,8.027795277995606,diy_renovator_homeowner,practical_advice_explainer,2025-01-13 20:00:57+00:00,2025,14.0,167527,2843,386,16.97039880138724,2.3041062037761075,301.3075539568345,0.6942446043165468
OExPjnpNF58,0.0183669309759154,0.0064421570675031,0.0926514863481523,0.0,0.0,0.0247838343591933,0.0667089960480569,0.0126217586333489,0.0433141318569013,0.0988202133492813,0.0,0.0,0.0,0.6157802608525695,0.0150674272296235,0.0054428032794541,7,14,10,Thermostat wiring and smart heating controls,0.6157802608525695,0.0988202133492813,0.5169600475032882,4.090259336804389,installer_tradesperson,how_to_installation_demo,2023-08-19 16:49:37+00:00,2023,0.7166666666666667,97600,735,44,7.530737704918033,0.4508196721311475,91.30028063610852,0.0411599625818522
OKAGYvqbVQs,0.5192414594954761,0.4246417394405501,0.0017003043002592,0.0001710165063057,0.0130389548711224,0.0,0.0,0.0,0.0,0.0,0.0013027207676995,0.0002117942549531,0.0366024749622693,0.0,0.0,0.0030895354013643,2,1,2,Situated household retrofit experience and building context,0.5192414594954761,0.4246417394405501,0.0945997200549259,2.5150601635158902,training_educational,practical_advice_explainer,2021-04-28 16:04:21+00:00,2021,2.3666666666666667,731,10,3,13.679890560875512,4.1039671682626535,0.3823221757322175,0.0015690376569037
OKuaURXqQ0E,0.1624153762352563,0.1580189600892967,0.109007493328615,0.0003120056605869,0.0455835260211464,0.0979172939714199,0.1945805303371878,0.0056458054874447,0.029110839437659,0.0078983597243121,0.0044613378119344,0.07380975815817,0.0404412285786594,0.0239920102038094,0.0102989655898477,0.0365065093646537,11,7,1,"Alternative methods, challenges and ""why"" questions",0.1945805303371878,0.1624153762352563,0.0321651541019315,9.89278811297207,builder_contractor,how_to_installation_demo,2024-12-26 19:24:36+00:00,2024,2.45,31382,361,49,11.503409597858646,1.5614046268561597,54.67247386759582,0.0853658536585365
OWALq8C5Wkg,0.0425307434590144,0.0251382577069632,0.3547675802486251,0.2580907819080963,0.0022768393085367,0.0491887630834433,0.0355160666413931,0.0434246645319977,0.0056589034234412,0.1221834142142035,0.0104427249244499,0.0012983543252166,0.0,0.0451907448499904,0.0,0.004292161374628,7,3,4,Clarification and specification questions,0.3547675802486251,0.2580907819080963,0.0966767983405287,6.466422014096354,installer_tradesperson,how_to_installation_demo,2024-03-19 19:39:58+00:00,2024,0.4333333333333333,76293,672,23,8.808147536471235,0.3014693353256524,89.12733644859813,0.0268691588785046
OXzfYvz6Jig,0.0710111814700142,0.0011926831441496,0.1187491874200506,0.0492755440199856,0.0016941009434005,0.1132563978887971,0.0795558803511398,0.1041465627199302,0.1286967059544543,0.0139373366920983,0.0492772462429092,0.0122960658172774,0.0467538592405161,0.0836529347666958,0.0106227062586343,0.1158816070699462,10,9,3,Performance checking and troubleshooting,0.1286967059544543,0.1187491874200506,0.0099475185344037,11.778485457965065,installer_tradesperson,how_to_installation_demo,2023-05-19 20:45:00+00:00,2023,15.316666666666666,21524,238,32,11.057424270581675,1.4867125069689648,18.53919035314384,0.0275624461670973
OYbwRFVPZ1A,0.0,0.0,0.0,0.0,0.0,0.0,0.0,0.0,0.0,0.0,0.87117965043042,0.1014961866071101,0.0232354832503496,0.0,0.0040886797121202,0.0,1,11,12,"Product sourcing, access and location questions",0.87117965043042,0.1014961866071101,0.7696834638233099,1.5876224224575763,builder_contractor,how_to_installation_demo,2024-03-01 19:30:01+00:00,2024,0.2166666666666666,5139,17,1,3.3080365829928,0.1945903872348706,5.879862700228833,0.0011441647597254
OZvrTuhJhXs,0.0438445999660679,0.0025662272473371,0.095496211978572,0.088076391048956,0.0041688831130826,0.1302562629936061,0.0126421528795603,0.403668414235112,0.0283688625011135,0.0188399039737168,0.0158585610259837,0.011203725827848,0.0038844038995397,0.0531125307162648,0.0054499178002446,0.0825629507929941,151,8,6,"Solar PV, batteries and power systems",0.403668414235112,0.1302562629936061,0.273412151241506,7.420219781739778,training_educational,how_to_installation_demo,2023-03-17 13:15:04+00:00,2023,12.6,902406,31472,1182,34.8756546388211,1.309831716544438,737.2598039215686,0.965686274509804
OeXMqUFCHPs,0.0999298918031366,0.0,0.0121624452755205,0.0009356331831795,0.0647101289343526,0.0,0.0,0.8222619008038107,0.0,0.0,0.0,0.0,0.0,0.0,0.0,0.0,1,8,1,"Solar PV, batteries and power systems",0.8222619008038107,0.0999298918031366,0.722332009000674,1.874610867107947,installer_tradesperson,how_to_installation_demo,2023-07-13 09:00:12+00:00,2023,1.0,9728,59,1,6.0649671052631575,0.1027960526315789,8.795660036166366,0.0009041591320072
OemQjgUbXOw,0.0675084994921341,0.028260503431695,0.0936522838754637,0.0579389054148616,0.007689129616745,0.0770122766286231,0.0335826419151373,0.0332523206066416,0.0118966839100277,0.1095329548631446,0.0564489242332256,0.1112372578246092,0.2023880860590783,0.0245285705207325,0.0542586550862634,0.0308123065216165,33,13,12,"Wall, cavity and floor insulation",0.2023880860590783,0.1112372578246092,0.0911508282344691,12.338239590787342,training_educational,how_to_installation_demo,2025-10-06 01:40:14+00:00,2025,1.2833333333333334,63867,1356,149,21.23162196439476,2.332973209951932,220.23103448275864,0.5137931034482759
OhFT9YjYdrI,0.0994787297707826,0.0053044704790581,0.003248249408516,0.010794750351652,0.1650501127502117,0.2341115108168909,0.012871574364813,0.0259703037285972,0.0461737558137421,0.0176404991842407,0.0166723794261962,0.0091480965823299,0.0018019652768754,0.1723665490908085,0.0498657412325239,0.1295013117227609,7,6,14,"Praise, gratitude and social endorsement",0.2341115108168909,0.1723665490908085,0.0617449617260824,8.723723353508788,installer_tradesperson,how_to_installation_demo,2021-10-17 13:12:07+00:00,2021,8.5,9823,50,24,5.090094675760969,2.443245444365265,5.645402298850574,0.0137931034482758
Ou1CjwflZtM,0.1175462116765169,0.0503341345959168,0.0414701770156612,0.0434232895803579,0.0128387132274278,0.1120025821494208,0.0476212465505501,0.0192673637397211,0.0509211526362839,0.0423671157794852,0.0180440698126656,0.0551748613097475,0.2049235088437398,0.0101303706244949,0.0918036126780957,0.0821315897799142,321,13,1,"Wall, cavity and floor insulation",0.2049235088437398,0.1175462116765169,0.0873772971672229,12.258555601078978,diy_renovator_homeowner,how_to_installation_demo,2024-04-12 15:43:37+00:00,2024,19.633333333333333,757959,7998,739,10.552021943139405,0.9749867736909252,911.0084134615385,0.8882211538461539
OvagVsf1rTY,0.078466837718418,0.1831503790638991,0.0838393820146936,0.0539859248223105,0.0155482210230016,0.0346575838425211,0.0407408929381867,0.0093990364541368,0.0652659902113505,0.0244190186616487,0.0291078591270299,0.1027323263732124,0.1514112164023039,0.0100147493222006,0.04807075115836,0.0691898308667258,59,2,13,Spray foam and foam insulation,0.1831503790638991,0.1514112164023039,0.0317391626615952,12.178482378643714,diy_renovator_homeowner,project_walkthrough,2021-02-03 16:07:12+00:00,2021,7.683333333333334,314610,2518,150,8.003559963128954,0.4767807761991036,157.6202404809619,0.0751503006012024
Oz8WcD385cY,0.2591792554865461,0.0463048339113323,0.0376103434388656,0.0883998991521969,0.024861215166882,0.0348898466564625,0.1120817590822451,0.0272855979441804,0.0765653364007447,0.0670944681655494,0.0278570609405607,0.0478358127102386,0.029480833544596,0.0090859299050813,0.0422717162750138,0.0691960912195041,49,1,7,Situated household retrofit experience and building context,0.2591792554865461,0.1120817590822451,0.1470974964043009,11.8326005284752,diy_renovator_homeowner,problem_warning_mistakes,2025-12-05 22:00:28+00:00,2025,2.216666666666667,408403,8149,220,19.95333041138288,0.538683604185082,1775.6652173913044,0.9565217391304348
P3XU6cNezUY,0.0764773129214067,0.0115236949519705,0.2421408986834945,0.1858870000565929,0.0030844695589216,0.0,0.0,0.0374253206782146,0.0,0.0,0.0006837240369945,0.0377801728334012,0.1041403743274049,0.0437055697378083,0.0458104003933435,0.2113410618204462,3,3,16,Clarification and specification questions,0.2421408986834945,0.2113410618204462,0.0307998368630483,7.507287280244917,diy_renovator_homeowner,how_to_installation_demo,2023-04-01 00:00:09+00:00,2023,0.4833333333333333,50910,223,5,4.38027892359065,0.0982125319190728,42.10918114143921,0.0041356492969396
P6rA-E-HmQ0,0.0206861981259739,0.0011425896226882,0.1131527039565909,0.4393447409316641,0.0101896512671498,0.0009165270195735,0.0379194807478286,0.2572907603186593,0.0148960700599872,0.0035153505790352,2.1859787462734893e-05,0.014237419479871,0.0036102194677122,0.0726508469307041,0.0021365775022417,0.0082890042028569,12,4,8,"Implementation, cost and how-to questions",0.4393447409316641,0.2572907603186593,0.1820539806130048,5.100572378615128,installer_tradesperson,how_to_installation_demo,2022-08-26 10:01:18+00:00,2022,0.2,383250,1955,88,5.101108936725376,0.2296151337247227,268.5704274702172,0.0616678346180798
P87qeSIxKT0,0.0495695348631078,0.0,0.1945883158679159,0.0507327635029639,0.0006456128820208,0.0831540257374144,0.0,0.0381386744388868,0.0032826392175146,0.1070026587008252,0.3206589829390246,0.017832371420826,0.0008095093208257,0.0117194316669871,0.0986980715301565,0.0231674079115302,4,11,3,"Product sourcing, access and location questions",0.3206589829390246,0.1945883158679159,0.1260706670711086,7.560225825856036,builder_contractor,how_to_installation_demo,2025-02-16 08:25:12+00:00,2025,2.7,4099,30,6,7.318858258111734,1.463771651622347,7.852490421455939,0.0114942528735632
PBmovV-67YM,0.3710385573384629,0.0,0.14594745639837,0.0193479889223131,0.1299224786096575,0.1348182730515106,0.0,0.0989914521434526,0.0,0.0,0.0,0.0,0.0182860060332325,0.0,0.0,0.0816477875030006,1,1,3,Situated household retrofit experience and building context,0.3710385573384629,0.14594745639837,0.2250911009400928,5.853522059269923,installer_tradesperson,practical_advice_explainer,2019-09-09 20:32:16+00:00,2019,5.566666666666666,223,1,2,4.484304932735426,8.968609865470851,0.0888800318852132,0.000797130330809
PGe0QfEnWeU,0.1662183914050793,0.0017594914811542,0.0668965970861452,0.0167292000868321,0.0196615386058598,0.0487980107751538,0.1110082606163224,0.0029992297613516,0.0059967056980141,0.0042632775452964,0.0020908395738243,0.1452163008213596,0.0743424983411538,0.0,0.1710234816527216,0.1629961765497312,5,15,1,Vapour barriers and moisture control,0.1710234816527216,0.1662183914050793,0.0048050902476422,8.871337817811106,builder_contractor,problem_warning_mistakes,2024-12-02 23:30:14+00:00,2024,0.9333333333333332,6108,120,7,19.64636542239685,1.14603798297315,10.214046822742477,0.011705685618729
PHeTx5sGL3A,0.1218777610937675,0.0052392456455274,0.0756860308698794,0.053290435329319,0.0222059817838064,0.0432747849844597,0.0720727244149404,0.3293337917152162,0.047427051638703,0.0306311504562824,0.0293656896755373,0.0505719292769572,0.0074750083084526,0.0299274250570067,0.0080356099913852,0.0735853797587588,237,8,1,"Solar PV, batteries and power systems",0.3293337917152162,0.1218777610937675,0.2074560306214486,9.871832120238972,diy_renovator_homeowner,problem_warning_mistakes,2025-08-27 13:07:00+00:00,2025,15.116666666666667,1322963,19285,1087,14.5771272514802,0.8216405145117438,4008.978787878788,3.293939393939394
PKRqplUscbw,0.1282416349778417,0.0467819295122833,0.084360978996492,0.0769945447638012,0.0207886265144058,0.1371331221771212,0.0471179897078341,0.0221518812413619,0.0301147076975226,0.0858737909921119,0.0319057793299506,0.1022652752730516,0.1160185413266058,0.012622239121795,0.0139869499162988,0.0436420084515219,33,6,1,"Praise, gratitude and social endorsement",0.1371331221771212,0.1282416349778417,0.0088914871992795,12.869483443536348,diy_renovator_homeowner,how_to_installation_demo,2023-03-21 00:42:52+00:00,2023,8.083333333333334,129777,1296,93,9.986361219630597,0.7166138838160845,106.37459016393444,0.0762295081967213
PMIaIUw7nVA,0.1118067324727848,0.0622419435051833,0.0675176668554291,0.0526259071402687,0.0138303347837749,0.1155364688710798,0.0448372745645192,0.0367786181149821,0.0401894986285268,0.0782168046198173,0.0102007738521497,0.1186356392628602,0.1368754078896767,0.0334158052999888,0.0213901314113643,0.0559009927275934,82,13,12,"Wall, cavity and floor insulation",0.1368754078896767,0.1186356392628602,0.0182397686268164,13.215338857389028,diy_renovator_homeowner,how_to_installation_demo,2021-02-06 13:00:11+00:00,2021,26.65,299624,5025,247,16.77101967799642,0.824366539396043,150.3381836427496,0.1239337681886603
PN3P9sTF-gU,0.2437388313431125,0.0001558960843167,0.0287605830884713,0.0718294296121512,0.0889598545876305,0.0346949065091787,0.012778731958641,0.0745507535281522,0.0166019058781619,0.0103268083441694,0.1230757237399573,0.00412649382842,0.0110821298834581,0.2392599752974089,0.0330147829052272,0.0070431934115423,9,1,14,Situated household retrofit experience and building context,0.2437388313431125,0.2392599752974089,0.0044788560457036,8.611948598047162,installer_tradesperson,how_to_installation_demo,2023-10-30 22:43:10+00:00,2023,0.4833333333333333,112962,464,25,4.1075759990085166,0.221313362015545,113.30190571715146,0.025075225677031
PgrjjfKmdRc,0.1568161952748293,0.0029090132304667,0.0658936703269672,0.0911765396033149,0.0511887950338165,0.1469788798365534,0.0237869790638078,0.0348928766075757,0.0809560760001204,0.0411941232313391,0.0116886372580531,0.0141277749144841,0.0165953737079829,0.179129288026716,0.0154535809744591,0.0672121969095132,51,14,1,Thermostat wiring and smart heating controls,0.179129288026716,0.1568161952748293,0.0223130927518866,11.179980599345877,installer_tradesperson,how_to_installation_demo,2024-09-28 14:00:19+00:00,2024,15.0,83395,1739,183,20.85256909886684,2.194376161640386,125.7843137254902,0.2760180995475113
Phqi2QuYuvY,0.1505968618098683,0.0014423174317718,0.2006666125776791,0.0246770192268054,0.0315493125059396,0.0577896908284718,0.0805780989397952,0.038537979404476,0.1418865467128982,0.0167115848310121,0.0159584365632419,0.1082427004453331,0.0064474672950193,0.0203232236773802,0.0050774109379133,0.0995147368123938,7,3,1,Clarification and specification questions,0.2006666125776791,0.1505968618098683,0.0500697507678108,10.28503345415903,diy_renovator_homeowner,how_to_installation_demo,2024-08-28 17:34:41+00:00,2024,0.35,98554,494,41,5.0124804675609305,0.4160155853643688,142.00864553314122,0.0590778097982708
Pkfx7A3b-Ls,0.2550563801095757,0.0078116150373487,0.0209682733832133,0.1499874115052062,0.0931628554601373,0.0314607982813911,0.0503346787913182,0.0667133606134934,0.063348409290025,0.0497792259856382,0.0032841785956867,0.0531726263896722,0.0037398979583113,0.0728517947323454,0.0051260782933768,0.0732024155732598,16,1,4,Situated household retrofit experience and building context,0.2550563801095757,0.1499874115052062,0.1050689686043694,10.402602996396078,training_educational,how_to_installation_demo,2020-12-20 23:00:07+00:00,2020,3.1333333333333333,132647,1194,107,9.00133436866269,0.8066522424178458,64.99118079372856,0.0524252817246447
PsN5AbUz3p8,0.1351959224160502,0.005394074887105,0.0798034505956111,0.063966549708059,0.024068400206161,0.0846598963955991,0.0704088441902447,0.0275727539751219,0.065132459717385,0.0199263966705143,0.0584280667473874,0.2056065130596746,0.0168200296513716,0.0265910910166603,0.009525495817343,0.1069000549457111,110,12,1,Roof and attic ventilation and airflow,0.2056065130596746,0.1351959224160502,0.0704105906436244,11.663816568729452,training_educational,practical_advice_explainer,2023-01-23 15:29:06+00:00,2023,10.433333333333334,119138,2647,346,22.217932145914823,2.904195135053468,93.29522317932654,0.2709475332811276
PvFC3nvB_7A,0.2327440599379005,0.0256659662639742,0.0392741038488541,0.00239199536136,0.0,0.179724219402367,0.0,0.0552902479752657,0.0,0.0773867371444198,0.0,0.0,0.1839187393051166,0.0137236677563837,0.0672682851222028,0.1226119778821551,1,1,13,Situated household retrofit experience and building context,0.2327440599379005,0.1839187393051166,0.0488253206327838,7.772676469389514,builder_contractor,how_to_installation_demo,2025-02-03 20:50:00+00:00,2025,0.55,8959,30,4,3.348588012054917,0.4464784016073223,16.745794392523365,0.0074766355140186
Py4k7hjJSCA,0.0914474278009127,0.0563332362862475,0.0873295793002559,0.061113508433205,0.0171831370456998,0.0420163869328398,0.049711259011137,0.0088344863093415,0.0462560676865905,0.0214889480243238,0.0393714506211463,0.0563822708240539,0.2123367189658593,0.0103101066453686,0.0979300272192429,0.1019553888937748,44,13,16,"Wall, cavity and floor insulation",0.2123367189658593,0.1019553888937748,0.1103813300720844,12.295274471689346,diy_renovator_homeowner,how_to_installation_demo,2024-03-30 15:00:30+00:00,2024,8.6,117950,1789,100,15.16744383213226,0.8478168715557439,139.58579881656806,0.1183431952662721
Pz-WHr2FzZE,0.0560777675450511,0.2234404058072045,0.0084926245950191,0.1130352750344924,0.0,0.0494746484110697,0.0127470736106585,0.0038770242143781,0.062329328957495,0.0050581753753279,0.0400932673090918,0.0139550690385921,0.1914011585400495,0.0173792900338583,0.1718248018839008,0.0308140896438103,9,2,13,Spray foam and foam insulation,0.2234404058072045,0.1914011585400495,0.0320392472671549,8.973289206356915,builder_contractor,how_to_installation_demo,2023-05-18 22:20:46+00:00,2023,1.0,67829,785,31,11.573220893718029,0.4570316531277182,58.37263339070568,0.0266781411359724
Q3Oufer38ow,0.2916392136721851,0.0230558999012121,0.1130124441411145,0.0579050131701435,0.0063024179405162,0.0283712266330192,0.0723050487008659,0.018665389432628,0.088396419465469,0.0327084739690016,0.0265619123872257,0.0254970870801787,0.0243520696405312,0.0105180243663926,0.0897548188290754,0.0909545406704405,190,1,3,Situated household retrofit experience and building context,0.2916392136721851,0.1130124441411145,0.1786267695310706,10.422169511370438,diy_renovator_homeowner,how_to_installation_demo,2022-12-01 02:00:10+00:00,2022,0.8666666666666667,30347866,342199,4492,11.275883450915462,0.1480169973071582,22817.944360902256,3.3774436090225564
Q4iG6O7JEM0,0.0441191674137714,0.0012893725587062,0.0902981210946972,0.0479298363515768,0.0589178130572191,0.1591914155529918,0.0350827610729803,0.0254196152191786,0.0687537025223094,0.0252096529284154,0.0826649653925791,0.0239381458702978,0.0153995555676135,0.2765862963109591,0.0063782962058884,0.0388212828808149,54,14,6,Thermostat wiring and smart heating controls,0.2765862963109591,0.1591914155529918,0.1173948807579672,10.27433111208993,installer_tradesperson,how_to_installation_demo,2020-02-04 17:29:15+00:00,2020,12.266666666666667,162917,1494,154,9.1703137180282,0.9452666081501624,69.00338839474799,0.0652265988987717
Q7H89btUvg0,0.0722212533800088,0.504183409214394,0.0077030473104054,0.0013636311034184,0.0,0.0,0.0,0.0134324953117533,0.0,0.0,0.0055243952528085,0.2116739932764041,0.1838977751508072,0.0,0.0,0.0,1,2,12,Spray foam and foam insulation,0.504183409214394,0.2116739932764041,0.2925094159379898,3.699664618007229,diy_renovator_homeowner,how_to_installation_demo,2025-02-13 22:51:19+00:00,2025,0.8333333333333334,6219,39,3,6.271104679208876,0.482392667631452,11.845714285714283,0.0057142857142857
QB0t8x5skDQ,0.1589468428636975,0.0,0.0,0.7716076941458108,0.0039724704396334,0.0,0.0,0.0392128654763369,0.0,0.0,0.0,0.0183574947538607,0.0,0.0,0.0,0.0079026323206604,1,4,1,"Implementation, cost and how-to questions",0.7716076941458108,0.1589468428636975,0.6126608512821132,2.1233554723003123,installer_tradesperson,practical_advice_explainer,2025-07-14 11:46:48+00:00,2025,16.816666666666666,183,3,2,16.393442622950822,10.92896174863388,0.4893048128342246,0.0053475935828877
QBL3Ow-W4zc,0.5528051803376418,0.0025872646039071,0.0011250629868744,0.1431614732826896,0.0,0.1154206108090614,0.0,0.0,0.0,0.0567799413162581,0.0,0.0240328446364535,0.0,0.0,0.0,0.1040876220271136,1,1,4,Situated household retrofit experience and building context,0.5528051803376418,0.1431614732826896,0.4096437070549522,3.920405022578774,diy_renovator_homeowner,how_to_installation_demo,2022-01-25 16:40:45+00:00,2022,0.4666666666666667,3073,29,4,9.437032216075496,1.3016596160104132,1.873780487804878,0.0024390243902439
QEg0TlhN0Z4,0.1552563614133315,0.0005051521016028,0.0671175675451608,0.0361983319833343,0.2244759765890387,0.0724976297959747,0.059044169175673,0.0200464120620483,0.1123109027276738,0.0118023826563265,0.0255092391575035,0.0364928138917384,0.0009819590031349,0.144703907104493,0.0069139258094449,0.0261432689835202,41,5,1,Heat pumps and heating systems,0.2244759765890387,0.1552563614133315,0.0692196151757071,9.915157749462727,training_educational,practical_advice_explainer,2020-10-20 10:00:31+00:00,2020,3.5166666666666666,125778,1063,150,8.451398495762374,1.192577398273148,59.83729781160799,0.071360608943863
QFbx7qhqOqc,0.0874511646565641,0.0036920355790106,0.0870647888033795,0.0339454398535829,0.3011358503126481,0.1364196233174837,0.0410685742329106,0.0276775186026732,0.034740656149461,0.052864384720218,0.0170978947328839,0.0186663429849147,0.0269697103440281,0.0270024371617198,0.0140592666996974,0.0901443118488237,55,5,6,Heat pumps and heating systems,0.3011358503126481,0.1364196233174837,0.1647162269951644,10.100441436134629,installer_tradesperson,how_to_installation_demo,2024-08-25 15:07:10+00:00,2024,11.066666666666666,49889,1206,182,24.173665537493235,3.648098779290024,71.5767575322812,0.2611190817790531
QGrCOzSLBSU,0.20943852044362,0.0062702753554842,0.0534935822717933,0.0743603534004434,0.1045802351409371,0.0634370147060448,0.0456106741842078,0.0368979817315728,0.0841029971327713,0.023659766198769,0.0429721991207287,0.0422706760368583,0.0432412367292116,0.0147587917589986,0.0164315990843658,0.1384740967041925,245,1,16,Situated household retrofit experience and building context,0.20943852044362,0.1384740967041925,0.0709644237394275,12.03530383221627,training_educational,practical_advice_explainer,2025-01-24 19:00:29+00:00,2025,12.433333333333334,464164,7799,803,16.802250928551114,1.7299919855912995,851.6770642201835,1.473394495412844
QIDy3VgVGs0,0.0637324810885039,0.0043890518043702,0.0744379546897241,0.0299683007820681,0.0506017769532605,0.1590572582542626,0.041636477144024,0.0298615546079715,0.176730493974334,0.0067669122099038,0.0155432635923077,0.0002632316780618,0.0008004945180799,0.2531534728268163,0.014923939664858,0.0781333362114529,23,14,9,Thermostat wiring and smart heating controls,0.2531534728268163,0.176730493974334,0.0764229788524823,9.03228563924569,installer_tradesperson,how_to_installation_demo,2024-11-11 17:26:12+00:00,2024,14.216666666666669,39667,237,77,5.97473970806968,1.9411601583179972,64.08239095315024,0.1243941841680129
QL1oZojFnyY,0.3830013584064335,0.0515585502915293,0.1100061161334251,0.1166060804483021,0.0,0.0774583797893011,0.0,0.0,0.0682415974702198,0.0,0.1931279174607888,0.0,0.0,0.0,0.0,0.0,1,1,11,Situated household retrofit experience and building context,0.3830013584064335,0.1931279174607888,0.1898734409456446,5.544256491741615,builder_contractor,practical_advice_explainer,2024-10-03 17:56:32+00:00,2024,0.6333333333333333,215817,678,44,3.141550480268005,0.2038764323477761,327.98936170212767,0.0668693009118541
QLGANlbqIFY,0.1375734363404326,0.0015941312157224,0.0800193113630996,0.0748019102546166,0.2656656888485963,0.0682737250483291,0.032795157643436,0.0813675541949009,0.0520070403842769,0.0205638042855316,0.0160404055333274,0.0184876048644102,0.0341573217957798,0.0297129173251968,0.0050077957380504,0.0819321951642927,87,5,1,Heat pumps and heating systems,0.2656656888485963,0.1375734363404326,0.1280922525081637,10.54695509104022,training_educational,project_walkthrough,2021-12-29 19:00:14+00:00,2021,6.65,36167,588,342,16.25791467359748,9.456134044847513,21.695860827834437,0.2051589682063587
QLd8wdxRFSw,0.0,0.0,0.0090026579351811,0.0,0.0,0.0164520979423228,0.0,0.0,0.0,0.8158236071858617,0.0,0.1183449159596198,0.0268043429206827,0.0135723780563319,0.0,0.0,1,10,12,"Implementation follow-up, outcomes and retrospective questions",0.8158236071858617,0.1183449159596198,0.6974786912262418,1.9817465604886988,diy_renovator_homeowner,how_to_installation_demo,2026-01-23 14:30:33+00:00,2026,6.983333333333333,2649,39,6,14.722536806342015,2.2650056625141564,14.6353591160221,0.0331491712707182
QOe4lluGwCg,0.150459389811807,0.0085137152742501,0.1014842985722934,0.0510804834987934,0.0363298415189484,0.1110676445571449,0.0258613583254284,0.013963785097402,0.0743488017434897,0.0133267268817276,0.0427108885460553,0.2121179180317825,0.0140034896338771,0.019724182950568,0.0177651038008571,0.1072423717555747,66,12,1,Roof and attic ventilation and airflow,0.2121179180317825,0.150459389811807,0.0616585282199754,10.92412669456206,training_educational,practical_advice_explainer,2021-08-16 20:44:33+00:00,2021,5.866666666666666,79580,1204,215,15.12942950490073,2.7016838401608445,44.16204217536071,0.1193118756936737
QS16O9aYfq4,0.1275312623879843,0.2761652367340241,0.0413988683646862,0.0393741808507055,0.006122657361955,0.028747641263609,0.0659856482005812,0.0184354490694223,0.0600157312980627,0.0245831126798314,0.0232401347860929,0.1131232723505128,0.0564603397201316,0.0064718765944979,0.0611530179207878,0.0511915704171144,128,2,1,Spray foam and foam insulation,0.2761652367340241,0.1275312623879843,0.1486339743460398,10.753502408705335,builder_contractor,how_to_installation_demo,2025-12-02 14:34:37+00:00,2025,1.5166666666666666,568875,8336,418,14.653482751043724,0.7347835640518566,2441.5236051502147,1.793991416309013
QWkP4P7lUMA,0.2988278911951513,0.0117423187232979,0.0762955567283049,0.0607161727881583,0.0113006568744178,0.247153269826261,0.048538426254569,0.0088805889362151,0.057639014766394,0.0324717158841669,0.0210364519160884,0.0549790206735427,0.0115347809883461,0.0228582570226842,0.0059575085059317,0.0300683689164698,211,1,6,Situated household retrofit experience and building context,0.2988278911951513,0.247153269826261,0.0516746213688903,8.625211971882083,training_educational,problem_warning_mistakes,2024-01-07 11:00:08+00:00,2024,4.666666666666667,1207967,26064,1483,21.5767483714373,1.2276825443079158,1301.688577586207,1.5980603448275863
QbMfMB2E1Ao,0.0874680942463352,0.002207511334827,0.0048826866865591,0.0032879135082589,0.0150713656643973,0.3309777432610447,0.036919402770415,0.0,0.0358381370031681,0.2320672767761144,0.0069167128603862,0.0,0.0,0.1565476271483622,0.0034705171225616,0.0843450116175695,3,6,10,"Praise, gratitude and social endorsement",0.3309777432610447,0.2320672767761144,0.0989104664849302,6.2563586465795655,installer_tradesperson,how_to_installation_demo,2025-04-03 20:51:24+00:00,2025,2.716666666666667,3232,25,8,7.735148514851485,2.4752475247524752,6.7899159663865545,0.0168067226890756
Qd-igKSe9YM,0.1640604343068958,0.0477445560086175,0.0951593519225884,0.0,0.0002432219455158,0.24994908345834,0.0722813537595188,0.0137980250848217,0.088179066735568,0.0179452359849975,0.0009365970728624,0.0473343198373239,0.0341171813501018,0.1314723579865136,0.0367792145463342,0.0,7,6,1,"Praise, gratitude and social endorsement",0.24994908345834,0.1640604343068958,0.0858886491514442,9.059956918786918,installer_tradesperson,how_to_installation_demo,2022-04-06 09:14:30+00:00,2022,1.85,63165,396,27,6.269294704345762,0.4274519116599383,40.25812619502868,0.017208413001912
Qf_30U_Erno,0.1002946521381939,0.0616108677636839,0.0435320812317506,0.0328022338735301,0.0057985270383745,0.0655779188588767,0.0454781314148873,0.013940880890621,0.0344669348637444,0.0270397718560415,0.0052764742640584,0.166070903567087,0.1790824721765171,0.0097309440117233,0.1090815177365515,0.100215688314358,52,13,12,"Wall, cavity and floor insulation",0.1790824721765171,0.166070903567087,0.0130115686094301,11.29511356483525,diy_renovator_homeowner,how_to_installation_demo,2025-05-31 14:00:39+00:00,2025,9.95,129342,3360,118,25.977640673563112,0.9123099998453712,309.4306220095694,0.2822966507177033
QkCb7VqdWL8,0.0876424824092288,0.0676166360546182,0.0159491783441861,0.0769389236723145,0.0565222727826226,0.021544654882875,0.0966898013005703,0.0291415575058118,0.0700461903494094,0.0552889557274474,0.0119165241560835,0.0821629889993246,0.1215929565329499,0.004864101162067,0.1742092035477375,0.0278735725727526,24,15,13,Vapour barriers and moisture control,0.1742092035477375,0.1215929565329499,0.0526162470147876,12.47334172086176,diy_renovator_homeowner,how_to_installation_demo,2023-02-02 15:03:01+00:00,2023,1.0166666666666666,341845,3690,118,10.79436586757156,0.345185683570039,269.8066298342541,0.0931333859510655
QnFoiUXr4h4,0.1116338936434669,0.1034632611836534,0.0344836344569191,0.0173074944914144,0.0092968957929275,0.0307057645888899,0.0522268034455571,0.0085935040382349,0.0392844633272895,0.0417525680303383,0.014543114537445,0.0421724610971778,0.1553269909564608,0.0066204875193464,0.274210234575673,0.0583784283152053,175,15,13,Vapour barriers and moisture control,0.274210234575673,0.1553269909564608,0.1188832436192121,10.06656739214527,training_educational,practical_advice_explainer,2024-06-15 15:30:12+00:00,2024,5.5,784645,6213,407,7.918230537376775,0.5187059115905919,1021.6731770833334,0.5299479166666666
Qs3PqJE0zng,0.1209324944484544,0.0113860288085773,0.0824217964197744,0.0196564384815231,0.0,0.075787717788596,0.0748688143795677,0.0003911612007619,0.1516411193496672,0.0082891736092742,0.0073230037328318,0.1112734228574183,0.2825950524776532,0.0064745080104103,0.0320868992073215,0.014872369228168,8,13,9,"Wall, cavity and floor insulation",0.2825950524776532,0.1516411193496672,0.130953933127986,8.591974820352533,training_educational,how_to_installation_demo,2021-03-08 20:50:58+00:00,2021,5.083333333333333,20953,85,37,4.0566983248222215,1.7658569178637904,10.67396841569027,0.0188487009679062
QsLtl_5nglQ,0.1440005286260567,0.3048172108674609,0.0,0.0091749182563122,0.0,0.0,0.0,0.0104708131951782,0.0,0.3977808688098344,0.0,0.0289975610786882,0.0246649394504845,0.0,0.0688596979121295,0.0112334618038551,1,10,2,"Implementation follow-up, outcomes and retrospective questions",0.3977808688098344,0.3048172108674609,0.0929636579423734,4.605883013308675,diy_renovator_homeowner,how_to_installation_demo,2025-11-29 10:14:06+00:00,2025,1.0,14670,109,8,7.430129516019087,0.5453306066803,62.16101694915254,0.0338983050847457
Qu_QzO5pF7k,0.0921996002908043,0.0017551280654361,0.0398133017783312,0.0981075457811241,0.0033375976426206,0.1408703186265172,0.0301357201965172,0.504778712109829,0.0347240436668726,0.0084354322530649,0.0060803388357391,0.0057714726186309,0.0046345422377994,0.0009637031159564,0.0034429539980235,0.0249495887827327,14,8,6,"Solar PV, batteries and power systems",0.504778712109829,0.1408703186265172,0.3639083934833118,5.439792305755666,training_educational,practical_advice_explainer,2025-08-15 01:12:45+00:00,2025,6.166666666666667,1215275,345,53,0.2838863631688301,0.0436115282549217,3553.43567251462,0.1549707602339181
QwQl543g18k,0.0098916230582675,0.0,0.2138558406311646,0.2445193402605032,0.0,0.2442891685250374,0.0,0.0,0.0,0.0,0.0095113368803808,0.0216277894313701,0.0,0.013517588598955,0.003010759940042,0.239776552674279,1,4,6,"Implementation, cost and how-to questions",0.2445193402605032,0.2442891685250374,0.0002301717354658,5.000224080244025,installer_tradesperson,how_to_installation_demo,2022-04-28 20:15:24+00:00,2022,0.5166666666666667,3404,35,2,10.282021151586369,0.5875440658049353,2.200387847446671,0.0012928248222365
Qz-aHoew5cs,0.1226485909261036,0.0085066158220713,0.0705383546648795,0.0478301409163429,0.0232054040726074,0.0741931017894397,0.0412655760144455,0.2135722575547201,0.1389605793430334,0.0339183444754775,0.0135774566121336,0.0189968094678814,0.016351446583349,0.0970154685165021,0.0187270849899837,0.0606927682510285,62,8,9,"Solar PV, batteries and power systems",0.2135722575547201,0.1389605793430334,0.0746116782116867,11.390241003284258,installer_tradesperson,how_to_installation_demo,2023-07-14 23:41:35+00:00,2023,10.366666666666667,109166,1812,205,16.59857464778411,1.8778740633530584,98.79276018099549,0.1855203619909502
QzTNdJ_yWsg,0.1361201653042638,0.0103336641392202,0.1353486439995394,0.0445108712884151,0.0001830253550792,0.1272768280025389,0.1048848095853763,0.0254828421995511,0.0577751038278166,0.0307527078997793,0.0143058717907327,0.2024354445898251,0.0217033398984953,0.0211942323603559,0.016018683687335,0.0516737660716756,14,12,1,Roof and attic ventilation and airflow,0.2024354445898251,0.1361201653042638,0.0663152792855613,10.611288383167697,training_educational,how_to_installation_demo,2020-10-11 18:46:27+00:00,2020,6.816666666666666,61500,779,83,12.666666666666666,1.3495934959349594,29.133112269066796,0.0393178588346755
QzdFR0-cW4c,0.043181028530142,0.0112520169108307,0.2755900239633738,0.0022807166285903,0.0022591041030678,0.0167503930854928,0.2018813187015607,0.0,0.0002556262228065,0.0,0.1074178145918939,0.2828509047033364,0.0229730222412466,0.0,0.033308030317658,0.0,3,12,3,Roof and attic ventilation and airflow,0.2828509047033364,0.2755900239633738,0.0072608807399626,5.809498182755969,diy_renovator_homeowner,how_to_installation_demo,2022-05-02 20:22:22+00:00,2022,3.1166666666666667,22583,176,19,7.793472966390648,0.8413408315989904,14.635774465327284,0.0123136746597537
R9BfhFEv8fg,0.1414763647246884,0.0088648642474419,0.0397881567271218,0.0370031336730951,0.0393579255260481,0.0129341603781662,0.0789324672082305,0.1070975263648182,0.0728724894078157,0.0259139909219224,0.025021387251966,0.2687704544156448,0.0418126214513939,0.0283881333100507,0.0120599235956755,0.0597064007959199,78,12,1,Roof and attic ventilation and airflow,0.2687704544156448,0.1414763647246884,0.1272940896909563,10.78782177067544,installer_tradesperson,practical_advice_explainer,2025-03-06 20:07:16+00:00,2025,0.7,760964,8508,434,11.180555190521495,0.5703292139969828,1509.8492063492065,0.8611111111111112
RETpTwzgtEU,0.1765641581780868,0.0,0.0,0.0,0.2108988348392556,0.0,0.0,0.4591177616834076,0.0,0.0,0.0023876158998675,0.1252187119497805,0.007493923149246,0.0,0.0183189943003556,0.0,1,8,5,"Solar PV, batteries and power systems",0.4591177616834076,0.2108988348392556,0.2482189268441519,3.960375904489261,builder_contractor,project_walkthrough,2023-06-09 14:25:29+00:00,2023,0.5166666666666667,2424,73,1,30.11551155115512,0.4125412541254125,2.126315789473684,0.0008771929824561
RI-DmbiWuJM,0.105641966155536,0.0,0.0,0.1805530532767573,0.0,0.0528927375808096,0.0252258628302786,0.0303534623330664,0.0267301182701704,0.1964984730515442,0.0,0.0074453050059418,0.183389986231527,0.0,0.0378087857479442,0.153460249516424,1,10,13,"Implementation follow-up, outcomes and retrospective questions",0.1964984730515442,0.183389986231527,0.0131084868200171,7.976002919299642,builder_contractor,practical_advice_explainer,2024-04-01 02:52:37+00:00,2024,1.3833333333333333,455,9,1,19.78021978021978,2.197802197802198,0.5397390272835113,0.0011862396204033
RLhyO6CMi7o,0.0634911134895858,0.0130791538659295,0.1331842090597118,0.0071402904237898,0.0121799820963361,0.0214528840695748,0.0084403351584533,0.0335177279756039,0.0,0.1665992213433896,0.0132952777876141,0.0325026823882178,0.2613734727284759,0.0194237914070147,0.026034832307686,0.1882850258986163,3,13,16,"Wall, cavity and floor insulation",0.2613734727284759,0.1882850258986163,0.0730884468298595,8.413185676141696,diy_renovator_homeowner,how_to_installation_demo,2025-10-27 11:10:42+00:00,2025,0.5833333333333334,5288,27,8,5.10590015128593,1.5128593040847202,19.65799256505576,0.0297397769516728
RN1Te0AKCLs,0.1231273423993764,0.0262280837747988,0.118575095373935,0.087026835758148,0.017276390996632,0.0853884546897555,0.0425679111648101,0.0313523703928405,0.0241239615229925,0.1231435469579004,0.0678440967749267,0.0512579445393222,0.1353021309462138,0.018599030223448,0.0072914136339901,0.0408953908509095,90,13,10,"Wall, cavity and floor insulation",0.1353021309462138,0.1231435469579004,0.0121585839883134,12.626330924878202,diy_renovator_homeowner,how_to_installation_demo,2020-06-13 13:00:09+00:00,2020,4.85,319376,3059,380,9.578052201793495,1.1898201492911178,143.15374271627073,0.1703272075302555
RVZpfeq8BiY,0.1075109818829757,0.0006470379687481,0.152688573449508,0.0026762130932925,0.0426181133357031,0.0561151011436928,0.0693141092780702,0.0077931334763024,0.0937209758960179,0.0061286410286867,0.0011153363713942,0.1636188669012836,0.2261169420701294,0.0066300434835592,0.0084398854477983,0.0548660451728371,10,13,12,"Wall, cavity and floor insulation",0.2261169420701294,0.1636188669012836,0.0624980751688458,8.954355659280692,builder_contractor,how_to_installation_demo,2024-11-14 12:24:08+00:00,2024,0.6666666666666666,30795,190,31,6.169832765059263,1.0066569248254589,49.99188311688312,0.0503246753246753
RX4UWi_mSFQ,0.4696904886750079,0.0369132828079243,0.0034619038037745,0.0,0.0,0.0,0.0,0.0,0.0,0.0,0.0,0.1031562370851478,0.1836991876447969,0.0709048197393849,0.1321740802439633,0.0,1,1,13,Situated household retrofit experience and building context,0.4696904886750079,0.1836991876447969,0.285991301030211,4.46844937797112,installer_tradesperson,problem_warning_mistakes,2021-09-16 12:43:56+00:00,2021,2.183333333333333,179,2,1,11.1731843575419,5.58659217877095,0.1010728402032749,0.0005646527385657
RYjv8J5iuuU,0.0366625869643027,0.0,0.0015956365378656,0.0093127387082945,0.0170577288273539,0.4141607950365291,0.0005850989688276,0.2951254190983062,0.0,0.0008740783341125,0.006218764627131,0.002550114608009,0.0020765195881647,0.0629840373663763,0.0098539394806452,0.1409425418540809,2,6,8,"Praise, gratitude and social endorsement",0.4141607950365291,0.2951254190983062,0.1190353759382229,4.644608626384552,installer_tradesperson,problem_warning_mistakes,2025-02-20 21:44:55+00:00,2025,6.866666666666666,4985,77,5,15.446339017051152,1.0030090270812435,9.623552123552123,0.0096525096525096
ReVAtYGZlYQ,0.0,0.0,0.0,0.0,0.0,0.0,0.0,0.0,0.0,0.0,0.0,0.5710732503837638,0.4289267496162362,0.0,0.0,0.0,1,12,13,Roof and attic ventilation and airflow,0.5710732503837638,0.4289267496162362,0.1421465007675275,1.9798281864996228,builder_contractor,problem_warning_mistakes,2024-02-16 20:06:24+00:00,2024,0.4666666666666667,3100,27,1,8.709677419354838,0.3225806451612903,3.490990990990991,0.0011261261261261
RiSWBj2r6p8,0.084380938280696,0.0020452882673265,0.2714878300488597,0.1063409047991053,0.0454333319578919,0.0456473844460667,0.0144184880442465,0.0672008374245669,0.0904960634042391,0.0551101765203205,0.0641440863477898,0.0070638082528914,0.014548046161755,0.0253677986704485,0.0506694429084453,0.0556455744653501,20,3,4,Clarification and specification questions,0.2714878300488597,0.1063409047991053,0.1651469252497543,10.940205298429849,installer_tradesperson,how_to_installation_demo,2023-01-06 19:51:41+00:00,2023,0.7666666666666667,141431,1114,96,7.876632421463469,0.6787762230345539,109.29752704791343,0.0741885625965996
RlQjU6gQcFU,0.0917655134010949,0.0670134392759796,0.1220891719761725,0.1155213659196387,0.0031118070239931,0.0442353807068051,0.0446235840184819,0.0730510110602878,0.0545508901170088,0.0219525747070392,0.0895494450836544,0.0263367287088168,0.1364555071086638,0.0109803676400012,0.0544033121260288,0.0443599011263327,54,13,3,"Wall, cavity and floor insulation",0.1364555071086638,0.1220891719761725,0.0143663351324913,12.993776611695097,installer_tradesperson,how_to_installation_demo,2024-01-09 04:33:30+00:00,2024,0.1666666666666666,39635524,319186,2136,8.053028389381202,0.0538910498571937,42802.94168466522,2.306695464362851
RoslUykzOX4,0.2270430115955101,0.0077184685362518,0.249138107974802,0.0029191577091181,0.0198558501583782,0.012541556730558,0.2021122619666081,0.0100840903502811,0.1346486217889307,0.0231146878216239,0.0,0.0408631393824765,0.0343465414926587,0.0051144873303441,0.0207453571213003,0.0097546600411578,6,3,1,Clarification and specification questions,0.249138107974802,0.2270430115955101,0.0220950963792918,7.357717370496023,builder_contractor,how_to_installation_demo,2025-09-02 13:48:00+00:00,2025,1.3666666666666667,37541,399,28,10.628379638262167,0.7458512026850643,115.86728395061728,0.0864197530864197
RqJ9Kg2ZtO8,0.0850423488011984,0.0051879867742444,0.0796362795439829,0.0628978289574579,0.1493962858463939,0.1449219100781171,0.0714150636113912,0.1137302635235705,0.0905218271113321,0.0620127545504668,0.0083398222871445,0.0034268951957019,0.0055567155138382,0.0390537488633309,0.0103528156142809,0.0685074537275478,19,5,6,Heat pumps and heating systems,0.1493962858463939,0.1449219100781171,0.0044743757682767,11.562557672229923,installer_tradesperson,how_to_installation_demo,2024-12-07 07:00:15+00:00,2024,14.933333333333334,23946,392,80,16.37016620729976,3.340850246387705,40.38111298482293,0.1349072512647554
Rw5np777JDc,0.1332043270883746,0.2925467018790558,0.0396087325995432,0.0113396688674181,0.0026621457144114,0.031167757140606,0.0975842644449522,0.0136268116692498,0.0445939650653125,0.0292767558593391,0.0332233586056935,0.0756380793200996,0.0989803928127369,0.0047271009027941,0.034710608012813,0.0571093300175996,103,2,1,Spray foam and foam insulation,0.2925467018790558,0.1332043270883746,0.1593423747906811,9.98541530128844,training_educational,problem_warning_mistakes,2022-08-10 09:34:03+00:00,2022,0.2666666666666666,357645,2218,487,6.201680437305149,1.3616854702288583,247.84823284823284,0.3374913374913375
RwHD7D6avyQ,0.1089071106527431,0.0751112511962058,0.1630725102959327,0.0346275569586647,0.0040996942202013,0.0256469285708648,0.0810042526138779,0.0169855113514349,0.0733663676350349,0.0419451294567711,0.0296202840783266,0.0586427636771383,0.1219051401601397,0.0106429025242552,0.0797688711855948,0.0746537254228135,45,3,13,Clarification and specification questions,0.1630725102959327,0.1219051401601397,0.0411673701357929,12.591082489926476,builder_contractor,how_to_installation_demo,2023-11-02 17:52:45+00:00,2023,1.0166666666666666,811961,14314,160,17.628925527211283,0.19705379938199,816.8621730382293,0.1609657947686116
Rz_Ze_vC-xg,0.020519386874286,0.0040473697669545,0.263636805960253,0.0017907573265851,0.0220500565182444,0.0273702948138897,0.0155983205880966,0.024095955398116,0.0942321731409449,0.0034336166341102,0.1248971699020006,0.0111334420004946,0.0035630448476548,0.3441142707683162,0.0042368666857313,0.0352804687743216,12,14,3,Thermostat wiring and smart heating controls,0.3441142707683162,0.263636805960253,0.0804774648080631,6.569209164659866,installer_tradesperson,practical_advice_explainer,2024-11-20 13:03:02+00:00,2024,0.8666666666666667,171214,1717,55,10.02838552922074,0.3212354129919282,280.67868852459014,0.0901639344262295
S5WB6HzVZvs,0.1095652482488187,0.0017389893128214,0.0447970240653157,0.0827002150289888,0.0094537472609984,0.1075345790462505,0.0440415841015971,0.1362508871143449,0.1984762907814758,0.0366173865135499,0.0193577901270021,0.0065072896857996,0.0050930184051851,0.0981805441942153,0.0053555401661533,0.0943298659474827,28,9,8,Performance checking and troubleshooting,0.1984762907814758,0.1362508871143449,0.0622254036671309,10.466801971186284,installer_tradesperson,how_to_installation_demo,2025-01-16 19:04:07+00:00,2025,12.883333333333333,25847,1018,63,39.38561535187836,2.4374202035052424,46.73960216998192,0.1139240506329113
S7iy2zd_4D0,0.1276881492562513,0.0041109550732288,0.0780874735311092,0.0798915496587918,0.2044674619231508,0.2114243972892595,0.0645171997468986,0.0413394968542804,0.036254449043742,0.0186889393868051,0.0292249151232396,0.0178467035447165,0.0019410948980456,0.0311168044153353,0.0042676415380188,0.0491327687171262,36,6,5,"Praise, gratitude and social endorsement",0.2114243972892595,0.2044674619231508,0.0069569353661086,10.06629182096313,training_educational,practical_advice_explainer,2021-04-03 11:00:10+00:00,2021,14.416666666666666,188032,5148,190,27.3783185840708,1.0104663036078965,97.0738255033557,0.0980898296334537
S9s1VWxQ-5o,0.1575052577216282,0.0110581130193972,0.0480121453955711,0.0432086590758414,0.0705814780125206,0.0962952208699084,0.0328361000602449,0.0362290287810814,0.0538505732315509,0.0810993444712812,0.039221847263827,0.1532347242489591,0.0516911215074448,0.0289736118113495,0.020938102380369,0.0752646721490246,290,1,12,Situated household retrofit experience and building context,0.1575052577216282,0.1532347242489591,0.004270533472669,13.12084723540451,diy_renovator_homeowner,how_to_installation_demo,2024-11-17 15:00:34+00:00,2024,22.566666666666663,1218733,36198,1558,29.701337372500785,1.2783768060764746,1988.1451876019576,2.541598694942904
SBrvSMmnj2M,0.0932667059560031,0.0245850629316457,0.0151498579553933,0.0231484325633029,0.0,0.1509821010950009,0.3506795265247282,0.0283208810757935,0.0,0.0208197083897492,0.0109960546558157,0.0105258810687707,0.0286276237939143,0.0,0.0484426928316435,0.1944554711582383,1,7,16,"Alternative methods, challenges and ""why"" questions",0.3506795265247282,0.1944554711582383,0.1562240553664898,7.112205413968445,builder_contractor,how_to_installation_demo,2023-09-18 12:59:27+00:00,2023,0.5,60432,232,15,3.8390256817580086,0.2482128673550436,58.16361886429259,0.0144369586140519
SL4dmdY23J8,0.1433491820682754,0.0062233608790837,0.0606820714416952,0.0684753964277492,0.0935219239651043,0.145580418099699,0.0520152662939845,0.0226731736081871,0.0472426553430636,0.077799175159197,0.0195699623486282,0.0232434941677707,0.1053131337091195,0.0312218764530699,0.0206021300313764,0.0824867800039958,76,6,1,"Praise, gratitude and social endorsement",0.145580418099699,0.1433491820682754,0.0022312360314236,12.728423080195952,diy_renovator_homeowner,project_walkthrough,2024-01-01 16:52:53+00:00,2024,28.6,183275,2693,199,14.693766198335837,1.0858000272814077,196.22591006423983,0.2130620985010706
SMuEfswzbeI,0.1150829665510606,0.0155397759880906,0.0915596383345838,0.0057880351801818,0.016085989686166,0.1143140070076858,0.0515546075541399,0.0332010036902031,0.0375215328407584,0.0225761999489431,0.0226452720759448,0.0167017767175609,0.1477609814059932,0.0118749465829311,0.1214696820229071,0.1763235844128489,13,16,13,"Prospective choices, recommendations and alternatives",0.1763235844128489,0.1477609814059932,0.0285626030068557,11.052625773237256,builder_contractor,how_to_installation_demo,2025-09-06 09:36:38+00:00,2025,1.2666666666666666,37988,320,46,8.423712751395177,1.2109087080130567,118.7125,0.14375
SQt1zQmDshQ,0.1224555167409014,0.0005055734399517,0.0935323842771829,0.0872397024081774,0.1312291289833944,0.0097989548248564,0.0154454446554153,0.2450420360199817,0.0461358378221393,0.0263463951055268,0.024533183751672,0.0656561189768627,0.0679315241562531,0.0008793822352559,0.0012219471126365,0.0620468694897916,12,8,5,"Solar PV, batteries and power systems",0.2450420360199817,0.1312291289833944,0.1138129070365873,9.907523552030437,training_educational,how_to_installation_demo,2025-02-27 17:00:36+00:00,2025,11.7,11036,228,41,20.659659296846684,3.715114171801378,21.59686888454012,0.0802348336594911
STnuSR6maXE,0.1638760834656625,0.0055076585599777,0.0211843143741199,0.0063315916887069,0.012527852360638,0.2119915762357917,0.0175456336949985,0.2614768353362879,0.0391216626447862,0.0058185621971159,0.0751279159926859,0.0064669047105395,0.0078907097756388,0.1180691692533821,0.0017814697383345,0.0452820599713334,6,8,6,"Solar PV, batteries and power systems",0.2614768353362879,0.2119915762357917,0.0494852591004961,7.923555394203869,diy_renovator_homeowner,how_to_installation_demo,2024-06-23 02:05:08+00:00,2024,4.983333333333333,13575,147,36,10.828729281767956,2.651933701657459,17.861842105263158,0.0473684210526315
ScJXDpd0Wn4,0.0659555476233333,0.0,0.0037939501716992,0.3277942585468268,0.0129330448728341,0.0090697000122079,0.0050910540480219,0.1160848360652148,0.0141699360661314,0.0055493687774757,0.0002281850572198,0.0,0.098131449199797,0.1398124734813021,0.0,0.2013861960779354,3,4,16,"Implementation, cost and how-to questions",0.3277942585468268,0.2013861960779354,0.1264080624688913,6.41404401554397,installer_tradesperson,how_to_installation_demo,2024-11-11 17:25:45+00:00,2024,0.45,15650,0,10,0.0,0.6389776357827476,25.2827140549273,0.0161550888529886
ScNk8Qy0PWs,0.0874036515074229,0.0827179476179203,0.0325551511022715,0.0327625221865991,0.0137940104617147,0.0575467864398541,0.0495701668720095,0.0312508943639486,0.0395699202313121,0.0187870875594786,0.0275198481000724,0.2616007918626423,0.0988119252779164,0.0131385548079764,0.0741280824532085,0.078842659155652,53,12,13,Roof and attic ventilation and airflow,0.2616007918626423,0.0988119252779164,0.1627888665847259,11.637339735814496,training_educational,problem_warning_mistakes,2024-11-02 15:00:26+00:00,2024,9.833333333333334,239381,2899,125,12.110401410304076,0.5221801229003138,381.1799363057325,0.1990445859872611
SfgTOcclbCY,0.137102407142133,0.0025919731621155,0.0817935664411448,0.0546453306772931,0.1967445530081811,0.1124605252620449,0.0366624717908731,0.0412822835121873,0.1081978823717695,0.0159827639031758,0.0150979317860819,0.0322973689826277,0.0215447335490754,0.0787055480803505,0.0120408394419003,0.0528498208890453,121,5,1,Heat pumps and heating systems,0.1967445530081811,0.137102407142133,0.0596421458660481,11.497731006675725,training_educational,practical_advice_explainer,2022-02-09 18:30:09+00:00,2022,20.383333333333333,122195,2124,350,17.382053275502273,2.864274315643029,75.19692307692307,0.2153846153846154
ShK3Yohu-vo,0.1823855234507027,0.005585188859148,0.0884223674186852,0.0003387657948629,0.0087761028192336,0.0099005174020101,0.0838946355118767,0.0588048761214478,0.0373784202709699,0.0260169291740285,0.0003501703401434,0.0672808747148093,0.316249871362477,0.0522708030810683,0.00190128705829,0.0604436666202461,11,13,1,"Wall, cavity and floor insulation",0.316249871362477,0.1823855234507027,0.1338643479117743,8.333778449668044,diy_renovator_homeowner,how_to_installation_demo,2021-08-29 01:40:03+00:00,2021,0.4333333333333333,180622,864,28,4.783470452104394,0.1550198757626424,100.9625489100056,0.0156512017887087
SkF1U4vrlhU,0.1113563632264245,0.0357276336173109,0.0598650862761148,0.0259211194760386,0.0098401605220628,0.0324561562193092,0.0358731058564108,0.0116475595470249,0.0295469997026064,0.0197316127875398,0.0149723648579176,0.0698644183974354,0.3418550528119051,0.0135731308995723,0.0932955665514424,0.0944736692508838,140,13,1,"Wall, cavity and floor insulation",0.3418550528119051,0.1113563632264245,0.2304986895854806,9.530722120179774,training_educational,practical_advice_explainer,2023-12-14 18:00:13+00:00,2023,5.466666666666667,207686,4729,403,22.7699507910981,1.9404293019269476,218.1575630252101,0.4233193277310924
Smyw6phvDHs,0.2552666176613603,0.0032564256019797,0.0536906777831614,0.0743705993224456,0.0758932970235519,0.1608987465355981,0.0467997158378727,0.0233245272482905,0.05177809318169,0.0324023426213762,0.0193674174814557,0.0531967966346116,0.0143386949388089,0.0802937535819768,0.0055226549110977,0.0495996396347222,48,1,6,Situated household retrofit experience and building context,0.2552666176613603,0.1608987465355981,0.0943678711257621,10.762188765042175,training_educational,how_to_installation_demo,2023-01-13 19:00:15+00:00,2023,5.25,194055,2584,151,13.31581252737626,0.7781299116229935,150.78088578088577,0.1173271173271173
SnGyikFzYME,0.1512249539775423,0.0,0.0,0.0024536102480004,0.0,0.6894247977403621,0.0,0.0214241765710404,0.0,0.0,0.0092887030277618,0.0382226097080875,0.0,0.0553018713166543,0.0,0.0326592774105508,1,6,1,"Praise, gratitude and social endorsement",0.6894247977403621,0.1512249539775423,0.5381998437628198,2.9423798299988038,installer_tradesperson,how_to_installation_demo,2025-01-04 11:30:16+00:00,2025,5.233333333333333,6305,64,4,10.150674068199844,0.6344171292624902,11.15929203539823,0.0070796460176991
Ss2fxauPqAQ,0.0068252588497744,0.0018853551032632,0.1297161303661249,0.0019135146776588,0.0,0.2339660771354548,0.0,0.0,2.794442792349897e-05,0.0,0.00258524262596,0.1471652160822974,0.4493651029164615,0.0125118820083302,0.0002904848733523,0.0137477909333985,2,13,6,"Wall, cavity and floor insulation",0.4493651029164615,0.2339660771354548,0.2153990257810067,4.203409575003896,installer_tradesperson,problem_warning_mistakes,2022-07-12 21:39:23+00:00,2022,15.216666666666669,25841,103,4,3.98591385782284,0.154792771177586,17.555027173913043,0.0027173913043478
StggEnv7e8E,0.5187486286161148,0.0,0.0,0.0064537425947763,0.0485891619196904,0.0,0.0,0.0238676538535054,0.0537387547979075,0.0193916026665627,0.3292104555514427,0.0,0.0,0.0,0.0,0.0,1,1,11,Situated household retrofit experience and building context,0.5187486286161148,0.3292104555514427,0.189538173064672,3.348342149686881,installer_tradesperson,how_to_installation_demo,2025-08-05 19:07:22+00:00,2025,2.433333333333333,5224,62,7,11.868300153139357,1.339969372128637,14.840909090909092,0.0198863636363636
T5ekQvwpMZo,0.061187018298673,0.0026470821534951,0.0163536321360557,0.1418351852653038,0.041583338339567,0.1620739280862994,0.047964280510198,0.0219672272496172,0.1228025052976053,0.0385693600815225,0.0054273739113733,0.001938527900946,0.004173074989952,0.2889665438487316,0.0110447296197954,0.031466192310864,13,14,6,Thermostat wiring and smart heating controls,0.2889665438487316,0.1620739280862994,0.1268926157624322,8.596660060310214,installer_tradesperson,how_to_installation_demo,2023-11-08 15:31:21+00:00,2023,7.35,50346,406,48,8.064195765304095,0.9534024550113216,50.95748987854251,0.048582995951417
T9_KR_n9OOA,0.1851698014028224,0.0206445190164645,0.0347127223463751,0.0397720440575908,0.0,0.0838653144171152,0.1332481684413164,0.0352977884979688,0.0755493993273721,0.1082393415314751,0.0029436940202764,0.0357598275010621,0.1839376955389213,0.0141788264577197,0.0300317310564324,0.016649126387087,18,1,13,Situated household retrofit experience and building context,0.1851698014028224,0.1839376955389213,0.0012321058639011,10.4758922882662,diy_renovator_homeowner,how_to_installation_demo,2024-01-30 03:43:14+00:00,2024,0.4833333333333333,106171,606,57,5.707773309095704,0.5368697666971206,117.31602209944752,0.0629834254143646
TChYcSSNXrI,0.1378239059650431,0.004003826924161,0.1186807007885824,0.0413667896831018,0.0486604703866116,0.1147311351804934,0.0482385968795884,0.0242796562282151,0.0532826087321618,0.0321025264299421,0.0289909968762459,0.1344583638303952,0.0203668514398045,0.0066046266170315,0.0126011995463112,0.1738077444923104,65,16,1,"Prospective choices, recommendations and alternatives",0.1738077444923104,0.1378239059650431,0.0359838385272672,11.276804598030903,diy_renovator_homeowner,practical_advice_explainer,2023-04-10 14:03:56+00:00,2023,15.35,67413,807,186,11.970984824885408,2.759111744025633,56.1775,0.155
TEfIQhTB26Y,0.0,0.0110844322144276,0.0056605735636073,0.3021915770477026,0.0,0.0,0.0205087629598765,0.2932060115876443,0.0,0.1581814938574371,0.1769878057163249,0.0,0.0,0.0038665771437153,0.028312765909264,0.0,3,4,8,"Implementation, cost and how-to questions",0.3021915770477026,0.2932060115876443,0.0089855654600583,4.957204612884653,installer_tradesperson,how_to_installation_demo,2023-09-10 05:22:48+00:00,2023,0.25,1447042,7110,52,4.913471758248897,0.0359353771348723,1382.0840496657115,0.049665711556829
TEriYzt5qEQ,0.1719613553302715,0.008241496145703,0.0194166547781959,0.1838346483061893,0.0045195394410797,0.0930318263003451,0.0148485682949259,0.063049216007749,0.1004959729942105,0.0300914417448081,0.0544912724106306,0.0716811837806861,0.1367661677340112,0.0073402596462737,0.0033795187485361,0.0368508783363835,20,4,1,"Implementation, cost and how-to questions",0.1838346483061893,0.1719613553302715,0.0118732929759177,10.434540937039875,installer_tradesperson,practical_advice_explainer,2022-08-19 02:48:34+00:00,2022,1.0166666666666666,159543,2066,82,12.949486972164244,0.5139680211604395,111.2573221757322,0.0571827057182705
TKB3QpMjxpk,0.0825287654166536,0.005309377146482,0.1843035365925678,0.0102573224944913,0.001642903108249,0.0576962502177992,0.1106279146439882,0.0327606659267244,0.1785257523292705,0.2767493855830668,0.0,0.0,0.0,0.0174276393756771,0.0082048710255524,0.0339656161394772,3,10,3,"Implementation follow-up, outcomes and retrospective questions",0.2767493855830668,0.1843035365925678,0.092445848990499,7.470914295064651,diy_renovator_homeowner,how_to_installation_demo,2026-05-30 06:13:56+00:00,2026,11.083333333333334,210,10,4,47.61904761904761,19.04761904761905,3.888888888888889,0.074074074074074
TKctXuFdIM8,0.093932562267619,0.000337522700014,0.0020822132792191,0.0354303744969548,0.0826623598175204,0.3094224653083611,0.0619153120699511,0.00678011330203,0.0702683159027346,0.0042044673888739,0.0039782272347964,0.0020047871513302,0.0066346093562769,0.2919310419122561,0.0028330470661912,0.0255825807458703,8,6,14,"Praise, gratitude and social endorsement",0.3094224653083611,0.2919310419122561,0.0174914233961049,6.542822303648286,installer_tradesperson,how_to_installation_demo,2024-03-01 16:17:21+00:00,2024,30.03333333333333,27182,244,16,8.976528585093076,0.588624825252005,31.10068649885584,0.0183066361556064
TlEkLfivbW0,0.106196011951674,0.174835606805922,0.275509883389866,0.0,0.0443190234131337,0.0333196658872905,0.0111801083317918,0.0,0.0146427036910686,0.0759791296890664,0.0016124060624988,0.0089008367872044,0.1653014355233101,0.0041120652375795,0.0249100945955192,0.0591810286340743,3,3,2,Clarification and specification questions,0.275509883389866,0.174835606805922,0.100674276583944,8.07996757109262,installer_tradesperson,how_to_installation_demo,2024-08-31 14:00:23+00:00,2024,32.483333333333334,3890,28,10,7.197943444730077,2.5706940874035986,5.629522431259045,0.0144717800289435
TlNdA8aB8iE,0.0910568965576651,0.0681972712720492,0.082749058686555,0.0629332365136746,0.0429991959471357,0.0578070493771116,0.0223452412269796,0.0314632213677441,0.0064879728491552,0.0156263306214975,0.080741953890463,0.2340353750817424,0.1086925756581729,0.018282690539073,0.0250687773104291,0.0515131531005513,14,12,13,Roof and attic ventilation and airflow,0.2340353750817424,0.1086925756581729,0.1253427994235694,11.89070036302667,builder_contractor,practical_advice_explainer,2025-01-23 18:46:01+00:00,2025,17.066666666666666,49423,620,37,12.544766606640632,0.74863929749307,90.51831501831502,0.0677655677655677
TozuzG0Vb_c,0.1615140496942533,0.005017626975439,0.0583575540973457,0.1054135009876644,0.0084631358583077,0.0636682288986508,0.0721060771477519,0.0131456104664809,0.0677213019193716,0.0222106387726251,0.0245596885006172,0.2277214920236825,0.0225004015148316,0.0290883518254224,0.0140773151965659,0.1044350261209891,35,12,1,Roof and attic ventilation and airflow,0.2277214920236825,0.1615140496942533,0.0662074423294292,10.648086437968406,installer_tradesperson,how_to_installation_demo,2022-10-04 20:41:01+00:00,2022,6.533333333333333,41915,538,97,12.83550041751163,2.3142073243468926,30.19812680115274,0.0698847262247838
TxKvs49Ao_s,0.1164035517033689,0.0110907040399358,0.0116803867965626,0.1234786849011489,0.0,0.1655650990168665,0.0173799818408876,0.0222992560358811,0.0104107142783255,0.133685194928467,0.0150922902660795,0.0542630360924383,0.1794046230708245,0.0042533625466075,0.0267067908775259,0.1082863236050798,7,13,6,"Wall, cavity and floor insulation",0.1794046230708245,0.1655650990168665,0.013839524053958,9.68323130090939,builder_contractor,how_to_installation_demo,2025-04-30 14:44:55+00:00,2025,5.7,2573,59,15,22.93043140303148,5.829770695685969,5.730512249443208,0.0334075723830735
Tz0W9xCBxS0,0.1169706024806945,0.0017905979059871,0.0455413804037433,0.0737117430708562,0.1983985209332021,0.1860261697636527,0.0388154426989114,0.0559491466159623,0.0538513242852025,0.0630665283373453,0.0113631972356763,0.0255797804963656,0.0150749855326324,0.0139996115919104,0.0063612240473208,0.0934997446005365,135,5,6,Heat pumps and heating systems,0.1983985209332021,0.1860261697636527,0.0123723511695494,10.691347640628203,installer_tradesperson,how_to_installation_demo,2025-12-03 20:32:11+00:00,2025,33.03333333333333,78017,2432,495,31.172693130984275,6.344771011446223,336.2801724137931,2.1336206896551726
TzwC35L8kNE,0.153269010335679,0.0034851693091871,0.0790540381712571,0.181331670426053,0.0067587612311121,0.0221316370235143,0.1204527265656494,0.170277482794881,0.0480939725045418,0.0323019450751154,0.0145351083816646,0.0336805846771644,0.0150394937211689,0.0409258546069373,0.0144629743520604,0.0641995708240134,42,4,8,"Implementation, cost and how-to questions",0.181331670426053,0.170277482794881,0.0110541876311719,10.547634545746586,installer_tradesperson,project_walkthrough,2024-09-09 22:01:55+00:00,2024,0.9333333333333332,230925,5110,155,22.128396665584063,0.671213597488362,338.59970674486806,0.2272727272727272
U-hVUczzlL4,0.1863167063583484,0.0044979473360358,0.0413245630808379,0.0445157499863869,0.0764774945783692,0.1293787637140448,0.0303076734302182,0.0257350445071942,0.059762892431925,0.0177977519584339,0.0099632411274661,0.1594622950983414,0.0575615149525358,0.024800214849867,0.0243685841779619,0.1077295624120331,109,1,12,Situated household retrofit experience and building context,0.1863167063583484,0.1594622950983414,0.0268544112600069,11.407214878352203,diy_renovator_homeowner,how_to_installation_demo,2024-12-01 19:51:09+00:00,2024,17.8,161524,3097,352,19.173621257522104,2.179242713157178,269.6560934891486,0.5876460767946577
U3I3pQSVicY,0.0794307569825251,0.0720000681056665,0.0055879907112511,0.0432885761445422,0.1976107827487426,0.0206071492287552,0.1091785681627146,0.0561104117260695,0.1831203984960477,0.0883518010777507,0.0085737317729119,0.0379697923553918,0.0121367044283318,0.0251673129750007,0.0420147025817605,0.0188512525025375,12,5,9,Heat pumps and heating systems,0.1976107827487426,0.1831203984960477,0.0144903842526948,11.065959948306016,installer_tradesperson,how_to_installation_demo,2024-10-01 16:00:56+00:00,2024,0.2666666666666666,110855,524,56,4.726895494113933,0.5051644039511073,167.96212121212122,0.0848484848484848
U522et_9P70,0.0846411989137496,0.0103559638715082,0.0444430157454842,0.0364936663554573,0.0177783456113056,0.0396280003816306,0.043536756262654,0.0308380151249966,0.0427439726928456,0.0248926191844821,0.0151856840502729,0.5077404310868424,0.0340642943049084,0.0117262404203015,0.0073276260567278,0.0486041699368325,214,12,1,Roof and attic ventilation and airflow,0.5077404310868424,0.0846411989137496,0.4230992321730927,6.9831920003079135,builder_contractor,practical_advice_explainer,2024-08-08 19:00:30+00:00,2024,4.7,674674,10022,621,14.854581620160255,0.9204445406225822,944.9215686274508,0.8697478991596639
U6eMXxoA3U4,0.0,0.0,8.079771969726853e-05,0.0689148680561016,0.0088692503755736,0.1868403022380561,0.0,0.0040629713895565,0.0035304724594019,0.0,0.2319946051750566,0.0,0.1772073367331104,0.0185759639577739,0.2934205906461369,0.0065028412495349,2,15,11,Vapour barriers and moisture control,0.2934205906461369,0.2319946051750566,0.0614259854710803,5.446110992729546,diy_renovator_homeowner,how_to_installation_demo,2023-07-10 16:00:31+00:00,2023,0.8166666666666667,26203,218,7,8.31965805442125,0.2671449833988474,23.627592425608658,0.0063119927862939
U6nF9-ZeseM,0.035037561158822,0.1172783511724177,0.0511738860539906,0.0018832952374255,0.0031479394303058,0.0325552421942624,0.1789947555419785,0.0020748675669171,0.0077746181340731,0.0037581006925063,0.0594386080402947,0.1307714391484911,0.1255703871778976,0.021597490062252,0.2024523003188531,0.0264911580695119,7,15,7,Vapour barriers and moisture control,0.2024523003188531,0.1789947555419785,0.0234575447768746,9.380063291511362,diy_renovator_homeowner,how_to_installation_demo,2022-08-17 23:47:53+00:00,2022,0.25,32964,165,29,5.005460502366218,0.8797476034461837,22.95543175487465,0.0201949860724234
U7DpZVckWsU,0.2649631272780986,0.0004957632520681,0.0202403873025963,0.0082549418820342,0.1495879246907221,0.0200680602967073,0.0573735270443976,0.0972181157978331,0.0559072155700166,0.0135308356377288,0.0027966835721613,0.0687972381810736,0.0012505194029028,0.2095412116574482,0.0,0.0299744484342109,9,1,14,Situated household retrofit experience and building context,0.2649631272780986,0.2095412116574482,0.0554219156206503,8.07243126420664,installer_tradesperson,how_to_installation_demo,2025-02-01 20:20:03+00:00,2025,2.466666666666667,66427,1448,26,21.7983651226158,0.3914071085552561,123.7001862197393,0.0484171322160148
U9IlMWrsE24,0.1307599187965089,0.1830675380025922,0.0624877830647339,0.0192282305605516,0.0097574514604594,0.0406162234077297,0.1030271024603121,0.0182276881094752,0.0355415014628295,0.0202618618303241,0.0212936574507518,0.0745895458722067,0.0584750035747287,0.0080270038011888,0.0762442364959267,0.1383952536496801,97,2,16,Spray foam and foam insulation,0.1830675380025922,0.1383952536496801,0.044672284352912,11.662858501632074,diy_renovator_homeowner,problem_warning_mistakes,2026-03-27 22:00:00+00:00,2026,11.616666666666667,118074,2830,273,23.96802005521961,2.3121093551501604,1000.6271186440678,2.3135593220338984
UCGpRpKKGV8,0.0970250838746904,0.0157044858883425,0.0471305710471166,0.057947342758395,0.0093783208784881,0.1161160784822725,0.0434874541132086,0.0269757462954002,0.0384685436033355,0.0802393195890295,0.0273256965511799,0.0636873511309609,0.197461667288444,0.0117956725999374,0.0850402432242866,0.0822164226749115,126,13,6,"Wall, cavity and floor insulation",0.197461667288444,0.1161160784822725,0.0813455888061715,12.396418735162612,diy_renovator_homeowner,how_to_installation_demo,2021-09-14 19:14:36+00:00,2021,6.0,446044,3124,269,7.003793347741478,0.6030795168189685,251.57586012408348,0.1517202481669486
UFQrJ_okXBg,0.1260135144443374,0.0,0.0837663292345858,0.3241800643418143,0.0342655740902705,0.001613591971772,0.1042793660852403,0.0378437818766498,0.1502412142835052,0.0148634420056026,0.0022104173741624,0.0,0.0,0.1032293039619432,0.0014451409676925,0.0160482593624235,9,4,9,"Implementation, cost and how-to questions",0.3241800643418143,0.1502412142835052,0.1739388500583091,7.319741001334776,installer_tradesperson,how_to_installation_demo,2022-11-28 09:50:58+00:00,2022,0.2333333333333333,63911,225,22,3.520520724131996,0.3442286930262396,47.94523630907727,0.0165041260315078
UG7qWFqYQGU,0.254541874054507,0.0086559049673193,0.0876641502405299,0.0858151429314609,0.0098696522780454,0.0290253822364278,0.1363242372790248,0.0621859139285482,0.087644935237018,0.0588831588585657,0.0220271213911699,0.0111884392001644,0.008846010112517,0.0255890747330528,0.0148763627984453,0.096862639753203,151,1,7,Situated household retrofit experience and building context,0.254541874054507,0.1363242372790248,0.1182176367754822,10.433422917394855,installer_tradesperson,problem_warning_mistakes,2023-04-19 22:36:21+00:00,2023,0.6333333333333333,618322,27035,890,43.72317336274627,1.4393794818880778,519.1620486985727,0.7472712006717045
UHq1aRh2tBg,0.037083642152152,0.0,0.1711696342871381,0.0726906714920133,0.0044164948507009,0.0435250185198971,0.0231295785288141,0.0242336258187796,0.0456310514910466,0.0597969439520868,0.0737101813684857,0.0002846989307522,0.0,0.4336867504130981,0.0001253557075594,0.0105163524874754,9,14,3,Thermostat wiring and smart heating controls,0.4336867504130981,0.1711696342871381,0.2625171161259599,6.473348345586235,installer_tradesperson,how_to_installation_demo,2024-10-26 19:44:15+00:00,2024,7.633333333333334,48571,252,39,5.188281073068292,0.8029482613081881,76.48976377952756,0.0614173228346456
UQNhNtLQnAU,0.1373003726193036,0.0076443550886832,0.0195989970385569,0.048297016812341,0.3138119681560518,0.008253211417528,0.0293556329846025,0.1638906567864282,0.0401165462424829,0.0085754478993308,0.0076785437749753,0.0086381114916133,0.027858060910626,0.0457668152318252,0.0122502753443895,0.1209639882012609,11,5,8,Heat pumps and heating systems,0.3138119681560518,0.1638906567864282,0.1499213113696236,8.45847993592485,installer_tradesperson,how_to_installation_demo,2025-09-20 07:44:14+00:00,2025,13.166666666666666,3047,89,42,29.209058089924515,13.784049885132918,9.95751633986928,0.1372549019607843
URSCpyiBgL4,0.2505939669571174,0.0362934173070725,0.0,0.0058054812441524,0.0016025007977118,0.0116705500658404,0.0,0.0047529195735248,0.2519638854741864,0.0,0.0049926144929835,0.2894153312559383,0.0729850039891589,0.0049328105163735,0.0229615099770072,0.0420300083489324,3,12,9,Roof and attic ventilation and airflow,0.2894153312559383,0.2519638854741864,0.0374514457817519,5.780325479059118,installer_tradesperson,practical_advice_explainer,2025-03-03 20:23:25+00:00,2025,0.95,593,15,7,25.29510961214165,11.804384485666104,1.1696252465483234,0.0138067061143984
URlv-8dTvIk,0.1212650634253927,0.0003460925485447,0.0,0.2367686922374227,0.0666909594847414,0.0,0.0,0.3364183789499504,0.0,0.2385108133539479,0.0,0.0,0.0,0.0,0.0,0.0,2,8,10,"Solar PV, batteries and power systems",0.3364183789499504,0.2385108133539479,0.0979075655960024,4.431089777835501,diy_renovator_homeowner,how_to_installation_demo,2022-09-19 15:15:01+00:00,2022,0.3833333333333333,98784,686,6,6.944444444444444,0.0607385811467444,70.40912330719885,0.0042765502494654
URp35fvVubQ,0.3717834491981207,0.001142084950757,0.0659259455043389,0.0599406097660674,0.0624104461294357,0.0357967847762816,0.0021871594988889,0.120933587322827,0.0,0.0170023657624798,0.0206452828144494,0.0056880095693411,0.0,0.0894202928611474,0.0548847707053402,0.0922392111405243,2,1,8,Situated household retrofit experience and building context,0.3717834491981207,0.120933587322827,0.2508498618752935,7.8348939673259,installer_tradesperson,how_to_installation_demo,2024-11-24 14:00:14+00:00,2024,1.1,7026,97,4,13.80586393395958,0.569313976658127,11.594059405940596,0.0066006600660066
UUalCAU4W8g,0.142722307486374,0.2203161800011325,0.0693787238039483,0.0630942746747269,0.0172629852546465,0.0170174101852901,0.0341393992599417,0.021619900123464,0.0546694316208878,0.0258695823987993,0.0185776969570519,0.0564863268838004,0.1221838093200337,0.0150392100020173,0.0519960328197703,0.0696267292081145,217,2,1,Spray foam and foam insulation,0.2203161800011325,0.142722307486374,0.0775938725147584,11.672332903289613,installer_tradesperson,how_to_installation_demo,2023-06-18 17:45:05+00:00,2023,0.1333333333333333,205033655,2317123,16290,11.301183700792926,0.0794503712085706,181285.28293545533,14.403183023872678
UdxFFvSvbnU,0.0917300032928493,0.0596029440246959,0.0399172236516525,0.0323278208061322,0.0103025455456723,0.1226036562081921,0.0536495930991799,0.0128063819331221,0.0345963985188832,0.1072021479491716,0.0163061345152516,0.0625892184947287,0.1676138222562035,0.0077263345642761,0.0586101424373393,0.122415632702649,71,13,6,"Wall, cavity and floor insulation",0.1676138222562035,0.1226036562081921,0.0450101660480114,12.18982586126178,installer_tradesperson,how_to_installation_demo,2022-06-22 15:07:56+00:00,2022,41.71666666666667,133593,1672,285,12.515625818718048,2.133345310008758,89.53954423592494,0.1910187667560321
UiWshacdEbI,0.1426881138788852,0.0222314047187921,0.033056478845883,0.0933256945484881,0.022568645537178,0.1044725783913749,0.07605824280384,0.0712766489613407,0.0564104981696997,0.107104117469914,0.0454162455011974,0.0591649590340333,0.0599200928861613,0.0138812589663918,0.0356298422428164,0.0567951780440033,15,1,10,Situated household retrofit experience and building context,0.1426881138788852,0.107104117469914,0.0355839964089712,13.751455877952484,diy_renovator_homeowner,how_to_installation_demo,2022-11-12 20:25:03+00:00,2022,0.45,96459,1327,66,13.75714033941882,0.6842285323297981,71.50407709414381,0.0489251297257227
UuLpYGd9-DQ,0.2442740799998596,0.0024142823104831,0.0138122573771547,0.0487570252821224,0.1552457315864248,0.0054650798234381,0.0312318519524191,0.0513008704264127,0.0992661203865748,0.0270604778834032,0.0411863379706662,0.1206444817754659,0.0677119307969075,0.0242232718410862,0.0065550114159753,0.0608511891716058,19,1,5,Situated household retrofit experience and building context,0.2442740799998596,0.1552457315864248,0.0890283484134348,10.30670795573856,installer_tradesperson,practical_advice_explainer,2023-08-22 17:10:37+00:00,2023,0.9833333333333332,68523,748,96,10.916042788552748,1.4009894487982135,64.28048780487805,0.0900562851782364
Ux7N5-2F7X8,0.176499432223469,0.0620894179125253,0.0790109474304657,0.0021494311897742,0.0637730076164554,0.0511107573296583,0.0054216184355825,0.0212177290701621,0.0,0.0116126493832007,0.0039005245433126,0.1846169614162121,0.0400050875715417,0.0322089968947226,0.032264787163747,0.2341186518191701,6,16,12,"Prospective choices, recommendations and alternatives",0.2341186518191701,0.1846169614162121,0.049501690402958,9.073929254969416,training_educational,how_to_installation_demo,2025-12-08 23:00:45+00:00,2025,4.083333333333333,25797,670,31,25.972012249486376,1.201690119006086,113.6431718061674,0.1365638766519823
UzERzNahYXM,0.1872129154024336,0.0027454403672911,0.1003565644616638,0.1012281659281007,0.0044486303997236,0.0518026625520126,0.0353504880844818,0.034311667804996,0.0420604229332227,0.315326523857592,0.0085123130551884,0.0408131750152557,0.0162440480143778,0.02656307941347,0.0083697942745246,0.0246541084356649,7,10,1,"Implementation follow-up, outcomes and retrospective questions",0.315326523857592,0.1872129154024336,0.1281136084551583,8.72948480699605,installer_tradesperson,how_to_installation_demo,2024-06-17 17:00:16+00:00,2024,8.883333333333333,21501,341,25,15.859727454537,1.1627366169015396,28.069190600522195,0.0326370757180156
V-FTvu8X5r4,0.2362300642852967,0.0144082285751167,0.0,0.0,0.0,0.0047048779998681,0.294160002628206,0.0191885413873506,0.3157178395410495,0.0758103027411823,0.0,0.0,0.0074215584772475,0.0009318916146534,0.0217612882763139,0.0096654044737147,1,9,7,Performance checking and troubleshooting,0.3157178395410495,0.294160002628206,0.0215578369128434,4.921194955107118,diy_renovator_homeowner,how_to_installation_demo,2024-05-13 16:02:15+00:00,2024,0.45,27370,75,2,2.740226525392766,0.073072707343807,34.169787765293385,0.0024968789013732
V59laqPviSE,0.0,0.0004731834812811,0.460611067006359,0.0017075846521267,0.0,0.0,0.4887722792423712,0.0,0.0112277207576287,0.0,0.0096105059044902,0.0014240690276376,0.0128912435288289,0.0,0.0132823463992761,0.0,2,7,3,"Alternative methods, challenges and ""why"" questions",0.4887722792423712,0.460611067006359,0.0281612122360122,2.5582702065647545,builder_contractor,practical_advice_explainer,2025-06-25 13:07:03+00:00,2025,0.25,293527,911,8,3.103632715218702,0.0272547329547196,746.8880407124682,0.0203562340966921
V6lZXjRR-1k,0.1821284119539487,0.0930458611027228,0.0523196212283044,0.0192003934538185,0.0070859695108543,0.1503825036819939,0.0606609702075907,0.0194974274398638,0.0731353765662036,0.029806453019935,0.0381699026363471,0.0543430336291143,0.0527657891592614,0.0193356781499565,0.0307794876896249,0.1173431205704594,130,1,6,Situated household retrofit experience and building context,0.1821284119539487,0.1503825036819939,0.0317459082719547,12.147760051173002,diy_renovator_homeowner,how_to_installation_demo,2019-12-14 18:55:12+00:00,2019,9.433333333333334,718972,7348,372,10.220147655263348,0.5174054066083241,297.9577289680895,0.1541649399088271
V8_dwTIyWx8,0.5414773003577326,0.0,0.0,0.0,0.0,0.0,0.0,0.0,0.0,0.0,0.0115621802739705,0.0,0.0,0.0,0.0,0.446960519368297,1,1,16,Situated household retrofit experience and building context,0.5414773003577326,0.446960519368297,0.0945167809894355,2.103640893219693,installer_tradesperson,how_to_installation_demo,2020-01-21 19:36:03+00:00,2020,0.3666666666666666,28677,59,1,2.0573979147051644,0.0348711510966977,12.074526315789472,0.0004210526315789
VMvTC9MmHHE,0.0860088573483125,0.0,0.3323428398007803,0.0,0.0,0.0342713776757167,0.2412845882229266,0.1132032845780639,0.023691100599007,0.0,0.0090046509641058,0.0822155461850285,0.0290192506705372,0.0,0.0219444161886777,0.0270140877668435,3,3,7,Clarification and specification questions,0.3323428398007803,0.2412845882229266,0.0910582515778537,6.705832717725673,diy_renovator_homeowner,practical_advice_explainer,2023-08-12 01:15:56+00:00,2023,0.2833333333333333,317230,1641,25,5.172902941083756,0.078807174605176,294.82342007434943,0.0232342007434944
VPY3i-xnhV0,0.0300672726071047,0.1052058535575518,0.0,0.0,0.1759804024739343,0.0,0.0082889301667596,0.012168101349563,0.0161414555918821,0.0,0.0,0.077909924759342,0.404835723827125,0.0,0.1694023356667372,0.0,1,13,5,"Wall, cavity and floor insulation",0.404835723827125,0.1759804024739343,0.2288553213531907,5.331820965645576,installer_tradesperson,how_to_installation_demo,2019-04-15 03:58:18+00:00,2019,1.7333333333333334,30930,74,14,2.392499191723246,0.4526349822179114,11.645331325301203,0.0052710843373493
VQ0Oxell0XE,0.101808790128571,0.0028486459952601,0.1143801041887812,0.1168945949711669,0.0063717809600148,0.0893850176014788,0.0386732307632464,0.1510421966440269,0.0509460274061583,0.017777691006663,0.0151766443001199,0.0120907295211913,0.0216177579716426,0.1541075532873057,0.0130951313395235,0.0937841039148487,8,14,8,Thermostat wiring and smart heating controls,0.1541075532873057,0.1510421966440269,0.0030653566432788,10.99711304869974,installer_tradesperson,how_to_installation_demo,2023-01-18 15:50:58+00:00,2023,7.383333333333334,32854,257,42,7.822487368356973,1.2783831496925793,25.62714508580343,0.0327613104524181
VW7T6fpxEnw,0.0658567337800573,0.0277051885004417,0.1577841887115167,0.2928405509037854,8.555127684006405e-05,0.1147751641578162,0.0,0.0004521404178067,0.2236444207129201,0.0006546207867828,0.0043547741989246,0.0222080582443851,0.0712038549715123,0.0,0.0153996535081449,0.0030350998290658,3,4,9,"Implementation, cost and how-to questions",0.2928405509037854,0.2236444207129201,0.0691961301908652,6.687409282814127,diy_renovator_homeowner,how_to_installation_demo,2022-10-31 09:30:12+00:00,2022,6.416666666666667,34329,345,15,10.049812112208336,0.4369483527047103,25.22336517266716,0.0110213078618662
VcSq_lJpWWk,0.0567407120689263,0.0035113032952317,0.1728801890315904,0.1748792120202426,0.0228603389870045,0.0044334804874849,0.0030120438537361,0.1620345009460476,0.0148277396838555,0.0047751771572642,0.2461148041407221,0.059023414731095,0.0393139217751812,0.0035441134310157,0.0167943580712104,0.015254690319391,36,11,4,"Product sourcing, access and location questions",0.2461148041407221,0.1748792120202426,0.0712355921204795,8.113145564358621,diy_renovator_homeowner,how_to_installation_demo,2023-05-29 17:26:57+00:00,2023,0.1333333333333333,41943586,306778,1000,7.314062274026832,0.0238415475491294,36440.99565595135,0.8688097306689835
VecErMR29No,0.1471026844176728,0.0099364311883025,0.0459052764221286,0.1005282123888849,0.0137993286253042,0.1006479886343112,0.117658932316873,0.0200210217496402,0.0939365701377867,0.098529752600721,0.0688030725864791,0.0097590657142511,0.007238318706288,0.0809389212020835,0.0296173999440725,0.0555770233651998,25,1,7,Situated household retrofit experience and building context,0.1471026844176728,0.117658932316873,0.0294437521007997,12.234876864075964,installer_tradesperson,how_to_installation_demo,2023-05-02 11:45:13+00:00,2023,16.883333333333333,73864,1183,51,16.015921152388174,0.6904581392830066,62.70288624787776,0.0432937181663837
VfUa4ljGbZ4,0.2653679123650195,0.010732847205594,0.0411234903217833,0.0939967999046262,0.0230038002777366,0.1468283711486211,0.0362372566385521,0.0065463789035202,0.0371988923088414,0.0341500372427393,0.0342929054005554,0.0656939524581478,0.0524937952903646,0.0063398124394877,0.0222105274278572,0.1237832206665529,31,1,6,Situated household retrofit experience and building context,0.2653679123650195,0.1468283711486211,0.1185395412163983,10.361124046629852,diy_renovator_homeowner,how_to_installation_demo,2026-01-29 18:39:12+00:00,2026,13.233333333333333,26714,1205,74,45.10743430411021,2.770083102493075,152.65142857142857,0.4228571428571429
VgFfjRUQ24o,0.1251972276404513,0.0010488030898478,0.0641734115326234,0.0337322881913277,0.0158140047141243,0.2377929905044627,0.039447515784213,0.0136865483059272,0.1023601159933976,0.0272486439110635,0.0080159975060335,0.0150674180153469,0.0046891576846105,0.2665672791913702,0.0049380960671938,0.0402205018680055,152,14,6,Thermostat wiring and smart heating controls,0.2665672791913702,0.2377929905044627,0.0287742886869074,8.31212092396724,installer_tradesperson,how_to_installation_demo,2021-04-01 21:04:51+00:00,2021,3.183333333333333,883581,4127,1028,4.670765894694431,1.1634473806023442,455.68901495616296,0.5301701908200103
Vo2144_lZag,0.1138562839248645,0.0010182486842635,0.0918551065682367,0.1264367528519613,0.0020569023907811,0.0384940982682078,0.0198695055582453,0.0040408771793153,0.022738069201553,0.0211374960041274,0.0647148986182838,0.0231211252272827,0.3232322423756028,0.0789442791909702,0.0274956385030724,0.0409884754532316,5,13,4,"Wall, cavity and floor insulation",0.3232322423756028,0.1264367528519613,0.1967954895236414,9.02948109419826,training_educational,how_to_installation_demo,2020-09-08 08:15:47+00:00,2020,6.0,26815,161,21,6.004102181614768,0.7831437628193175,12.506996268656716,0.0097947761194029
VpuN9xsWXAo,0.1109534393597419,0.0091313937615783,0.0927220672359911,0.0692372915705206,0.0,0.0310685786047946,0.0798507822326664,0.0098801222227329,0.1507817826641442,0.0236458819261926,0.0464769099447905,0.0880257127773904,0.2364184650143605,0.0112368474475041,0.0390146067939074,0.0015561184436839,9,13,9,"Wall, cavity and floor insulation",0.2364184650143605,0.1507817826641442,0.0856366823502163,10.032988122387373,builder_contractor,how_to_installation_demo,2024-01-04 13:00:22+00:00,2024,0.3333333333333333,123454,352,36,2.851264438576312,0.291606590308941,132.60365198711062,0.0386680988184747
Vr9aNrxy1Ec,0.0770000562718683,0.0179222770127552,0.1768444992771096,0.0390207471705243,0.0273495041143467,0.0477165600899439,0.149956864901525,0.0455367864203454,0.1096814459349457,0.0181082497444726,0.1443338344531165,0.0781372296591956,0.0069260771962848,0.0074556073354317,0.0315428252470742,0.0224674351710597,3,3,7,Clarification and specification questions,0.1768444992771096,0.149956864901525,0.0268876343755845,11.360671098761385,installer_tradesperson,how_to_installation_demo,2024-11-19 14:32:46+00:00,2024,0.4833333333333333,45726,624,25,13.64650308358483,0.5467348991820846,74.8379705400982,0.0409165302782324
VrKYlQPHfno,0.1128337001792687,0.0055347309986023,0.0748029491410617,0.0517634220552531,0.0054728626135077,0.1046592878747395,0.046644693908507,0.1871561982168482,0.0526341307139642,0.0756332903328627,0.0109570080860797,0.0234059712721596,0.0203525419348173,0.1473299306583882,0.0195069860187425,0.0613122959951967,90,8,14,"Solar PV, batteries and power systems",0.1871561982168482,0.1473299306583882,0.0398262675584599,11.478649328777117,installer_tradesperson,how_to_installation_demo,2023-06-28 22:28:00+00:00,2023,6.716666666666667,348005,7058,302,20.281317797158085,0.8678036235111565,310.44157002676184,0.2694023193577163
Vufih-WN5R4,0.1489613494574378,0.0228459532945222,0.0639030219669428,0.0296758590116568,0.0275052895451494,0.0639245536708133,0.0802281201428279,0.0197392565071149,0.0531512677258403,0.0175308074934615,0.0286983842466268,0.2657714791811362,0.0677069889868935,0.0177660097846802,0.043037826316527,0.0495538326683684,153,12,1,Roof and attic ventilation and airflow,0.2657714791811362,0.1489613494574378,0.1168101297236983,11.28830884463701,training_educational,practical_advice_explainer,2022-04-24 14:20:09+00:00,2022,23.433333333333334,372794,9363,414,25.1157475710446,1.1105328948427282,240.3571889103804,0.2669245647969052
VwUjkSjllPs,0.0586589029582847,0.0366097974062365,0.0446985317386922,0.0414188424781931,0.0146931265313264,0.0633310724448998,0.0275120275990859,0.0440162807585383,0.0476089348702765,0.0245490341050493,0.0251185753876559,0.0857157451204849,0.2519635452077149,0.0101325297916855,0.1284234067611283,0.0955496468407469,61,13,15,"Wall, cavity and floor insulation",0.2519635452077149,0.1284234067611283,0.1235401384465866,11.61388333460706,builder_contractor,how_to_installation_demo,2024-03-02 16:30:05+00:00,2024,8.35,65638,1608,112,24.498004204881315,1.7063286510862612,75.18671248568155,0.1282932416953035
VxwGmzAx1Ww,0.2578331810612536,0.0,0.0,0.0,0.0,0.0,0.0,0.3086216489020522,0.0,0.0,0.3953899456428748,0.0,0.0381552243938193,0.0,0.0,0.0,1,11,8,"Product sourcing, access and location questions",0.3953899456428748,0.3086216489020522,0.0867682967408225,3.3327566283010888,builder_contractor,how_to_installation_demo,2023-06-14 04:40:12+00:00,2023,0.6666666666666666,3154,44,4,13.950538998097654,1.2682308180088775,2.778854625550661,0.0035242290748898
VyLV4mMl2v8,0.2150004527740203,0.0,0.0,0.0,0.0923396753377966,0.0,0.1847153866378545,0.1717998256267976,0.2135951355458672,0.044564232379813,0.0,0.0,0.048319618872396,0.0,0.0296656728254544,0.0,1,1,9,Situated household retrofit experience and building context,0.2150004527740203,0.2135951355458672,0.0014053172281531,6.580817371645973,builder_contractor,how_to_installation_demo,2024-10-02 22:00:31+00:00,2024,0.9833333333333332,4201,75,4,17.8528921685313,0.952154248988336,6.374810318664643,0.0060698027314112
Vy_9xs2nL78,0.1295323812332774,0.0068938970477452,0.1376517715166133,0.0,0.1062523152510268,0.0523196156830506,0.0281092480677522,0.0644892520006951,0.0048539986879329,0.1703580828048349,0.0,0.0168072336926388,0.0,0.1743571986826743,0.0193712066458137,0.0890037986859444,2,14,10,Thermostat wiring and smart heating controls,0.1743571986826743,0.1703580828048349,0.0039991158778394,9.33773867065416,installer_tradesperson,how_to_installation_demo,2022-02-17 10:06:21+00:00,2022,1.0166666666666666,28653,63,7,2.198722646843262,0.244302516315918,17.719851576994433,0.0043290043290043
W22X0sR-YUw,0.0992137287618902,0.0017725883297711,0.0813252358680384,0.0581285258699702,0.0026358249265487,0.0704354934773653,0.0226089976970521,0.043055750431746,0.0210204950676905,0.0529167947943764,0.0193858979685573,0.2118646337155079,0.0998643317661423,0.0127257546608348,0.1421770663619135,0.0608688803025946,14,12,15,Roof and attic ventilation and airflow,0.2118646337155079,0.1421770663619135,0.0696875673535943,11.12051912183209,installer_tradesperson,how_to_installation_demo,2024-12-19 15:49:52+00:00,2024,3.0166666666666666,7236,157,33,21.69707020453289,4.560530679933665,12.454388984509466,0.0567986230636833
W52NZOC-DN8,0.0665268402633405,0.0120543464963657,0.0,0.0,0.0,0.0351288496810451,0.0,0.0,0.0,0.0544409290779483,0.0036433248471162,0.0,0.0,0.0,0.0,0.8282057096341839,1,16,1,"Prospective choices, recommendations and alternatives",0.8282057096341839,0.0665268402633405,0.7616788693708434,1.986195744881737,installer_tradesperson,problem_warning_mistakes,2020-12-18 17:10:56+00:00,2020,1.9166666666666667,565,11,3,19.469026548672566,5.3097345132743365,0.2765540871267744,0.0014684287812041
W8Arptrbi10,0.0523609652325399,0.0084509690733811,0.0538139159433574,0.3450656694238223,0.0005205748009246,0.0651399058873475,0.1283038660701407,0.00633252523154,0.0193979991267232,0.0048884739423165,0.0580924968628327,0.1235787404326688,0.0329493537087668,0.0168124076881592,0.0456337358407079,0.0386584007347707,6,4,7,"Implementation, cost and how-to questions",0.3450656694238223,0.1283038660701407,0.2167618033536815,8.762799640342735,installer_tradesperson,how_to_installation_demo,2020-07-01 15:20:38+00:00,2020,44.86666666666667,39820,265,31,6.654947262682069,0.77850326469111,17.993673746046092,0.0140081337550835
W9ofvoF3GBk,0.0827286989369335,0.118595226870129,0.034172561795821,0.0355718766013173,0.0096905176960576,0.0298966941169498,0.0975419905360029,0.0120827342292154,0.0530452678915612,0.0713535176660577,0.0168536835012639,0.1264864281395969,0.1855741661348721,0.0080094062297884,0.0403608639447099,0.0780363657097228,128,13,12,"Wall, cavity and floor insulation",0.1855741661348721,0.1264864281395969,0.0590877379952751,11.913168272245375,installer_tradesperson,how_to_installation_demo,2024-09-27 12:35:52+00:00,2024,1.0,488394,10231,477,20.948250797511847,0.9766704750672612,735.5331325301205,0.7183734939759037
WATmq9zSvW8,0.2077581508390108,0.001661528795765,0.0092241241423257,0.0408267522280318,0.2154263722977549,0.0748138492571172,0.0187877674388855,0.0869069541176855,0.0519907740137989,0.048514842176251,0.0203705627831885,0.1110288180187443,0.0305607279462501,0.0161518666279745,0.0041246489101567,0.0618522604070589,25,5,1,Heat pumps and heating systems,0.2154263722977549,0.2077581508390108,0.0076682214587441,10.119456707302136,installer_tradesperson,how_to_installation_demo,2026-05-27 14:00:00+00:00,2026,36.63333333333333,5924,158,43,26.671168129642133,7.25860904794058,103.9298245614035,0.7543859649122807
WBrL9153zJQ,0.0880876005090069,0.0030176682144584,0.0813842687940921,0.0799340176948854,0.0141556922492465,0.0166602441141582,0.1254002629718315,0.3461163671477735,0.0572832552710006,0.0327814669094156,0.0240236866819596,0.007522280012775,0.0046104694561487,0.0361343549693198,0.0087451468722823,0.0741432181316452,261,8,7,"Solar PV, batteries and power systems",0.3461163671477735,0.1254002629718315,0.2207161041759419,8.802693019628343,training_educational,practical_advice_explainer,2025-09-26 13:15:09+00:00,2025,1.6166666666666667,688885,18712,1439,27.162733983175716,2.088882759822031,2296.2833333333333,4.796666666666667
WCtGzj_osXY,0.0752849545739795,0.0017755441429657,0.1451212597335836,0.1171161898656401,0.0345115632371209,0.0102589458270622,0.0107208230298654,0.3394676508421516,0.0087140437636593,0.0135429543283468,0.0012278060483627,0.0021080102669444,0.0,0.1925470329139554,0.0126099832203497,0.0349932382060122,11,8,14,"Solar PV, batteries and power systems",0.3394676508421516,0.1925470329139554,0.1469206179281961,6.863828898213943,installer_tradesperson,how_to_installation_demo,2025-01-27 02:28:32+00:00,2025,1.0,502591,4240,316,8.436283180558346,0.628741859683122,927.289667896679,0.5830258302583026
WDuJZzh1aHo,0.1103530184696806,0.0163406866859935,0.0383677425985685,0.005234568912328,0.0417153493967699,0.0539282744344969,0.0013835296255233,0.027162169558408,0.0010403621162319,0.1514993747200051,0.1166171606840902,0.0585692631193572,0.2119131097137842,0.010475554146656,0.094357142467628,0.0610426933504779,10,13,10,"Wall, cavity and floor insulation",0.2119131097137842,0.1514993747200051,0.0604137349937791,10.380466141274036,training_educational,how_to_installation_demo,2022-08-24 13:12:57+00:00,2022,1.4833333333333334,18175,101,31,5.557083906464924,1.7056396148555708,12.718684394681596,0.0216934919524142
WJvntR712B4,0.1764342099040025,0.0083446321270576,0.286601984796813,0.0,0.0016062598981106,0.0551567019743291,0.0402355174447715,0.0,0.0591162720162044,0.0170290400454019,0.0016930501250861,0.1495491900788608,0.1987050743513541,0.0055280672380079,0.0,0.0,5,3,13,Clarification and specification questions,0.286601984796813,0.1987050743513541,0.0878969104454588,6.58604218771994,diy_renovator_homeowner,how_to_installation_demo,2022-08-18 17:11:47+00:00,2022,0.2666666666666666,84383,311,15,3.6855764786746144,0.1777609234087434,58.80348432055749,0.0104529616724738
WNq4bf-gSyo,0.1425074462030302,0.0827405626703623,0.0678742533652134,0.0783307178015901,0.0042291435302493,0.0216028601338979,0.0392550445156278,0.0006858108972671,0.0380009932421396,0.0571345007589414,0.0572980394340498,0.0341199639373272,0.2967421785429326,0.0009530769268948,0.0535380995436559,0.0249873084968199,16,13,1,"Wall, cavity and floor insulation",0.2967421785429326,0.1425074462030302,0.1542347323399024,9.844759356058404,training_educational,how_to_installation_demo,2024-09-01 18:10:28+00:00,2024,2.9166666666666665,36791,0,52,0.0,1.413389144084151,53.32028985507247,0.0753623188405797
WTKGyXv0UTU,0.0,0.0067132470096693,0.116243057044289,0.1458458866848781,0.0285721214952264,0.0,0.0,0.0962253331184009,0.1754047214579623,0.0,0.0,0.3262472975495137,0.0907843930434305,0.0132097212385432,0.0007542213580862,0.0,2,12,9,Roof and attic ventilation and airflow,0.3262472975495137,0.1754047214579623,0.1508425760915513,6.31251494325017,builder_contractor,how_to_installation_demo,2023-06-09 17:00:28+00:00,2023,0.95,2059,16,3,7.770762506070908,1.4570179698882952,1.806140350877193,0.0026315789473684
WWcBwHfNk-Y,0.1440058610843167,0.0236024678285642,0.1287923314259774,0.0465284809621337,0.0086857656499888,0.0225386836940131,0.1115797502100416,0.0271088380169029,0.0625905829259562,0.0615838166040318,0.044859993036106,0.0224301847114127,0.1741841668201437,0.0104228401882024,0.0683234148246245,0.0427628220175835,29,13,1,"Wall, cavity and floor insulation",0.1741841668201437,0.1440058610843167,0.030178305735827,11.9777340720291,installer_tradesperson,how_to_installation_demo,2024-03-01 13:50:39+00:00,2024,0.2,6519294,38518,575,5.908308476347286,0.0881997345111295,7459.1464530892445,0.6578947368421053
Wdy5-5YgDrU,0.4724838609678098,0.0384769590364729,0.0736656186354857,0.0234976356443355,0.1034963692647658,0.0,0.0,0.0578519394349909,0.0,0.0,0.0,0.0060818635335682,0.1811612220161536,0.0,0.0432845314664172,0.0,1,1,13,Situated household retrofit experience and building context,0.4724838609678098,0.1811612220161536,0.2913226389516561,5.134184409429748,installer_tradesperson,how_to_installation_demo,2025-05-21 11:26:53+00:00,2025,1.5166666666666666,496,6,1,12.096774193548386,2.0161290322580645,1.158878504672897,0.0023364485981308
WeyWVzGERdg,0.3100886730857574,0.0004645522419851,0.0009269946738812,0.0129177323437541,0.0258556608468962,0.1249696823918562,0.0270538433578748,0.035155168834466,0.0608790514380212,0.0535687690779065,0.0040639740492052,0.2154468687717979,0.0124807075584381,0.0244543978981009,0.037041113492442,0.0546328099376165,5,1,12,Situated household retrofit experience and building context,0.3100886730857574,0.2154468687717979,0.0946418043139594,8.212856341481784,diy_renovator_homeowner,how_to_installation_demo,2025-03-17 09:21:41+00:00,2025,16.333333333333332,7516,148,29,19.691325172964344,3.858435337945716,15.245436105476674,0.0588235294117647
Wkvw6JqsMCA,0.0792034760292046,0.0223050481561553,0.1561440802539631,0.0798080842727501,0.0,0.0059076857456668,0.1361364943061515,0.040380412384431,0.0937366219266481,0.0142422035945805,0.1457691537109068,0.0,0.1807330183586745,0.0015122467411877,0.0296641358903125,0.0144573386293668,5,13,3,"Wall, cavity and floor insulation",0.1807330183586745,0.1561440802539631,0.0245889381047114,9.549982131328488,installer_tradesperson,how_to_installation_demo,2019-10-07 07:29:26+00:00,2019,0.2333333333333333,67690,235,10,3.4717092628157777,0.1477323090559905,27.28335348649738,0.004030632809351
WoLG6q1Tfgs,0.2158764053598569,0.0069263697122612,0.0387374468897627,0.0539640284436885,0.0463762139110267,0.1081001781280024,0.0216163474580586,0.0240240635156334,0.0612248172470461,0.0378074585681639,0.0167510814537766,0.2191615389808353,0.0308233959526971,0.0254236036996043,0.0136398106076486,0.079547240071937,96,12,1,Roof and attic ventilation and airflow,0.2191615389808353,0.2158764053598569,0.0032851336209784,10.599541385242446,diy_renovator_homeowner,how_to_installation_demo,2023-09-27 16:15:02+00:00,2023,27.03333333333333,109809,2386,269,21.72863790763963,2.449708129570436,106.61067961165048,0.2611650485436893
Wx75mK1Y7go,0.0496932279282446,0.1549376738034601,0.07538090976885,0.0398834582686712,0.0059019330684909,0.0577913815368506,0.0482602852957314,0.0164487057304759,0.0370494320038056,0.0067419252088546,0.0645940687213314,0.0904359540034192,0.1658044427913458,0.0060803069840912,0.111617744438365,0.0693785504480118,21,13,2,"Wall, cavity and floor insulation",0.1658044427913458,0.1549376738034601,0.0108667689878856,11.93262558836413,training_educational,how_to_installation_demo,2024-01-27 16:00:16+00:00,2024,7.05,38543,652,65,16.91617154865994,1.6864281451884908,42.44823788546256,0.0715859030837004
X0qPKugYVHs,0.0649001826722295,0.0324439919055788,0.121213031614378,0.0373389891083518,0.0392985982446849,0.0898971574375741,0.0336908562069475,0.035536762734694,0.1257916969778578,0.1655883802293788,0.1527528817645113,0.0408421200468403,0.0085610242198546,0.0006667165625246,0.0294584729907453,0.0220191372838479,8,10,11,"Implementation follow-up, outcomes and retrospective questions",0.1655883802293788,0.1527528817645113,0.0128354984648675,11.629178912421802,diy_renovator_homeowner,how_to_installation_demo,2024-07-19 04:30:04+00:00,2024,0.5333333333333333,197008,2096,48,10.639161861447253,0.2436449281247462,268.4032697547684,0.0653950953678474
X2XsaezSRKA,0.112198790185485,0.0069200873168779,0.1246200573572327,0.0980313844244754,0.0,0.0508363029479844,0.0111295435416288,0.0163468598874022,0.128935332637312,0.001683966269436,0.0019675650834847,0.0013470128218844,0.0,0.3436691493158651,0.0008780752988836,0.1014358729120472,2,14,9,Thermostat wiring and smart heating controls,0.3436691493158651,0.128935332637312,0.2147338166785531,6.939283753186733,installer_tradesperson,how_to_installation_demo,2025-10-29 15:01:09+00:00,2025,6.55,1178,14,9,11.884550084889645,7.64006791171477,4.411985018726591,0.0337078651685393
X4mVaCMoirM,0.1859469398852541,0.0056097885312908,0.0838907825312335,0.1120823317921889,0.0161457975939036,0.1152385274229699,0.0563156208805028,0.0195170759219148,0.0357980587311406,0.0595217313904369,0.0023021847827035,0.0135020778537024,0.1723331194404638,0.0141617062437081,0.0355270394400548,0.0721072175585307,37,1,13,Situated household retrofit experience and building context,0.1859469398852541,0.1723331194404638,0.0136138204447903,10.80797634908391,diy_renovator_homeowner,how_to_installation_demo,2022-06-26 17:31:34+00:00,2022,13.133333333333333,53733,871,129,16.209777976290177,2.4007593099212774,36.11088709677419,0.0866935483870967
XAihvGjayMI,0.0921469730807394,0.0001850528494404,0.0205238603185305,0.062064679394043,0.0282689367566497,0.1255575608655798,0.0162453115886516,0.2660771553530811,0.0259867773685287,0.0928286277729124,0.0018703773700038,0.106733208549516,0.021010527757639,0.0717561321164425,0.0244225085112083,0.0443223103470331,7,8,6,"Solar PV, batteries and power systems",0.2660771553530811,0.1255575608655798,0.1405195944875012,10.167213138041514,installer_tradesperson,practical_advice_explainer,2025-10-20 17:00:48+00:00,2025,8.016666666666667,5031,45,12,8.944543828264758,2.385211687537269,18.22826086956522,0.0434782608695652
XAtEDU2tJe8,0.1508369315510686,0.0053217929309449,0.137064491999395,0.047630127638961,0.054030693886642,0.0283048903501239,0.0889264320938061,0.0037939852935669,0.0035865784050908,0.1051237327424266,0.0084431824615245,0.1551181852860249,0.0227294059073343,0.1689215447878439,0.0018952248681636,0.0182727997970824,10,14,12,Thermostat wiring and smart heating controls,0.1689215447878439,0.1551181852860249,0.013803359501819,9.808906682035085,installer_tradesperson,how_to_installation_demo,2023-09-19 12:58:35+00:00,2023,0.75,27224,282,39,10.358507199529829,1.4325595063179548,26.227360308285164,0.0375722543352601
XDJ-F50TUtk,0.1697658504460065,0.0137692635153808,0.7632663223992394,0.0,0.0,0.0152803428188781,0.0,0.0,0.0,0.0,0.0,0.0,0.0,0.0,0.0155180490861755,0.0224001717343194,1,3,1,Clarification and specification questions,0.7632663223992394,0.1697658504460065,0.5935004719532329,2.181206200455297,installer_tradesperson,how_to_installation_demo,2025-03-18 18:19:10+00:00,2025,1.1333333333333333,145149,1073,10,7.392403667954998,0.0688947219753494,295.0182926829268,0.0203252032520325
XDQSNs6vjnk,0.3438841005916389,0.0045142848316956,0.3047713693583332,0.0,4.173838663662485e-05,0.0,0.2582071971590682,0.0,0.0279713112786247,0.0,0.0,0.0300651547505105,0.0122113152923252,0.0,0.0,0.0183335283511668,3,1,3,Situated household retrofit experience and building context,0.3438841005916389,0.3047713693583332,0.0391127312333056,4.204397528125645,builder_contractor,how_to_installation_demo,2024-10-10 22:00:25+00:00,2024,0.6166666666666667,3834,67,11,17.47522170057381,2.8690662493479397,5.889400921658986,0.0168970814132104
XH5iI9CzqJI,0.384930645499224,0.0,0.0020543848630335,0.0664635586138126,0.0,0.0464213956301656,0.0,0.0,0.0,0.0,0.0047119149929413,0.0998657340024638,0.3314731772221141,0.0007562176715828,0.0,0.063322971504662,3,1,13,Situated household retrofit experience and building context,0.384930645499224,0.3314731772221141,0.0534574682771099,4.50156141042252,training_educational,how_to_installation_demo,2025-08-06 21:09:55+00:00,2025,0.9666666666666668,9377,77,5,8.211581529273754,0.5332195798229712,26.715099715099715,0.0142450142450142
XJiPerk61Mc,0.1614990360149167,0.0410532493761738,0.0980833639962931,0.0626781460267865,0.0190169192079292,0.0377804335685721,0.1336243638469224,0.0146920561858603,0.0619327528920124,0.0093797141755507,0.0039130516427449,0.0648238156506047,0.2483408027570132,0.003404783910669,0.0119527725922606,0.0278247381556897,18,13,1,"Wall, cavity and floor insulation",0.2483408027570132,0.1614990360149167,0.0868417667420965,9.8742965831115,builder_contractor,how_to_installation_demo,2026-06-18 22:22:17+00:00,2026,1.0166666666666666,103441,897,32,8.67160990322986,0.3093550913080887,2955.457142857143,0.9142857142857144
XLb56YJzslQ,0.1186379484005308,0.0004842699129656,0.0351123158871287,0.0057875748997906,0.2411624367709377,0.0277168367712622,0.1291697366426352,0.0945073677456636,0.0215369733481312,0.0001600825936261,0.0143805967722946,0.1184435331950948,0.0777422005816067,0.0450708569912624,0.0383787460172207,0.0317085234698484,3,5,7,Heat pumps and heating systems,0.2411624367709377,0.1291697366426352,0.1119927001283025,10.01697109857852,installer_tradesperson,how_to_installation_demo,2025-01-22 17:00:38+00:00,2025,8.133333333333333,5045,40,9,7.928642220019821,1.78394449950446,9.223034734917734,0.016453382084095
XNfUB8lWLAc,0.1320565438926354,0.0021541283698337,0.0518722007771449,0.1251476688668816,0.1334117409671076,0.0975654804025542,0.155394893787825,0.0322982220663454,0.0355893158079906,0.0340624595339389,0.0101815081072275,0.0182229698068419,0.0245096019619934,0.0321884670524767,0.0179917221980663,0.0973530764011361,27,7,5,"Alternative methods, challenges and ""why"" questions",0.155394893787825,0.1334117409671076,0.0219831528207173,11.521532035208349,installer_tradesperson,how_to_installation_demo,2025-06-01 17:26:25+00:00,2025,12.75,24254,587,108,24.20219345262637,4.452873752783046,58.16306954436451,0.2589928057553957
XPSkyecmmEE,0.1899636446125771,0.0445870984811552,0.1292870942926547,0.1130900888661413,0.0024171913990228,0.0524245577886524,0.0393208715907643,0.0046469530548628,0.0679551711617207,0.0103355145736223,0.0744907195318418,0.0985212640773816,0.0129784447081825,0.0441256203399862,0.0122372831924609,0.1036184823289727,16,1,3,Situated household retrofit experience and building context,0.1899636446125771,0.1292870942926547,0.0606765503199223,11.258714664457845,diy_renovator_homeowner,how_to_installation_demo,2025-07-28 21:14:34+00:00,2025,0.75,292625,3375,96,11.533532678342588,0.3280649295173003,812.8472222222222,0.2666666666666666
XSDrjycpU6s,0.0444735200257424,0.2390304114009668,0.1097920477835283,0.1281592093366992,0.0029428022416269,0.0037940527457766,0.0064548129003589,0.0153089214356256,0.0674997782250848,0.0019249914915237,0.1123210514744939,0.0535645614944804,0.1472811877815795,0.0097284728620128,0.044598105957975,0.0131260728425246,12,2,13,Spray foam and foam insulation,0.2390304114009668,0.1472811877815795,0.0917492236193873,9.396278130616656,installer_tradesperson,how_to_installation_demo,2022-05-28 16:20:42+00:00,2022,0.1833333333333333,13130664,61146,179,4.656733277159479,0.0136322123542267,8655.6783124588,0.1179960448253131
XUyaWvsF-_0,0.1172705255841812,0.0048959469918084,0.0523354269845012,0.0298089762173272,0.0513868674262796,0.1191724646371048,0.0541815177524609,0.0224702036283694,0.062648895680171,0.1072089694155072,0.0467471243751765,0.0015215802110762,0.0178869759912376,0.2920083787812628,0.0078848998402764,0.0125712464832588,18,14,6,Thermostat wiring and smart heating controls,0.2920083787812628,0.1191724646371048,0.1728359141441579,9.741683192144103,installer_tradesperson,how_to_installation_demo,2019-10-30 00:26:55+00:00,2019,6.283333333333333,142000,316,60,2.2253521126760565,0.4225352112676057,57.770545158665584,0.0244100895036615
XZZxH1LpQYU,0.0351000704752999,0.0,0.0991972409147877,0.0091819659360228,0.0,0.0013301525421633,0.0057801467967117,0.8380478444326697,0.0084641095432301,0.0028984693591145,0.0,0.0,0.0,0.0,0.0,0.0,6,8,3,"Solar PV, batteries and power systems",0.8380478444326697,0.0991972409147877,0.7388506035178819,1.884828767180483,builder_contractor,how_to_installation_demo,2021-08-14 14:28:13+00:00,2021,0.1666666666666666,475763,5011,49,10.53255507469055,0.1029924563280456,263.7267184035477,0.0271618625277161
XhvOHEOiEbw,0.3163369631668554,0.0085677520020407,0.192603463915522,0.0691585351429377,0.0053825975275947,0.030895452058557,0.0518159748901286,0.0358032835137882,0.0455693823679952,0.0491448533236332,0.0427405026114304,0.0090615396945449,0.0277720154373872,0.010828319309824,0.0271016679250981,0.077217697112662,24,1,3,Situated household retrofit experience and building context,0.3163369631668554,0.192603463915522,0.1237334992513333,9.25592075322401,training_educational,project_walkthrough,2020-07-21 22:00:08+00:00,2020,4.033333333333333,91857,1156,109,12.584778514430038,1.1866270398554275,41.886456908344734,0.049703602371181
XrS9QeFuWuE,0.0602812455584607,0.0,0.0012673176495763,0.1562344958053982,0.0587502829302039,0.1602460538287672,0.0045036938213329,0.0,0.0651037760600819,0.0045897879520438,0.0,0.0129740271853195,0.376191234014791,0.0,0.0231946614584394,0.0766634237355846,3,13,6,"Wall, cavity and floor insulation",0.376191234014791,0.1602460538287672,0.2159451801860237,6.442976853441728,installer_tradesperson,how_to_installation_demo,2021-01-25 17:00:14+00:00,2021,4.283333333333333,1125,17,12,15.111111111111112,10.666666666666666,0.5610972568578554,0.0059850374064837
XwglNa3y0_Y,0.4701564849205215,0.0091226924094349,0.004701466065326,0.0,0.0235416038131267,0.0406875077006657,0.0,0.2337876538721598,0.0,0.0,0.0,0.0,0.0,0.0625860781253108,0.0,0.1554165130934543,2,1,8,Situated household retrofit experience and building context,0.4701564849205215,0.2337876538721598,0.2363688310483617,4.237383200123393,installer_tradesperson,how_to_installation_demo,2024-11-21 20:26:16+00:00,2024,0.3333333333333333,93572,687,24,7.34193989655025,0.2564869832855982,153.6486042692939,0.0394088669950738
Xzd3CpepoVM,0.1186499269826226,0.0043630819679469,0.0073016676954484,0.0995900287244196,0.2427095395841648,0.1690999901231047,0.0401285955675201,0.0348869436195362,0.1630720582873109,0.0088636690084957,0.001505406706737,0.0303240484953093,0.0,0.0132714433130351,0.0059655991581281,0.0602680007662199,3,5,6,Heat pumps and heating systems,0.2427095395841648,0.1690999901231047,0.0736095494610601,8.526570858026895,installer_tradesperson,how_to_installation_demo,2025-06-11 14:00:50+00:00,2025,36.38333333333333,2106,58,14,27.54036087369421,6.647673314339981,5.174447174447175,0.0343980343980344
Y0nkl-lWUQo,0.319535551009717,0.0,0.0053246181175698,0.012295164952133,0.0,0.0448414545735321,0.2759486430189795,0.021973852723332,0.1070758505098885,0.0256161183249743,0.0096278171532034,0.0073241342010043,0.003905936290581,0.1533336657518651,0.0,0.0131971933732192,3,1,7,Situated household retrofit experience and building context,0.319535551009717,0.2759486430189795,0.0435869079907374,6.080130768410568,installer_tradesperson,how_to_installation_demo,2024-12-09 20:51:01+00:00,2024,3.533333333333333,12014,107,19,8.906276011320127,1.581488263692359,20.328257191201352,0.0321489001692047
Y7WNb0hAY1M,0.1391097676176933,0.0006917844112708,0.0277315113952167,0.0286679979011248,0.1944814573065658,0.0466540065570482,0.0463077125780812,0.1191836493469931,0.073417269730753,0.0150775276958094,0.0091868290368807,0.0026315923834483,0.0902757524521785,0.0307229185347709,0.0037208093514486,0.1721394137007159,15,5,16,Heat pumps and heating systems,0.1944814573065658,0.1721394137007159,0.0223420436058499,9.968165062184006,installer_tradesperson,how_to_installation_demo,2023-09-23 21:29:05+00:00,2023,0.4333333333333333,7452,65,58,8.722490606548579,7.783145464304884,7.206963249516441,0.0560928433268858
YA6uPtfqkYA,0.0737413316182597,0.028881985910124,0.0341804269308286,0.1381886901654124,0.0,0.0046773526861728,0.0315578088727174,0.0373244791742794,0.0581928977019232,0.0028143328628138,0.0008176928084187,0.3170625022662703,0.2171554082402385,0.0032673754884025,0.0168403007607919,0.0352974145133463,6,12,13,Roof and attic ventilation and airflow,0.3170625022662703,0.2171554082402385,0.0999070940260318,7.610881731029333,installer_tradesperson,practical_advice_explainer,2025-06-15 19:46:49+00:00,2025,3.95,39389,324,19,8.225646754169947,0.482368173855645,97.7394540942928,0.0471464019851116
YCCsP6V5KtQ,0.0339302434826895,0.0,0.0152361659238814,0.0,0.0,0.0224826300273651,0.0,0.0289780273480592,0.0,0.0267561124110243,0.0,0.0,0.8478487118729771,0.0,0.0,0.024768108934003,1,13,1,"Wall, cavity and floor insulation",0.8478487118729771,0.0339302434826895,0.8139184683902875,2.0035308695434635,installer_tradesperson,how_to_installation_demo,2024-02-10 17:03:45+00:00,2024,0.8833333333333333,8981,74,5,8.239616969157108,0.5567308762943993,10.04586129753915,0.0055928411633109
YGoLG2Q24JY,0.0761290497823112,0.0725874077798561,0.0359278292767397,0.0023915940578463,0.0086813987161783,0.0435879686713759,0.0108346132887292,0.01174923741416,0.0701709778932782,0.00993066549448,0.0150062958153501,0.284980420405803,0.1213209135805898,0.0064222287899794,0.1134530909173596,0.1168263081159624,22,12,13,Roof and attic ventilation and airflow,0.284980420405803,0.1213209135805898,0.1636595068252131,9.378928136320456,training_educational,practical_advice_explainer,2023-04-29 12:27:12+00:00,2023,2.4166666666666665,82607,1306,74,15.809798201120971,0.8958078613192586,69.94665537679933,0.0626587637595258
YR4JYB7ZZQU,0.0230910619824147,0.0086277055648074,0.0140872501842098,0.0070587215538654,0.0007849124305268,0.0096055842083909,0.0420690344053057,0.5513342482325299,0.029310236423701,0.0365409091422644,0.0287617635187931,0.0408993389005002,0.0034718460609968,0.0952022636183028,0.0193062307478682,0.0898488930255223,11,8,14,"Solar PV, batteries and power systems",0.5513342482325299,0.0952022636183028,0.456131984614227,5.631005515646639,diy_renovator_homeowner,how_to_installation_demo,2023-04-20 17:18:21+00:00,2023,0.5166666666666667,462764,10809,75,23.357478109792464,0.1620696510532366,388.87731092436974,0.0630252100840336
YS6NzCAG4l8,0.0641980067854012,0.009667609768468,0.0699618943612612,0.032671851692019,0.0013670867941448,0.1266043042397591,0.0838060343243258,0.015292290888316,0.0628735605927107,0.0376807762039246,0.0239405372101163,0.1278632648818417,0.1110620742532381,0.009221823794936,0.1365368746588846,0.0872520095506523,38,15,12,Vapour barriers and moisture control,0.1365368746588846,0.1278632648818417,0.0086736097770429,11.978900343652844,builder_contractor,how_to_installation_demo,2024-10-13 15:30:16+00:00,2024,30.5,68216,1459,136,21.387944177319103,1.9936671748563388,105.2716049382716,0.2098765432098765
YZQzzxv4hKI,0.0700600390195211,0.0034524775312679,0.0479941044302475,0.0586898594584664,0.0655599250922705,0.2502887496780727,0.0126193111265563,0.0387626298361602,0.0326832112412963,0.0165713792876317,0.0096929510953837,0.0124965765972122,0.0044733089054546,0.2926978891804931,0.0140247903271843,0.0699327971927808,23,14,6,Thermostat wiring and smart heating controls,0.2926978891804931,0.2502887496780727,0.0424091395024204,8.445306477234748,installer_tradesperson,how_to_installation_demo,2023-09-20 17:00:32+00:00,2023,10.133333333333333,89269,951,79,10.653194277968836,0.8849656655725953,86.08389585342334,0.0761812921890067
Yccegy0HeLk,0.3254736041072223,0.0065207894605164,0.0169613117983086,0.0013104684305774,0.0078084523079021,0.3907082369192578,0.0036017277933496,0.0050622814743283,0.0089625635204143,0.0162352385670052,0.0669837781320205,0.0537544317375549,0.0070934742963623,0.0301649525613702,0.0286595390780417,0.0306991498157678,8,6,1,"Praise, gratitude and social endorsement",0.3907082369192578,0.3254736041072223,0.0652346328120354,5.612143622247208,installer_tradesperson,how_to_installation_demo,2023-12-09 16:45:00+00:00,2023,8.35,18625,363,39,19.48993288590604,2.093959731543624,19.46185997910136,0.0407523510971786
YfkMK5GRLG8,0.1344631972941154,0.0072968548912645,0.0165926348125414,0.161161187130173,0.0214020507575784,0.0291350124567699,0.1608555911823344,0.0364095435952348,0.05892272420116,0.0477183314103911,0.0030108497959749,0.0018510927432947,0.1143778430799616,0.0269901954200599,0.0379679564810322,0.1418449347481131,15,4,7,"Implementation, cost and how-to questions",0.161161187130173,0.1608555911823344,0.0003055959478386,10.544284210667469,diy_renovator_homeowner,practical_advice_explainer,2024-07-21 16:06:55+00:00,2024,0.5666666666666667,198034,1367,49,6.902855065291818,0.247432259107022,270.5382513661202,0.0669398907103825
YgRAlnQv3GE,0.1577629799962437,0.0003998030811239,0.1024644768444291,0.0320514340039658,0.2836288763519447,0.133578420588718,0.0253756825814065,0.0051618119799121,0.0964953925186988,0.0057211140258984,0.0029380380062607,0.0337082437094598,0.0026111114958787,0.0687330018947532,0.0012512917321822,0.0481183211891238,39,5,1,Heat pumps and heating systems,0.2836288763519447,0.1577629799962437,0.125865896355701,8.376098648564506,installer_tradesperson,practical_advice_explainer,2019-12-19 14:16:27+00:00,2019,6.183333333333334,130080,1179,227,9.063653136531366,1.745079950799508,54.01993355481728,0.0942691029900332
YgvKoG-7T30,0.2084147109223274,0.0044923060818334,0.0558007735061859,0.0295369590474334,0.1149452787201236,0.0905514569084633,0.0672463336907649,0.0444012889981864,0.0857672255900773,0.0128593548247134,0.0359129058569123,0.0244120748946965,0.0049632173906989,0.1368754971722042,0.0087003410262145,0.0751202753691641,58,1,14,Situated household retrofit experience and building context,0.2084147109223274,0.1368754971722042,0.0715392137501232,11.169385311765108,installer_tradesperson,practical_advice_explainer,2024-09-20 09:12:33+00:00,2024,29.266666666666666,68088,965,143,14.172835154505934,2.1002232405122783,101.47242921013412,0.2131147540983606
YhGoeR4Q4tM,0.0750252976832518,0.0555722061080416,0.057287017940804,0.0471619406954163,0.0041604491161697,0.1341602523199888,0.0197288750028552,0.0231807234660749,0.0290527803672942,0.0271259356706841,0.0147539108195329,0.2229757259995272,0.1864623755105886,0.0140950966474058,0.0464836316521718,0.0427737810001923,72,12,13,Roof and attic ventilation and airflow,0.2229757259995272,0.1864623755105886,0.0365133504889386,10.675714413820351,diy_renovator_homeowner,how_to_installation_demo,2021-10-29 15:00:13+00:00,2021,18.98333333333333,211499,3009,172,14.227017621832728,0.81324261580433,122.39525462962963,0.099537037037037
YitugFIMEqs,0.0229733574020323,0.0065145757316439,0.0388408578743773,0.0053442873902585,0.0475070275008261,0.1266599284489818,0.1505878909898743,0.0356651244383409,0.0509006095684218,0.1038488036624144,0.0852014773119207,0.0117549623923157,0.0006861221715286,0.2847545759916882,0.0173769361279324,0.0113834629974425,12,14,7,Thermostat wiring and smart heating controls,0.2847545759916882,0.1505878909898743,0.1341666850018138,9.17924366791652,installer_tradesperson,how_to_installation_demo,2024-01-02 14:34:48+00:00,2024,20.316666666666663,61214,402,50,6.567125167445355,0.8168066128663377,65.60986066452304,0.0535905680600214
YmotMzEVbRY,0.09392129084097,0.0296962078683854,0.1886021376937587,0.1319779835561026,0.0006579682475431,0.0336704802940245,0.1483132687151661,0.2885082706222789,0.0,0.0237736811689876,0.0293398333427023,0.0,0.0122815714774659,0.0070434035903442,0.0064160664667649,0.0057978361155053,6,8,3,"Solar PV, batteries and power systems",0.2885082706222789,0.1886021376937587,0.0999061329285202,7.483957155674741,installer_tradesperson,how_to_installation_demo,2025-01-17 08:12:47+00:00,2025,0.5,330836,3869,50,11.694616063548102,0.1511322830647209,599.3405797101449,0.0905797101449275
YpKQ-JULyG4,0.0543024294895732,0.0002909735351282,0.2604631682989577,0.0657875364643322,0.0024672073206972,0.1319401594942905,0.0019087609914381,0.0120613907924359,0.001831510670798,0.0045162188140785,0.1635181695403944,0.0001492375493127,0.1743819136242299,0.0236137754897401,0.0189087664541338,0.0838587814704587,7,3,13,Clarification and specification questions,0.2604631682989577,0.1743819136242299,0.0860812546747278,7.740953927515368,diy_renovator_homeowner,how_to_installation_demo,2023-11-09 18:40:14+00:00,2023,0.15,939119,6173,25,6.573181886427599,0.0266206945019747,951.4883485309016,0.0253292806484295
YrelmD9xS3c,0.0830805998287141,0.0196694247155053,0.0467367873300774,0.0294504372641771,0.008789466471415,0.0468278307835011,0.0424001833487798,0.0120829650032252,0.0325034499464469,0.0111888169780012,0.0226140411717155,0.3000196223211385,0.1894291539300124,0.008858089957914,0.0658471474664234,0.0805019834829523,39,12,13,Roof and attic ventilation and airflow,0.3000196223211385,0.1894291539300124,0.110590468391126,9.49526430793993,builder_contractor,problem_warning_mistakes,2025-01-10 14:33:06+00:00,2025,10.9,17920,372,152,20.75892857142857,8.482142857142856,32.05724508050089,0.2719141323792486
YsVCTGRR7fc,0.0725990635666414,0.0491408652226537,0.0559377864539264,0.0523209123561635,0.0135949295236684,0.0923769440600377,0.0528094746886943,0.00944710791919,0.0504778386475705,0.0746991272640416,0.0061215858184709,0.2273234709570592,0.1291473286976309,0.0066129469000122,0.0370751800736486,0.07031543785059,87,12,13,Roof and attic ventilation and airflow,0.2273234709570592,0.1291473286976309,0.0981761422594283,11.59753727154714,builder_contractor,how_to_installation_demo,2023-02-19 01:40:19+00:00,2023,12.233333333333333,82346,1851,288,22.47832317295315,3.4974376411726134,65.8768,0.2304
YtfF6WUl8P4,0.3544163913728005,0.0,0.01567069882644,0.0053779672916964,0.3571073804403832,0.0,0.0465075254291941,0.0,0.0582878937779747,0.0017347671943148,0.0,0.0413408183990637,0.0,0.1195565572681321,0.0,0.0,1,5,1,Heat pumps and heating systems,0.3571073804403832,0.3544163913728005,0.0026909890675826,4.634905670028489,installer_tradesperson,how_to_installation_demo,2025-05-03 10:00:51+00:00,2025,12.266666666666667,5615,62,13,11.041852181656278,2.315227070347284,12.589686098654708,0.0291479820627802
YvA526jJD50,0.1857160569900494,0.0156479698194552,0.024593307040942,0.0071788929193615,0.0525467236990475,0.2881675890562136,0.1170570236628416,0.0118996290603004,0.0076629888542686,0.1071489740337516,0.0012304574516243,0.03250663710328,0.0534990828211908,0.0027101343596291,0.0129214739446949,0.0795130591833489,10,6,1,"Praise, gratitude and social endorsement",0.2881675890562136,0.1857160569900494,0.1024515320661642,8.566886535980649,builder_contractor,how_to_installation_demo,2020-12-12 18:30:02+00:00,2020,8.8,62077,705,50,11.356863250479243,0.8054512943602301,30.2962420693021,0.0244021473889702
Yvyt42t0v5U,0.0377349008164153,0.0,0.0849745665739082,0.0733348350526812,0.0039185721149729,0.0353147270016933,0.0260369572633494,0.0051371237185707,0.0168514679754568,0.0026582746804664,0.0023877945361636,0.3806131529301845,0.2037964186497552,0.0257615294999107,0.0083134671296397,0.0931662120568313,3,12,13,Roof and attic ventilation and airflow,0.3806131529301845,0.2037964186497552,0.1768167342804293,6.907688720641425,training_educational,how_to_installation_demo,2022-03-05 10:01:21+00:00,2022,0.2666666666666666,25811,70,9,2.7120220061214213,0.3486885436441827,16.121798875702687,0.0056214865708931
YwK59HPoDoQ,0.0029132083187555,0.0313828742183603,0.006205585401444,0.0,0.0,0.0,0.0462522077974747,0.0434422150861079,0.0,0.0225160909740841,0.0,0.0,0.8048978000166788,0.0073623878192964,0.0350276303677977,0.0,2,13,7,"Wall, cavity and floor insulation",0.8048978000166788,0.0462522077974747,0.758645592219204,2.337915715448931,training_educational,how_to_installation_demo,2019-06-01 20:30:00+00:00,2019,4.516666666666667,1264300,457,10,0.3614648422051728,0.0079095151467215,484.5917976236106,0.0038328861632809
Yy6EUHYh6ow,0.0914789784062768,0.0819991650374068,0.0238328973459953,0.2052072328869419,0.0806444053768273,0.2276279572136799,0.0125465393921341,0.0475489685961557,0.0191847053830899,0.0513492513517703,0.0084063771429835,0.0247830769915046,0.0861796485420734,0.0052991280903549,0.0037722464290869,0.0301394218137181,12,6,4,"Praise, gratitude and social endorsement",0.2276279572136799,0.2052072328869419,0.0224207243267379,10.007773221730492,diy_renovator_homeowner,practical_advice_explainer,2023-01-12 20:42:36+00:00,2023,2.3833333333333333,39618,285,37,7.193699833409057,0.9339189257408248,30.75931677018633,0.0287267080745341
Z-Bhh3aH4f4,0.1822765202353159,0.0125484930595915,0.1584138611708619,0.0104399367392473,0.014585369645119,0.0341785184713138,0.1508341956335772,0.0183303218586366,0.0828873703836213,0.0574505180915375,0.0072618844973855,0.1643555755252408,0.0291475076621993,0.0152209686244358,0.044116651607882,0.0179523067940338,25,1,12,Situated household retrofit experience and building context,0.1822765202353159,0.1643555755252408,0.017920944710075,10.176604301039136,installer_tradesperson,problem_warning_mistakes,2023-12-01 19:34:01+00:00,2023,0.8,193167,1127,115,5.834329880362588,0.5953397837104681,200.1730569948187,0.1191709844559585
Z4HzPKrLkfc,0.0498548564056859,0.0059118284164381,0.0134164450703979,0.0,0.0,0.0,0.0983324482504159,0.6070438263837727,0.0941156632754916,0.0254513188420781,0.0110868366956208,0.0609756514901252,0.01214215932782,0.0013268945034176,0.0203420713387358,0.0,2,8,7,"Solar PV, batteries and power systems",0.6070438263837727,0.0983324482504159,0.5087113781333568,4.248914926495725,diy_renovator_homeowner,how_to_installation_demo,2025-08-18 22:48:30+00:00,2025,0.1833333333333333,71334,310,10,4.345753778002075,0.1401856057420024,210.424778761062,0.0294985250737463
Z6KHUCQD8Pc,0.0848017574401358,0.0183161685561312,0.0454014015249021,0.1259012420509991,0.0042900972647313,0.2321499423087223,0.0216353231557987,0.0216214387048728,0.0476116793868599,0.1474237447837339,0.0064931774634711,0.0234509879364574,0.1296830610491467,0.012814554524869,0.0128066102693052,0.0655988135798628,57,6,10,"Praise, gratitude and social endorsement",0.2321499423087223,0.1474237447837339,0.0847261975249883,10.12698079124412,diy_renovator_homeowner,how_to_installation_demo,2023-11-25 12:48:27+00:00,2023,9.1,41069,867,185,21.110813508972704,4.504614185882296,42.29557157569516,0.1905252317198764
ZAPNCBbhoqE,0.1414809091390908,0.0885817452381509,0.0406226607478615,0.0377747907925206,0.099614830951211,0.0368848948734371,0.0809484642062686,0.0194577075285254,0.0633503579697965,0.0449318970401932,0.0196831350343374,0.047695759825584,0.1573218774840916,0.0057742283998099,0.0271105538432383,0.0887661869258824,229,13,1,"Wall, cavity and floor insulation",0.1573218774840916,0.1414809091390908,0.0158409683450007,12.76933778441674,diy_renovator_homeowner,how_to_installation_demo,2024-10-22 09:16:23+00:00,2024,1.0,1076462,19938,566,18.5217871137114,0.5257965446063121,1684.60406885759,0.8857589984350548
ZAZWYBFipmI,0.1054091873046775,0.4158199927938549,0.0445097706292515,0.0201603875979743,0.0068939896497253,0.0208068098840249,0.0542802428964699,0.018701735154901,0.0964165059190328,0.0183914809948776,0.0184713014857814,0.0224668727798212,0.0356365624482541,0.0220436300552954,0.0507445470750657,0.0492469833309917,231,2,1,Spray foam and foam insulation,0.4158199927938549,0.1054091873046775,0.3104108054891774,8.391376827866752,builder_contractor,how_to_installation_demo,2024-09-14 17:29:33+00:00,2024,0.4666666666666667,3877765,69213,1149,17.848683455547206,0.296304701290563,5727.865583456425,1.6971935007385524
ZDggWwvrrpM,0.188973000209768,0.0024369047689381,0.0020557233592495,0.0138300503235056,0.0080747572975986,0.0810625914171867,0.0334854148647263,0.0412916420615896,0.0460432143889915,0.1557176798891746,0.1273981025795083,0.1403530022873173,0.0,0.0,0.0,0.1592779165524453,4,1,16,Situated household retrofit experience and building context,0.188973000209768,0.1592779165524453,0.0296950836573227,8.596795402108143,installer_tradesperson,how_to_installation_demo,2023-07-04 22:23:34+00:00,2023,0.2166666666666666,21960,135,12,6.147540983606557,0.546448087431694,19.69506726457399,0.010762331838565
ZInm0mt0pXQ,0.1724440774596587,0.1624079169222605,0.0229612839551473,0.0475443411032348,0.0078146766092323,0.0184301730322426,0.0925833411095619,0.0361976584948251,0.0406097362096131,0.1304166137324664,0.0370846679662117,0.0300674973973555,0.0992720951401484,0.0146711865661981,0.0385901938223935,0.0489045404794495,159,1,2,Situated household retrofit experience and building context,0.1724440774596587,0.1624079169222605,0.0100361605373982,11.816464942115331,builder_contractor,how_to_installation_demo,2025-02-08 14:17:00+00:00,2025,0.55,38039284,155879,2678,4.097842640781567,0.0704009044965199,71772.23396226414,5.052830188679246
ZKaf3lPFX1s,0.2411248978941965,0.0533878334985626,0.0883811334783318,0.0015774582598399,0.0004783566085518,0.0426436372560201,0.0150732605328521,0.0406316343262796,0.0078937570880216,0.0148413178706021,0.0024000620508923,0.0601915592156724,0.1986098593143935,0.0198609078980832,0.1831880663569347,0.0297162583507649,6,1,13,Situated household retrofit experience and building context,0.2411248978941965,0.1986098593143935,0.042515038579803,8.620980375673291,builder_contractor,how_to_installation_demo,2024-09-27 06:43:57+00:00,2024,0.3333333333333333,74736,413,14,5.526118604153287,0.1873260543780775,112.55421686746988,0.0210843373493975
ZLKPLqBI6Ow,0.1449133578874301,0.1010980802887965,0.0568874881251405,0.0373100812615011,0.0152874793119307,0.0719425156748406,0.0257922199910339,0.014109702618653,0.0450072529145875,0.0284179070952598,0.0151334602945974,0.0994078642702232,0.173758554919423,0.0064380854055282,0.0949303537930294,0.0695655961480244,248,13,1,"Wall, cavity and floor insulation",0.173758554919423,0.1449133578874301,0.0288451970319928,11.992440419525511,builder_contractor,project_walkthrough,2022-11-19 22:00:21+00:00,2022,9.533333333333331,201508,4229,754,20.986759830875204,3.7417869265736345,150.15499254843516,0.5618479880774963
ZMp5ofZpPWo,0.0395377384454635,0.0593039232909086,0.1068370158073989,0.1245545389834596,0.0312655352398346,0.0447105746910372,0.0095855375274611,0.0085563810850455,0.2859844340266906,0.0660184068207043,0.0225232906776997,0.067583853146591,0.0809866973637555,0.0209239462983134,0.0089749265714121,0.0226532000242237,17,9,4,Performance checking and troubleshooting,0.2859844340266906,0.1245545389834596,0.1614298950432309,10.420184967564143,diy_renovator_homeowner,practical_advice_explainer,2023-01-06 22:56:58+00:00,2023,0.5,177347,1917,70,10.809317327048102,0.3947064230012349,137.0533230293663,0.0540958268933539
ZTc2q376Xnk,0.0616746998449031,0.0,0.0030396247648714,0.3110438019025126,0.0473799472815234,0.0197647376901243,0.010532565046061,0.0495718930176567,0.076033729936737,0.0958179464277203,0.0216251869636825,0.244613010760855,0.0102387966577746,0.0341171400710849,0.0035432210410563,0.0110036985934363,7,4,12,"Implementation, cost and how-to questions",0.3110438019025126,0.244613010760855,0.0664307911416575,7.778415067275305,installer_tradesperson,how_to_installation_demo,2024-12-21 11:02:17+00:00,2024,4.95,2470,32,20,12.955465587044534,8.097165991902834,4.265975820379966,0.0345423143350604
ZTuWmduTJRM,0.0116088490451133,0.0018510441348383,0.1393288536323366,0.0719866655864187,0.0201797449042964,0.112120899896991,0.0074777333573648,0.015106065394376,0.0766653996540181,0.0293877316615955,0.0004686719137831,0.0030978731383386,0.0018367146956505,0.4559725587903629,0.0005576102004242,0.0523535839940912,14,14,3,Thermostat wiring and smart heating controls,0.4559725587903629,0.1393288536323366,0.3166437051580263,6.060268754645052,installer_tradesperson,how_to_installation_demo,2024-03-14 00:15:02+00:00,2024,2.0166666666666666,172576,952,77,5.51641016132023,0.4461802336361951,200.43670150987225,0.089430894308943
ZUcyMZJ-Jsw,0.1813616438343129,0.005819237017108,0.0441151715153753,0.0340033705029077,0.1476181984316209,0.044641989222995,0.0327259179586631,0.0980965430371363,0.0453931726143204,0.0313157855125157,0.0157300047439041,0.0821353319170395,0.1199014575768442,0.0253707523105696,0.0155497531553358,0.0762216706493509,198,1,5,Situated household retrofit experience and building context,0.1813616438343129,0.1476181984316209,0.0337434454026919,11.953718264649488,training_educational,problem_warning_mistakes,2025-04-25 18:01:28+00:00,2025,22.916666666666668,111694,2565,495,22.96452808566261,4.4317510340752415,246.02202643171807,1.0903083700440528
ZW6HHMMoTH4,0.0493602806114373,0.0,0.2890609255855961,0.0,0.532500650212548,0.0,0.0,0.0,0.1140436193126561,0.0,0.0,0.0,0.0,0.0130954236806215,0.0,0.001939100597141,1,5,3,Heat pumps and heating systems,0.532500650212548,0.2890609255855961,0.2434397246269519,3.1877820835515225,builder_contractor,how_to_installation_demo,2025-09-29 00:48:52+00:00,2025,0.2333333333333333,11367,35,2,3.079088589777426,0.1759479194158529,38.27272727272727,0.0067340067340067
Zh0ohPNbbOQ,0.087307780378988,0.0015610431306342,0.017960654022365,0.1469518523424339,0.1091912679630153,0.0678366478078045,0.0409331276942101,0.0677401663130698,0.1333246339864475,0.013357304946432,0.1470937383421224,0.0162368680385451,0.0070294949866319,0.0153221194675378,0.0122131743780952,0.1159401262016665,17,11,4,"Product sourcing, access and location questions",0.1470937383421224,0.1469518523424339,0.0001418859996884,10.936501586728404,installer_tradesperson,how_to_installation_demo,2023-01-15 17:00:07+00:00,2023,10.033333333333331,28657,398,56,13.888404229333148,1.9541473287503923,22.301167315175096,0.0435797665369649
ZjvANH4OCik,0.130960545997816,0.0081954490910084,0.1160759349628959,0.0370919421792622,0.1002450190891807,0.0234802531273103,0.0213862719523664,0.0673110812640143,0.132988491734129,0.0033721251547391,0.0385678401390698,0.0717877387142908,0.0176027939451238,0.1506324990234837,0.0434983749988295,0.0368036386264795,6,14,9,Thermostat wiring and smart heating controls,0.1506324990234837,0.132988491734129,0.0176440072893547,11.90046619879664,training_educational,how_to_installation_demo,2025-03-10 07:06:57+00:00,2025,23.3,7851,87,22,11.08139090561712,2.802190803719271,15.702,0.044
ZmuZbmAWSKo,0.136596824495611,0.0920354846792487,0.0116869027634284,0.0077946255681896,0.0044796089867555,0.1857279874195345,0.0284232648311757,0.1051458099192649,0.0072173223653087,0.0897579782800585,0.0461641761768592,0.1131992160523849,0.1271135578959071,0.0062196865025414,0.0241829596854289,0.0142545943783022,5,6,1,"Praise, gratitude and social endorsement",0.1857279874195345,0.136596824495611,0.0491311629239234,10.393735092077868,diy_renovator_homeowner,how_to_installation_demo,2019-12-05 20:54:12+00:00,2019,2.6333333333333333,42842,192,25,4.481583492834135,0.5835395172961113,17.688687035507844,0.0103220478943022
ZruXLnqBd-Y,0.0598549499929042,0.0055818168952169,0.0741731546218241,0.1284473371299539,0.0105439979765621,0.028321882162764,0.023017264289455,0.4038990558152552,0.0780459466180832,0.0025678410396998,0.0146889583196877,0.0058008640669117,0.0055776112500195,0.0793687430528052,0.0040431517671873,0.0760674250016696,23,8,4,"Solar PV, batteries and power systems",0.4038990558152552,0.1284473371299539,0.2754517186853012,7.466995904108652,training_educational,how_to_installation_demo,2024-07-28 21:10:13+00:00,2024,4.116666666666666,49489,1051,61,21.237042575117705,1.2325971427994098,68.26068965517241,0.0841379310344827
ZuzY9FKfpIM,0.1194341317836523,0.0,0.3042243056891524,0.1032091413741301,0.0226259541361473,0.0649264441917131,0.0031237267422483,0.0365571289488027,0.0816587149961347,0.0035977400470723,0.0061374851619941,0.0,0.0,0.2264308896537363,0.0,0.0280743372752159,5,3,14,Clarification and specification questions,0.3042243056891524,0.2264308896537363,0.077793416035416,6.994756981821333,installer_tradesperson,how_to_installation_demo,2025-09-26 21:06:22+00:00,2025,1.6333333333333333,10256,73,11,7.117784711388455,1.0725429017160686,34.18666666666667,0.0366666666666666
_2azm-zSFSo,0.1122484991972797,0.0003741586683452,0.1793853686671835,0.0663051897670722,0.2400028129225724,0.016019153603808,0.0099370580002415,0.0268482897325611,0.0692318115660777,0.0011529270023125,0.0753555441693304,0.005400287934107,0.0038797469051788,0.0168424198622143,0.0073362466929023,0.1696804853088126,8,5,3,Heat pumps and heating systems,0.2400028129225724,0.1793853686671835,0.0606174442553888,8.426093196338918,training_educational,practical_advice_explainer,2024-01-31 17:00:26+00:00,2024,2.533333333333333,13016,114,26,8.758451137062078,1.9975414874001232,14.398230088495575,0.0287610619469026
_D5_ESYvydk,0.1223503817482837,0.0007447304604697,0.0907960081678877,0.0199777013016369,0.0144148408094458,0.0385991347990225,0.0375271194549973,0.0086844105137952,0.0450336332416573,0.0017255316741863,0.0397823639823787,0.0922363878745047,0.0963707067822524,0.0012415344776902,0.3118048170258279,0.0787106976859629,17,15,1,Vapour barriers and moisture control,0.3118048170258279,0.1223503817482837,0.1894544352775442,9.074644457944755,training_educational,how_to_installation_demo,2025-03-24 22:00:26+00:00,2025,3.4166666666666665,166289,1483,46,8.918208660825432,0.276626836411308,342.15843621399176,0.0946502057613168
_HiuDH6OPoY,0.1557738436882818,0.0054014891156123,0.0230105049823118,0.0566595230872795,0.0952955702380374,0.171937456724029,0.0053806738777373,0.208740965288655,0.0639219063088664,0.0149211720840644,0.0083496667057998,0.0125937260092691,0.0042422091953869,0.0414823488467651,0.0083358745139792,0.1239530693339243,10,8,6,"Solar PV, batteries and power systems",0.208740965288655,0.171937456724029,0.036803508564626,9.361770508387089,installer_tradesperson,how_to_installation_demo,2024-01-23 15:06:17+00:00,2024,23.883333333333333,10676,390,18,36.53053578119145,1.6860247283626826,11.706140350877194,0.0197368421052631
_RQ9S1u7ag4,0.1749591600735499,0.03852991642441,0.0802926408513439,0.0583933513427625,0.030449778087319,0.0480137412634491,0.0378337311567745,0.0099966430972561,0.0373207207076322,0.0171070080628301,0.0233012086628791,0.0430409762880282,0.1929039722680147,0.0056036106502156,0.1454578355550224,0.0567957055085119,93,13,1,"Wall, cavity and floor insulation",0.1929039722680147,0.1749591600735499,0.0179448121944647,11.3132700175927,diy_renovator_homeowner,how_to_installation_demo,2021-03-20 15:41:22+00:00,2021,6.233333333333333,226975,2458,293,10.829386496310166,1.2908910672981604,116.33777549974371,0.1501793951819579
_TGiq6uH0t0,0.1800757073499024,0.2733302253296364,0.1519286446244201,0.010371861828986,0.000863854784436,0.1090414743325206,0.0131450304129738,0.0170306403624472,0.0345921718035926,0.0613714458881243,0.0068361489306002,0.1144353340090768,0.0006996057044365,0.0056635534401163,0.0079333304808929,0.0126809707178373,7,2,1,Spray foam and foam insulation,0.2733302253296364,0.1800757073499024,0.093254517979734,7.916044492356296,diy_renovator_homeowner,problem_warning_mistakes,2025-08-19 11:30:00+00:00,2025,1.2666666666666666,14445,272,12,18.830044998269297,0.8307372793354102,42.73668639053255,0.0355029585798816
_UGNgGcwhjs,0.0608255919182398,0.0019052859292302,0.0441044005741026,0.0367558591008412,0.00710083094656,0.0932615884105409,0.0212363158403821,0.0175935783731334,0.0593479490979807,0.002775735905467,0.0150971450963373,0.354585720504975,0.0893544365942024,0.0070743414450043,0.099375938319207,0.0896052819437954,31,12,15,Roof and attic ventilation and airflow,0.354585720504975,0.099375938319207,0.2552097821857679,8.68770802134336,installer_tradesperson,how_to_installation_demo,2022-09-18 15:30:04+00:00,2022,5.783333333333333,37967,485,70,12.774251323517792,1.8437063765901969,27.04202279202279,0.0498575498575498
_UZDAEn7X_E,0.0342179626247189,0.2874464502217903,0.0033686677084837,0.0016084966081524,0.0199689114408882,0.0086230825959761,0.0,0.0,0.0,0.0153868378238481,0.0004924182940425,0.0489196336558799,0.0549874857090243,0.0448796857551288,0.0400089227285248,0.4400914448335415,1,16,2,"Prospective choices, recommendations and alternatives",0.4400914448335415,0.2874464502217903,0.1526449946117513,5.088061905166618,diy_renovator_homeowner,how_to_installation_demo,2025-04-03 16:24:25+00:00,2025,0.7666666666666667,10364,101,5,9.74527209571594,0.482439212659205,21.77310924369748,0.0105042016806722
_XykCN3Nxe8,0.1271040816551223,0.0013611021086611,0.0094477329441218,0.114578494824283,0.0,0.0018708862124531,0.0461862021523996,0.213391248686266,0.1961531872912726,0.0433482145326901,0.0093485931832532,0.0043572211289057,0.0003283787327932,0.1334190875667777,0.0,0.0991055689809998,4,8,9,"Solar PV, batteries and power systems",0.213391248686266,0.1961531872912726,0.0172380613949933,7.92655241685379,installer_tradesperson,how_to_installation_demo,2020-10-28 22:40:05+00:00,2020,6.333333333333333,4982,43,13,8.63107185869129,2.6093938177438782,2.379178605539637,0.0062082139446036
__LqdnMek0I,0.0375324056717987,0.0041771324195068,0.0119154402932598,0.0186926772138804,0.0006343074168633,0.0581150531804227,0.0175190703643486,0.0312476152447543,0.0248384589475816,0.0206761528368587,0.0703136371660056,0.265915644814766,0.1202986245147588,0.0100902591740551,0.1949279978695465,0.1131055228715924,19,12,15,Roof and attic ventilation and airflow,0.265915644814766,0.1949279978695465,0.0709876469452194,9.022293287285484,installer_tradesperson,problem_warning_mistakes,2024-10-15 15:41:29+00:00,2024,9.216666666666669,23587,332,55,14.075550091151907,2.331792936787213,36.51238390092879,0.0851393188854489
__lBtwsBxiw,0.4797295287154674,0.0,0.0,0.0,0.0,0.0851470582047461,0.0765333039723667,0.0,0.0539136707790076,0.0020922595597017,0.0,0.0,0.287503819544577,0.0,0.0,0.0150803592241333,1,1,13,Situated household retrofit experience and building context,0.4797295287154674,0.287503819544577,0.1922257091708904,3.860538697834551,training_educational,practical_advice_explainer,2024-07-27 18:16:59+00:00,2024,6.366666666666666,366,21,5,57.37704918032787,13.66120218579235,0.5041322314049587,0.0068870523415977
_d5-OzlOah0,0.1514830594074951,0.0020026565256762,0.1114804067373508,0.0386750225462818,0.1045071417013618,0.1268906971546644,0.0512933910911293,0.010820773500326,0.0962554478687382,0.0108839435141849,0.0186241792746921,0.0275358072233797,0.0271758999640846,0.1327758247305183,0.0117051555737581,0.077890593186358,37,1,14,Situated household retrofit experience and building context,0.1514830594074951,0.1327758247305183,0.0187072346769767,11.388143247886871,installer_tradesperson,how_to_installation_demo,2019-02-17 19:44:19+00:00,2019,5.116666666666666,127475,1279,105,10.033339870562855,0.8236909197881938,46.98673055657943,0.0387025433099889
_gBfi2FqOwg,0.1254425551985912,0.0,0.1777906233906611,0.1810233814020985,0.1404302022342993,0.0,0.0096784171300038,0.0061654976837904,0.0112890727943391,0.2263947454578171,0.0,0.0993652974990204,0.0,0.0224202072093787,0.0,0.0,2,10,4,"Implementation follow-up, outcomes and retrospective questions",0.2263947454578171,0.1810233814020985,0.0453713640557186,6.891599245155297,installer_tradesperson,how_to_installation_demo,2025-10-23 12:27:51+00:00,2025,2.966666666666667,9165,108,8,11.783960720130931,0.8728859792689581,33.57142857142857,0.0293040293040293
_qy5EKXEMAM,0.0620083242596169,0.0027619138196232,0.0824664653593059,0.0126803242210017,0.0252029344618847,0.1930272209999851,0.0614676907699832,0.0315745073912584,0.032927085434232,0.0239774908817909,0.0156868481535446,0.0238712637945271,0.013370143720794,0.3644787374013963,0.0071725858700414,0.0473264634610139,19,14,6,Thermostat wiring and smart heating controls,0.3644787374013963,0.1930272209999851,0.1714515164014111,8.184296868820926,installer_tradesperson,how_to_installation_demo,2022-10-31 19:39:09+00:00,2022,13.766666666666667,115519,665,91,5.7566287796812645,0.7877492014300678,84.87803085966202,0.0668626010286554
_sFwuopVr14,0.0483901329691296,0.0077438779925813,0.0043877690852319,0.0506815536154956,0.649873857556497,0.0194230881666955,0.0359012440808509,0.0094994979364615,0.0273772661194394,0.0092713259310389,0.0407470354554567,0.0240150070576286,0.0,0.0393745988560805,0.0242795977648885,0.0090341474125233,4,5,4,Heat pumps and heating systems,0.649873857556497,0.0506815536154956,0.5991923039410013,4.488337988233906,installer_tradesperson,practical_advice_explainer,2024-08-22 21:05:41+00:00,2024,4.716666666666667,42673,341,18,7.9910013357392256,0.4218123872237714,60.96142857142857,0.0257142857142857
_xA6qOwnYbM,0.0692792115494408,0.0031357775901595,0.1061662512048227,0.1174338194283166,0.0057695564309796,0.1067505632350366,0.0704302183347774,0.2439842407269243,0.0292725387788036,0.0587536947076245,0.027067760139206,0.0173035361203413,0.0108807448809113,0.0600507745896024,0.0150106513246192,0.0587106609584336,176,8,4,"Solar PV, batteries and power systems",0.2439842407269243,0.1174338194283166,0.1265504212986077,10.77931700997509,diy_renovator_homeowner,how_to_installation_demo,2020-04-29 23:24:46+00:00,2020,49.15,593589,7041,715,11.861742720973604,1.204537146072451,260.8036028119508,0.3141476274165202
a-7WxFMzgGE,0.0882784199382459,0.0199785197348801,0.0753155802570676,0.0641180763804437,0.1116581662266234,0.1107439493299714,0.0408396203061542,0.0269260222379414,0.0358707300401877,0.051841615778943,0.0157695963873738,0.02556583937942,0.1486401372668272,0.0379527510302978,0.024267418891019,0.122233556814603,64,13,16,"Wall, cavity and floor insulation",0.1486401372668272,0.122233556814603,0.0264065804522242,13.019038679009164,training_educational,how_to_installation_demo,2024-02-23 18:00:01+00:00,2024,21.4,139744,2110,201,15.099038241355622,1.438344401190749,158.61975028376844,0.228149829738933
a-ySa7v_6oc,0.2015304395658605,0.0015870978777644,0.0199741903722892,0.0366185664017853,0.0042167890268667,0.0143424088715378,0.0172602750373145,0.0123471140449595,0.0331359713359478,0.0494700484128683,0.0467743184900842,0.0533711435077114,0.4204610541296911,0.0179095815886588,0.0028853173863085,0.0681156839503514,6,13,1,"Wall, cavity and floor insulation",0.4204610541296911,0.2015304395658605,0.2189306145638306,6.94515383928529,diy_renovator_homeowner,how_to_installation_demo,2024-01-24 14:14:01+00:00,2024,1.45,401,0,12,0.0,29.92518703241895,0.4401756311745334,0.0131723380900109
a8_5rW-eMDs,0.0350884091547761,0.0041031727786586,0.1017991220360378,0.0883031357883292,0.0011093075983359,0.0131233961317203,0.0951601220097641,0.0118771560195606,0.0221301631465316,0.0456292004591233,0.0035771173727964,0.2467414812974491,0.0951689605535101,0.0114123608478319,0.1496673578171669,0.0751095369884073,8,12,15,Roof and attic ventilation and airflow,0.2467414812974491,0.1496673578171669,0.0970741234802822,9.70020196161945,builder_contractor,how_to_installation_demo,2025-05-03 10:17:52+00:00,2025,0.5,30734,169,26,5.498796121559185,0.8459686340860285,68.91031390134529,0.0582959641255605
a9ZU1HGeAoo,0.0885511906024558,0.00240583366309,0.1648376284473098,0.0066395032491649,0.0043374344224588,0.0717459852028754,0.0286357275198066,0.0190273511851119,0.1074914220913876,0.120697074988082,0.0352869844776913,0.0277397605273028,0.0024313761573255,0.3097874490268458,0.0036104475884721,0.0067748308506188,6,14,3,Thermostat wiring and smart heating controls,0.3097874490268458,0.1648376284473098,0.1449498205795359,8.114056731631953,installer_tradesperson,how_to_installation_demo,2025-05-04 16:13:37+00:00,2025,1.9333333333333331,9544,88,31,9.220452640402346,3.248113998323554,21.447191011235955,0.0696629213483146
aBLHTS65Y7U,0.1770072570838979,0.001157387099694,0.0521422033763825,0.084411624324269,0.0174052466075729,0.0186648373508897,0.0409068022874154,0.3305908522356012,0.0565182544162211,0.0832135664409579,0.0037696093362873,0.0220623780565208,0.0191344153775587,0.0173783789530128,0.0185854773571309,0.0570517096965872,7,8,1,"Solar PV, batteries and power systems",0.3305908522356012,0.1770072570838979,0.1535835951517033,8.815874780897708,installer_tradesperson,problem_warning_mistakes,2025-06-05 13:00:01+00:00,2025,7.483333333333333,23732,109,16,4.592954660374179,0.6741951795044666,57.46246973365617,0.0387409200968523
aDEs0X52xZw,0.1647300417672436,0.0066359995826212,0.0265900396409566,0.0203819805269689,0.0425955592441726,0.0482040038943348,0.0737937487348457,0.0466923625295511,0.1305180062496737,0.09709175437975,0.0040438395515527,0.0384977777156076,0.0556949744603838,0.1790361118801663,0.0227584919782765,0.0427353078638942,20,14,1,Thermostat wiring and smart heating controls,0.1790361118801663,0.1647300417672436,0.0143060701129227,11.60787958913564,installer_tradesperson,how_to_installation_demo,2025-12-14 01:06:10+00:00,2025,13.983333333333333,7693,389,62,50.565449109580136,8.059274665280125,34.80995475113122,0.2805429864253393
aO9G5lZm95Y,0.1592813096403923,0.0216525864380576,0.2250381815321288,0.0783358249727544,0.0043966267109572,0.2135557565078759,0.0174316665749378,0.0138530158820627,0.0381906328658916,0.0488265011068482,0.0263480908511019,0.0157568185329106,0.0090025157450522,0.0202962853895159,0.0165844317039438,0.0914497555455683,31,3,6,Clarification and specification questions,0.2250381815321288,0.2135557565078759,0.0114824250242528,9.353445718525608,diy_renovator_homeowner,how_to_installation_demo,2019-07-10 14:07:13+00:00,2019,3.85,218081,2286,163,10.482343716325586,0.7474287076820081,84.85642023346304,0.0634241245136186
aRrA6X82aHQ,0.1935874374086051,0.0063297820771106,0.0354268725453385,0.0374598145295287,0.2119824225422828,0.0213685875791343,0.0615578845938056,0.1659463923665285,0.0320573433169137,0.0091849846164133,0.021936283799588,0.0459910892393944,0.0012184704090663,0.0513978382409104,0.0110903972269105,0.0934643995084686,15,5,1,Heat pumps and heating systems,0.2119824225422828,0.1935874374086051,0.0183949851336776,9.80539614737763,installer_tradesperson,how_to_installation_demo,2024-02-27 00:54:48+00:00,2024,1.0,32479,402,51,12.377228362942208,1.5702453893284891,37.034207525655646,0.0581527936145952
aV2yTy1v5Uw,0.0207672364747513,0.0017021240418138,0.4698207420296577,0.0069451120635655,0.0,0.0,0.0066874237485227,0.0549220494832376,0.0055824113067681,0.0222064172259311,0.0056682748535046,0.0416879762097788,0.2367295728725516,0.068057496182009,0.0585895833410964,0.0006335801668112,1,3,13,Clarification and specification questions,0.4698207420296577,0.2367295728725516,0.233091169157106,5.174664407139686,installer_tradesperson,how_to_installation_demo,2022-05-13 10:00:01+00:00,2022,0.8166666666666667,2527,13,3,5.144440047487138,1.187178472497032,1.649477806788512,0.0019582245430809
ahFDXqc1wpo,0.043322901793726,0.0035508739547901,0.0663656481375361,0.0870646570763842,0.0136077499513212,0.0814296868460258,0.0308772778598201,0.5594156811025993,0.0314524921030285,0.0278790815182697,0.0050343442179748,0.0117822256847501,0.0057403819778152,0.011441279054861,0.0071277799426463,0.0139079387784509,66,8,4,"Solar PV, batteries and power systems",0.5594156811025993,0.0870646570763842,0.472351024026215,5.510455452992203,installer_tradesperson,project_walkthrough,2022-08-26 12:00:01+00:00,2022,9.616666666666667,237392,2135,250,8.993563388825233,1.0531104670755544,166.35739313244568,0.1751927119831815
ap3bvxcLjVg,0.2871646138886424,0.0,0.0,0.0,0.0068284565105804,0.1710281576152812,0.0,0.2960471546526584,0.0,0.2130948022162646,0.0,0.0,0.0,0.0258368151165727,0.0,0.0,2,8,1,"Solar PV, batteries and power systems",0.2960471546526584,0.2871646138886424,0.0088825407640159,4.386956392096775,builder_contractor,how_to_installation_demo,2020-08-13 18:12:31+00:00,2020,37.85,761,27,6,35.4796320630749,7.884362680683311,0.3506912442396313,0.0027649769585253
aqFMFM3xxZ8,0.1981867316377733,0.0165149573885171,0.004165677211461,0.0473218926401077,0.0360059542690148,0.0030290190268153,0.1420476772244699,0.1525190478933284,0.1664921719525432,0.1178063576636221,0.0039835219527331,0.009981041709502,0.0027946942302637,0.0339299077396212,0.0254546298335147,0.0397667176267116,4,1,9,Situated household retrofit experience and building context,0.1981867316377733,0.1664921719525432,0.0316945596852301,9.284720793350957,installer_tradesperson,how_to_installation_demo,2026-04-01 17:30:48+00:00,2026,14.1,2881,51,21,17.702186740715028,7.289135716765013,25.495575221238937,0.1858407079646017
ar7ncWZ6MHE,0.0,0.6482853976149124,0.0,0.0,0.0576380221710278,0.0,0.0,0.0,0.0,0.0,0.0,0.0,0.0,0.0,0.0,0.2940765802140596,1,2,16,Spray foam and foam insulation,0.6482853976149124,0.2940765802140596,0.3542088174008528,2.2375503292699737,diy_renovator_homeowner,how_to_installation_demo,2025-10-08 07:15:00+00:00,2025,0.1,53367,89,2,1.6676972661007738,0.0374763430584443,185.30208333333331,0.0069444444444444
au6fKS2TsBY,0.27064528582116,0.0453833677855616,0.0904713791540435,0.0,0.0154710441159301,0.0565964222998864,0.0677783474146208,0.0028073245005579,0.0500033843311571,0.0441932287496481,0.0676346444332624,0.0457387059960524,0.1001813649275305,0.0184740607647552,0.0853368153813302,0.0392846243245033,10,1,13,Situated household retrofit experience and building context,0.27064528582116,0.1001813649275305,0.1704639208936295,10.910633615999505,training_educational,how_to_installation_demo,2023-05-22 13:16:20+00:00,2023,1.0166666666666666,40819,290,24,7.10453465298023,0.5879614885225017,35.24956822107081,0.0207253886010362
auv9mTgb8UU,0.0238926288120823,0.3586501932056688,0.1600122125300294,0.0027941366455018,0.0,0.0,0.0,0.0,0.3059189780268886,0.0024601021657953,0.002541979431049,0.071404506774156,0.0460499764931138,0.0009289546524047,0.0108689631689649,0.0144773680943451,2,2,9,Spray foam and foam insulation,0.3586501932056688,0.3059189780268886,0.0527312151787802,4.98333237691258,diy_renovator_homeowner,how_to_installation_demo,2019-08-17 15:27:58+00:00,2019,5.833333333333333,26640,480,16,18.01801801801802,0.6006006006006006,10.52132701421801,0.0063191153238546
b2gYEWToLe0,0.1070610328360353,0.4577567699990943,0.0021581129791626,0.047276506429184,0.0026092945556108,0.0705783634774444,0.0278270645335719,0.0132495805046081,0.0521411118695635,0.0054592864062889,0.0029047483494135,0.0479207584795761,0.0621182662298699,0.0104408128917719,0.0584462522113246,0.0320520382474794,25,2,1,Spray foam and foam insulation,0.4577567699990943,0.1070610328360353,0.350695737163059,7.067589884128549,diy_renovator_homeowner,how_to_installation_demo,2024-10-13 23:42:56+00:00,2024,3.183333333333333,49751,393,90,7.899338706759663,1.8090088641434343,76.77623456790124,0.1388888888888889
b5mJFU-jXA0,0.1609344460663913,0.0055637138440916,0.1271853473881459,0.1257903869068871,0.066680085896536,0.101118880244972,0.0345225027419368,0.0303048645758706,0.0563635695552849,0.0287403775395242,0.0173927728201189,0.022880519210984,0.0593646421181619,0.0393247836593577,0.0123093370324114,0.111523770399325,56,1,3,Situated household retrofit experience and building context,0.1609344460663913,0.1271853473881459,0.0337490986782453,12.12209022543846,installer_tradesperson,how_to_installation_demo,2023-06-18 18:59:58+00:00,2023,21.58333333333333,94823,1008,206,10.630332303344126,2.172468704850089,83.83996463306808,0.1821396993810786
b7E7Dkr6Yww,0.0983003087685333,0.06519642545292,0.0605956227176506,0.038140935076394,0.0169334808209947,0.0299826577678791,0.0320359949378999,0.0065887491248722,0.0134198103830787,0.0193985550800156,0.030339916792282,0.0970996822406524,0.1124964166332163,0.0084735334128928,0.3330328515919785,0.0379650591987392,45,15,13,Vapour barriers and moisture control,0.3330328515919785,0.1124964166332163,0.2205364349587622,9.596875761304965,builder_contractor,how_to_installation_demo,2025-06-21 14:00:55+00:00,2025,7.6,108489,1708,91,15.74353160228226,0.8387947165150385,273.272040302267,0.2292191435768261
b7kFQePkVE8,0.0,0.0,0.0,0.0,0.0,0.0,0.7983533837948483,0.0,0.0,0.0,0.0015720591638373,0.1310581965489776,0.0660452398274805,0.0,0.0029711206648562,0.0,1,7,12,"Alternative methods, challenges and ""why"" questions",0.7983533837948483,0.1310581965489776,0.6672951872458708,1.9213469439686883,installer_tradesperson,how_to_installation_demo,2022-11-27 16:14:58+00:00,2022,0.3333333333333333,17267,120,4,6.949672786239647,0.2316557595413216,12.943778110944528,0.0029985007496251
bFPbA5k_cDA,0.1676538334143008,0.2928088058411132,0.0079347932196501,0.070289361489891,0.0069856013794845,0.0053607058950486,0.0371075540694075,0.0090803991595952,0.0650944417305439,0.0112622511154291,0.0062416861231509,0.1430889368479245,0.0546799302848904,0.0114396431819326,0.0269199695039365,0.0840520867437006,20,2,1,Spray foam and foam insulation,0.2928088058411132,0.1676538334143008,0.1251549724268124,8.718396682105613,diy_renovator_homeowner,how_to_installation_demo,2023-03-13 01:00:36+00:00,2023,0.1333333333333333,446233,2333,105,5.228210374400818,0.2353030815739759,363.3819218241042,0.0855048859934853
bJjVeco0f1U,0.1862960896713719,0.1217258259036108,0.0859847045014302,0.0600912472575794,0.0004054505840834,0.1473211515936685,0.0583902110027969,0.0081710591627465,0.0308726810214214,0.0780484996761803,0.0308766993917035,0.0647140615737572,0.0712355920527635,0.0069138282128447,0.0113434518889127,0.0376094465051284,28,1,6,Situated household retrofit experience and building context,0.1862960896713719,0.1473211515936685,0.0389749380777034,11.331053670299363,diy_renovator_homeowner,how_to_installation_demo,2021-03-18 22:26:42+00:00,2021,7.133333333333334,91995,900,114,9.783140388064568,1.2391977824881786,47.104454685099846,0.0583717357910906
bKTsLHSS7i4,0.1818347464672209,0.0054623374406271,0.0817874286115657,0.024766794873723,0.2764041260858289,0.062266550845198,0.0490113980821964,0.0885986223185172,0.059224232119098,0.0453321413263602,0.0082987965335439,0.023784300920643,0.0242055583782467,0.0135868684072411,0.0065972647944837,0.0488388327955056,51,5,1,Heat pumps and heating systems,0.2764041260858289,0.1818347464672209,0.0945693796186079,9.88484254394218,diy_renovator_homeowner,problem_warning_mistakes,2023-02-20 12:34:34+00:00,2023,3.8666666666666663,79161,700,175,8.842738217051325,2.2106845542628317,63.37950360288231,0.1401120896717373
bLqjglcJ_4o,0.0445225598633531,0.0014080986242095,0.0321830911821345,0.0800326320656048,2.236471083577932e-05,0.0079456260327266,0.0318502952892575,0.5333394513394943,0.1265798932870789,0.0097951694155407,0.0353296884808303,0.0,0.0007920030896544,0.0,0.0053044845226266,0.0908946420966524,3,8,9,"Solar PV, batteries and power systems",0.5333394513394943,0.1265798932870789,0.4067595580524155,5.056335114950578,training_educational,how_to_installation_demo,2023-04-11 14:04:22+00:00,2023,7.783333333333333,18777,119,20,6.337540608190872,1.065132875326197,15.660550458715596,0.0166805671392827
bOkQEFi55oU,0.1142816760394336,0.0046164381982486,0.0953216181064881,0.0681576715077741,0.0193081233324117,0.0780587388743779,0.0475382889417593,0.2834543356791376,0.0592383832611621,0.0338280388949059,0.0402817122672326,0.0268102523979393,0.0097952377683745,0.0179814792771226,0.014278999702425,0.0870490057512062,205,8,1,"Solar PV, batteries and power systems",0.2834543356791376,0.1142816760394336,0.169172659639704,10.553072987277108,installer_tradesperson,project_walkthrough,2026-05-31 17:00:23+00:00,2026,29.116666666666667,327297,8610,686,26.306382276647817,2.095955661066249,6175.415094339623,12.943396226415096
bPe_b87qVUY,0.2600464762183252,0.0063028871596168,0.0501376994499426,0.0322647538541059,0.0607533261306779,0.0584983858942937,0.0363309803966821,0.0210252737765049,0.054161685315344,0.0297996646230489,0.0250959828063815,0.2027045851576069,0.056140127078844,0.0117357555194311,0.0385505551648524,0.0564518614543416,269,1,12,Situated household retrofit experience and building context,0.2600464762183252,0.2027045851576069,0.0573418910607183,10.60310257718229,training_educational,practical_advice_explainer,2021-09-15 18:00:29+00:00,2021,17.95,173268,4889,928,28.216404644827666,5.3558649029249485,97.78103837471784,0.5237020316027088
bRW2omjqJx4,0.1021276870620136,0.0049945623750598,0.1168710587100005,0.0917886230826885,0.0007974683234118,0.0165315324898625,0.1045925068178361,0.187468499827013,0.0897036053689817,0.027279435697278,0.0983372527452765,0.0729022077523877,0.007474540637421,0.0234899408982015,0.0168918642363479,0.0387492139762193,59,8,3,"Solar PV, batteries and power systems",0.187468499827013,0.1168710587100005,0.0705974411170125,11.09183951170622,installer_tradesperson,how_to_installation_demo,2023-07-27 03:21:21+00:00,2023,0.9833333333333332,1187583,12105,542,10.19297177544643,0.4563891534318022,1087.5302197802198,0.4963369963369963
bTaO-X3SWcM,0.1302913263822325,0.0271555526249309,0.0045759965615171,0.0,0.0,0.0,0.012394669509377,0.3804794535512969,0.0,0.000947559297779,0.3542210085676583,0.0,0.0,0.0462653248403903,0.0326129502629818,0.0110561584018358,1,8,11,"Solar PV, batteries and power systems",0.3804794535512969,0.3542210085676583,0.0262584449836386,4.428428542565367,installer_tradesperson,how_to_installation_demo,2024-09-07 14:41:19+00:00,2024,0.8,8464,37,1,4.371455576559546,0.1181474480151228,12.374269005847951,0.0014619883040935
bX1SphSBWK4,0.2371434379657118,0.004392332599607,0.0345501327810496,0.0875550317655416,0.1654325126218108,0.0637618852367988,0.0189125024744628,0.0879134208193688,0.0596465254957595,0.0090699785434628,0.0050971311170154,0.1588390864673232,0.0121799965004456,0.0166751952148876,0.01376760120174,0.0250632291950139,17,1,5,Situated household retrofit experience and building context,0.2371434379657118,0.1654325126218108,0.071710925343901,9.582036257313735,training_educational,how_to_installation_demo,2024-11-26 23:00:25+00:00,2024,3.2666666666666666,70055,1092,68,15.587752480194132,0.9706659053600742,115.98509933774834,0.1125827814569536
bXaPAOUNWI4,0.0997678021388798,0.0036874285034302,0.0545492436413014,0.063607314747648,0.2815375884249737,0.0712662649787534,0.0479647958033815,0.1094139063165067,0.0388565962898309,0.0275350177492078,0.0201190542445784,0.0191246773086599,0.0302055973908378,0.0366784967573158,0.0065290068228692,0.0891572088818248,69,5,8,Heat pumps and heating systems,0.2815375884249737,0.1094139063165067,0.1721236821084669,10.719689460323558,installer_tradesperson,how_to_installation_demo,2024-06-16 19:05:14+00:00,2024,10.75,41386,824,244,19.91011453148408,5.895713526313246,53.958279009126464,0.318122555410691
bXwBhG3EI-g,0.0650121144280213,0.005838941549872,0.0546824092041264,0.0431296592842276,0.0415935716283378,0.1201351634561694,0.0189559428537347,0.0296453596049308,0.0564641053807471,0.0484936961179079,0.024053759437092,0.0185156875593272,0.0137775861027367,0.3548400516713657,0.0166876617283118,0.0881742899930907,56,14,6,Thermostat wiring and smart heating controls,0.3548400516713657,0.1201351634561694,0.2347048882151963,9.48976422411326,installer_tradesperson,how_to_installation_demo,2020-11-07 11:00:06+00:00,2020,7.416666666666667,66970,901,201,13.453785276989697,3.001343885321786,32.13531669865643,0.0964491362763915
bYnBAisrVGQ,0.0643046046288721,0.0031548260481949,0.1782796764871042,0.1545175911816021,0.0667471646596821,0.0007006750651314,0.0263185845780723,0.0474023514738236,0.0300455335782397,0.0120492388087121,0.0473921089812576,0.014684672234626,0.0094397075481503,0.2841564756921108,0.0217139285660614,0.0390928604683587,12,14,3,Thermostat wiring and smart heating controls,0.2841564756921108,0.1782796764871042,0.1058767992050065,8.963215270804042,installer_tradesperson,how_to_installation_demo,2022-11-07 07:46:11+00:00,2022,0.2,70261,406,31,5.778454619205534,0.4412120522053486,51.89143279172821,0.0228951255539143
bgOSLFGFOtI,0.0517957566493325,0.0,0.7686016826356387,0.0,0.0,0.0,0.0,0.0,0.0,0.0,0.0,0.0256850983480707,0.0173490364607062,0.1199366138086018,0.0166318120976498,0.0,1,3,14,Clarification and specification questions,0.7686016826356387,0.1199366138086018,0.6486650688270368,2.32217544289956,installer_tradesperson,how_to_installation_demo,2024-09-09 05:10:56+00:00,2024,0.15,409622,2142,17,5.229211321657528,0.0415016771560121,600.6187683284458,0.0249266862170087
bi1S1VQ9K_A,0.0719955419589099,0.0162651827725963,0.1231996221402071,0.0,0.0,0.056257699836274,0.019028975584388,0.0378680134901407,0.0,0.1732565115616821,0.0,0.0,0.233295395861756,0.0367256416296911,0.0865022052733478,0.1456052098910065,2,13,10,"Wall, cavity and floor insulation",0.233295395861756,0.1732565115616821,0.0600388843000738,8.436354356471105,training_educational,how_to_installation_demo,2025-11-20 15:07:31+00:00,2025,3.6,2002,7,2,3.4965034965034967,0.999000999000999,8.17142857142857,0.0081632653061224
bkdJSA0o-3s,0.0857423040098078,0.0020745575809851,0.0530452244989003,0.0542065504097971,0.0036427289543644,0.1887514217702798,0.0635764474745732,0.0082355480313565,0.0527225260063872,0.0129869994875347,0.0027464454191168,0.0392893910709263,0.1098441156992026,0.0012453396121509,0.0983428548694098,0.2235475451052068,6,16,6,"Prospective choices, recommendations and alternatives",0.2235475451052068,0.1887514217702798,0.034796123334927,9.54437472714218,diy_renovator_homeowner,how_to_installation_demo,2019-07-09 11:13:44+00:00,2019,10.083333333333334,27671,461,14,16.66004119836652,0.5059448520111307,10.762738234150136,0.0054453520031116
bsJkMuMDy_c,0.1541033992874179,0.0028579087128718,0.0443674899698118,0.0132899533698027,0.2989359939062082,0.1302730975437519,0.0385435870507603,0.0344808967198086,0.0579400394545979,0.0228573420938722,0.0242791013088959,0.0174848455051998,0.0366407752713182,0.0215872595957544,0.0030801603056594,0.0992781499042682,46,5,1,Heat pumps and heating systems,0.2989359939062082,0.1541033992874179,0.1448325946187902,9.320089198025084,installer_tradesperson,how_to_installation_demo,2023-10-21 16:43:26+00:00,2023,8.983333333333333,40966,715,229,17.453498022750573,5.590001464629204,40.72166998011929,0.2276341948310139
bxF2olP9uos,0.0,0.0,0.0119532151046529,0.0,0.0,0.0,0.0,0.8420117947225055,0.0235923277075459,0.0,0.0,0.0,0.0,0.1224426624652954,0.0,0.0,1,8,14,"Solar PV, batteries and power systems",0.8420117947225055,0.1224426624652954,0.7195691322572101,1.721588216107437,installer_tradesperson,how_to_installation_demo,2023-04-25 16:59:08+00:00,2023,0.3333333333333333,204344,2489,13,12.180440825275026,0.063618212426105,172.442194092827,0.010970464135021
c7cpqtnlHS4,0.1898866417955307,0.0032582898766155,0.1557487878293417,0.0351213608166384,0.0723979764678435,0.0046295350228552,0.0914495386157509,0.0,0.0135665874337286,0.0014445349515346,0.0002915708209584,0.0719425144976644,0.0,0.222211936665014,0.000623248870957,0.1374274763355666,5,14,1,Thermostat wiring and smart heating controls,0.222211936665014,0.1898866417955307,0.0323252948694832,7.738123789287096,installer_tradesperson,how_to_installation_demo,2023-08-28 16:23:04+00:00,2023,4.033333333333333,36383,256,17,7.03625319517357,0.4672511887419949,34.323584905660375,0.0160377358490566
cCLM8T1TtMU,0.1296090313251749,0.1317410444124809,0.1164926157448491,0.0493913893386685,0.0087102190876723,0.0333007582723231,0.1385239539741878,0.0600432118833309,0.0390195941819837,0.0399194227724796,0.020498902685139,0.0191582215996408,0.0898113806322709,0.0129338688339804,0.0498711402487978,0.0609752450070196,64,7,2,"Alternative methods, challenges and ""why"" questions",0.1385239539741878,0.1317410444124809,0.0067829095617069,12.5731609431951,installer_tradesperson,how_to_installation_demo,2024-03-16 16:30:11+00:00,2024,0.45,13495373,85187,751,6.312311634513548,0.0556487027072167,15710.562281722934,0.8742724097788126
cDf7zBfENfs,0.0746356802466532,0.0,0.0,0.0,0.0,0.0,0.0761505782666686,0.6996325771943251,0.0815612946368228,0.0244426816801837,0.0,0.0,0.0,0.0435771879753461,0.0,0.0,1,8,9,"Solar PV, batteries and power systems",0.6996325771943251,0.0815612946368228,0.6180712825575022,2.9193731511395398,installer_tradesperson,practical_advice_explainer,2024-09-16 09:22:19+00:00,2024,4.166666666666667,9942,37,1,3.7215851941259306,0.1005833836250251,14.72888888888889,0.0014814814814814
cEUw9FMuZ7I,0.018851825297986,0.0,0.0423915908569198,0.02289730393199,0.0374559985383692,0.0165621270819211,0.0,0.7148529950903126,0.0,0.0,0.0,0.0,0.0,0.0682648796469134,0.0,0.0787232795555875,1,8,16,"Solar PV, batteries and power systems",0.7148529950903126,0.0787232795555875,0.6361297155347251,3.0330935954728058,installer_tradesperson,how_to_installation_demo,2021-12-01 07:26:24+00:00,2021,0.2666666666666666,213912,1727,26,8.073413366244063,0.1215453083510976,126.20176991150444,0.015339233038348
cFDQ7rqytYY,0.1370819817944737,0.0014897215784121,0.038740459001738,0.2236914596195708,0.0088498591312503,0.1084545786604528,0.1630277661795318,0.0014757381786877,0.1225409501059737,0.0367255567455795,0.0062046377658696,0.0064352265954394,0.0102839805211505,0.0413273357387461,0.0037408925815931,0.0899298558015302,9,4,7,"Implementation, cost and how-to questions",0.2236914596195708,0.1630277661795318,0.0606636934400389,8.935081490642112,installer_tradesperson,how_to_installation_demo,2025-02-21 23:36:05+00:00,2025,12.766666666666667,51456,734,37,14.264614427860696,0.7190609452736318,99.52804642166345,0.0715667311411992
cHuJ-WNlDbc,0.0876155391972886,0.0005404619121968,0.0014869511053603,0.0556373666655335,0.5034916993982707,0.0,0.0172802233594843,0.0780939445661679,0.0758440048593313,0.0033029831278064,0.0618867639293725,0.0497208705603397,0.0164901646874894,0.0216844177008987,0.0038865142170266,0.0230380947134326,6,5,1,Heat pumps and heating systems,0.5034916993982707,0.0876155391972886,0.415876160200982,6.035495805137527,diy_renovator_homeowner,practical_advice_explainer,2022-12-07 20:45:00+00:00,2022,0.55,31504,407,17,12.91899441340782,0.5396140172676486,23.794561933534744,0.0128398791540785
cJXohlT3Lf8,0.0838101048552466,0.0172731291641377,0.1513821977882467,0.0496943274400836,0.0336028644449515,0.0277986247977156,0.0563429074655797,0.0101938584179308,0.0495168607992048,0.1456653047291012,0.0278901508971066,0.1433960276932896,0.0579833991586172,0.0053765931653296,0.0627934193385411,0.0772802298449168,15,3,10,Clarification and specification questions,0.1513821977882467,0.1456653047291012,0.0057168930591454,12.279480827211485,diy_renovator_homeowner,how_to_installation_demo,2024-10-31 19:20:01+00:00,2024,0.5,216730,0,59,0.0,0.2722281179347575,344.015873015873,0.0936507936507936
cQGDIwil44Q,0.0734987979423341,0.011123606528689,0.0659346133074055,0.0827344752835325,0.0622746775581629,0.1082432314348236,0.0551049257346551,0.0109723281284747,0.0384985171544898,0.1297016066703051,0.0627161638265083,0.0374266308141175,0.1017244021991982,0.0136332551549256,0.0886424547629331,0.0577703134994442,38,10,6,"Implementation follow-up, outcomes and retrospective questions",0.1297016066703051,0.1082432314348236,0.0214583752354815,13.567339735911489,diy_renovator_homeowner,how_to_installation_demo,2021-05-02 13:51:59+00:00,2021,2.8833333333333333,138922,529,159,3.8078921984998777,1.1445271447286969,72.81027253668763,0.0833333333333333
cZHhjwwKBa0,0.1302124748977912,0.0184302573593774,0.0688428484067603,0.0175307900709341,0.0,0.0670883972053178,0.0780222556907163,0.0327826597912192,0.0107733431116689,0.1433732638164358,0.0830013127539649,0.0267932961058603,0.1243394041453955,0.0472032741399658,0.0542241594836257,0.0973822630209662,12,10,1,"Implementation follow-up, outcomes and retrospective questions",0.1433732638164358,0.1302124748977912,0.0131607889186446,12.250043679079642,diy_renovator_homeowner,how_to_installation_demo,2021-09-01 00:57:50+00:00,2021,3.85,84375,441,43,5.226666666666667,0.5096296296296297,47.24244120940649,0.0240761478163493
cln3sfRPaqM,0.0412186078188022,6.708623329136832e-05,0.0652678362785186,0.0539451449129867,0.0436580833508568,0.0599773070716371,0.0366753672414095,0.0,0.0861258879646883,0.0044966137623731,0.0477738659192309,0.0073594872635901,0.0048129115187052,0.4947709147065049,0.0074738819483157,0.0463770040090889,8,14,9,Thermostat wiring and smart heating controls,0.4947709147065049,0.0861258879646883,0.4086450267418166,6.450806369861156,installer_tradesperson,how_to_installation_demo,2021-02-09 12:08:38+00:00,2021,22.9,61588,680,26,11.041111904916542,0.4221601610703384,30.948743718592965,0.0130653266331658
co7pKcoVJu0,0.104244591660741,0.0752428764176697,0.197421453266872,0.0283669888540985,0.0006734752983197,0.0627933224544693,0.013712167134576,0.0225740069797404,0.068779657527452,0.0030294534930326,0.0763625774356462,0.0566986570787029,0.1837150375133017,0.0210903825770962,0.0404096421596486,0.0448857101486325,21,3,13,Clarification and specification questions,0.197421453266872,0.1837150375133017,0.0137064157535702,10.993471987181692,diy_renovator_homeowner,how_to_installation_demo,2024-03-11 05:36:11+00:00,2024,0.1166666666666666,8681564,58015,140,6.6825516692614375,0.0161261265827217,10048.106481481482,0.162037037037037
cou6y-_2CTo,0.2090905602701548,0.0289658205909104,0.0156173378004725,0.0,0.0016778827208494,0.0647338270550381,0.0921032170771271,0.054923278681055,0.1222893066258316,0.0919998502461001,0.0,0.1237981447639053,0.0168032891045552,0.0,0.069152732933095,0.1088447521309051,2,1,12,Situated household retrofit experience and building context,0.2090905602701548,0.1237981447639053,0.0852924155062494,9.89110252431972,builder_contractor,how_to_installation_demo,2025-06-19 12:44:31+00:00,2025,1.15,9703,89,5,9.172420900752345,0.5153045449860868,24.31829573934837,0.012531328320802
cpIk4NLCviw,0.0482057025324275,0.0020629183907556,0.0402129740384022,0.0361871623810248,0.0078224175587353,0.10622460798433,0.0230069359209494,0.0194365074334949,0.2006315711530902,0.0556500954543593,0.0061954494674879,0.0081151812711399,0.0258409347952932,0.3059741529549538,0.0091296140947066,0.1053037745688488,23,14,9,Thermostat wiring and smart heating controls,0.3059741529549538,0.2006315711530902,0.1053425818018636,8.483067624620341,installer_tradesperson,how_to_installation_demo,2020-10-13 11:05:09+00:00,2020,9.966666666666669,55744,354,100,6.350459242250287,1.793915040183697,26.43148411569464,0.0474158368895211
ctNzYWQfgQI,0.0368386759460062,0.0,0.0121926526018073,0.1105373614171002,0.0504374780838284,0.0128587404186563,0.0870304921085938,0.012548503525153,0.0336147515139866,0.060057856337108,0.0012730840045104,0.070624565577119,0.2432986084616144,0.0127720770927784,0.2547867091303231,0.0011284437814142,6,15,13,Vapour barriers and moisture control,0.2547867091303231,0.2432986084616144,0.0114881006687087,8.390545424634238,installer_tradesperson,how_to_installation_demo,2023-11-07 20:29:30+00:00,2023,0.2333333333333333,133047,446,20,3.3521988470239843,0.1503228182521966,134.52679474216382,0.0202224469160768
cxNWJZF_cZw,0.0615783627944181,0.0009003724573161,0.1968280615681801,0.0080429630449166,0.0113123659347218,0.0302521858183838,0.0,0.0329685913622186,0.006732001393849,0.1152193263833477,0.1213107206043211,0.0,0.2035100619118581,0.0537245628424478,0.0005386080203705,0.1570818158636502,4,13,3,"Wall, cavity and floor insulation",0.2035100619118581,0.1968280615681801,0.006682000343678,8.33224872278998,diy_renovator_homeowner,how_to_installation_demo,2025-02-08 19:05:35+00:00,2025,4.45,3045,24,16,7.881773399014778,5.254515599343185,5.745283018867925,0.030188679245283
d2EKWKlszwE,0.1888096287651726,0.01982363318501,0.0759604112290711,0.0499384151153356,0.0113990890765004,0.2381237974209119,0.0280067069286217,0.0195025200207631,0.0470515793575384,0.0627472031240928,0.049575291042516,0.0592221626330496,0.0293115001494115,0.0182915125110972,0.0255643786712738,0.0766721707696334,100,6,1,"Praise, gratitude and social endorsement",0.2381237974209119,0.1888096287651726,0.0493141686557392,11.119615259717287,builder_contractor,problem_warning_mistakes,2024-08-25 20:00:11+00:00,2024,15.25,1221256,22045,368,18.05108838769267,0.3013291234597824,1752.1606886657105,0.5279770444763271
d8ZZaWT1KtQ,0.1351891189472132,0.0093349349477622,0.0551063405273646,0.2241940929381695,0.0128535298448057,0.0885586739419164,0.0682692285678651,0.0509269738804234,0.058492409310963,0.0061757596807824,0.0266368210651983,0.0,0.0068756623182474,0.2334894379640025,0.0078030317460569,0.0160939843192285,3,14,4,Thermostat wiring and smart heating controls,0.2334894379640025,0.2241940929381695,0.0092953450258329,8.907309902423492,installer_tradesperson,how_to_installation_demo,2025-03-26 12:53:28+00:00,2025,2.316666666666667,4936,35,7,7.090761750405186,1.4181523500810371,10.198347107438016,0.0144628099173553
dA1hYFWmBs0,0.0447121000087572,0.0,0.4623657608763114,0.0,0.0228195618100854,0.0067998603804195,0.0270641602691662,0.3626181721064265,0.0242068885852814,0.0016796434486757,0.0120567530455534,0.012580336505297,0.0146208601636418,0.0084759028003838,0.0,0.0,4,3,8,Clarification and specification questions,0.4623657608763114,0.3626181721064265,0.0997475887698848,4.025609803612445,training_educational,how_to_installation_demo,2025-09-22 23:53:35+00:00,2025,0.2,10642767,27896,82,2.6211228715239185,0.0077047632443705,35009.10197368421,0.2697368421052631
dB8p6pVuPAo,0.1721627951488566,0.0064298094885235,0.0895269643103276,0.071699009233976,0.0424601410453816,0.0602806152417235,0.0850379950847872,0.0714996155023297,0.0815967893702915,0.0425627862392193,0.0356550700468608,0.0294982784554069,0.0272136348317032,0.0883372517381241,0.0154523385773689,0.080586905685119,80,1,3,Situated household retrofit experience and building context,0.1721627951488566,0.0895269643103276,0.082635830838529,13.24294594962199,installer_tradesperson,how_to_installation_demo,2025-09-30 16:04:51+00:00,2025,36.016666666666666,65620,2739,292,41.74032307223408,4.449862846693081,221.6891891891892,0.9864864864864864
dDKCCWMXEAM,0.0132757350905447,0.0082337837234874,0.1403309493367612,0.0,0.0,0.1081509441520218,0.0,0.0040235132697385,0.0,0.2115246977719569,0.0,0.139330426428608,0.3581154769943757,0.0,0.0165081499254172,0.0005063233070882,2,13,10,"Wall, cavity and floor insulation",0.3581154769943757,0.2115246977719569,0.1465907792224188,5.353466307840836,builder_contractor,how_to_installation_demo,2024-11-29 09:03:12+00:00,2024,3.1166666666666667,3356,0,5,0.0,1.4898688915375446,5.584026622296173,0.0083194675540765
dEDitJnRgz4,0.1293882072662811,0.0003628367806477,0.1120241429470967,0.0570622683809359,0.2698052954380433,0.0475320131808797,0.0394582741650382,0.0468807963345441,0.0407193540396591,0.0154466430460771,0.0005165591273864,0.020664471068618,0.0485659080854228,0.0307725685194578,0.0036821261395199,0.1371185354803914,20,5,16,Heat pumps and heating systems,0.2698052954380433,0.1371185354803914,0.1326867599576519,9.69205874893892,installer_tradesperson,practical_advice_explainer,2022-10-12 17:00:12+00:00,2022,5.116666666666666,42489,500,56,11.767751653369109,1.31798818517734,30.78913043478261,0.0405797101449275
dGTRTw_5R14,0.0,0.0,0.2957222302310253,0.0,0.0,0.0,0.039569912806174,0.0,0.0447577212359529,0.5165795772117567,0.0,0.1033705585150908,0.0,0.0,0.0,0.0,1,10,3,"Implementation follow-up, outcomes and retrospective questions",0.5165795772117567,0.2957222302310253,0.2208573469807314,3.329870791181201,installer_tradesperson,how_to_installation_demo,2024-12-05 11:28:49+00:00,2024,0.7666666666666667,41317,492,7,11.907931359972892,0.1694217876418907,69.44033613445379,0.0117647058823529
dIPM5yk2u38,0.1607938979709618,0.0393113633696665,0.0293791602146049,0.0273609170355353,0.0377919318541898,0.0150157305662132,0.1000265511043351,0.0295419963593361,0.030652529441723,0.026478317588427,0.033624384547134,0.1117800396782858,0.2874319644601886,0.0088013763415425,0.0196187704121238,0.0423910690557318,189,13,1,"Wall, cavity and floor insulation",0.2874319644601886,0.1607938979709618,0.1266380664892267,10.150126304702132,installer_tradesperson,how_to_installation_demo,2024-01-01 12:30:20+00:00,2024,0.2833333333333333,5216294,150602,1911,28.87145548161204,0.3663520499419703,5584.89721627409,2.0460385438972164
dPgLL7gwU00,0.1935687749854394,0.0011273489083462,0.0007143222251752,0.03683242620422,0.2285008711369824,0.0016743519036757,0.0693270452985715,0.0774204746874265,0.063948940842991,0.0149714204840221,0.0326814499709824,0.0471167674018113,0.0,0.0732733954299279,0.0069188135519423,0.1519235969684853,7,5,1,Heat pumps and heating systems,0.2285008711369824,0.1935687749854394,0.0349320961515429,8.936151549639892,installer_tradesperson,practical_advice_explainer,2024-04-07 16:59:51+00:00,2024,1.0,30519,304,42,9.961007896720076,1.3761918804679054,36.46236559139785,0.050179211469534
dU-pkbZwi9o,0.0431644858388719,0.0127739449380967,0.0769205297923288,0.0093422155709629,0.0737901049687288,0.001403921151593,0.0005505126957905,0.0288514260057579,0.1040032024802758,0.0004842417215089,0.064410101580457,0.058683144724537,0.4888409352327141,0.0027703764938407,0.0209078692314901,0.0131029875730452,6,13,9,"Wall, cavity and floor insulation",0.4888409352327141,0.1040032024802758,0.3848377327524382,6.210756790038358,installer_tradesperson,how_to_installation_demo,2023-10-10 16:45:33+00:00,2023,0.25,111557,324,30,2.904344864060525,0.2689208207463449,109.69223205506393,0.0294985250737463
dULHUbLsRGY,0.2088238295364718,0.0001177481590912,0.0515797692218677,0.0107465552152343,0.0406513573310525,0.2735552021523277,0.0570314464233534,0.0184941291996557,0.0730235168942532,0.0105140369516268,0.0271576445483734,0.0826051040168542,0.0001399343510114,0.0730072795579112,0.0021149099699722,0.0704375364709426,24,6,1,"Praise, gratitude and social endorsement",0.2735552021523277,0.2088238295364718,0.0647313726158559,8.90698210040698,installer_tradesperson,how_to_installation_demo,2024-01-11 11:24:43+00:00,2024,1.2666666666666666,185986,538,52,2.892690847698214,0.2795909369522437,201.28354978354977,0.0562770562770562
dW9ttDq6Bmk,0.200260795590445,0.1121388385114168,0.0618348411391918,0.0183097071740378,0.0013862142629881,0.0356520400380124,0.0020705518166933,0.0863019698150167,0.1057999155405525,0.0028627283435782,0.0490474375819941,0.020516289656853,0.1598848518381727,0.0270694786513185,0.0267886464487905,0.0900756935909379,12,1,13,Situated household retrofit experience and building context,0.200260795590445,0.1598848518381727,0.0403759437522723,10.502427472272748,diy_renovator_homeowner,how_to_installation_demo,2022-11-02 15:20:57+00:00,2022,0.25,468095,3257,46,6.957989297044404,0.0982706501885301,344.4407652685798,0.0338484179543782
ddjek9GH8eI,0.0162826316988022,0.0023449908305834,0.0605024210377029,0.0240506223115128,0.000746775975268,0.0067435222386621,0.0114578976229799,0.7266833084934997,0.0389489466082288,0.0483109923939103,0.0,0.0188368902993674,0.0054854137943717,0.0229312578528504,0.0094939058944179,0.0071804229478419,6,8,3,"Solar PV, batteries and power systems",0.7266833084934997,0.0605024210377029,0.6661808874557968,3.33779661921815,installer_tradesperson,how_to_installation_demo,2021-02-24 21:17:12+00:00,2021,2.333333333333333,30976,190,25,6.133780991735538,0.8070764462809917,15.684050632911392,0.0126582278481012
dhpn6yOOOfI,0.119791411017211,0.0764210929593477,0.0788082124632001,0.1309737804423416,0.0486044308100187,0.103036474713566,0.0231655577998367,0.0473619193737905,0.072025986026419,0.0169880705400911,0.0631541192357981,0.0779855238255403,0.0136188707020348,0.0204370112213074,0.0184801283261843,0.0891474105433118,22,4,1,"Implementation, cost and how-to questions",0.1309737804423416,0.119791411017211,0.0111823694251305,13.321814591700717,builder_contractor,how_to_installation_demo,2021-01-26 17:03:59+00:00,2021,5.666666666666667,49511,531,91,10.724889418513056,1.8379753994061925,24.706087824351297,0.0454091816367265
dk2yLp7n-t0,0.0416076252998765,0.008627691605817,0.0023798979786887,0.0,0.0192874693282513,0.0223471063947171,0.1666288332996587,0.0219291681290871,0.3113225545885545,0.0,0.0,0.1077425988816616,0.1310567362098995,0.0154584023811713,0.1454593337086686,0.0061525821939477,3,9,7,Performance checking and troubleshooting,0.3113225545885545,0.1666288332996587,0.1446937212888958,7.221048494559754,installer_tradesperson,how_to_installation_demo,2024-09-22 17:00:35+00:00,2024,0.5333333333333333,67020,200,9,2.9841838257236644,0.1342882721575649,100.17937219730942,0.0134529147982062
dkDNu05ta6k,0.113999754398946,0.0022993383519336,0.0520997054617577,0.0571627624703556,0.2904440012407414,0.0757789452083966,0.0273750772289277,0.048322269916015,0.0620508086584776,0.017425844316044,0.0135616968900354,0.0521904204167135,0.0237751742947846,0.0289176893251047,0.0120614291441032,0.1225350826776625,57,5,16,Heat pumps and heating systems,0.2904440012407414,0.1225350826776625,0.1679089185630788,10.339151723944374,installer_tradesperson,how_to_installation_demo,2025-09-04 18:00:40+00:00,2025,12.233333333333333,34920,1151,205,32.9610538373425,5.8705612829324165,108.4472049689441,0.6366459627329193
dlP-RGHgdCM,0.0426938459158096,0.0,0.0082096637754144,0.2928262155205097,0.0,0.0039311491591106,0.0045243111052709,0.0017660437678013,0.0,0.0115371749885614,0.0021778209756722,0.4377603381696506,0.1271758743990759,0.0013417615519278,0.0558607215027252,0.0101950791684698,3,12,4,Roof and attic ventilation and airflow,0.4377603381696506,0.2928262155205097,0.1449341226491409,4.466479970000681,diy_renovator_homeowner,how_to_installation_demo,2025-03-29 17:30:19+00:00,2025,0.9666666666666668,2949,48,6,16.27670396744659,2.034587995930824,6.130977130977131,0.0124740124740124
dtK12RUjr1E,0.1060728158893392,0.0029062156575717,0.1626870952688091,0.0709775648228103,0.0208791316576183,0.0546122357961011,0.0689996901216269,0.0300725261859719,0.107680668359601,0.0108672099451108,0.0392762404984701,0.2018223958303807,0.016975763804305,0.0457055997264567,0.0085725066828608,0.0518923397529657,35,12,3,Roof and attic ventilation and airflow,0.2018223958303807,0.1626870952688091,0.0391353005615715,11.149279924008225,training_educational,how_to_installation_demo,2023-02-13 23:00:30+00:00,2023,5.233333333333333,141407,2396,115,16.943998529068576,0.8132553551097188,112.58519108280257,0.0915605095541401
dvYg7vGewFw,0.0,0.1063939462736478,0.0335952284247372,0.0,0.0169572257141841,0.0,0.180277965260599,0.2297791706178181,0.0,0.0921336013074866,0.0,0.0,0.0045303307953495,0.0698157554602514,0.2472253600640086,0.0192914160819173,1,15,8,Vapour barriers and moisture control,0.2472253600640086,0.2297791706178181,0.0174461894461904,6.820579730491168,training_educational,practical_advice_explainer,2023-10-18 02:00:23+00:00,2023,0.6666666666666666,38402,433,6,11.275454403416488,0.1562418624029998,38.05946481665015,0.0059464816650148
dwh3-JSQxWw,0.1067118135596118,0.0052774485984179,0.2393914524821464,0.1057311282560781,0.051320949986839,0.0562573753444831,0.0943313448876621,0.0024349034392659,0.2578637419159749,0.015202453713864,0.0009524514581027,0.0102205568795451,0.0024944517355867,0.0087940991673018,0.0060640415324386,0.036951787042681,9,9,3,Performance checking and troubleshooting,0.2578637419159749,0.2393914524821464,0.0184722894338284,7.9561634660217475,installer_tradesperson,how_to_installation_demo,2022-10-26 18:17:47+00:00,2022,0.9833333333333332,90964,150,32,1.649004001583044,0.351787520337716,66.59150805270863,0.0234260614934114
dxY_Gv3Hx0Y,0.1756763954608984,0.0053078766309474,0.0,0.0,0.0,0.0,0.1130641858684952,0.0146921582881589,0.2362345554576958,0.0331943958777172,0.0581420824320227,0.0,0.05335698180638,0.0,0.0063915984886748,0.3039397696890091,3,16,9,"Prospective choices, recommendations and alternatives",0.3039397696890091,0.2362345554576958,0.0677052142313133,6.121136853484408,builder_contractor,problem_warning_mistakes,2023-07-15 09:00:18+00:00,2023,1.2,2099,17,4,8.099094807050978,1.905669366364936,1.901268115942029,0.0036231884057971
e1ud10npF_w,0.1313010379754247,0.0092440531213975,0.0969591815106193,0.0452498161038866,0.2472463433484384,0.0519822456781519,0.0506723162324319,0.0940679546932759,0.053570188754506,0.0228014480912403,0.0172470033765982,0.0523621050952332,0.0054317629363693,0.032686869337442,0.0079153432916225,0.0812623304533617,84,5,1,Heat pumps and heating systems,0.2472463433484384,0.1313010379754247,0.1159453053730137,11.009517622780088,installer_tradesperson,practical_advice_explainer,2025-01-03 22:33:00+00:00,2025,22.9,205356,4055,287,19.74619684839985,1.3975729951888427,362.8197879858657,0.5070671378091873
e2ZOcJf1smo,0.0960122696303297,0.0845859283067025,0.032839280775846,0.1099825429685007,0.0284137021352784,0.0456910212752138,0.0303260161460738,0.0212467759565681,0.019004997434911,0.0116237786834882,0.0051526363168348,0.3594046060443467,0.0765385572589964,0.0187810463855258,0.0143903354906832,0.0460065051907003,6,12,4,Roof and attic ventilation and airflow,0.3594046060443467,0.1099825429685007,0.2494220630758459,9.160994597468122,diy_renovator_homeowner,how_to_installation_demo,2021-03-22 12:30:31+00:00,2021,7.783333333333333,56585,939,24,16.594503843774852,0.4241406733233189,29.032837352488457,0.0123140071831708
e59AnC4YE8s,0.0,0.0155026370304177,0.0,0.0,0.0,0.0715063324556654,0.0,0.0,0.0,0.0433917639895983,0.0103160756505934,0.0259630723936175,0.6849817421170051,0.0,0.1206672569383198,0.0276711194247825,1,13,15,"Wall, cavity and floor insulation",0.6849817421170051,0.1206672569383198,0.5643144851786852,3.1423254757269485,builder_contractor,how_to_installation_demo,2020-04-11 08:44:02+00:00,2020,0.5166666666666667,2576,5,1,1.940993788819876,0.3881987577639751,1.1229293809938972,0.0004359197907585
e5ufmwdYoIY,0.0197245086745412,0.0004611233738959,0.1096654709282812,0.3129939119039944,0.0169740651293991,0.0840158423023799,0.2154323319600007,0.0,0.0213454556333513,0.0086824651204304,0.115213127955133,0.0489427561296829,0.0016582590864477,0.0,0.0094733622443911,0.0354173195580706,3,4,7,"Implementation, cost and how-to questions",0.3129939119039944,0.2154323319600007,0.0975615799439937,7.300598218528976,diy_renovator_homeowner,how_to_installation_demo,2022-07-19 18:28:02+00:00,2022,0.6833333333333333,78455,708,8,9.02428143521764,0.1019692817538716,53.55290102389078,0.0054607508532423
eEWqRhDNH7k,0.0295168548695055,0.0007148921040212,0.1055870975535346,0.0,0.0512644346217365,0.1204252544900732,0.0068149408411611,0.1725900925323707,0.0097268666453577,0.0,0.0042821658181224,0.0081479173384549,0.4137167477286645,0.0,0.0112605211000497,0.0659522143569475,5,13,8,"Wall, cavity and floor insulation",0.4137167477286645,0.1725900925323707,0.2411266551962938,6.010624363193768,diy_renovator_homeowner,problem_warning_mistakes,2024-10-26 18:09:49+00:00,2024,0.9333333333333332,5418,57,16,10.520487264673312,2.953119232189,8.532283464566929,0.0251968503937007
eXzGATVdFV0,0.4971950035893298,0.0351330910132966,0.0592763740447452,0.0074156064650241,0.0,0.0519264899054371,0.0852820238899309,0.0,0.099483601081915,0.0612886129172307,0.0194086612743521,0.0219153287495274,0.0084512699256142,0.0,0.0532239371435965,0.0,3,1,9,Situated household retrofit experience and building context,0.4971950035893298,0.099483601081915,0.3977114025074147,5.988743755849039,diy_renovator_homeowner,how_to_installation_demo,2025-02-15 21:00:33+00:00,2025,1.0,29134,573,14,19.667742156930046,0.4805382027871216,55.70554493307839,0.0267686424474187
e_yCb6qnXHs,0.3043605995372765,0.0268883668914437,0.0995514915501035,0.0,0.0,0.0561865044216007,0.1104220503978511,0.1250606394533642,0.0,0.0,0.0,0.0,0.0945192144792913,0.088719342439382,0.0942917908296867,0.0,1,1,8,Situated household retrofit experience and building context,0.3043605995372765,0.1250606394533642,0.1792999600839123,7.497346138325584,installer_tradesperson,practical_advice_explainer,2024-05-17 04:56:20+00:00,2024,0.8,24980,150,1,6.00480384307446,0.0400320256204963,31.34253450439147,0.001254705144291
eaSrcDhvQQ8,0.0375553789655714,0.02316202720668,0.0139774271980956,0.0016963114883153,0.0232736612022334,0.0046597534834512,0.707911752518239,0.0490052096313035,0.0,0.0,0.0,0.0,0.0,0.0471171307469639,0.0916413475591463,0.0,1,7,15,"Alternative methods, challenges and ""why"" questions",0.707911752518239,0.0916413475591463,0.6162704049590927,3.1544040682285,installer_tradesperson,how_to_installation_demo,2024-08-25 19:11:12+00:00,2024,0.4833333333333333,82797,452,6,5.45913499281375,0.072466393709917,118.79053084648494,0.0086083213773314
ee7ASutPGhE,0.1449198467479214,0.0043702524653951,0.0673787118200357,0.0517540260998892,0.0,0.0747956033890807,0.0,0.0005063215204845,0.0,0.0,0.0411069511322173,0.0124230640522803,0.5293304826718422,0.0093789877062189,0.0189491588091105,0.0450865935855236,7,13,1,"Wall, cavity and floor insulation",0.5293304826718422,0.1449198467479214,0.3844106359239208,5.040858555370446,builder_contractor,how_to_installation_demo,2024-07-13 17:26:07+00:00,2024,6.083333333333333,1574,59,20,37.484116899618805,12.706480304955528,2.127027027027027,0.027027027027027
egVUjrBVWkI,0.2791610426702056,0.0,0.0645887382488344,0.033363375071668,0.0231098110839032,0.1058200888794756,0.0,0.2594923337657638,0.0,0.0,0.0180290083485499,0.0,0.0653156796531945,0.1195734189178245,0.0104130203527461,0.0211334830078341,2,1,8,Situated household retrofit experience and building context,0.2791610426702056,0.2594923337657638,0.0196687089044417,7.064011225196687,installer_tradesperson,how_to_installation_demo,2023-03-24 11:36:59+00:00,2023,0.2,414240,1606,10,3.876979528775589,0.0241405948242564,340.37797863599013,0.0082169268693508
ejubOh5tegY,0.0660517669694403,0.0270585903535446,0.0789105948290398,0.0432368891814588,0.0145573318504691,0.1060421377376676,0.0488816316756612,0.0093774109950124,0.0446431712888163,0.0350584917708697,0.0228726743211732,0.1595038461947094,0.181933779165358,0.011336182646284,0.0706005927506459,0.079934908269849,83,13,12,"Wall, cavity and floor insulation",0.181933779165358,0.1595038461947094,0.0224299329706485,12.056530047104578,installer_tradesperson,project_walkthrough,2022-04-21 13:00:18+00:00,2022,25.316666666666663,353164,2912,238,8.245461032268295,0.6739078728296203,227.26126126126127,0.1531531531531531
evbIF3OyEGc,0.1036060185031628,0.0032829000377156,0.0914652324917503,0.0004598964522284,0.0453877558149213,0.0705406489729971,0.0738436879267019,0.0045642563127866,0.0407850113162748,0.0878411328719595,0.0577813568306168,0.2500818029459997,0.1520412418399418,0.006017920421142,0.0112794463646912,0.0010216908971096,9,12,13,Roof and attic ventilation and airflow,0.2500818029459997,0.1520412418399418,0.0980405611060578,9.493938797968452,training_educational,problem_warning_mistakes,2023-03-20 14:50:51+00:00,2023,1.3833333333333333,44494,100,18,2.247494044140783,0.4045489279453409,36.44062244062244,0.0147420147420147
exgV2g-HK8w,0.0669983724370809,0.0048710303455135,0.0306542731636236,0.123802763315759,0.01834259721988,0.2160966896354229,0.066964995524253,0.2217299652744635,0.0530510972170334,0.0589443762110891,0.0153315327311184,0.0172815938016491,0.0,0.0485673613346961,0.0124453600593477,0.0449179917290692,16,8,6,"Solar PV, batteries and power systems",0.2217299652744635,0.2160966896354229,0.0056332756390405,9.871667679330468,installer_tradesperson,how_to_installation_demo,2023-08-23 19:46:24+00:00,2023,16.933333333333334,34437,376,30,10.918488834683624,0.8711560240439062,32.33521126760564,0.028169014084507
f-JTVbBjtMc,0.176416783687115,0.0281353125644599,0.0278906423951133,0.0430691064936024,0.0069334968460682,0.055623719831939,0.0714543846847502,0.0394613788089864,0.0498722489224296,0.0743609967113278,0.0206647003402364,0.0830076419089395,0.1861384672600071,0.0143393873545644,0.0874388304687733,0.0351929017216868,43,13,1,"Wall, cavity and floor insulation",0.1861384672600071,0.176416783687115,0.009721683572892,12.028809629992514,training_educational,how_to_installation_demo,2024-07-03 18:00:22+00:00,2024,11.9,95514,1495,116,15.65215570492284,1.2144816466695982,127.352,0.1546666666666666
f-b9bSz19LA,0.0386927332295115,0.0,0.1519001702746364,0.0719159958381726,0.0077983196064031,0.0345114637496511,0.0,0.004090020370084,0.0053812749942473,0.0585767755148543,0.0486173228802442,0.37877044109031,0.1088673002946319,0.0050084532288686,0.0080223304109585,0.0778473985174261,5,12,3,Roof and attic ventilation and airflow,0.37877044109031,0.1519001702746364,0.2268702708156736,7.332982597891711,builder_contractor,how_to_installation_demo,2023-04-15 09:33:22+00:00,2023,0.7,19470,160,15,8.217770929635337,0.7704160246533128,16.292887029288703,0.0125523012552301
f9wxGMxavgM,0.0,0.0,0.0,1.0,0.0,0.0,0.0,0.0,0.0,0.0,0.0,0.0,0.0,0.0,0.0,0.0,1,4,16,"Implementation, cost and how-to questions",1.0,0.0,1.0,1.0,installer_tradesperson,how_to_installation_demo,2022-10-13 06:23:14+00:00,2022,3.4166666666666665,11013,69,5,6.265322800326887,0.454008898574412,7.986221899927484,0.0036258158085569
fIhlXdk9PFg,0.185210558630684,0.0066697762553453,0.0419465798991801,0.0373516119185526,0.0771286698177881,0.0801359635808082,0.0413577322133415,0.2429320779981592,0.045905894688855,0.035799804969674,0.0191772312777366,0.0528458460792863,0.0278299718332292,0.0397668938491642,0.0154347347728859,0.0505066522153091,158,8,1,"Solar PV, batteries and power systems",0.2429320779981592,0.185210558630684,0.0577215193674751,11.154899446533696,installer_tradesperson,practical_advice_explainer,2025-08-14 15:06:23+00:00,2025,11.333333333333334,87853,2762,457,31.438880857796544,5.2018713077527226,256.13119533527697,1.332361516034985
fJGYchSx5SY,0.0863427806675424,0.0719362204525953,0.4108371322254385,0.002014021296514,0.0076748283779528,0.1797071057241888,0.0,0.0036865455185605,0.0007893325736327,0.0,0.0030367610773847,0.0613605140259933,0.0900995478570769,0.0039021665346345,0.0,0.0786130436684847,3,3,6,Clarification and specification questions,0.4108371322254385,0.1797071057241888,0.2311300265012496,5.919211341472752,diy_renovator_homeowner,how_to_installation_demo,2019-01-25 08:31:59+00:00,2019,12.716666666666669,5588,80,8,14.316392269148174,1.4316392269148177,2.0423976608187133,0.0029239766081871
fK7xyDSxa0I,0.1786693067437872,0.0031836553675037,0.0354277577423608,0.0686037046814441,0.0544688293719672,0.0223918036654306,0.2176315290208393,0.0701552139473321,0.0889737186535467,0.0360012757094246,0.0628008871557089,0.01721704331539,3.022610715544685e-05,0.0750148009564196,0.0030675133637336,0.0663627341979555,14,7,1,"Alternative methods, challenges and ""why"" questions",0.2176315290208393,0.1786693067437872,0.038962222277052,10.602595976195827,installer_tradesperson,practical_advice_explainer,2023-04-30 18:02:54+00:00,2023,0.55,180912,810,22,4.477314937649243,0.1216060847262757,153.31525423728814,0.0186440677966101
fSM5QmdSOqY,0.1188363261017028,0.0007468635028602,0.0638594564045533,0.2942492910607111,0.0571123459342053,0.0,0.0313510343631366,0.0452429670594447,0.1848692904650422,0.0131988803864644,0.0,0.0247431493945466,0.0,0.0695374599099386,0.0027368331876746,0.093516102229719,3,4,9,"Implementation, cost and how-to questions",0.2942492910607111,0.1848692904650422,0.1093800005956689,8.085806004514865,diy_renovator_homeowner,how_to_installation_demo,2025-09-25 22:45:09+00:00,2025,0.1666666666666666,117331,318,33,2.710281170364184,0.2812555931510002,389.8039867109634,0.1096345514950166
fSR6BY701PU,0.2123831003343141,0.0153687539492552,0.0364046072604126,0.065797475694151,0.0095369664590098,0.023378611554928,0.1025029795454865,0.0171967966963449,0.089083263566364,0.0306709285837513,0.0664716594100032,0.0647264187655973,0.1880339720812641,0.0081200501244329,0.0433376792842334,0.026986736690451,79,1,13,Situated household retrofit experience and building context,0.2123831003343141,0.1880339720812641,0.02434912825305,10.967552970912452,diy_renovator_homeowner,how_to_installation_demo,2023-02-02 14:18:14+00:00,2023,0.9833333333333332,577236,6423,314,11.127164625906907,0.5439716164618977,455.59273875295975,0.2478295185477506
ffPeu6Ygtzw,0.3879347063718015,0.0580269165619436,0.0122535720675266,0.0165196843530057,0.0229747563897846,0.0084886500222499,0.037387999366944,0.1052565115568634,0.0658908744509767,0.0038727785523742,0.0176302793052845,0.0707483372414319,0.0851114082653421,0.0251194065761289,0.0377043783836265,0.0450797405347151,16,1,8,Situated household retrofit experience and building context,0.3879347063718015,0.1052565115568634,0.282678194814938,8.724380275874509,training_educational,how_to_installation_demo,2025-01-16 23:00:42+00:00,2025,3.783333333333333,43923,804,77,18.30476060378389,1.753067868770348,79.42676311030742,0.1392405063291139
fgbzJF3yzMk,0.2872460967594775,0.0,0.0,0.0,0.004631779106019,0.0,0.0,0.7081221241345034,0.0,0.0,0.0,0.0,0.0,0.0,0.0,0.0,1,8,1,"Solar PV, batteries and power systems",0.7081221241345034,0.2872460967594775,0.4208760273750258,1.8731297040984236,training_educational,problem_warning_mistakes,2024-02-05 15:20:57+00:00,2024,3.716666666666667,12606,87,5,6.901475487862923,0.3966365222909725,14.022246941045609,0.0055617352614015
fh_KDoj2Qm8,0.1018910071847634,0.0005342207444797,0.0973693874273058,0.0791568341236949,0.2547318577960147,0.1363652119831648,0.0545580418412482,0.0263016697160758,0.0482738145835041,0.0208167433623723,0.0150442299476934,0.0213143372473185,0.0081019006938707,0.0556365767015022,0.0043229546674587,0.0755812119795319,35,5,6,Heat pumps and heating systems,0.2547318577960147,0.1363652119831648,0.1183666458128499,10.270384884743155,training_educational,how_to_installation_demo,2022-05-08 14:43:50+00:00,2022,14.95,36618,348,76,9.50352285761101,2.075482003386313,23.82433311646064,0.0494469746258946
fm11vZii5Es,0.0895437608114835,0.0038459048380924,0.0573075552704451,0.048256965079906,0.0126730392079429,0.1104168155410428,0.0229470631438141,0.0285977732816487,0.0740231952670203,0.0229859376420871,0.0237948295242448,0.2256681038363608,0.1209124097191196,0.006649298620518,0.0594997215409812,0.0928776266752922,112,12,13,Roof and attic ventilation and airflow,0.2256681038363608,0.1209124097191196,0.1047556941172411,11.20385560160733,builder_contractor,how_to_installation_demo,2024-08-22 17:00:28+00:00,2024,16.016666666666666,90641,1963,264,21.656866098123366,2.9125892256263723,129.48714285714286,0.3771428571428571
fnrOXNG-32U,0.1735248384100607,0.0016473515105284,0.0703882969006559,0.0331344354045341,0.3023787492274911,0.0660281064062094,0.0114439054125693,0.025620139766571,0.0290966152625544,0.0809469431541748,0.0069289168683606,0.0312506087752036,0.0266277921727364,0.1036258171918041,0.0078477525350111,0.0295097310015344,29,5,1,Heat pumps and heating systems,0.3023787492274911,0.1735248384100607,0.1288539108174303,9.234564519252704,diy_renovator_homeowner,practical_advice_explainer,2024-10-25 19:30:06+00:00,2024,16.15,8562,238,171,27.7972436346648,19.97196916608269,13.462264150943396,0.2688679245283019
g7DkeYdPBdE,0.2306152554008171,0.0197095234563078,0.0991900025458053,0.0174404139907319,0.0125004282551346,0.1621483977680856,0.0286375432386182,0.0168875174261952,0.0368299103288627,0.0106283531978205,0.011009795911682,0.1453686714784074,0.0791815273350306,0.019574274280467,0.0632822649592714,0.046996120426762,12,1,6,Situated household retrofit experience and building context,0.2306152554008171,0.1621483977680856,0.0684668576327315,10.29852039303573,diy_renovator_homeowner,how_to_installation_demo,2022-11-07 00:14:48+00:00,2022,0.2666666666666666,166851,1129,35,6.766516233046251,0.2097679965957651,123.22821270310192,0.0258493353028065
gAighJSlw_M,0.0900172855282081,0.0038991205218639,0.0398935824981234,0.0793850321960328,0.0225285792106108,0.0669668347178759,0.0584250124968596,0.0216101873229122,0.0695231863646477,0.1030514236816127,0.0567181361682202,0.2816659763532109,0.0440824384500026,0.0123168767617214,0.0114296789684135,0.0384866487596836,31,12,10,Roof and attic ventilation and airflow,0.2816659763532109,0.1030514236816127,0.1786145526715981,10.92140551954996,diy_renovator_homeowner,how_to_installation_demo,2021-10-09 12:00:32+00:00,2021,5.716666666666667,154869,1636,129,10.563766796453775,0.8329620517986168,88.59782608695652,0.0737986270022883
gG0RWKPM8kc,0.1026581573341129,0.0295587716448829,0.0273814535425971,0.0044010387335389,0.0721900584119578,0.0090469357256584,0.0,0.0045465437307823,0.0629327016073839,0.0005304850271285,0.0067409366246883,0.0539811201632332,0.5984943756424321,0.0,0.0,0.0275374218116031,2,13,1,"Wall, cavity and floor insulation",0.5984943756424321,0.1026581573341129,0.4958362183083192,4.4481540868624725,installer_tradesperson,how_to_installation_demo,2019-06-20 10:17:16+00:00,2019,4.316666666666666,9274,52,2,5.60707353892603,0.215656674574078,3.5806949806949806,0.0007722007722007
gIhAyS38-f4,0.2007239215052832,0.0086387876271411,0.0993912054643505,0.0716757053649932,0.0833373778510054,0.191603512591055,0.0483437526802829,0.0089881906293273,0.0518325153648953,0.0405344185099213,0.0032660968871266,0.0507120241154719,0.0006675133090139,0.04623080752524,0.0035330729763837,0.0905210975985081,19,1,6,Situated household retrofit experience and building context,0.2007239215052832,0.191603512591055,0.0091204089142282,10.297114254875623,training_educational,how_to_installation_demo,2023-06-07 07:11:06+00:00,2023,19.633333333333333,11041,119,50,10.778009238293633,4.528575310207408,9.668126094570928,0.0437828371278458
gLFH0GvBLlA,0.0937902441422274,0.0027175120409618,0.051214280693317,0.0205712072644735,0.0501327358211769,0.0641729165419061,0.037129903409661,0.4985669713007265,0.0350101723386247,0.0193071790632667,0.0261120822134155,0.0111982555010382,0.0054795880376866,0.0075004549776965,0.0075350180118685,0.0695614786419524,141,8,1,"Solar PV, batteries and power systems",0.4985669713007265,0.0937902441422274,0.4047767271584991,6.634165914231987,training_educational,practical_advice_explainer,2025-05-30 07:36:45+00:00,2025,12.7,266631,8377,492,31.41795215110021,1.8452468017597357,636.3508353221957,1.1742243436754176
gYUegA4y6OE,0.1712849864019071,0.0044057200807962,0.1251141200775492,0.0443280868678534,0.0909689597607508,0.0379101215899213,0.0924605275534949,0.0458563387286492,0.0795884009755123,0.0934270283673551,0.0157566783285713,0.0399010801076277,0.0032976810362092,0.0384426248812231,0.0098357383190367,0.1074219069235417,20,1,3,Situated household retrofit experience and building context,0.1712849864019071,0.1251141200775492,0.0461708663243579,11.869782868520968,installer_tradesperson,how_to_installation_demo,2025-10-24 23:12:09+00:00,2025,0.7333333333333333,162810,2375,138,14.587556046925863,0.847613782937166,598.5661764705883,0.5073529411764706
ge6pQeFlj3k,0.0534419169077208,0.0053357181517644,0.04730863567951,0.0581959190243007,0.0275187479802835,0.0804690296511111,0.0319138758824336,0.0264640172659406,0.0500240423830212,0.0227045236051621,0.0314624500813195,0.0286461529801542,0.0085077281658556,0.4912509253698026,0.0082919271856333,0.0284643896859859,139,14,6,Thermostat wiring and smart heating controls,0.4912509253698026,0.0804690296511111,0.4107818957186915,7.236684597094531,training_educational,practical_advice_explainer,2021-06-06 13:45:01+00:00,2021,5.383333333333334,440925,5842,386,13.249418835402846,0.8754323297612973,235.41110517885744,0.2060864922584089
gejidpH2GTU,0.1850661683470441,0.0020239024615193,0.0769458627014264,0.0307835456597777,0.0061800227049632,0.0481737120026181,0.0188944027840916,0.009591597569439,0.0497941869732771,0.0460693732258517,0.0241344157687501,0.2858476586123565,0.0535880184317056,0.0145830876668493,0.0415140238990617,0.1068100211912679,21,12,1,Roof and attic ventilation and airflow,0.2858476586123565,0.1850661683470441,0.1007814902653123,9.533683610867202,diy_renovator_homeowner,how_to_installation_demo,2026-01-02 15:01:21+00:00,2026,15.5,3645,312,65,85.59670781893004,17.83264746227709,18.044554455445542,0.3217821782178218
gf-QgHyXM6E,0.2222546551320829,0.0364638376548227,0.034911751808038,0.0464567923535125,0.0017517495859187,0.0491249574634119,0.0485493722218892,0.029543803932849,0.0538474454783328,0.1043963268791829,0.0615255312326034,0.0995215220965997,0.0507746406924948,0.0213597875439383,0.0554855911447553,0.0840322347795673,41,1,10,Situated household retrofit experience and building context,0.2222546551320829,0.1043963268791829,0.1178583282528999,12.4437722510559,training_educational,how_to_installation_demo,2024-11-08 12:15:03+00:00,2024,0.9,386407,3961,125,10.25084949289221,0.3234931044209861,621.2331189710611,0.2009646302250803
glFuFxvdU_s,0.213046579758966,0.0146500414283078,0.1017988977655406,0.0016863178735619,0.0617750226433892,0.0161930531895152,0.0156687383736829,0.0779249208696169,0.0245279686519705,0.1091272949019787,0.0343695654112423,0.0239718998261293,0.1080211694346744,0.0261492926206836,0.0384979317479973,0.1325913055027426,11,1,16,Situated household retrofit experience and building context,0.213046579758966,0.1325913055027426,0.0804552742562233,11.071140588634316,installer_tradesperson,how_to_installation_demo,2025-08-20 18:36:25+00:00,2025,1.6666666666666667,77277,839,46,10.857046728004452,0.5952612032040581,229.30860534124628,0.1364985163204747
gzfjlXYjy8g,0.2251937564206523,0.0191592495806413,0.1445678281297493,0.0491375410530495,0.1017570833309266,0.1280506748276215,0.0218044590572935,0.050532816347346,0.0551241921836034,0.0213606425026125,0.0165906363979687,0.0243378633727027,0.016893574178352,0.0461402859792023,0.0301495161703705,0.0491998804679073,17,1,3,Situated household retrofit experience and building context,0.2251937564206523,0.1445678281297493,0.080625928290903,11.405593516909311,installer_tradesperson,how_to_installation_demo,2022-10-12 19:38:13+00:00,2022,1.0166666666666666,389041,8087,85,20.787012165812857,0.2184859693451333,281.91376811594205,0.0615942028985507
h5bGmkMqHZA,0.0588226902886034,0.0127909731799836,0.2438012325885166,0.1625830945937943,0.0,0.1144010187131079,0.0,0.072106780501159,0.0055341669562395,0.0135027200937968,0.0024558656030746,0.1049782394817058,0.0199633744761963,0.012179095662628,0.0191271406470002,0.1577536072141934,5,3,4,Clarification and specification questions,0.2438012325885166,0.1625830945937943,0.0812181379947223,8.470505104626179,training_educational,how_to_installation_demo,2023-06-12 20:16:14+00:00,2023,0.5166666666666667,62418,395,11,6.32830273318594,0.1762312153545451,54.89709762532981,0.0096745822339489
h86Nmp9qdqE,0.132401788034612,0.0065273075206468,0.0081312756185977,0.1098738914107161,0.0047294220025001,0.0739499935502148,0.0520749108356738,0.0,0.0507480473015166,0.001938761098477,0.003544001468866,0.0652073231777011,0.4276233185489113,0.0,0.0128624131763032,0.050387546255263,6,13,1,"Wall, cavity and floor insulation",0.4276233185489113,0.132401788034612,0.2952215305142992,6.588709560797783,installer_tradesperson,problem_warning_mistakes,2024-10-28 15:08:31+00:00,2024,4.316666666666666,3756,0,35,0.0,9.31842385516507,5.933649289099527,0.0552922590837282
hB9O9zQlHUc,0.1073177767785303,0.0111390810264461,0.0850349512747563,0.0234193089822926,0.0022938024842577,0.0293829367719524,0.0843365823708155,0.1110320572383868,0.0934993593037319,0.0439989766786021,0.0795288567636613,0.0028468901526778,0.0288039393967451,0.2332061671404913,0.026865595987091,0.037293717649561,23,14,8,Thermostat wiring and smart heating controls,0.2332061671404913,0.1110320572383868,0.1221741099021045,10.977643205230384,training_educational,practical_advice_explainer,2025-04-16 07:59:55+00:00,2025,1.0,268168,4433,150,16.530682258882493,0.559350854688106,579.1965442764579,0.3239740820734341
hC2NlxqH1I4,0.1411727772895735,0.0030692654022677,0.0571043686289332,0.0994797250157598,0.0432020506103863,0.0360741379803781,0.1186701778980128,0.0124140868033825,0.158990708280874,0.0489804502864695,0.0021339689756965,0.0079436777154762,0.0,0.2419095759239093,0.0054572909761962,0.0233977382126836,17,14,9,Thermostat wiring and smart heating controls,0.2419095759239093,0.158990708280874,0.0829188676430353,9.038232867802034,installer_tradesperson,practical_advice_explainer,2023-10-16 19:00:17+00:00,2023,11.933333333333334,153314,778,60,5.074552878406408,0.391353692422088,151.64589515331355,0.059347181008902
hH7dDcgHhR4,0.0561598798447342,0.1716168048044544,0.0389651707266037,0.0604224783169424,0.0024564603673746,0.0786248903058269,0.0364000323724549,0.0221424452014094,0.0341578186464273,0.0398697633780507,0.02233080983169,0.2140442163093375,0.0846113892417597,0.0088295928260138,0.046071950636599,0.0832962971903208,60,12,2,Roof and attic ventilation and airflow,0.2140442163093375,0.1716168048044544,0.042427411504883,11.451092472620566,installer_tradesperson,how_to_installation_demo,2024-04-07 21:03:19+00:00,2024,18.6,97005,0,196,0.0,2.0205144064738927,115.89605734767024,0.2341696535244922
hIszVpFukCw,0.1141665925029591,0.0,0.0013678043328048,0.000281263666797,0.0216281566768261,0.1891817177769878,0.0,0.0,0.1155296028561105,0.0,0.0654071469813609,0.2321111473493319,0.0002943896623257,0.0,0.0012049022331357,0.25882727596136,2,16,12,"Prospective choices, recommendations and alternatives",0.25882727596136,0.2321111473493319,0.0267161286120281,5.953787399743039,training_educational,how_to_installation_demo,2023-10-27 23:24:05+00:00,2023,6.216666666666667,42631,518,10,12.150782294574372,0.234571086767845,42.631,0.01
hNajgokEB-o,0.1045919384589415,0.0102933720413547,0.1812385926110661,0.000752900101319,0.0069730693199819,0.0002741382582729,0.0886583288001257,0.0083306619164601,0.0916751481460837,0.1549963404577661,0.002547112128319,0.1137179474828963,0.1688865001891652,8.77767040560901e-05,0.0659735969146307,0.0010025764695603,8,3,13,Clarification and specification questions,0.1812385926110661,0.1688865001891652,0.0123520924219009,8.56517523701063,builder_contractor,how_to_installation_demo,2024-08-23 18:34:18+00:00,2024,1.0,48637,512,32,10.526965067746778,0.6579353167341736,69.58082975679542,0.0457796852646638
hbt67WyyjZY,0.1523493617582625,0.0067713500533261,0.0383604965074464,0.0582554812781813,0.0669598523446945,0.0812019735789649,0.0567908434433839,0.0752563631093377,0.0470906019201145,0.0402906008164036,0.0557323468716907,0.0178895689704323,0.0138707537709875,0.2217963459952318,0.0212867495662816,0.0460973100152599,36,14,1,Thermostat wiring and smart heating controls,0.2217963459952318,0.1523493617582625,0.0694469842369693,11.905588193901114,installer_tradesperson,how_to_installation_demo,2025-05-07 15:27:34+00:00,2025,20.05,59846,686,87,11.462754402967615,1.4537312435250476,135.39819004524887,0.1968325791855203
hfQllKuS_no,0.0808779053131179,0.0072353592268104,0.0811577517585213,0.0135780365318485,0.0110234052131597,0.1369995695393653,0.030284214665426,0.0127891128928677,0.0270248586340496,0.0372080431300654,0.0251536340776216,0.1014009680404812,0.1690492238510911,0.0109347806692327,0.1597055281226097,0.0955776083337311,62,13,15,"Wall, cavity and floor insulation",0.1690492238510911,0.1597055281226097,0.0093436957284814,10.989239581723222,diy_renovator_homeowner,how_to_installation_demo,2019-02-16 20:51:05+00:00,2019,13.866666666666667,205024,1791,151,8.735562665834244,0.7364991415639145,75.54310980103169,0.0556374355195283
hhfvecKtuGg,0.022758951726145,0.0,0.0,0.0,0.0,0.0,0.0,0.0496506902532521,0.0,0.0,0.330072962913073,0.0,0.0,0.5975173951075298,0.0,0.0,1,14,11,Thermostat wiring and smart heating controls,0.5975173951075298,0.330072962913073,0.2674444321944568,2.481224018277689,installer_tradesperson,how_to_installation_demo,2025-02-04 19:43:50+00:00,2025,15.1,19345,146,5,7.547169811320755,0.2584647195657792,36.22659176029963,0.0093632958801498
hi5acwuP6FQ,0.057506577845312,0.0050562607489791,0.148009155703975,0.0273570076059749,0.0181204805997995,0.0348025085424423,0.0355635560397258,0.009864629554686,0.0325408292488582,0.005838856111064,0.0391610864230148,0.3504727127421561,0.0739824720724925,0.0065157965739493,0.0803956584977325,0.0748124116898372,11,12,3,Roof and attic ventilation and airflow,0.3504727127421561,0.148009155703975,0.202463557038181,8.880514160951467,builder_contractor,how_to_installation_demo,2024-06-25 14:00:38+00:00,2024,0.7333333333333333,75892,0,35,0.0,0.4611816792283771,100.12137203166228,0.046174142480211
hjlVL4sgqKw,0.1782298795285682,0.002914256490149,0.0300938948608444,0.0590450317323914,0.3248886135485569,0.0361997483876094,0.0355527503590421,0.094732953345822,0.0499937980987557,0.0199484253363332,0.0232566437374318,0.0574703219442484,0.0049966982024951,0.0163001369414134,0.01069960659288,0.0556772408934582,113,5,1,Heat pumps and heating systems,0.3248886135485569,0.1782298795285682,0.1466587340199887,9.084968006000947,training_educational,practical_advice_explainer,2024-03-06 20:10:54+00:00,2024,11.4,180280,2504,333,13.889505214111384,1.847126691812736,207.45684695051784,0.383199079401611
hkO-YNve2uE,0.192024083338695,0.0034124259477218,0.0756550696677006,0.0268060479122728,0.2451305815935699,0.0347784941938445,0.056918112318126,0.0382388205594017,0.0704754363284692,0.0118934613393101,0.0237059217627923,0.0282726434680327,0.0177237178047796,0.0978953947858632,0.0089640461886959,0.0681057427907239,122,5,1,Heat pumps and heating systems,0.2451305815935699,0.192024083338695,0.0531064982548749,10.291875414372962,training_educational,practical_advice_explainer,2022-10-16 16:00:33+00:00,2022,4.116666666666666,209372,2233,356,10.66522744206484,1.700322870297843,152.15988372093022,0.2587209302325581
hkZzV5nAV8A,0.1509645936337668,0.0066078389149697,0.0574258506500992,0.0238271093730291,0.0095229206092029,0.1442649536557002,0.0148613943289672,0.0385831976661867,0.0365488340246011,0.0307184358209692,0.029093419482863,0.2980249148475755,0.0790034391817896,0.0185511971332106,0.024820882388197,0.0371810182888715,74,12,1,Roof and attic ventilation and airflow,0.2980249148475755,0.1509645936337668,0.1470603212138086,9.619111676958024,diy_renovator_homeowner,practical_advice_explainer,2022-07-25 18:07:09+00:00,2022,17.55,148873,2127,156,14.287345589865188,1.047873019284894,102.03769705277588,0.1069225496915695
hlfoLVPgH3o,0.0096299207451598,0.008398012913147,0.0,0.0792736681222919,0.0192763165256442,0.0397144908290323,0.0094150734605473,0.0,0.2672579923525071,0.0010197474260423,0.0,0.4868954287584365,0.017432402079292,0.0097880837611547,0.0518988630267444,0.0,3,12,9,Roof and attic ventilation and airflow,0.4868954287584365,0.2672579923525071,0.2196374364059294,4.542531768904358,installer_tradesperson,how_to_installation_demo,2025-04-17 15:12:53+00:00,2025,0.4666666666666667,17648,89,16,5.043064369900272,0.9066183136899364,38.1991341991342,0.0346320346320346
hpEKLDp6DsA,0.1395034705127174,0.032469977850714,0.0332010462641397,0.0769748874430371,0.0487887362998437,0.0741252702278258,0.0154216834838158,0.0470191937727848,0.0827235006837916,0.0764946639398872,0.0014610811352281,0.1401233602552102,0.1532005768888331,0.0050263562429403,0.030815156703211,0.0426510382960194,48,13,12,"Wall, cavity and floor insulation",0.1532005768888331,0.1401233602552102,0.0130772166336228,12.041064588324328,installer_tradesperson,how_to_installation_demo,2022-03-10 21:00:17+00:00,2022,6.116666666666666,102170,800,219,7.830087109719096,2.143486346285602,64.01629072681705,0.1372180451127819
hqFU3zjv-fs,0.0405175765913349,0.0039940472988249,0.0316442952657899,0.0428385350429346,0.0053875421327533,0.1196318475333776,0.0220289322185164,0.0294469339241017,0.0303901039220174,0.0070686834117389,0.0181020943670546,0.2115887412686855,0.0632119646878918,0.0152521792509429,0.2899134066833062,0.0689831164007288,63,15,12,Vapour barriers and moisture control,0.2899134066833062,0.2115887412686855,0.0783246654146206,8.93864141928719,installer_tradesperson,problem_warning_mistakes,2020-04-22 18:34:49+00:00,2020,10.283333333333331,42033,433,125,10.301429828943924,2.9738538767159137,18.41130091984231,0.0547525186158563
hw9Javqwi3Q,0.0622546541115211,0.0001851374138039,0.065722894150429,0.1194544538943039,0.0053634561842728,0.0903268839879609,0.0998665847153588,0.0193632197334082,0.0781987664771084,0.0402285746325818,0.0090740530587935,0.0014239406335043,0.0066852468112631,0.361860408915908,0.0006683750554627,0.0393233502243188,21,14,4,Thermostat wiring and smart heating controls,0.361860408915908,0.1194544538943039,0.242405955021604,7.947458597633323,diy_renovator_homeowner,how_to_installation_demo,2022-12-01 13:00:23+00:00,2022,1.1166666666666667,267342,1247,72,4.664437312506079,0.2693179522858361,201.009022556391,0.0541353383458646
hwVxN3dKTaI,0.2740163107396142,0.0006893483640044,0.0006553524365094,0.0157630433304264,0.0493230052705552,0.0442444433555045,0.1659068764480975,0.0035488267894914,0.1457510137144297,0.0084006218430239,8.00951057148905e-05,0.1023643188103035,0.0192131031466574,0.0285300462381008,0.0268430113285999,0.1146705830789663,7,1,7,Situated household retrofit experience and building context,0.2740163107396142,0.1659068764480975,0.1081094342915166,8.266199691470915,installer_tradesperson,how_to_installation_demo,2025-09-22 18:11:48+00:00,2025,0.5833333333333334,70619,285,21,4.035741089508489,0.2973703960690466,232.29934210526315,0.069078947368421
i015Zc0x27U,0.0335836607684522,0.0123717311974018,0.0156991718627842,0.2569505801320326,0.1356213413867757,0.0019869656413688,0.0973235305786671,0.0201101051882951,0.0173046507797438,0.0091525550544798,0.0034986607083972,0.0096084024701164,0.0038835644644293,0.3471888214624564,0.028558564735802,0.0071576935687969,11,14,4,Thermostat wiring and smart heating controls,0.3471888214624564,0.2569505801320326,0.0902382413304237,6.518443754110867,installer_tradesperson,how_to_installation_demo,2024-04-24 09:11:37+00:00,2024,1.0,257905,4380,46,16.982997615401022,0.1783602489288691,314.5182926829268,0.0560975609756097
i2YSRlasgEQ,0.093772840770046,0.0007577586078307,0.0600245183201362,0.1000740366089404,0.1836142607650251,0.1858663297560822,0.0309551749113324,0.0631813722887879,0.0770244601555652,0.0079025769067094,0.0109345180828797,0.0218209333353965,0.0113620647930169,0.0307208798976722,0.0053864874243159,0.1166017873762627,31,6,5,"Praise, gratitude and social endorsement",0.1858663297560822,0.1836142607650251,0.002252068991057,10.358186682926457,training_educational,practical_advice_explainer,2020-06-18 14:15:08+00:00,2020,10.35,43211,864,128,19.994908703802277,2.962208696859596,19.41194968553459,0.0575022461814914
i387q3ob8gE,0.0367156943604237,0.0085425441160274,0.0141184894646802,0.1842369879361164,0.0151150991454974,0.0134333684585912,0.0086227599190309,0.551454611858812,0.082883708321515,0.0150912911021272,0.0,0.0035395562338907,0.0001724553960178,0.0,0.0278817273934408,0.0381917062938284,6,8,4,"Solar PV, batteries and power systems",0.551454611858812,0.1842369879361164,0.3672176239226955,4.664376900766973,installer_tradesperson,how_to_installation_demo,2023-01-19 02:51:17+00:00,2023,0.1833333333333333,1506698,8381,78,5.562494939264537,0.0517688348959114,1176.1889149102265,0.0608899297423887
i41oW85zPm8,0.0688552932841926,0.0180758082729333,0.050388718944877,0.0284240687115392,0.00812948483635,0.0639614931475812,0.0356040305424694,0.0200281168845589,0.0294105795900212,0.0261726660456507,0.0229598589032242,0.3123442411343176,0.0902828525469286,0.0054944746809636,0.1476447939892604,0.0722235184851316,248,12,15,Roof and attic ventilation and airflow,0.3123442411343176,0.1476447939892604,0.1646994471450572,9.852418737591568,builder_contractor,practical_advice_explainer,2021-08-18 18:00:27+00:00,2021,9.516666666666667,549788,7550,695,13.73256600726098,1.264123625833958,305.4377777777778,0.3861111111111111
i6XYRnlCeW4,0.1790942739038421,0.0075221075605596,0.3067578976068312,0.0740357152827723,0.0068890368970744,0.0461953003302904,0.116790349659701,0.0203324740347709,0.0062612494125508,0.0040785207413889,0.0001806244351204,0.0409428808041778,0.0193988028411779,0.0127402933363238,0.0278251669574463,0.1309553061959714,7,3,1,Clarification and specification questions,0.3067578976068312,0.1790942739038421,0.1276636237029891,8.092242918380776,installer_tradesperson,how_to_installation_demo,2024-12-10 14:53:08+00:00,2024,0.9833333333333332,161497,1343,39,8.31594394942321,0.2414905540040991,273.7237288135593,0.0661016949152542
iAAI8WQif_g,0.118926177308587,0.005531081210408,0.0018663400687352,0.2299117165944214,0.073031115527909,0.1089179407875712,0.0077732477462775,0.2014636197775395,0.0876380992716434,0.0033735637160809,0.0,0.0003002513249576,0.0012656341818718,0.1469050158994897,0.0130961965845072,0.0,4,4,8,"Implementation, cost and how-to questions",0.2299117165944214,0.2014636197775395,0.0284480968168819,7.43940063496971,installer_tradesperson,how_to_installation_demo,2025-02-11 18:00:36+00:00,2025,1.4166666666666667,84796,914,21,10.778810321241568,0.2476531911882636,160.90322580645162,0.0398481973434535
iCnASFBuQDw,0.2434048995981279,0.0112660269527457,0.0264575442253099,0.002474796979039,0.0081374425087381,0.0374669777665221,0.1004577551892709,0.0277832402552805,0.0733283792724993,0.1190521394588122,0.019808279540208,0.2288002610399664,0.0129296966325308,0.0098544701521228,0.0332627602062553,0.0455153302225704,20,1,12,Situated household retrofit experience and building context,0.2434048995981279,0.2288002610399664,0.0146046385581615,9.149713169959533,builder_contractor,how_to_installation_demo,2025-05-04 19:48:31+00:00,2025,1.5833333333333333,106751,853,130,7.990557465503835,1.217787187005274,239.88988764044944,0.2921348314606741
iD1U6Q47yLU,0.1140964377761772,0.0049710521759926,0.0584197613360454,0.0999015880263317,0.0743634716535676,0.1759508157365089,0.0448151893625036,0.0408846538551684,0.1153491011422559,0.0090888097332078,0.012034701120103,0.0085875712879405,0.0106599173004593,0.1732203019293786,0.0153280193373583,0.0423286082270007,66,6,14,"Praise, gratitude and social endorsement",0.1759508157365089,0.1732203019293786,0.0027305138071302,10.749181385875607,diy_renovator_homeowner,how_to_installation_demo,2021-08-31 14:00:29+00:00,2021,15.95,112278,1090,260,9.708046099859278,2.3156807210673507,62.83044208170117,0.1454952434247342
iDMZz4HIURw,0.2242103980095294,0.0495135024653847,0.0616925595039185,0.040522034618453,0.0033137128875714,0.2633249172731837,0.0273843056769805,0.0147803778151021,0.0466444916703863,0.0583328848888482,0.0515682703560189,0.0350036963854814,0.0169946134067275,0.0242055835524438,0.0187553120999225,0.0637533393900474,164,6,1,"Praise, gratitude and social endorsement",0.2633249172731837,0.2242103980095294,0.0391145192636542,10.026951637488716,builder_contractor,problem_warning_mistakes,2020-01-12 16:42:36+00:00,2020,5.4,1416302,35807,816,25.282037305602906,0.576148307352528,594.0864093959732,0.3422818791946309
iJasoJI6j-0,0.1279637620461572,0.0097121630055962,0.0154324388644854,0.0692820149144794,0.1206787646810646,0.1354238759771859,0.0416132178962692,0.0623302619387176,0.0456199564318375,0.051183096895729,0.0233519513237922,0.0007995967561609,0.0026851399964707,0.2152981893639232,0.020759707416421,0.0578658624917094,19,14,6,Thermostat wiring and smart heating controls,0.2152981893639232,0.1354238759771859,0.0798743133867373,10.664895666336507,installer_tradesperson,how_to_installation_demo,2025-09-04 17:03:06+00:00,2025,21.933333333333334,49898,292,86,5.851937953424987,1.7235159725840716,154.96273291925465,0.2670807453416149
iKcSKpR9KAM,0.1848166704103689,0.0016015918229651,0.0333490797454412,0.0536545673159166,0.0335401501775116,0.2573886635225916,0.0224478565543405,0.023615754355397,0.0310379752327353,0.0614512699110677,0.0117557512225493,0.0267390242336795,0.0136041927916429,0.1705808669049623,0.0019393888901158,0.0724771969087139,101,6,1,"Praise, gratitude and social endorsement",0.2573886635225916,0.1848166704103689,0.0725719931122226,9.21037994189923,training_educational,how_to_installation_demo,2020-05-23 13:45:03+00:00,2020,4.45,1194756,23854,1994,19.96558293074067,1.6689600219626437,530.5310834813499,0.8854351687388987
iQXaIKBbU7E,0.2300580623901454,0.0062778182805414,0.1269545139141593,0.0039187069919562,0.0,0.1227545303243527,0.016220961325051,0.005446156556181,0.0098839964071405,0.0764998734261524,0.0064009392596324,0.0548486325444293,0.1697201051296474,0.0093822459967081,0.1616334574539024,0.0,4,1,13,Situated household retrofit experience and building context,0.2300580623901454,0.1697201051296474,0.060337957260498,8.001154369359856,builder_contractor,problem_warning_mistakes,2026-02-06 12:27:14+00:00,2026,2.9833333333333334,2213,27,7,12.200632625395391,3.1631269769543606,13.251497005988025,0.0419161676646706
iYndpRTUjsk,0.0681585070333823,0.0559247913349808,0.0489509883710806,0.0272825814740706,0.0279595488420482,0.0297777964590346,0.0065632069692695,0.0435796729440035,0.0295064845465379,0.0073415059547804,0.0038615915203963,0.0353759241139508,0.198537285862275,0.000234426970047,0.210079146807686,0.2068665407964558,7,15,16,Vapour barriers and moisture control,0.210079146807686,0.2068665407964558,0.0032126060112301,9.215219655289872,training_educational,problem_warning_mistakes,2021-04-22 15:24:56+00:00,2021,2.433333333333333,18460,78,19,4.225352112676056,1.029252437703142,9.62460896767466,0.0099061522419186
iax414qL1lU,0.2726322743194314,0.0041682526549613,0.0501358257471343,0.0485505796448959,0.0,0.008199708745519,0.0180241982211965,0.1110921756022078,0.0,0.0,0.0109729831734174,0.0437257020590322,0.0519343954503538,0.0887101283329773,0.0509020190331106,0.240951757015762,3,1,16,Situated household retrofit experience and building context,0.2726322743194314,0.240951757015762,0.0316805173036693,7.99919607007548,installer_tradesperson,how_to_installation_demo,2023-12-12 15:41:03+00:00,2023,0.6666666666666666,8946,83,16,9.277889559579702,1.788508830762352,9.37735849056604,0.0167714884696016
ibF17R1tcCw,0.1845590733068713,0.0012104693499026,0.0282959356390393,0.1429437595393168,0.1463269573426293,0.1233540530819111,0.0331219182994721,0.010933612615261,0.0324844784509932,0.0821519031743041,0.0109138343009877,0.0639757875796766,0.0418611114942238,0.0069128558966168,0.0482675566914112,0.0426866932373827,16,1,5,Situated household retrofit experience and building context,0.1845590733068713,0.1463269573426293,0.038232115964242,10.919336481444374,builder_contractor,project_walkthrough,2023-06-03 17:19:17+00:00,2023,14.866666666666667,79988,1437,40,17.965194779216883,0.5000750112516877,69.7975567190227,0.0349040139616055
ibHeGgsRMkE,0.1344948984533088,0.0088329469449346,0.1323272325740447,0.1121741947263101,0.0137543188688615,0.0245594826804246,0.0896983915607659,0.022165010578934,0.0759539901305606,0.0500637949328142,0.0044583326273484,0.1501001753857183,0.0137647540129831,0.0614022558292357,0.0295238439215237,0.0767263767722311,30,12,1,Roof and attic ventilation and airflow,0.1501001753857183,0.1344948984533088,0.0156052769324095,11.718260552470502,diy_renovator_homeowner,problem_warning_mistakes,2023-03-19 18:11:04+00:00,2023,0.3166666666666666,194716,1318,98,6.7688325561330345,0.5032971096365989,159.34206219312605,0.0801963993453355
id9zwr6imM4,0.1638380150030698,0.3051159958190251,0.0158464505964424,0.0968838913005008,0.025017441790934,0.0232014490803111,0.0803194054806398,0.0262662184768186,0.0037476201432044,0.0009660265038614,0.0614679021498893,0.0289668353325803,0.0663591958666787,0.0017359940412531,0.0250781983890004,0.0751893600257904,10,2,1,Spray foam and foam insulation,0.3051159958190251,0.1638380150030698,0.1412779808159553,9.096078409645449,builder_contractor,how_to_installation_demo,2025-10-16 15:08:52+00:00,2025,0.6833333333333333,50622,645,48,12.741495792343253,0.9482043380348466,180.79285714285717,0.1714285714285714
ifIuK6LihF0,0.0496526704860658,0.0,0.0,0.0,0.090425094663054,0.0,0.0,0.7934035521792114,0.0053057357228496,0.0,0.0,0.0,0.0,0.0500741533194626,0.0,0.0111387936293562,1,8,5,"Solar PV, batteries and power systems",0.7934035521792114,0.090425094663054,0.7029784575161574,2.176771379370317,installer_tradesperson,how_to_installation_demo,2023-07-29 10:00:25+00:00,2023,0.75,15415,113,2,7.330522218618229,0.1297437560817385,14.142201834862384,0.0018348623853211
ihp4SFn6tiM,0.0249738747375572,0.0003931592055286,0.0146330693601588,0.0709880589659613,0.0193170530114741,0.0473755029270241,0.0,0.7405386593286484,0.0,0.0122617524297745,0.0073689638894458,0.0145130913934138,0.0,0.0,0.0,0.0476368147510127,1,8,4,"Solar PV, batteries and power systems",0.7405386593286484,0.0709880589659613,0.669550600362687,2.9582197068388645,diy_renovator_homeowner,practical_advice_explainer,2026-06-26 07:21:07+00:00,2026,2.3833333333333333,5640,135,7,23.93617021276596,1.2411347517730498,208.88888888888889,0.2592592592592592
ipx9VB1S8a0,0.0,0.0016600547314456,0.977616759782452,0.0,0.0008094472301263,0.0,0.0013830444752263,0.0,0.0,0.0,0.0050634475454094,0.0115109734911027,0.0019562727442376,0.0,0.0,0.0,1,3,12,Clarification and specification questions,0.977616759782452,0.0115109734911027,0.9661057862913492,1.1479518391467136,installer_tradesperson,how_to_installation_demo,2024-01-26 17:00:28+00:00,2024,0.45,72082,644,3,8.934269304403319,0.0416192669459781,79.2981298129813,0.0033003300330033
irytqcJZSps,0.1513787922595637,0.0062153300388179,0.1097017964365872,0.0730557018180054,0.0051880904967701,0.1128931468859557,0.0348361986018491,0.0108586493639737,0.0660403062411034,0.0359971370960792,0.0408386440720779,0.0233235335717075,0.1946839002872181,0.0168551392883482,0.0264303144212254,0.0917033191207168,349,13,1,"Wall, cavity and floor insulation",0.1946839002872181,0.1513787922595637,0.0433051080276543,11.13950380648319,builder_contractor,problem_warning_mistakes,2019-09-02 17:59:47+00:00,2019,4.55,1608217,14856,1636,9.237559359215826,1.0172756537208598,639.1959459459459,0.6502384737678856
isPYt-LQTWQ,0.1981551672119916,0.0083891175724089,0.0345575351014058,0.0860175562692797,0.0020015486682152,0.0445492917309723,0.1008598762635736,0.0318776898248512,0.0970706247257564,0.0776033939643319,0.0022035126393097,0.06068029312722,0.1252249367641248,0.0135461565216443,0.0307510084706605,0.0865122911442531,11,1,13,Situated household retrofit experience and building context,0.1981551672119916,0.1252249367641248,0.0729302304478668,11.31306217126264,diy_renovator_homeowner,how_to_installation_demo,2023-02-11 18:01:11+00:00,2023,1.0,25334,237,57,9.355016973237548,2.2499407910318148,20.13831478537361,0.0453100158982511
ixtlK3XqigY,0.1109238124234242,0.0040443792694259,0.0255757973556889,0.1765706550417657,0.0168234586335208,0.2713941104246197,0.0056979698098536,0.1472153963960089,0.0011328044975796,0.0100399052535244,0.0055023985025722,0.0049769351470009,2.606037413685395e-06,0.0634061064283215,0.0066336252055144,0.150060039573765,9,6,4,"Praise, gratitude and social endorsement",0.2713941104246197,0.1765706550417657,0.0948234553828539,7.40394544020195,installer_tradesperson,how_to_installation_demo,2025-10-24 15:30:06+00:00,2025,33.516666666666666,11534,692,93,59.99653199237039,8.063117738859026,42.40441176470589,0.3419117647058823
iyi6qdwzM3s,0.1062775280921091,0.0013282915048547,0.0871778439192658,0.1472171023009063,0.0523139416584851,0.2301719708748729,0.0323452278203212,0.0252858318003771,0.0556339175679303,0.0964226175513391,0.0423498151816173,0.0487234619926602,0.0094184301699459,0.0111566322027113,0.0067325314110037,0.0474448559515994,36,6,4,"Praise, gratitude and social endorsement",0.2301719708748729,0.1472171023009063,0.0829548685739665,10.783119149199326,installer_tradesperson,how_to_installation_demo,2020-02-24 00:00:04+00:00,2020,11.85,115332,1422,108,12.329622307772343,0.9364270107168868,49.26612558735583,0.0461341307133703
j0E0NJtnDig,0.0472417786782044,0.0176145963309384,0.0639092420371726,0.0612191458937856,0.0172427196798042,0.0452400420514147,0.0478237291052612,0.3806234568284268,0.0197793734889685,0.0199049638588799,0.0062392367468404,0.2113103790785801,0.0043739358741171,0.0051814816436404,0.0086528617437587,0.0436430569602063,31,8,12,"Solar PV, batteries and power systems",0.3806234568284268,0.2113103790785801,0.1693130777498466,7.612196771647098,installer_tradesperson,practical_advice_explainer,2025-04-04 16:04:44+00:00,2025,22.716666666666665,29198,608,96,20.823344064661963,3.2878964312624155,61.46947368421053,0.2021052631578947
j7HcijX-Nmw,0.2701564320401691,0.1022194841764918,0.1597878762829859,0.021486509334276,0.0,0.0343894540617194,0.0298439121290144,0.0003205352771358,0.0581207751935672,0.0328286274064042,0.0063277723223132,0.0038055763597967,0.2061912812554713,0.0113782296751961,0.0117439418056371,0.0513995926798213,15,1,13,Situated household retrofit experience and building context,0.2701564320401691,0.2061912812554713,0.0639651507846978,8.1460682408849,training_educational,how_to_installation_demo,2023-05-27 09:41:00+00:00,2023,0.2833333333333333,1391349,14171,107,10.185079372608886,0.0769037818692506,1206.7207285342586,0.0928013876843018
jEBzGn4AsGg,0.0654000919306502,0.065808058356275,0.0763220672186714,0.050035325454804,0.0077766681659129,0.0339478862029371,0.0112796167611312,0.010250957563924,0.04283877712963,0.0148571912316884,0.0072969120964893,0.2997112273135524,0.2231337022229019,0.0110023874700955,0.0580377298370718,0.0223014010442643,26,12,13,Roof and attic ventilation and airflow,0.2997112273135524,0.2231337022229019,0.0765775250906504,8.869927406198011,diy_renovator_homeowner,how_to_installation_demo,2024-11-21 12:50:57+00:00,2024,1.85,80516,1294,61,16.07133985791644,0.7576133936112077,132.21018062397374,0.1001642036124794
jEkuXhLwfVM,0.1410060771594415,0.0623432100448807,0.0161043168014114,0.0719361221288387,0.0430737569884959,0.0171339688232292,0.0507257047220022,0.1136923810856658,0.0849161532571923,0.0216027439909987,0.0168473862176987,0.1713721594520487,0.0395358897967592,0.0328307344016374,0.0250525510831735,0.0918268440465253,6,12,1,Roof and attic ventilation and airflow,0.1713721594520487,0.1410060771594415,0.0303660822926072,12.471903707900855,installer_tradesperson,how_to_installation_demo,2026-03-01 16:45:04+00:00,2026,17.716666666666665,3791,45,11,11.870218939593776,2.9016090741229226,26.32638888888889,0.0763888888888889
jF0c0wJmy84,0.2896582013214983,0.0039980414799536,0.0490549688790739,0.0443305357318465,0.0344573202741165,0.0394130238062512,0.0515096557223725,0.0098331644193915,0.0384135058546502,0.0573393813371584,0.0280869022373445,0.0815580856610035,0.0877571482106162,0.0134174949642811,0.0111100831372862,0.1600624869631552,23,1,16,Situated household retrofit experience and building context,0.2896582013214983,0.1600624869631552,0.129595714358343,10.147749583165425,installer_tradesperson,how_to_installation_demo,2025-12-14 10:00:06+00:00,2025,32.9,16281,1769,310,108.65425956636572,19.04059947177692,73.66968325791855,1.4027149321266967
jKiXJOX4ol8,0.1355778655096804,0.0035800938163685,0.0653244372819084,0.0717346453701854,0.0380087318404324,0.0481572463954367,0.0430494605208811,0.3505658299300856,0.0662440478018663,0.0291951354911177,0.0158321232644393,0.0196136111464144,0.0095337299017024,0.0210902883403532,0.0077712532996168,0.0747215000895106,150,8,1,"Solar PV, batteries and power systems",0.3505658299300856,0.1355778655096804,0.2149879644204051,9.157709939313166,installer_tradesperson,how_to_installation_demo,2025-10-13 17:01:04+00:00,2025,15.616666666666667,1693920,7597,486,4.484863511854161,0.2869084726551431,5985.5830388692575,1.7173144876325088
jUehMdNfGrY,0.1392418843395512,0.005042527170157,0.0546282090707213,0.033985252432905,0.0258561558209335,0.0311837460381095,0.0843265335932227,0.2264493084588073,0.1061589822485577,0.033518572043558,0.0313579185371076,0.0623385269377936,0.0321744989817053,0.0335845198327397,0.022340594441752,0.077812770052378,107,8,1,"Solar PV, batteries and power systems",0.2264493084588073,0.1392418843395512,0.0872074241192561,11.753049516973498,installer_tradesperson,problem_warning_mistakes,2023-09-11 19:00:21+00:00,2023,12.416666666666666,160997,3733,332,23.1867674552942,2.062150226401734,153.9168260038241,0.3173996175908222
jYNufQVIFfA,0.118315974934161,0.303927331337531,0.0468773086509489,0.028054179711414,0.0247626307811864,0.0391415250517579,0.02528487846929,0.0198696107057008,0.0362602546685103,0.0262751189465034,0.0177118777801158,0.1088767946349425,0.0999253842088156,0.0118788131129827,0.034143110827784,0.0586952061783548,393,2,1,Spray foam and foam insulation,0.303927331337531,0.118315974934161,0.1856113564033699,10.389623658758303,builder_contractor,problem_warning_mistakes,2022-01-25 19:00:12+00:00,2022,14.85,2992047,27389,2691,9.153933745024728,0.8993842676936559,1824.4189024390244,1.6408536585365854
jmRz8qRypy8,0.0928979859430493,0.0332208399384372,0.270374455654956,0.0075361895996875,0.0322991267127073,0.0685589982727416,0.050478384003613,0.0623798504842601,0.0052904498591463,0.1127628429340469,0.0040871160355265,0.0788105727376352,0.0707205855179388,0.0108668202922147,0.0735978711942586,0.0261179108197803,3,3,10,Clarification and specification questions,0.270374455654956,0.1127628429340469,0.157611612720909,10.622887272967844,diy_renovator_homeowner,problem_warning_mistakes,2024-01-28 20:57:34+00:00,2024,1.0166666666666666,9344,124,6,13.27054794520548,0.6421232876712328,10.302094818081589,0.0066152149944873
joW9rze4I1k,0.5646176080170624,0.0213279948499263,0.0318063123512046,0.0109661142332156,0.0,0.0020590907679137,0.0649233712457396,0.0261572916368916,0.0045736323380931,0.0024013589514075,0.0538433680723822,0.023348953782272,0.0208287934085717,0.0326711863587243,0.035782757821568,0.1046921661650266,4,1,16,Situated household retrofit experience and building context,0.5646176080170624,0.1046921661650266,0.4599254418520357,5.37388387314112,builder_contractor,how_to_installation_demo,2024-07-21 15:44:04+00:00,2024,1.0,61920,706,12,11.401808785529717,0.1937984496124031,84.59016393442623,0.0163934426229508
jp7u3aOXr0s,0.212488024148216,0.0,0.0175370524799831,0.0415803226835549,0.0497955585931531,0.0037380061091182,0.015442055435774,0.0477196168017784,0.0987827316182597,0.0026733541881283,0.0476948311836756,0.2621038972910421,0.1148432231385681,0.0031724576380063,0.0020916376626533,0.0803372310280882,10,12,1,Roof and attic ventilation and airflow,0.2621038972910421,0.212488024148216,0.049615873142826,8.456893207685876,installer_tradesperson,how_to_installation_demo,2022-10-14 18:27:32+00:00,2022,5.6,9969,72,66,7.222389407162202,6.620523623232019,7.234397677793904,0.0478955007256894
juX8XuepUUE,0.0265325309672318,0.0,0.3730191544219349,0.0,0.005966170620965,0.3279881155585837,0.012814021223775,0.0362059011978853,0.0055047259607185,0.0142536700596772,0.0230120927100699,0.0403857405909815,0.0,0.1268205679485554,0.0074973087396212,0.0,2,3,6,Clarification and specification questions,0.3730191544219349,0.3279881155585837,0.0450310388633512,5.157813231634045,installer_tradesperson,how_to_installation_demo,2022-01-31 12:15:02+00:00,2022,14.483333333333333,5082,119,14,23.415977961432507,2.7548209366391188,3.1101591187270503,0.0085679314565483
jwn710f8Ins,0.0313441313522127,0.0,0.0016742314526421,0.0,0.2364247447310232,0.0,0.056972807845842,0.0,0.3897159585636316,0.0062154752739873,0.0375361007498823,0.2401165500307785,0.0,0.0,0.0,0.0,1,9,12,Performance checking and troubleshooting,0.3897159585636316,0.2401165500307785,0.1495994085328531,4.428323572776885,training_educational,how_to_installation_demo,2025-09-29 16:13:23+00:00,2025,0.3666666666666666,1406,3,4,2.1337126600284497,2.8449502133712663,4.734006734006734,0.0134680134680134
k0zSAyYZ9BI,0.0536305301072139,0.0,8.235742798927364e-05,0.1468951149892692,0.0215873486191326,0.0980852690358888,0.1293045895450885,0.192913648865963,0.0,0.2845605162126778,0.0,0.0354671441839551,0.0204384194647667,0.0,0.0,0.0170350615480547,3,10,8,"Implementation follow-up, outcomes and retrospective questions",0.2845605162126778,0.192913648865963,0.0916468673467147,7.077187779993838,diy_renovator_homeowner,how_to_installation_demo,2019-11-07 05:59:46+00:00,2019,9.85,8733,109,10,12.481392419558,1.1450818733539447,3.5644897959183672,0.0040816326530612
k5cYjwz-I1s,0.1756217013504108,0.0038181422664863,0.0831192529757375,0.0844314530682106,0.0818356765393884,0.1643936303646971,0.0670481657806301,0.0079730195655379,0.0870228145090608,0.0135961197303841,0.0177012176495718,0.0455277666675935,0.0069509838618056,0.106769682049071,0.0046641149057259,0.0495262587156876,251,1,6,Situated household retrofit experience and building context,0.1756217013504108,0.1643936303646971,0.0112280709857137,10.954993352267236,installer_tradesperson,practical_advice_explainer,2019-01-19 08:09:38+00:00,2019,12.25,467941,6830,749,14.595857170027848,1.60062913914361,170.6568198395332,0.2731582786287381
k8Bn9TygfkA,0.2738340578560451,0.039050522292209,0.0165714228781112,0.0,0.0469744184473172,0.0231591806729211,0.0689802632456393,0.0242801599062781,0.1073118014876395,0.0,0.0,0.0,0.2596934281932437,0.0,0.1401447450205952,0.0,1,1,13,Situated household retrofit experience and building context,0.2738340578560451,0.2596934281932437,0.0141406296628013,6.8202225258622216,builder_contractor,practical_advice_explainer,2025-03-06 00:00:37+00:00,2025,2.7666666666666666,912,8,1,8.771929824561402,1.0964912280701753,1.809523809523809,0.0019841269841269
kGXwcm6_ZMU,0.152032973962299,0.0202454687276646,0.1445317280693827,0.0624317452020113,0.0182823054225871,0.0102494766935676,0.0759617945507714,0.0233686534227544,0.052595968092979,0.0312950043264011,0.086792346701978,0.2234822992632561,0.0216587905394793,0.014006350180042,0.01553564837051,0.0475294464743157,166,12,1,Roof and attic ventilation and airflow,0.2234822992632561,0.152032973962299,0.071449325300957,10.852039442358684,builder_contractor,problem_warning_mistakes,2025-05-21 16:03:19+00:00,2025,0.4,4878411,50020,931,10.25333863833941,0.1908408291142341,11398.156542056076,2.175233644859813
kGs_biFA87Q,0.2108990285128128,0.0021830280655206,0.0537582838772791,0.0396953371770065,0.2435618119532798,0.0553729149232573,0.0354414867552931,0.0693486969562529,0.0435216783820278,0.0143642030540025,0.0155388513955856,0.0368987184302611,0.0303477845158213,0.0817392203668633,0.0072355082790429,0.0600934473556926,355,5,1,Heat pumps and heating systems,0.2435618119532798,0.2108990285128128,0.032662783440467,10.316360486968478,training_educational,practical_advice_explainer,2022-03-03 18:00:12+00:00,2022,16.25,893487,11730,1064,13.128338744715927,1.1908399338770457,557.3842794759826,0.6637554585152838
kHtrw6kFHTE,0.0762865778936939,0.03387070150334,0.0827508574632374,0.0538233094047424,0.0003041084927971,0.0402681105127035,0.1080315604235793,0.0071029843267654,0.0749698845235971,0.0133110263384167,0.0202891656138501,0.0863044527353882,0.2933168952121068,0.0071149605974592,0.0986612724780924,0.0035941324802297,13,13,7,"Wall, cavity and floor insulation",0.2933168952121068,0.1080315604235793,0.1852853347885274,9.657275413854949,installer_tradesperson,problem_warning_mistakes,2023-05-08 17:22:47+00:00,2023,0.25,248830,608,58,2.443435277096813,0.233090865249367,212.3122866894198,0.0494880546075085
kWPN7cxlg1U,0.0342245288862111,0.0,0.2169238723695152,0.2420822836801587,0.0,0.4214993873286957,0.0,0.0,0.0001950179940625,0.0,0.0028072126048777,0.0,0.0419110708925153,0.0,0.0165093704134909,0.0238472558304723,2,6,4,"Praise, gratitude and social endorsement",0.4214993873286957,0.2420822836801587,0.1794171036485369,4.316741966270394,diy_renovator_homeowner,how_to_installation_demo,2022-03-26 01:12:53+00:00,2022,67.88333333333334,14947,158,4,10.570683080216766,0.2676122298789055,9.46012658227848,0.0025316455696202
k_-nbxRQhzA,0.1148742780362891,0.0055398049910188,0.1201319448628052,0.0792038072238107,0.0953113181298359,0.1303165434574685,0.0392808258995346,0.0285636305355798,0.0672678932882911,0.0465493505014109,0.008228642989473,0.0071437303469648,0.0788339453434289,0.0163979456388054,0.0149992823124662,0.1473570564428163,33,16,6,"Prospective choices, recommendations and alternatives",0.1473570564428163,0.1303165434574685,0.0170405129853478,11.740843102611302,installer_tradesperson,project_walkthrough,2022-05-04 15:45:01+00:00,2022,12.983333333333333,45464,1073,71,23.6010909730776,1.561675171564315,29.502920181700198,0.0460739779364049
kbhZFFeusNE,0.1308094498300938,0.1534690575781906,0.0258820563460327,0.0229115475072662,0.0037947683285704,0.1002072985299093,0.0,0.0468904293822054,0.1414776187814097,0.0051252839133709,0.2083891827464847,0.0156712902776734,0.044128522690838,0.007019015949681,0.0769749487694076,0.0172495293688657,6,11,2,"Product sourcing, access and location questions",0.2083891827464847,0.1534690575781906,0.0549201251682941,9.636532075716875,diy_renovator_homeowner,how_to_installation_demo,2024-04-21 15:39:02+00:00,2024,10.1,9903,77,17,7.775421589417348,1.7166515197414924,12.03280680437424,0.0206561360874848
kcQ1U4-kZzw,0.1302946593051148,0.0062160530050886,0.024926293726478,0.0009130169416872,0.0550352557800356,0.086702779936122,0.071061248276329,0.0110585099197768,0.0979063199956272,0.0347227501827203,0.00024983523287,0.0968515567005404,0.2764468020297771,0.0065298840045668,0.0825731957694198,0.0185118391938457,12,13,1,"Wall, cavity and floor insulation",0.2764468020297771,0.1302946593051148,0.1461521427246623,9.443266090570782,diy_renovator_homeowner,how_to_installation_demo,2025-01-05 22:32:26+00:00,2025,0.85,32875,389,52,11.832699619771862,1.5817490494296578,58.28900709219858,0.0921985815602836
keaKApEy_rM,0.0,0.0149754762422611,0.0031540393946664,0.0,0.0,0.040072358325138,0.0070924584994781,0.0,0.0,0.0180746705687868,0.0,0.3796969706422454,0.5368009084224332,0.0001331179049907,0.0,0.0,1,13,12,"Wall, cavity and floor insulation",0.5368009084224332,0.3796969706422454,0.1571039377801878,2.77450432199764,installer_tradesperson,problem_warning_mistakes,2019-01-15 19:14:23+00:00,2019,1.0166666666666666,14960,43,1,2.874331550802139,0.0668449197860962,5.447924253459577,0.0003641660597232
khc5R8FXJYg,0.1247640706769341,0.0035151270903512,0.0740069934947777,0.0334862358628924,0.013808286861565,0.1133250197793055,0.0372555015711303,0.2225374572567043,0.128290798229951,0.0196136345213376,0.0168295828873972,0.0038064879997174,0.0039469627359381,0.0735934617045478,0.0184688482427153,0.1127515310847344,55,8,9,"Solar PV, batteries and power systems",0.2225374572567043,0.128290798229951,0.0942466590267533,10.10472188290707,installer_tradesperson,how_to_installation_demo,2020-11-19 00:27:08+00:00,2020,9.816666666666666,79367,1778,190,22.40225786535966,2.3939420666019884,38.30453667953668,0.0916988416988417
kqO5SyKJ5SI,0.1093321141694311,0.0154461102952532,0.1284251624888572,0.104194594755915,0.0029405504022512,0.0279819252255246,0.0618781685275936,0.005603644048594,0.0367913091588488,0.0366432744182973,0.0560746881311635,0.2275808052774817,0.0081657852795468,0.0031091400224568,0.0172288405602774,0.158603887238507,16,12,16,Roof and attic ventilation and airflow,0.2275808052774817,0.158603887238507,0.0689769180389746,9.819669509668683,diy_renovator_homeowner,how_to_installation_demo,2024-11-21 17:11:05+00:00,2024,0.95,237351,3247,70,13.680161448656207,0.2949218667711533,389.7389162561576,0.1149425287356321
kqfbvjb-ZTY,0.1743974405792107,0.0011809978487898,0.040423022765982,0.1087384472957769,0.177428568250882,0.0891949539142055,0.0019962276371066,0.0075906398058614,0.0146871076590057,0.0348237831009536,0.0003768100060821,0.1936317919081343,0.0,0.0928149547057503,0.0053380156032149,0.0573772389190437,6,12,5,Roof and attic ventilation and airflow,0.1936317919081343,0.177428568250882,0.0162032236572523,8.73799675808825,installer_tradesperson,how_to_installation_demo,2020-01-15 14:55:15+00:00,2020,0.55,19309,41,10,2.1233621627220467,0.5178932104200114,8.109617807643847,0.0041999160016799
ksg3sQIMmKc,0.0661128135695291,0.0336273195316384,0.0021939080187265,0.0385885976901163,0.008534599592886,0.0025529768319109,0.0296186151393009,0.0212709001512385,0.0281867333536138,0.0495440034186269,0.1292857405572506,0.0773929730592897,0.2147328568164258,0.0219650397492036,0.0274350732344534,0.2489578492857889,7,16,13,"Prospective choices, recommendations and alternatives",0.2489578492857889,0.2147328568164258,0.034224992469363,9.44754475572371,diy_renovator_homeowner,how_to_installation_demo,2024-01-18 18:14:18+00:00,2024,7.266666666666667,28725,287,45,9.991296779808527,1.566579634464752,31.32497273718648,0.0490730643402399
kt8d8Yj-qG8,0.1508610481386405,0.0084994885584433,0.0923020080023976,0.0514542142990857,0.0026598916000196,0.0828513623737955,0.0238303556586935,0.0272259447812816,0.1348377847910443,0.047140117460601,0.0290504750209092,0.2363656882934606,0.0051109293903393,0.0229996314422568,0.0207945061424281,0.0640165540466027,12,12,1,Roof and attic ventilation and airflow,0.2363656882934606,0.1508610481386405,0.0855046401548201,10.338424202434044,diy_renovator_homeowner,how_to_installation_demo,2022-11-05 08:00:16+00:00,2022,2.0166666666666666,97923,432,62,4.41162954566343,0.6331505366461404,72.21460176991151,0.0457227138643067
kwVleBvWH64,0.1364894520784093,0.013931867896644,0.0935628118232986,0.0684718935704359,0.0149931653569279,0.0374554184520637,0.1252762388501436,0.0252677867822446,0.0887236180306153,0.0500496216558738,0.0425616249980132,0.1829653346876702,0.02209019180183,0.0238714115987873,0.0277865965413006,0.0465029658757413,114,12,1,Roof and attic ventilation and airflow,0.1829653346876702,0.1364894520784093,0.0464758826092609,12.198675634822266,builder_contractor,how_to_installation_demo,2025-04-29 11:47:43+00:00,2025,2.9833333333333334,19682579,247771,1158,12.588340176355954,0.0588337534425747,43739.06444444445,2.5733333333333333
l7Ovl2WoDkQ,0.1284019068994362,0.0234303069521321,0.0453488526538757,0.0243379609712677,0.0827210331568977,0.057536784696868,0.0368073936346832,0.0274615292714728,0.0786671175791153,0.0362980738235052,0.0171527090804342,0.1223735101026362,0.1561139615964012,0.0134957064159044,0.067249239127078,0.0826039140382912,300,13,1,"Wall, cavity and floor insulation",0.1561139615964012,0.1284019068994362,0.0277120546969649,12.879911068030784,diy_renovator_homeowner,how_to_installation_demo,2022-10-07 11:00:36+00:00,2022,5.866666666666666,490260,7829,659,15.96907763227675,1.344184718312732,353.97833935018053,0.475812274368231
l8g9v1SSnEw,0.1242903032921103,0.0017232803548063,0.2869420352718505,0.0385847032095792,0.2839302312415014,0.023037318156839,0.0073612304247479,0.022876470741057,0.0860375882382641,0.0045992215157413,0.002638923585844,0.026787616380837,0.0417599559068556,0.0146061620448568,0.0060938006274765,0.0287311590076324,7,3,5,Clarification and specification questions,0.2869420352718505,0.2839302312415014,0.003011804030349,7.36493396693247,installer_tradesperson,project_walkthrough,2025-01-15 15:08:39+00:00,2025,37.65,6595,158,33,23.957543593631534,5.003790750568613,11.9043321299639,0.0595667870036101
lR8_3cttaZA,0.1171591563481266,0.002279520224285,0.2139096322623257,0.0987486142999405,0.0006842397618592,0.0606065961017798,0.0807696473468584,0.0019503186441162,0.0212408215724507,0.0981498697264243,0.0151946462143678,0.0888408094726276,0.1289770371257248,0.014815049940685,0.0452873992894133,0.0113866416690146,11,3,13,Clarification and specification questions,0.2139096322623257,0.1289770371257248,0.0849325951366009,10.174617130196491,installer_tradesperson,how_to_installation_demo,2023-07-26 05:24:50+00:00,2023,13.4,41713,332,41,7.959149425838468,0.9829070074077626,38.16376944190302,0.0375114364135407
lSCGWiQvFuo,0.0810667749564027,0.0,0.0,0.0,0.0,0.0,0.1139335089468344,0.0160720795776379,0.0899227152503566,0.0109355829861301,0.0,0.3181573578728315,0.3699119804098064,0.0,0.0,0.0,1,13,12,"Wall, cavity and floor insulation",0.3699119804098064,0.3181573578728315,0.0517546225369749,4.552906701854559,diy_renovator_homeowner,practical_advice_explainer,2025-05-07 20:25:46+00:00,2025,1.4333333333333331,3601,52,3,14.44043321299639,0.8331019161344071,8.147058823529411,0.006787330316742
lUYZDxtd3z0,0.1635407589618086,0.0008400483980916,0.0610361693038294,0.0379318687972235,0.1835799370923778,0.1850878273009321,0.0367031576110257,0.0192485299491702,0.0857776067356265,0.0102430350067748,0.0338663852680333,0.0178090080637012,0.0408013956008045,0.0636982319303366,0.0049272579821059,0.0549087819981577,40,6,5,"Praise, gratitude and social endorsement",0.1850878273009321,0.1835799370923778,0.0015078902085542,10.517537257583705,training_educational,practical_advice_explainer,2022-04-15 18:56:04+00:00,2022,25.58333333333333,29330,601,116,20.490964882373,3.954994885782475,18.80128205128205,0.0743589743589743
lZz69xkkIOg,0.0603992434127345,0.001970027332915,0.0049119010441548,0.1600668627000935,0.0,0.3178523418400221,0.0006932578395469,0.0175242950358877,0.0,0.0016119400398117,0.3321524134354545,0.0,0.0003124622899621,0.0094024540834273,0.0046800906153292,0.08842271033066,3,11,6,"Product sourcing, access and location questions",0.3321524134354545,0.3178523418400221,0.0143000715954323,4.972116448523319,installer_tradesperson,how_to_installation_demo,2020-04-20 23:17:59+00:00,2020,3.216666666666667,3441,33,11,9.59023539668701,3.1967451322290037,1.5059080962800877,0.0048140043763676
l_w9DNhDJM0,0.236410518116967,0.0,0.0024230943242431,0.0007047974592894,0.0513305324919007,0.1968718205789772,0.1457428329358621,0.0373902272512391,0.0,0.1317452226093845,0.0018643109394511,0.0249046725968827,0.0880693560866325,0.078935643495356,0.0036069711138139,0.0,3,1,6,Situated household retrofit experience and building context,0.236410518116967,0.1968718205789772,0.0395386975379898,7.706079446264897,diy_renovator_homeowner,how_to_installation_demo,2023-12-30 22:29:30+00:00,2023,0.6666666666666666,14502,122,17,8.41263274031168,1.172252103158185,15.493589743589745,0.0181623931623931
lijOdAcowsc,0.2606344613933347,0.0328012977077397,0.0342840903178464,0.0539017311190271,0.0309976421794476,0.1098637777404087,0.0172162244788212,0.0115715398968083,0.0725605194594691,0.0538062871081606,0.0793416391537284,0.0936749894582212,0.0306449712179753,0.016555733965857,0.0249707938299258,0.0771743009732281,19,1,6,Situated household retrofit experience and building context,0.2606344613933347,0.1098637777404087,0.150770683652926,11.501361245223602,diy_renovator_homeowner,how_to_installation_demo,2022-02-06 17:28:48+00:00,2022,8.4,172169,2351,90,13.655187635404747,0.5227421893604539,105.754914004914,0.0552825552825552
ljb8mM0cqNY,0.1304888756222608,0.0347044013419895,0.2295643957519254,0.0,0.0695991729117298,0.0138347216150642,0.0006709544777744,0.0505741865628819,0.1361930844073486,0.0015286403151919,0.0880003913943987,0.0328814162954132,0.051791346639273,0.0862648877602381,0.0676610239409584,0.0062425009635515,4,3,9,Clarification and specification questions,0.2295643957519254,0.1361930844073486,0.0933713113445767,10.043766167406115,installer_tradesperson,how_to_installation_demo,2024-05-14 06:55:21+00:00,2024,0.5833333333333334,31655,310,11,9.793081661664823,0.3474964460590743,39.56875,0.01375
lp1rDWnXDdY,0.1878556814385319,0.0,0.0,0.0,0.0657570987407414,0.0,0.1652488190568913,0.0,0.2348635037865549,0.0398299160404317,0.0,0.0,0.0,0.2982774004612014,0.0081675804756471,0.0,2,14,9,Thermostat wiring and smart heating controls,0.2982774004612014,0.2348635037865549,0.0634138966746464,5.255749170820152,installer_tradesperson,how_to_installation_demo,2025-03-04 17:45:03+00:00,2025,14.983333333333333,9606,59,8,6.141994586716636,0.8328128253175099,18.98418972332016,0.0158102766798418
lpPgQH_sfyE,0.0779875415116124,0.1103024635460562,0.0419714250276734,0.0,0.0117022676408925,0.0034454877200517,0.1342831140350776,0.1620970679798392,0.0,0.083965217431556,0.0,0.0,0.0335845592427858,0.077549697835463,0.2631111580289917,0.0,1,15,8,Vapour barriers and moisture control,0.2631111580289917,0.1620970679798392,0.1010140900491524,8.02793579100786,installer_tradesperson,how_to_installation_demo,2022-05-18 20:12:19+00:00,2022,0.4666666666666667,38750,509,3,13.135483870967745,0.0774193548387096,25.376555337262605,0.0019646365422396
lpRNEcK3fGA,0.1025097119906224,0.0,0.0020992225721402,0.1080954009764411,0.2053159500964504,0.1885074349929237,0.0173338613972834,0.0714809331165869,0.0750138380759194,0.0220098359657435,0.0005729331470602,0.0353093233105892,0.0486855373614584,0.0437575001973509,0.0024334142674029,0.0768751025320268,10,5,6,Heat pumps and heating systems,0.2053159500964504,0.1885074349929237,0.0168085151035267,9.796011964469413,installer_tradesperson,how_to_installation_demo,2022-08-02 09:29:20+00:00,2022,8.15,14281,1144,54,80.10643512359078,3.781247811777887,9.842177808407994,0.0372157133011716
lpm6D4ZktMY,0.0699350675929148,0.0033386414868166,0.0032488959875929,0.089030106010277,0.0283043468313903,0.011553423191154,0.3967963742621087,0.0041923644905714,0.0226231987714911,0.002389391462184,0.0205945767179402,0.0143057065574519,0.0141896892832526,0.2250492467221048,0.022450294888317,0.071998675744432,5,7,14,"Alternative methods, challenges and ""why"" questions",0.3967963742621087,0.2250492467221048,0.1717471275400038,6.637585041170179,installer_tradesperson,how_to_installation_demo,2023-07-05 07:57:02+00:00,2023,1.0166666666666666,35932,284,20,7.903818323499943,0.5566069241901369,32.254937163375224,0.0179533213644524
lsJmS0bP7eU,0.1567265660216593,0.0299434890750213,0.1114003191672886,0.0,0.0480475403684275,0.119490334262172,0.0,0.1800925718803668,0.0,0.0,0.0,0.101806690446556,0.2011756436359979,0.0012658618254991,0.0,0.0500509833170113,1,13,8,"Wall, cavity and floor insulation",0.2011756436359979,0.1800925718803668,0.0210830717556311,7.861380062761447,builder_contractor,how_to_installation_demo,2023-06-22 12:00:39+00:00,2023,0.7166666666666667,5351,58,1,10.83909549616894,0.1868809568304989,4.7480035492457855,0.0008873114463176
lugAsdOG4qo,0.2150980798939327,0.0106787065463447,0.0037459116554647,0.0006549432578035,0.0167717339376492,0.0114967332522693,0.0792347509646198,0.012730896914156,0.0992337701838034,0.0211058435964035,0.0055322956444308,0.0490850016207242,0.2753071007336288,0.0030473746519467,0.0807887581906502,0.1154880989561719,13,13,1,"Wall, cavity and floor insulation",0.2753071007336288,0.2150980798939327,0.0602090208396961,8.115624307588746,installer_tradesperson,how_to_installation_demo,2026-05-31 16:20:28+00:00,2026,1.3666666666666667,100754,1050,62,10.421422474541954,0.6153601842110487,1901.018867924528,1.169811320754717
lxZwPhCmQ2w,0.126088099820681,0.0033564595631524,0.0413765376304139,0.0228032078218452,0.0356225616243564,0.0515305009567776,0.041207506512016,0.4833279923066956,0.0583087530622034,0.0179137717566778,0.0102714265396436,0.0046787568919062,0.001934604271934,0.0080671479208599,0.0057426530197313,0.0877700203011051,157,8,1,"Solar PV, batteries and power systems",0.4833279923066956,0.126088099820681,0.3572398924860146,6.402578507895459,training_educational,practical_advice_explainer,2025-11-25 08:56:32+00:00,2025,11.683333333333334,132278,4173,505,31.54719605678949,3.8177172318904127,551.1583333333333,2.1041666666666665
m6TzqfAQxSg,0.0695058760539648,0.0010289530938644,0.0486940821208142,0.042381653669133,0.0019564121275239,0.1912883670187792,0.101342706605462,0.00958150320593,0.1283751752478991,0.0039536061760192,0.0436781152218713,0.0313409330674993,0.2714063962157568,0.004798324278831,0.0,0.0506678958966511,6,13,6,"Wall, cavity and floor insulation",0.2714063962157568,0.1912883670187792,0.0801180291969776,8.499690950025412,diy_renovator_homeowner,how_to_installation_demo,2023-01-10 03:06:43+00:00,2023,0.4,37324,403,28,10.79734219269103,0.7501875468867217,28.933333333333334,0.0217054263565891
mBTIbZcWRLs,0.0745088656124118,0.0648641324680076,0.1020517026648247,0.100729589820126,0.0015607570788515,0.0991613492145733,0.0299692474706872,0.0219787660241761,0.0674077561597785,0.0885793553164897,0.007599510489612,0.0515640335218496,0.2310443145121075,0.0115388628636492,0.0094401759721138,0.0380015808107407,36,13,3,"Wall, cavity and floor insulation",0.2310443145121075,0.1020517026648247,0.1289926118472827,11.112497923112942,diy_renovator_homeowner,how_to_installation_demo,2022-02-26 13:00:18+00:00,2022,10.016666666666667,127120,2249,96,17.69194461925739,0.7551919446192574,79.05472636815921,0.0597014925373134
mD8KDawFFeI,0.1332751002513371,0.0001014713335159,0.0425866089395559,0.1132222377810484,0.1812780612627022,0.016049776846551,0.0166049283414099,0.016564966265194,0.0781502604192141,0.0048385753695765,0.1010910866945048,0.0405599394511312,0.0123330917672185,0.1921836924180076,0.0121336545471493,0.0390265483118831,13,14,5,Thermostat wiring and smart heating controls,0.1921836924180076,0.1812780612627022,0.0109056311553053,9.978345519830162,installer_tradesperson,practical_advice_explainer,2021-04-12 15:04:18+00:00,2021,3.6166666666666663,83543,248,37,2.968531175562285,0.4428856995798571,43.33143153526971,0.0191908713692946
mH-oQe3IRlc,0.187066921489655,0.0288477700661986,0.0051921346563454,0.1436024889760788,0.0,0.0595241841821202,0.1678844463457601,0.0192319957043608,0.0642463337242119,0.0426138743825894,0.0056521737882828,0.1782584073714872,0.0,0.0028697175529703,0.0950095517599388,0.0,2,1,12,Situated household retrofit experience and building context,0.187066921489655,0.1782584073714872,0.0088085141181677,8.613295490344242,diy_renovator_homeowner,how_to_installation_demo,2025-09-15 08:04:19+00:00,2025,2.9,16921,181,5,10.69676733053602,0.2954908102358016,54.40836012861736,0.0160771704180064
mItjYu5LL9g,0.0968547435069708,0.0178985551601684,0.0,0.0,0.0157651104936785,0.0,0.0459165415250065,0.4726458218410211,0.0346468446408706,0.0154622374221375,0.0,0.0060236467121929,0.0,0.0488066415317619,0.032147107064023,0.2138327501021683,1,8,16,"Solar PV, batteries and power systems",0.4726458218410211,0.2138327501021683,0.2588130717388529,5.252583196285523,installer_tradesperson,how_to_installation_demo,2025-02-07 22:59:16+00:00,2025,1.9833333333333332,23436,243,9,10.368663594470046,0.3840245775729646,44.13559322033898,0.0169491525423728
mMgpop0cEoQ,0.1337283701454981,0.0134804485312801,0.0048884084488069,0.0,0.0,0.0,0.017676331864385,0.4245439861917031,0.059695704610902,0.020618425053064,0.0014339328005711,0.2577741447405187,0.0005228587030427,0.0,0.0151584371434336,0.0504789517667943,4,8,12,"Solar PV, batteries and power systems",0.4245439861917031,0.2577741447405187,0.1667698414511844,5.02033990552146,training_educational,how_to_installation_demo,2023-04-19 13:37:10+00:00,2023,0.2,184099,553,15,3.003818597602377,0.0814779004774605,154.57514693534844,0.0125944584382871
mOSYzf8F0dk,0.0869320822336107,0.0358330033164324,0.139720797945711,0.0610390404080714,0.0048908655796819,0.1193940273585748,0.0157492412615819,0.0456120717642902,0.0238098962156584,0.0875278857873209,0.000425421515339,0.0102415989038255,0.2581811555345744,0.0161170613553431,0.0040497405772013,0.0904761102427825,8,13,3,"Wall, cavity and floor insulation",0.2581811555345744,0.139720797945711,0.1184603575888633,9.69404122659726,diy_renovator_homeowner,how_to_installation_demo,2022-12-15 16:04:17+00:00,2022,1.5666666666666669,7924,57,26,7.193336698637052,3.281171125694094,6.0212765957446805,0.019756838905775
mPr7a1ZVCdI,0.3637209600518443,0.0,0.068842870118503,0.0828647626449045,0.2488109182207399,0.028872734458587,0.0010012728720642,0.0142127705891314,0.1012365531636671,0.0012977370536906,0.0024364032304654,0.0139967618075879,0.0573418721430783,0.0037616154315495,0.0040875630129561,0.0075152052012299,3,1,5,Situated household retrofit experience and building context,0.3637209600518443,0.2488109182207399,0.1149100418311043,6.254780983937588,installer_tradesperson,practical_advice_explainer,2024-07-17 16:30:11+00:00,2024,5.95,4846,92,6,18.9847296739579,1.2381345439537763,6.584239130434782,0.0081521739130434
meJ6LV6vq9Q,0.1115417510164495,0.1144164337107759,0.1093477130943608,0.0535247426768741,0.0048478233198286,0.1094052762215561,0.0809065340833104,0.0774063597941666,0.0467681772967253,0.032419157343539,0.0031837796684201,0.0041827893147657,0.1213274149907948,0.0125770323373228,0.0685567419027627,0.0495882732283469,14,13,2,"Wall, cavity and floor insulation",0.1213274149907948,0.1144164337107759,0.0069109812800189,12.18340292307308,training_educational,project_walkthrough,2021-03-15 19:38:36+00:00,2021,12.883333333333333,22273,178,35,7.991738876666815,1.5714093296816771,11.387014314928424,0.0178936605316973
mnui6nUOEh0,0.0576704775722413,0.0,0.1228531831615046,0.0,0.0490598793580013,0.0283206310503064,0.0,0.0,0.2669724852909749,0.0,0.1279186207523931,0.0,0.0475669075215205,0.2996378152930577,0.0,0.0,1,14,9,Thermostat wiring and smart heating controls,0.2996378152930577,0.2669724852909749,0.0326653300020828,6.004872964311566,installer_tradesperson,how_to_installation_demo,2024-11-08 21:41:59+00:00,2024,0.8,12099,70,13,5.785602115877345,1.0744689643772212,19.45176848874598,0.0209003215434083
mobbhOH5teg,0.1019207450084016,0.0696909213426651,0.0213120281124407,0.1008792823210164,0.0137754632541871,0.028415619683819,0.006912401694696,0.0318368495137878,0.0559256731790872,0.0154482713077577,0.2831714697295711,0.0395928077101612,0.1309933143247556,0.0137581426285029,0.0313511216109184,0.0550158885782313,32,11,13,"Product sourcing, access and location questions",0.2831714697295711,0.1309933143247556,0.1521781554048154,10.384303532236364,builder_contractor,how_to_installation_demo,2024-09-12 07:01:59+00:00,2024,0.2,9453043,85475,348,9.042061905356825,0.0368135424751585,13922.00736377025,0.5125184094256259
mwGcbzeABK4,0.1647139882763296,0.0035397771270117,0.0653619548129793,0.0694594369984194,0.0188848340476802,0.0126816755109025,0.0649558738559914,0.0361067752101517,0.0856368562901837,0.0144428385923995,0.0362969285769169,0.2528135476481284,0.0201489348259315,0.0566795509246948,0.0009318231452705,0.0973452041570081,24,12,1,Roof and attic ventilation and airflow,0.2528135476481284,0.1647139882763296,0.0880995593717987,10.20377179738801,training_educational,how_to_installation_demo,2024-05-11 22:00:20+00:00,2024,7.25,109825,2039,147,18.56590029592533,1.3384930571363531,136.76836861768368,0.1830635118306351
myLOqMCBs_s,0.1364706522433055,0.0021788209109911,0.1362348665672992,0.0758944765359153,0.028844626975394,0.0036153174120885,0.0266765499173679,0.0958371431330823,0.228620552348,0.014796982071454,0.048593275823433,0.1243854180082114,0.0027853294101592,0.0245738845575172,0.0057561293349484,0.0447359747508322,11,9,1,Performance checking and troubleshooting,0.228620552348,0.1364706522433055,0.0921499001046945,9.76223440587188,diy_renovator_homeowner,practical_advice_explainer,2024-06-08 16:28:50+00:00,2024,1.0166666666666666,321440,0,51,0.0,0.158661025385764,414.76129032258063,0.0658064516129032
n2c5VtzwalY,0.5593702762348415,0.0,0.0,0.0,0.0,0.0,0.0716228406585298,0.0,0.0,0.0,0.0,0.0,0.3500196521562739,0.0189872309503546,0.0,0.0,3,1,13,Situated household retrofit experience and building context,0.5593702762348415,0.3500196521562739,0.2093506240785675,2.602542208095513,installer_tradesperson,how_to_installation_demo,2024-03-31 22:01:29+00:00,2024,0.3833333333333333,14674,43,6,2.930353005315524,0.4088864658579801,17.386255924170616,0.0071090047393364
nAYzk8ZlJOE,0.0,0.0,0.0,0.0,0.2667048699265008,0.1787582528264685,0.0,0.0551094520392378,0.4623283080463276,0.0,0.0071238008439274,0.0,0.0,0.0281886128489392,0.0,0.0017867034685985,2,9,5,Performance checking and troubleshooting,0.4623283080463276,0.2667048699265008,0.1956234381198267,3.7576303581672112,installer_tradesperson,how_to_installation_demo,2025-09-13 17:07:46+00:00,2025,0.7166666666666667,5795,19,2,3.278688524590164,0.3451251078515962,18.51437699680511,0.0063897763578274
nJovwgDRAg8,0.0,0.0,0.0003316487772733,0.0,0.0,0.2175761943173104,0.0498679938147217,0.0,0.6950562387661516,0.0167564151291575,0.0045342908976109,0.0,0.0,0.0158772182977743,0.0,0.0,1,9,6,Performance checking and troubleshooting,0.6950562387661516,0.2175761943173104,0.4774800444488412,2.4488662426100976,diy_renovator_homeowner,how_to_installation_demo,2024-07-16 09:03:06+00:00,2024,0.1666666666666666,60274,267,5,4.429770713740584,0.082954507747951,81.78290366350068,0.0067842605156037
nSnbMsSzdXU,0.105242279318469,0.0478510331711121,0.0547760118496505,0.0841304558907108,0.0081410547302191,0.115361207833285,0.0343214613804305,0.0131199577792619,0.0543596417086752,0.0696220195178977,0.0243432747333308,0.0433731037300701,0.1696563411274524,0.016124672156868,0.0710844055102018,0.0884930795623645,159,13,6,"Wall, cavity and floor insulation",0.1696563411274524,0.115361207833285,0.0542951332941674,12.820741457473192,diy_renovator_homeowner,problem_warning_mistakes,2021-01-21 20:05:58+00:00,2021,13.866666666666667,406659,4130,395,10.155929169156469,0.9713297873648438,202.4186162269786,0.196615231458437
nZuoQtkRMkQ,0.0401858828045469,0.0,0.0090010982301257,0.0200756563061028,0.0175803619001845,0.6164802076942257,0.0,0.0448094169311521,0.0,0.0,0.01326334203638,0.0606993033821719,0.0337624703759456,0.0862132577225964,0.0338699136711903,0.0240590889453775,1,6,14,"Praise, gratitude and social endorsement",0.6164802076942257,0.0862132577225964,0.5302669499716293,4.553353614020084,builder_contractor,how_to_installation_demo,2021-05-03 09:48:36+00:00,2021,2.2,1076,23,1,21.37546468401487,0.929368029739777,0.5642370214997378,0.0005243838489774
naCwjjmPXms,0.1420941778208154,0.0151652650331573,0.0,0.0030480349696718,0.0844226674657893,0.3069031429558895,0.0,0.0,0.0019695215238559,0.0,0.0013079025046962,0.2551789471527032,0.0873546944761526,0.0066587606022004,0.0958968854950678,0.0,2,6,12,"Praise, gratitude and social endorsement",0.3069031429558895,0.2551789471527032,0.0517241958031863,5.8724917053977705,diy_renovator_homeowner,how_to_installation_demo,2024-12-19 17:06:21+00:00,2024,0.3,27450,231,8,8.415300546448087,0.2914389799635701,47.246127366609294,0.0137693631669535
nbafBF8vZj0,0.111335816254651,0.0098577950032514,0.0358691915788856,0.0546640576780197,0.0266877215230937,0.0566333321088302,0.011250525819991,0.0296315296666934,0.0473399124935247,0.0193063416364174,0.017880519030527,0.4656946735995187,0.0426604750617194,0.0115220952747489,0.0054700849429052,0.0541959283272222,51,12,1,Roof and attic ventilation and airflow,0.4656946735995187,0.111335816254651,0.3543588573448676,7.412740936291331,diy_renovator_homeowner,how_to_installation_demo,2025-08-16 14:01:09+00:00,2025,5.0,87589,1824,148,20.824532760963137,1.689709895078149,256.8592375366569,0.4340175953079179
nbuCgjjVngs,0.0449535340529782,0.0185921913126526,0.0562196697676265,0.0571882350936191,0.0009289307474356,0.0821306475898811,0.0222332386765233,0.0057513876785973,0.0345359853293257,0.0432050213689909,0.0213607433249141,0.2663324428319155,0.0447874541376212,0.0069394054511379,0.2397768010695884,0.055064311567192,51,12,15,Roof and attic ventilation and airflow,0.2663324428319155,0.2397768010695884,0.026555641762327,9.274021756340282,builder_contractor,how_to_installation_demo,2020-03-01 16:39:25+00:00,2020,6.4,126562,721,130,5.696812629383227,1.0271645517611925,54.20214132762312,0.0556745182012847
ncUYQHxQNac,0.0628326843318586,0.0133074013120405,0.2587919579920268,0.0033751532773292,0.0098543717363519,0.063629264062783,0.3019508962171948,0.0478780801303138,0.0661415308376795,0.0139537183094843,0.0085754243538322,0.0,0.0537868729330133,0.0090354088792,0.0453143923229652,0.041572843303926,3,7,3,"Alternative methods, challenges and ""why"" questions",0.3019508962171948,0.2587919579920268,0.0431589382251679,8.008364210315545,training_educational,how_to_installation_demo,2023-08-17 09:07:00+00:00,2023,0.2833333333333333,641956,5782,22,9.00684782134601,0.0342702615132501,599.3986928104575,0.0205415499533146
nhLf7fjtpK4,0.2060129495773261,0.0198679160390394,0.3888880228761954,0.0003078878718214,0.0,0.0231894096018187,0.2094741234174077,0.0,0.0019558142252967,0.0278806955146254,0.0081558705834102,0.0,0.0172945037796936,0.00535045776929,0.0915963988879339,2.594985614108821e-05,5,3,7,Clarification and specification questions,0.3888880228761954,0.2094741234174077,0.1794138994587877,5.240577771902126,training_educational,how_to_installation_demo,2023-04-29 22:41:04+00:00,2023,0.15,181692,605,20,3.329810888756797,0.1100763930167536,153.8458933107536,0.016934801016088
nkISjfyu8ZQ,0.0544454430704708,0.003272336704913,0.3196466507231756,0.1768778784980845,0.0033031914424439,0.0024314154336256,0.0754090510224168,0.0072616839649429,0.0101758268591758,0.0,0.1889123035041888,0.0041755760280494,0.0124978544182532,0.0,0.0182140674970628,0.1233767208331962,4,3,11,Clarification and specification questions,0.3196466507231756,0.1889123035041888,0.1307343472189868,6.570739443863093,installer_tradesperson,how_to_installation_demo,2023-03-11 06:33:13+00:00,2023,0.3,8801,39,7,4.431314623338257,0.795364163163277,7.155284552845528,0.0056910569105691
nn_5jbwMwRE,0.1079651819383561,0.0025879336313329,0.0497544846147749,0.2552722217952433,0.0121987870515742,0.0713081888758468,0.0243251741052377,0.0431130715906471,0.007672460695426,0.0584432631345114,0.0309515760468108,0.1633374727890386,0.052503664859098,0.0240382823205016,0.0098616481521207,0.0866665883994792,8,4,12,"Implementation, cost and how-to questions",0.2552722217952433,0.1633374727890386,0.0919347490062046,10.280979884375157,diy_renovator_homeowner,how_to_installation_demo,2025-01-04 08:10:51+00:00,2025,10.533333333333331,12248,191,30,15.594382756368386,2.449379490529066,21.67787610619469,0.0530973451327433
ntjjZgEXIKs,0.0,0.0,0.0,0.0,0.0,0.0,0.1023298599269348,0.0,0.1028368215477178,0.0209230651133453,0.0,0.0,0.0,0.7739102534120019,0.0,0.0,1,14,9,Thermostat wiring and smart heating controls,0.7739102534120019,0.1028368215477178,0.671073431864284,2.1094778175802085,installer_tradesperson,how_to_installation_demo,2025-10-04 01:33:43+00:00,2025,1.6666666666666667,10454,149,6,14.25291754352401,0.5739429883298259,35.8013698630137,0.0205479452054794
nvVOu5F7ykw,0.273145525074219,0.0951032492036464,0.022191019556551,0.0447759009674726,0.0159826636046056,0.0488703268650342,0.0934997437860438,0.0772953627964911,0.0580790519238306,0.0069953116151658,0.0263095929664492,0.0671369463814608,0.1143632938324418,0.0272388236486909,0.0043971448571471,0.0246160429207495,15,1,13,Situated household retrofit experience and building context,0.273145525074219,0.1143632938324418,0.1587822312417771,10.730953604819485,builder_contractor,problem_warning_mistakes,2023-11-13 13:07:16+00:00,2023,0.65,286654,5099,62,17.787995283512526,0.2162886267067614,291.6113936927772,0.0630722278738555
nwgwBXt8N0U,0.1471157153897724,0.0079337052225061,0.0767270017144639,0.1225564685377791,0.0002094024270438,0.1668939927720814,0.0049616739454618,0.0,0.0483428157863307,0.1125100221375601,0.0477424927614686,0.1462555108233053,0.0310106374784237,0.0097007038138272,0.0100514622183196,0.0679883949716557,7,6,1,"Praise, gratitude and social endorsement",0.1668939927720814,0.1471157153897724,0.019778277382309,9.992567508795185,training_educational,how_to_installation_demo,2023-12-03 18:10:29+00:00,2023,1.0,95394,1666,40,17.464410759586556,0.4193135836635427,99.05919003115264,0.0415368639667705
nzPfNhrlEYs,0.1228345853226419,0.0068012994629159,0.0923641192108555,0.0326903058607439,0.0198877694814193,0.0730196588188562,0.0344198679973882,0.1680614700053011,0.0924761443904836,0.0639661628030266,0.0804244930451231,0.0071770419207707,0.0080161698806839,0.061134601557181,0.0144138968474871,0.1223124133951211,23,8,1,"Solar PV, batteries and power systems",0.1680614700053011,0.1228345853226419,0.0452268846826592,11.820931330101809,installer_tradesperson,how_to_installation_demo,2025-09-19 15:53:00+00:00,2025,59.95,32416,615,97,18.97211253701876,2.9923494570582427,105.58957654723127,0.3159609120521172
o2Y9elh24wc,0.1794592014021521,0.0031551373306397,0.0480683457258417,0.0250233712400842,0.0324375075468838,0.3948954972697273,0.0302632034585018,0.0237531356283296,0.0337739923326567,0.0557968079396239,0.0102485541656473,0.0192503679524351,0.0089259468695739,0.0492566030645071,0.0080463832831044,0.0776459447902908,124,6,1,"Praise, gratitude and social endorsement",0.3948954972697273,0.1794592014021521,0.2154362958675751,7.873788639021482,diy_renovator_homeowner,how_to_installation_demo,2022-04-02 08:00:12+00:00,2022,14.883333333333333,2508438,71073,1759,28.333568539465595,0.7012331977110856,1594.6840432294978,1.1182453909726635
o3PA-1KCJAw,0.1192617283193076,0.002432732453976,0.1989498205929878,0.0788859664446384,0.0189135195953747,0.056079464093074,0.0239339086197284,0.0292934473932371,0.132349994567227,0.0656170000319316,0.0029849998796947,0.070335717837612,0.1156065618555247,0.0071432246580807,0.0299845779086503,0.0482273357489544,20,3,9,Clarification and specification questions,0.1989498205929878,0.132349994567227,0.0665998260257607,11.086741170787606,installer_tradesperson,how_to_installation_demo,2022-12-18 22:30:33+00:00,2022,0.5333333333333333,80309,0,75,0.0,0.9338928389097112,61.16450875856817,0.0571210967250571
o93IFuUkPhs,0.1366058106747029,0.0297863152706115,0.0348937265447187,0.0677362618577062,0.0593114999544071,0.0811071865598923,0.0329733475087096,0.0672564173371871,0.119854534262803,0.0916767089687828,0.0374313808199846,0.05278527149495,0.0945627958958372,0.0278968568384458,0.0372905157294479,0.0288313702818129,36,1,9,Situated household retrofit experience and building context,0.1366058106747029,0.119854534262803,0.0167512764118998,14.023197887348822,diy_renovator_homeowner,how_to_installation_demo,2024-01-22 15:38:21+00:00,2024,0.9833333333333332,233262,4387,185,18.8071781944766,0.7930996047363051,255.4895947426068,0.2026286966046002
oDilQfCCqTU,0.0814879013253648,0.0356201755277422,0.0544460853943061,0.0182478644427988,0.0111022987997708,0.0921530044666061,0.0217539013077928,0.0151728346657369,0.0318834458153171,0.0778358200375397,0.0108478910447765,0.2919677348913338,0.1410814433660421,0.0161370301055867,0.0628606664288755,0.0374019023804094,66,12,13,Roof and attic ventilation and airflow,0.2919677348913338,0.1410814433660421,0.1508862915252917,10.256996180867736,diy_renovator_homeowner,problem_warning_mistakes,2023-09-17 13:00:38+00:00,2023,20.916666666666668,284068,2853,243,10.04336989734852,0.8554289817930918,273.14230769230767,0.2336538461538461
oFYf95C3Yco,0.0498213124686469,0.0021733087452261,0.0763700973613399,0.0514923073827478,0.0083515235209654,0.0818753094190929,0.0250879671851727,0.0218657510608957,0.0500304473139547,0.0021660991962555,0.0415160341697096,0.207477078885761,0.0775840530018851,0.0065712648151009,0.2231175564129694,0.0744998890602758,20,15,12,Vapour barriers and moisture control,0.2231175564129694,0.207477078885761,0.0156404775272084,10.113746909818785,installer_tradesperson,how_to_installation_demo,2026-02-01 16:45:00+00:00,2026,13.8,7000,310,60,44.285714285714285,8.571428571428571,40.69767441860465,0.3488372093023256
oMDOGjG-9ko,0.0539800646345917,0.1204598556717579,0.3285178349781875,0.0462712411790887,0.0044943471321375,0.0,0.0,0.0639979589637712,0.0,0.1386149903630898,0.0,0.2290591996122018,0.0146045074651735,0.0,0.0,0.0,2,3,12,Clarification and specification questions,0.3285178349781875,0.2290591996122018,0.0994586353659857,6.01256376267207,diy_renovator_homeowner,how_to_installation_demo,2025-05-06 02:00:52+00:00,2025,0.5166666666666667,759,9,2,11.857707509881422,2.635046113306983,1.7133182844243793,0.0045146726862302
oVXfu20KqyQ,0.0436932130821922,0.0,0.0069742156216948,0.0,0.0,0.0065820939804977,0.0182370221788276,0.1583217961008308,0.144043994857058,0.012906908519486,0.007955177082254,0.0,0.0077989899307794,0.5270804990117574,0.0010088548160608,0.0653972348185609,3,14,8,Thermostat wiring and smart heating controls,0.5270804990117574,0.1583217961008308,0.3687587029109265,4.49844520154977,installer_tradesperson,how_to_installation_demo,2025-07-24 01:16:52+00:00,2025,0.9833333333333332,43918,368,23,8.379252242816158,0.5237032651760098,120.65384615384616,0.0631868131868131
odMXRDd2nQg,0.1545898224979017,0.0046164959572925,0.0840726482257615,0.0394599173197944,0.2421068093686917,0.0826997454833593,0.0412517313768832,0.0363999855709959,0.0780813289493175,0.0302140063338788,0.0123940413164859,0.0254055301121285,0.016192246646317,0.0346225411506449,0.0122326721077084,0.1056604775828382,30,5,1,Heat pumps and heating systems,0.2421068093686917,0.1545898224979017,0.0875169868707899,10.782541724271168,installer_tradesperson,practical_advice_explainer,2022-09-29 17:00:15+00:00,2022,7.75,81641,682,137,8.35364583971289,1.6780784164819147,58.60804020100503,0.0983488872936109
oorwjXJkGJE,0.0939637485876579,0.0697174440324627,0.0246433043994571,0.0703843016922525,0.0350826188121665,0.0534340390324454,0.0515265160374972,0.0220201895174516,0.0287426555687055,0.0412359529204067,0.0171432307540248,0.3528144282422386,0.0576855048852735,0.0039485901819457,0.04665172685577,0.0310057484802437,16,12,1,Roof and attic ventilation and airflow,0.3528144282422386,0.0939637485876579,0.2588506796545807,10.021153728820034,builder_contractor,how_to_installation_demo,2023-07-17 02:59:23+00:00,2023,0.45,81547,508,41,6.2295363410058,0.5027775393331454,73.99909255898366,0.0372050816696914
orT8ejQ5tSw,0.023972146736054,0.0044542152895643,0.0035007463086196,0.0874319468179435,0.0,0.2322796878847942,0.0,0.0072754276905185,0.0,0.0026147985997945,0.0030271457233938,0.1111687518783104,0.1097858286945006,0.0139489463085482,0.0694352703231766,0.3311050877447813,4,16,6,"Prospective choices, recommendations and alternatives",0.3311050877447813,0.2322796878847942,0.0988253998599871,6.3722179909518575,diy_renovator_homeowner,how_to_installation_demo,2022-05-04 10:06:00+00:00,2022,3.15,34944,117,9,3.3482142857142856,0.2575549450549451,22.676184295911742,0.0058403634003893
oveM5HTvmWg,0.1682393847294181,0.0,0.1708490628673233,0.0,0.0,0.0707954700431602,0.0187995513826719,0.0,0.0278194431991642,0.0036365608794786,0.0003030521870764,0.1038699152338811,0.3000502424579145,0.0,0.0648466926238588,0.0707906243960524,3,13,3,"Wall, cavity and floor insulation",0.3000502424579145,0.1708490628673233,0.1292011795905911,7.012811134227248,diy_renovator_homeowner,problem_warning_mistakes,2025-09-08 19:00:46+00:00,2025,1.2666666666666666,1658,22,10,13.268998793727382,6.031363088057901,5.213836477987422,0.0314465408805031
p0aZvjY3-Ak,0.228813880308272,0.0127952504423256,0.0479985896283103,0.1248357614294718,0.1437646463216293,0.0278929712327236,0.0856950236297728,0.1136326447697418,0.0382688348260181,0.0083189559392829,0.0017891282692991,0.0486798033556259,0.0324036292807138,0.0339249743771371,0.0220918445303242,0.029094061659351,22,1,5,Situated household retrofit experience and building context,0.228813880308272,0.1437646463216293,0.0850492339866427,10.711548932718252,training_educational,how_to_installation_demo,2021-07-24 22:00:30+00:00,2021,3.7,53154,899,81,16.913120367234825,1.5238740264138164,29.125479452054797,0.0443835616438356
p0b6zldcoaw,0.6975900852755971,0.0,0.0,0.0,0.0,0.0432484947688594,0.0,0.0,0.0,0.0,0.0,0.0,0.0208331094839396,0.0,0.0,0.2383283104716038,1,1,16,Situated household retrofit experience and building context,0.6975900852755971,0.2383283104716038,0.4592617748039932,2.246763399523153,training_educational,how_to_installation_demo,2026-02-12 23:00:58+00:00,2026,23.216666666666665,16206,484,17,29.86548192027644,1.0489941996791312,100.6583850931677,0.1055900621118012
p2A-JY83iQ8,0.0750213342324248,0.0081603814489153,0.0913062897989751,0.0547308706785642,0.0160378710420822,0.1038976090359435,0.0220600819479398,0.0130147595779985,0.0597126426752436,0.0283369242255626,0.0153320650340445,0.0753875887907588,0.3132714205208538,0.0186815549106429,0.0409910135822453,0.0640575924978043,53,13,6,"Wall, cavity and floor insulation",0.3132714205208538,0.1038976090359435,0.2093738114849103,10.241250014012277,builder_contractor,how_to_installation_demo,2023-09-24 08:50:53+00:00,2023,8.716666666666667,70813,703,131,9.927555674805474,1.8499428071116888,68.55082284607938,0.1268151016456921
p7-if24CnLY,0.1105138667834915,0.0008838941925376,0.1975727482797909,0.0006376759705601,0.0099314357287244,7.304351957380085e-05,0.0720742470077798,0.0079763310468098,0.0573100320123129,0.032632007092095,0.0,0.474833516953951,0.0,0.0081166252718643,0.0,0.0274445761405085,9,12,3,Roof and attic ventilation and airflow,0.474833516953951,0.1975727482797909,0.2772607686741601,5.034253978105678,installer_tradesperson,problem_warning_mistakes,2025-06-11 21:53:30+00:00,2025,1.65,15555,172,21,11.057537769206045,1.3500482160077143,38.21867321867322,0.0515970515970515
p72U0vNW44I,0.1272227686749937,0.0,0.0242626282869216,0.0714972927060522,0.0347393075561769,0.1870162358528627,0.1027852699837142,0.0216955960174467,0.1246885103117823,0.0420191084999198,0.0128217715477305,0.0114223861214107,0.0029027738960811,0.1914117298845867,0.0040997434109116,0.0414148772494086,34,14,6,Thermostat wiring and smart heating controls,0.1914117298845867,0.1870162358528627,0.0043954940317239,9.736933536848758,installer_tradesperson,how_to_installation_demo,2020-04-09 14:20:37+00:00,2020,12.433333333333334,47697,755,119,15.82908778329874,2.49491582279808,20.773954703832757,0.0518292682926829
p9eMPlFuwNk,0.0888053097094928,0.0002095462909384,0.0379705900348553,0.0565799291686053,0.4776445168599226,0.0432223463355627,0.0654828259080805,0.070493187329302,0.0410086267666811,0.0026070524622993,0.0015053918092219,0.0092646056994286,0.0279527799968267,0.0282575490253616,0.0025229015838142,0.0464728410196064,11,5,1,Heat pumps and heating systems,0.4776445168599226,0.0888053097094928,0.3888392071504297,6.792422049164816,installer_tradesperson,practical_advice_explainer,2022-11-15 12:09:22+00:00,2022,4.783333333333333,17794,407,28,22.87287849837024,1.5735641227380015,13.219910846953937,0.0208023774145616
pIsns-42pLA,0.0761670001485828,0.0003373859319801,0.0302947446747882,0.1361981107856434,0.0014198808226907,0.081738820278827,0.0214196138875626,0.0158041048855332,0.0660289414722288,0.0016767265503082,0.0032866570533833,0.023528551816181,0.2533802852406143,0.0036498719464269,0.1540013782339904,0.1310679262712584,5,13,15,"Wall, cavity and floor insulation",0.2533802852406143,0.1540013782339904,0.0993789070066239,8.654781090584702,builder_contractor,problem_warning_mistakes,2026-04-24 00:52:24+00:00,2026,18.266666666666666,2779,138,24,49.65815041381792,8.636200071968334,30.877777777777776,0.2666666666666666
pKhZwllc-mM,0.2567456931138585,0.0017527486873043,0.0031351230960077,0.1080789169506443,0.00384923463312,0.2823770657255415,0.014160824330031,0.0409413512204515,0.0132201808983149,0.1980504139732322,0.0062732367071555,0.0045157093313827,0.0050143545965654,0.0,0.0033254585192322,0.0585596882171576,5,6,1,"Praise, gratitude and social endorsement",0.2823770657255415,0.2567456931138585,0.025631372611683,6.259661994852339,installer_tradesperson,practical_advice_explainer,2022-11-03 15:14:58+00:00,2022,10.183333333333334,16960,201,23,11.851415094339623,1.356132075471698,12.488954344624448,0.0169366715758468
pQHYz6Xt44c,0.1615975161639946,0.0028979224968308,0.0764149877926059,0.0854078220684688,0.0513818334076049,0.1480521481461758,0.052155864209888,0.0316814064926225,0.083307398529975,0.0228380511772292,0.0036014276801238,0.0810986517118014,0.008108867941198,0.0957642431903494,0.0191522675715968,0.0765395914195344,37,1,6,Situated household retrofit experience and building context,0.1615975161639946,0.1480521481461758,0.0135453680178187,11.82643812036022,training_educational,how_to_installation_demo,2023-12-13 16:30:02+00:00,2023,10.966666666666669,195922,2191,99,11.183021814803851,0.5053031308377823,205.5844700944386,0.1038824763903462
pTN9q3AC0rc,0.1559458298524304,0.0063533125284967,0.0415334923848801,0.0185405579290128,0.1543864872272698,0.050065233688698,0.0341155966778308,0.0838583343053407,0.1020273688038477,0.0307159155878493,0.0652910302807415,0.0864457787200674,0.0093522275708847,0.043399731581209,0.017954261745295,0.1000148411161453,26,1,5,Situated household retrofit experience and building context,0.1559458298524304,0.1543864872272698,0.0015593426251606,12.199838344183004,installer_tradesperson,project_walkthrough,2025-12-21 08:01:04+00:00,2025,6.133333333333334,12586,219,72,17.400286032099157,5.720641983155888,58.81308411214953,0.3364485981308411
pVh-vUFNWLA,0.0733645036689287,0.0070486175712284,0.2997345131886316,0.0046190139903942,0.0,0.0007556820429702,0.0742432844769452,0.0257724235883957,0.0530214288558702,0.0049227455604911,0.0047908174376349,0.0,0.4400638727626158,0.0,0.0106267159852096,0.0010363808706838,2,13,3,"Wall, cavity and floor insulation",0.4400638727626158,0.2997345131886316,0.1403293595739842,4.615604570441248,builder_contractor,how_to_installation_demo,2025-02-02 22:09:23+00:00,2025,0.2833333333333333,2397,7,2,2.920317062995411,0.8343763037129746,4.472014925373134,0.003731343283582
pWicJ2PYQF8,0.0740828055207562,0.0016594712846373,0.049174235834848,0.0766969328635501,0.0097880559860615,0.1055681511045924,0.0301053708342567,0.3712706560154307,0.0553877822345684,0.077269014467859,0.0097303041783833,0.0304884700974914,0.0100944194321109,0.0280948852925105,0.0057403890250572,0.0648490558278855,166,8,6,"Solar PV, batteries and power systems",0.3712706560154307,0.1055681511045924,0.2657025049108383,8.739519371028113,diy_renovator_homeowner,project_walkthrough,2023-08-05 21:56:31+00:00,2023,24.08333333333333,192439,4743,488,24.64677118463513,2.535868508982067,177.69067405355494,0.4506001846722068
pZ7OsK557pQ,0.2163455770718784,0.0115937705344498,0.0014072430281703,0.0,0.0762709948529546,0.0723624453083613,0.0,0.0,0.3935835298892852,0.0154259877344022,0.0,0.0,0.0202758033700998,0.0274075069988545,0.0218349709189469,0.1434921702925966,1,9,1,Performance checking and troubleshooting,0.3935835298892852,0.2163455770718784,0.1772379528174068,5.751683791989973,installer_tradesperson,how_to_installation_demo,2022-10-06 17:53:25+00:00,2022,0.2666666666666666,14015,107,11,7.634677131644667,0.7848733499821621,10.111832611832613,0.0079365079365079
pZfC79g522I,0.0772512778709494,0.019277356614789,0.0055222543188734,0.2115454861553453,0.0142222581475539,0.0464775259535816,0.1239889912644399,0.0258027307994382,0.0087259907456103,0.0083967917098271,0.0,0.0,0.0076038782307774,0.3327686549017852,0.0551663012717535,0.0632505020152751,5,14,4,Thermostat wiring and smart heating controls,0.3327686549017852,0.2115454861553453,0.1212231687464398,7.439282258003302,installer_tradesperson,how_to_installation_demo,2022-06-22 14:02:59+00:00,2022,0.5833333333333334,54002,359,31,6.647901929558165,0.5740528128587831,36.19436997319035,0.0207774798927613
pbEzVkMpljo,0.0033985104809312,0.0,0.1786875117537424,0.0,0.0,0.3829750592272962,0.0,0.0,0.0,0.3437875730076852,0.0,0.0672341434374659,0.0027575435498751,0.0,0.0,0.0211596585430038,1,6,10,"Praise, gratitude and social endorsement",0.3829750592272962,0.3437875730076852,0.0391874862196109,3.8229610687427966,diy_renovator_homeowner,how_to_installation_demo,2025-10-18 12:06:52+00:00,2025,0.8166666666666667,15000,508,11,33.86666666666667,0.7333333333333334,53.9568345323741,0.039568345323741
pd926OwKAiA,0.0345962097544888,0.0013776381152789,0.0372334233002358,0.0289022809222272,0.0349920303931906,0.1555093262072473,0.0218641709731777,0.0030039449209556,0.0179465843070275,0.0038280610777112,0.0131549243031362,0.0220401774063456,0.0055045159721137,0.589698376087732,0.0043820263236476,0.0259663099354835,25,14,6,Thermostat wiring and smart heating controls,0.589698376087732,0.1555093262072473,0.4341890498804847,4.717819034593764,installer_tradesperson,how_to_installation_demo,2023-03-11 22:45:02+00:00,2023,7.366666666666666,132775,900,55,6.778384485031068,0.4142346074185652,107.94715447154472,0.0447154471544715
peGZpxePEs4,0.0883865583390336,0.0627081396056195,0.1121167291179839,0.0443805776632821,0.020778346655431,0.0469116530942645,0.0213282544660874,0.0153695860817907,0.0357438368692991,0.0549616794394763,0.0030589542056453,0.2582040984665046,0.0932968348386042,0.0032126589739249,0.0464550731104446,0.0930870190726076,13,12,3,Roof and attic ventilation and airflow,0.2582040984665046,0.1121167291179839,0.1460873693485206,10.925490474411104,diy_renovator_homeowner,how_to_installation_demo,2023-10-11 00:38:50+00:00,2023,6.75,68976,636,32,9.220598469032709,0.4639294827186268,67.88976377952756,0.0314960629921259
peqIxSuD-Jo,0.0819820845975503,0.002423288725665,0.0393587578961907,0.1302035463898158,0.0325031661575388,0.1262420533067566,0.0468642269127308,0.0245339939184558,0.0874868526756289,0.0050954095756404,0.0335514214096722,0.0045693403419599,0.0160309699983019,0.2775695949399629,0.011542542046653,0.0800427511074761,35,14,4,Thermostat wiring and smart heating controls,0.2775695949399629,0.1302035463898158,0.147366048550147,9.71475202397096,installer_tradesperson,how_to_installation_demo,2019-12-04 09:08:03+00:00,2019,5.833333333333333,114975,554,86,4.8184387910415305,0.7479886931941726,47.45150639702848,0.0354931902600082
pgyn8HeSBC8,0.1891504562637133,0.0049493232845861,0.1174841184316466,0.0362667967648692,0.0584851122278993,0.034263884699339,0.0487494992151219,0.0712414453226504,0.0662773745333159,0.0713203179070792,0.037240815885675,0.0817830376262424,0.0717169061963779,0.0787875266910978,0.0227157602244289,0.0095676247259563,5,1,3,Situated household retrofit experience and building context,0.1891504562637133,0.1174841184316466,0.0716663378320666,12.74775620706093,installer_tradesperson,how_to_installation_demo,2026-02-25 06:41:22+00:00,2026,9.666666666666666,4848,108,19,22.27722772277228,3.9191419141914183,32.75675675675676,0.1283783783783783
piqCIDw9zoE,0.2929703159103705,0.0334465783669795,0.091488738380188,0.0136296152705121,0.0163596113452834,0.1279893770138456,0.0261256870556389,0.056460275296423,0.0418717245556597,0.0146089008098263,0.0339873655396278,0.1154000950349961,0.0336349059411582,0.0185530281632617,0.0736975591131953,0.0097762222030332,10,1,6,Situated household retrofit experience and building context,0.2929703159103705,0.1279893770138456,0.1649809388965248,10.20426080533393,diy_renovator_homeowner,problem_warning_mistakes,2022-11-23 17:00:29+00:00,2022,0.4,382157,4332,39,11.335655241170514,0.1020522978775738,285.61808669656205,0.0291479820627802
ppKgtY7BchA,0.2163056250679373,0.0013330907852037,0.1155375170758012,0.088601092269936,0.1107565577329044,0.0188905501735474,0.0373871680506651,0.0733844723823851,0.0696523893558686,0.0338735365160167,0.016123383838895,0.030067492842076,0.0087952061893572,0.0243088405376227,0.0094802327899356,0.1455028443918471,46,1,16,Situated household retrofit experience and building context,0.2163056250679373,0.1455028443918471,0.0708027806760901,10.65571479898404,training_educational,how_to_installation_demo,2020-10-09 22:00:17+00:00,2020,7.816666666666666,61904,1266,190,20.451020935642287,3.069268544843629,29.29673450070989,0.0899195456696639
pqQQi44RRME,0.0303355816838052,0.0,0.0,0.0051416688022051,0.0086100718790235,0.0,0.9299787738676571,0.0,0.018590498529326,0.0,0.0,0.0,0.0073434052379827,0.0,0.0,0.0,1,7,1,"Alternative methods, challenges and ""why"" questions",0.9299787738676571,0.0303355816838052,0.899643192183852,1.4215596015639678,installer_tradesperson,how_to_installation_demo,2025-10-18 14:26:49+00:00,2025,2.4166666666666665,493,9,2,18.255578093306287,4.056795131845842,1.7733812949640289,0.0071942446043165
psqjhMhcPpE,0.3637435743468661,0.0294043893787639,0.0134587128288086,0.0033433879194451,0.0355032447833973,0.0094463150622788,0.1034190737611028,0.0572898331043483,0.0636953331928022,0.0298796248224738,0.0334856863749097,0.0281824884474032,0.0077922124874578,0.0587958114316274,0.0909218060085455,0.0716385060497687,9,1,7,Situated household retrofit experience and building context,0.3637435743468661,0.1034190737611028,0.2603245005857633,9.166340981741175,installer_tradesperson,how_to_installation_demo,2025-04-19 09:39:57+00:00,2025,2.1333333333333333,57232,535,35,9.347917249091417,0.611545988258317,124.41739130434784,0.0760869565217391
pvP7IWKHpVA,0.0974699195366812,0.0295026388240576,0.0875697736335693,0.0343595932536726,0.0025972701049509,0.0099434786437924,0.0389178323403708,0.0056903024604872,0.048166514543985,0.0502472415537674,0.0303683375820294,0.0485436030851332,0.125685860758874,0.0150248753437877,0.3482665575040328,0.0276462008308078,45,15,13,Vapour barriers and moisture control,0.3482665575040328,0.125685860758874,0.2225806967451588,9.176657945321937,diy_renovator_homeowner,how_to_installation_demo,2024-10-25 21:55:00+00:00,2024,1.0166666666666666,370822,1619,229,4.3659761287086525,0.6175469632330337,583.0534591194969,0.360062893081761
pvUA6iFJKy8,0.1136472018398273,0.0629051883448459,0.0526138415785759,0.021032604721862,0.0096779292868145,0.0646501593562219,0.0562875173058204,0.0203355403807952,0.0569652551980737,0.0158036500406692,0.0249954927388722,0.0599007712616114,0.1599729037040578,0.0190867394493594,0.1717001800260685,0.090425024766524,60,15,13,Vapour barriers and moisture control,0.1717001800260685,0.1599729037040578,0.0117272763220106,12.16574796353151,diy_renovator_homeowner,how_to_installation_demo,2025-03-08 15:01:06+00:00,2025,10.066666666666666,111216,2583,151,23.225075528700906,1.3577183139116675,221.5458167330677,0.300796812749004
q3aaaDtihEI,0.0551975559531671,0.0032273122207826,0.0977098796686362,0.1435257140260155,0.0036900887673756,0.0816631684469602,0.1206301334741666,0.021047957922156,0.0245144994446824,0.0110343060547976,0.0045143023545965,0.0094330335665395,0.2113815745429162,0.0106178503045939,0.018599724032059,0.1832128992205545,6,13,16,"Wall, cavity and floor insulation",0.2113815745429162,0.1832128992205545,0.0281686753223617,9.177472482582752,installer_tradesperson,how_to_installation_demo,2025-05-05 18:00:02+00:00,2025,4.266666666666667,4740,103,12,21.729957805907173,2.5316455696202533,10.675675675675675,0.027027027027027
q6Fi8vOlimI,0.1717093373102061,0.0280427159597378,0.0126196353413129,0.2788325330241313,0.0015450331154289,0.001016841607984,0.2298467892033978,0.0184849949228861,0.0315562543885106,0.1298553269870711,0.0053949795699041,0.0,0.0006515376946507,0.0017131213227713,0.0571057676298157,0.0316251319221908,4,4,7,"Implementation, cost and how-to questions",0.2788325330241313,0.2298467892033978,0.0489857438207334,6.913682791019016,builder_contractor,practical_advice_explainer,2023-04-10 23:54:43+00:00,2023,0.35,150995,0,25,0.0,0.1655683963045134,125.82916666666668,0.0208333333333333
q6q_70hEl2g,0.1874057090077704,0.0140326924341484,0.1019298018229704,0.0942378502355609,0.0083254886761225,0.1822835787157635,0.0530194668166766,0.0129079048358567,0.0740143992748601,0.0292625073451297,0.0309465000672262,0.0585838501851968,0.02875776340464,0.0211384352292634,0.0229459133745577,0.0802081385742561,103,1,6,Situated household retrofit experience and building context,0.1874057090077704,0.1822835787157635,0.0051221302920069,11.39767882479016,builder_contractor,problem_warning_mistakes,2021-07-17 21:00:16+00:00,2021,4.7,1288750,19462,331,15.10145489815713,0.2568380213385063,703.4661572052402,0.1806768558951965
q7aV7ZxiHGE,0.1003289395335091,0.0110932160735426,0.0555077354818484,0.017244093219776,0.0021298011312912,0.0141990095507014,0.1139921812648427,0.0474032047672179,0.052902401967192,0.0751509720684005,0.0259977047506251,0.0054911150494871,0.2500745216885045,0.0023407883180953,0.2210698539375861,0.0050744611973794,14,13,15,"Wall, cavity and floor insulation",0.2500745216885045,0.2210698539375861,0.0290046677509184,8.770890985955447,builder_contractor,how_to_installation_demo,2024-04-11 20:41:50+00:00,2024,0.7166666666666667,177603,1708,48,9.616954668558527,0.2702657049711998,213.20888355342137,0.0576230492196878
q8qxuq5lHpY,0.0549836521634017,0.0036204689386052,0.0315524309208777,0.0247732261696497,0.0155883127411165,0.2120036685411299,0.0597535926094231,0.028279836453791,0.0707239049872752,0.0465869238248393,0.0224741678859669,0.0138604301061055,0.0144060903172556,0.2988633921214972,0.0158594451431929,0.0866704570758718,33,14,6,Thermostat wiring and smart heating controls,0.2988633921214972,0.2120036685411299,0.0868597235803673,9.188415659543285,training_educational,project_walkthrough,2022-11-01 18:15:02+00:00,2022,8.333333333333334,147694,1057,123,7.156688829607161,0.8328029574661123,108.5985294117647,0.0904411764705882
qA0SSLfprZ4,0.2695021879661814,0.0074661061056525,0.0966564249686944,0.0055049589594559,0.0,0.2221507214233519,0.1991115507779534,0.0,0.0436223275148907,0.015222456115449,0.0,0.0411659736736768,0.0888011695037685,0.0024056615255176,0.0083904614654073,0.0,2,1,6,Situated household retrofit experience and building context,0.2695021879661814,0.2221507214233519,0.0473514665428294,6.694343706145139,builder_contractor,how_to_installation_demo,2022-07-05 22:58:38+00:00,2022,4.516666666666667,19632,174,17,8.863080684596577,0.8659331703341483,13.273833671399592,0.0114942528735632
qHaRE8a76v4,0.0862120604017997,0.0,0.0985289362690388,0.0594386192313891,0.0285029196565802,0.2772895906504228,0.0043045311619928,0.0209737757778989,0.0169901783650856,0.1147809433499859,0.005444178035711,0.1181358530038968,0.0244536332385524,0.0227933251786312,0.0078073227948146,0.1143441328841995,9,6,12,"Praise, gratitude and social endorsement",0.2772895906504228,0.1181358530038968,0.159153737646526,9.30175500593578,installer_tradesperson,how_to_installation_demo,2025-06-21 21:09:12+00:00,2025,6.483333333333333,3088,85,30,27.525906735751292,9.71502590673575,7.778337531486146,0.0755667506297229
qKdgE_kjcuE,0.0959943505969729,0.0014740261334803,0.0719799573396186,0.0414044402060761,0.0192492455513684,0.121594178964727,0.1036136554387789,0.2825478617566022,0.0604867273118168,0.0426789974858095,0.0553691241707154,0.0097980066664909,0.0041170391857943,0.0415000319475514,0.0062697361198304,0.0419226211243662,29,8,6,"Solar PV, batteries and power systems",0.2825478617566022,0.121594178964727,0.1609536827918752,10.06809430875969,installer_tradesperson,how_to_installation_demo,2025-03-08 09:01:05+00:00,2025,10.9,36025,806,108,22.37335183900069,2.9979181124219294,71.76294820717132,0.2151394422310757
qNQafR_5ALk,0.3074961812164296,0.0148219317107739,0.0376416331107655,0.0389787849186701,0.0210097751278027,0.049665961555858,0.0112900989008781,0.0200097724086365,0.09373577382254,0.1105127568744537,0.0132793103197817,0.0465118159025052,0.0332216287158108,0.0091774595163938,0.0374232962244544,0.1552238196742452,160,1,16,Situated household retrofit experience and building context,0.3074961812164296,0.1552238196742452,0.1522723615421843,9.658362740818877,builder_contractor,problem_warning_mistakes,2024-06-29 23:24:02+00:00,2024,0.4,79194025,3060286,47108,38.64289004126258,0.5948428558846454,105031.86339522546,62.47745358090186
qUYVsrJs3IU,0.0633902762044204,0.1481541069821433,6.928209784994889e-05,0.0,0.0149461544819401,0.0786437719812392,0.013330568381784,0.00094407614148,0.0152002002901191,0.0027995625085689,3.904015551385402e-05,0.5124178494678439,0.0,0.0016839127715252,0.0465811675355189,0.1018000310000527,4,12,2,Roof and attic ventilation and airflow,0.5124178494678439,0.1481541069821433,0.3642637424857005,4.926555250805855,training_educational,how_to_installation_demo,2026-03-23 22:00:57+00:00,2026,3.6166666666666663,19265,570,26,29.58733454451077,1.3495977160654036,157.90983606557376,0.2131147540983606
qcJo0m8Ww0g,0.2247469863588979,0.058103271121295,0.0028708679347322,0.0303571014470859,0.0166727398711853,0.2342271115437613,0.0,0.0841045947374876,0.0005238167754331,0.0325741941299796,0.1782249451911003,0.0191719764790863,0.0231555942455772,0.0013687510771551,0.0019198248417791,0.0919782242454435,8,6,1,"Praise, gratitude and social endorsement",0.2342271115437613,0.2247469863588979,0.0094801251848634,7.89773871908993,training_educational,how_to_installation_demo,2022-10-18 20:40:14+00:00,2022,6.2,35550,427,29,12.011251758087202,0.8157524613220816,25.87336244541485,0.0211062590975254
qc_65EdzH-A,0.175592212770591,0.0012330125443054,0.0957551949704188,0.0846616020034635,0.0824855270982825,0.1208070273668937,0.0845906609674979,0.0395263999172358,0.0664639295621458,0.04061446675109,0.0205252536595528,0.0531737849800188,0.0126840009007532,0.0355324435403009,0.0150084559664888,0.0713460270009605,23,1,6,Situated household retrofit experience and building context,0.175592212770591,0.1208070273668937,0.0547851854036973,12.386809925739112,builder_contractor,how_to_installation_demo,2025-06-18 21:50:17+00:00,2025,17.983333333333334,20870,567,95,27.168183996166743,4.551988500239578,52.175,0.2375
qerRdv86cl8,0.48912105123014,0.0,0.0129372625127045,0.0,0.2448525775009607,0.0203641918814961,0.0,0.0,0.0,0.0091823001433737,0.0415061829384881,0.0,0.0,0.0137185156168523,0.1683179181759839,0.0,1,1,5,Situated household retrofit experience and building context,0.48912105123014,0.2448525775009607,0.2442684737291793,3.910916743467468,installer_tradesperson,how_to_installation_demo,2023-05-02 22:27:54+00:00,2023,16.9,5575,31,12,5.560538116591928,2.1524663677130045,4.732597623089983,0.0101867572156196
qgv50bsmhus,0.3049198829780679,0.0122223941801208,0.0172772847442569,0.1073305094265272,0.1040205562936706,0.0295648126159066,0.0161297161120293,0.0528662078546875,0.0419738840642777,0.0398170288625441,0.0498062950007756,0.0442557675525434,0.0208834780626177,0.047815922440322,0.0191837332048198,0.0919325266068322,30,1,4,Situated household retrofit experience and building context,0.3049198829780679,0.1073305094265272,0.1975893735515406,10.563600987166604,installer_tradesperson,how_to_installation_demo,2024-10-29 12:34:45+00:00,2024,0.8666666666666667,108290,1081,102,9.982454520269648,0.9419152276295132,171.34493670886076,0.1613924050632911
qhV7ko02LWg,0.1915764962579439,0.0,0.142374830365412,0.0,0.1322496757875972,0.0285191649464527,0.0,0.1325402153434727,0.000286195155474,0.0,0.2729760323897698,0.0416861759763926,0.002240683704298,0.0528966413051416,0.0,0.0026538887680452,4,11,1,"Product sourcing, access and location questions",0.2729760323897698,0.1915764962579439,0.0813995361318258,6.719852857675525,training_educational,how_to_installation_demo,2022-11-27 20:00:03+00:00,2022,0.75,24272,194,8,7.992748846407382,0.3295978905735003,18.19490254872564,0.0059970014992503
qhWHoDqH2TA,0.1298044100708797,0.0504433171848692,0.053327743411284,0.0526677424137203,0.0115191897791846,0.0622881046877049,0.0468495026839673,0.0357422355303599,0.0479384837478823,0.0386868803953784,0.0168445510948397,0.2584483323017502,0.1077038500632813,0.0104887976450514,0.0211373500630856,0.0561095089267603,98,12,1,Roof and attic ventilation and airflow,0.2584483323017502,0.1298044100708797,0.1286439222308704,11.412798199236006,installer_tradesperson,practical_advice_explainer,2025-02-24 17:00:20+00:00,2025,4.2,317261,3381,259,10.656840897557531,0.8163625532290448,617.2392996108949,0.5038910505836576
qmWRN3Ob1Po,0.1452605181981689,0.0015751311006147,0.0806980933474432,0.0977473540587761,0.1667879596474203,0.0651527201170905,0.0391335272857358,0.1071950802406827,0.0604912511397453,0.0290912025194062,0.0386197411692608,0.029560555980817,0.034977322915675,0.0171888937963241,0.0114986807654739,0.0750219677173646,98,5,1,Heat pumps and heating systems,0.1667879596474203,0.1452605181981689,0.0215274414492513,12.168132341407766,training_educational,how_to_installation_demo,2022-01-05 19:00:17+00:00,2022,11.016666666666667,150776,1917,380,12.71422507560885,2.5202950071629435,90.8289156626506,0.2289156626506024
qnfrtkLy12A,0.1684701068309845,0.0010948660511638,0.1204115747031399,0.0020875678241878,0.005442430979011,0.1352167881730214,0.0352511000299686,0.0516315888687774,0.0254277923217636,0.0154395241237499,0.1214944722462214,0.0113305871477717,0.0803833005364213,0.1185075793623179,0.0176180021848263,0.0901927186166729,9,1,6,Situated household retrofit experience and building context,0.1684701068309845,0.1352167881730214,0.0332533186579631,10.520344617037637,installer_tradesperson,how_to_installation_demo,2024-08-23 18:40:05+00:00,2024,10.616666666666667,19860,318,63,16.012084592145015,3.1722054380664653,28.412017167381972,0.0901287553648068
qpsRcysd-3Y,0.0418796079807675,0.0,0.0062022661098472,0.0124352444942855,0.4430290915022074,0.0168979294543945,0.0,0.4282397289315536,0.0100159818540305,0.0064604748134023,0.0081772660750576,0.0,0.0040064846039406,0.0,0.0092533450325124,0.0134025791480003,2,5,8,Heat pumps and heating systems,0.4430290915022074,0.4282397289315536,0.0147893625706537,3.5008385925758034,installer_tradesperson,how_to_installation_demo,2024-05-31 07:14:30+00:00,2024,0.7166666666666667,9185,54,4,5.87915078933043,0.4354926510615133,11.730523627075351,0.0051085568326947
qxtbHYf0OT0,0.09236676151902,0.0037594036102482,0.098352546843511,0.0662852975871928,0.1980319357490366,0.1526714281674362,0.0771244918911958,0.0437230415052938,0.0470454941870281,0.0312347607209593,0.0104902464541385,0.0215210465650749,0.0293112749859363,0.0180029590686106,0.0069949475931229,0.1030843635521942,102,5,6,Heat pumps and heating systems,0.1980319357490366,0.1526714281674362,0.0453605075816004,11.226656109053067,installer_tradesperson,how_to_installation_demo,2023-08-06 11:47:24+00:00,2023,14.483333333333333,75818,3287,314,43.35382099237648,4.141496742198422,70.0720887245841,0.2902033271719039
qyZm66j8QU4,0.2909587374728455,0.0136152112161765,0.038125777893895,0.0526368866598675,0.0122293091416894,0.0314498402309265,0.056594739123042,0.0204706073649523,0.0466690052044815,0.0245987966208831,0.0457085766110037,0.0514509349830352,0.2043736066189676,0.010797654891368,0.0452480111688263,0.0550723047980392,279,1,13,Situated household retrofit experience and building context,0.2909587374728455,0.2043736066189676,0.0865851308538779,10.004371503667576,diy_renovator_homeowner,how_to_installation_demo,2024-01-27 18:21:39+00:00,2024,1.0,5271314,93004,1972,17.6434186997777,0.3741002717728445,5805.411894273128,2.171806167400881
qylSbf0Szms,0.1801609379331101,0.0063104207339076,0.0049126792412421,0.1184544292622518,0.0322367581136087,0.1284054295722049,0.074334598274642,0.0387334892737891,0.145598014132657,0.0275954660520323,0.0047281470305723,0.0791109805727281,0.0111962631231512,0.000245802518162,0.0144163167083533,0.1335602674575869,7,1,9,Situated household retrofit experience and building context,0.1801609379331101,0.145598014132657,0.0345629238004531,9.983573973021562,training_educational,how_to_installation_demo,2025-06-13 22:00:55+00:00,2025,3.316666666666667,45175,750,23,16.602102933038186,0.509131156613171,111.54320987654322,0.0567901234567901
r2uLnkDmRfk,0.1080156489394977,0.0019794389471478,0.0392356040442985,0.0030407273635116,0.2813327640277877,0.1389622268692336,0.0259016292625434,0.0325772210796147,0.0582351324915965,0.006234946393079,0.0254329835965366,0.046215246465875,0.1138828026354988,0.0207318529813071,0.012826238508744,0.0853955363937272,11,5,6,Heat pumps and heating systems,0.2813327640277877,0.1389622268692336,0.1423705371585541,9.59338098694079,installer_tradesperson,how_to_installation_demo,2024-04-26 09:00:45+00:00,2024,33.2,12900,229,31,17.751937984496124,2.4031007751937987,15.770171149144254,0.0378973105134474
r7uUfB6ZA_w,0.0057384277225382,0.646899407704582,0.0,0.0007219959189736,0.0,0.0,0.0473800797190129,0.0,0.0664822113430005,0.0092298512348307,0.0,0.2235480263570617,0.0,0.0,0.0,0.0,1,2,12,Spray foam and foam insulation,0.646899407704582,0.2235480263570617,0.4233513813475202,2.77169895908108,builder_contractor,how_to_installation_demo,2023-06-29 22:38:58+00:00,2023,0.2666666666666666,13652,45,10,3.296220334016993,0.7324934075593319,12.189285714285717,0.0089285714285714
rB7N6rU2WtM,0.0697525521267966,0.0,0.0,0.0235380250704118,0.0,0.0,0.075258851266404,0.0,0.1111508118270361,0.0277197519786066,0.0,0.0040802950382197,0.0,0.2613897497809379,0.0,0.4271099629115871,1,16,14,"Prospective choices, recommendations and alternatives",0.4271099629115871,0.2613897497809379,0.1657202131306492,4.7056115455126575,installer_tradesperson,how_to_installation_demo,2025-04-19 21:12:55+00:00,2025,0.6333333333333333,93341,320,8,3.428289819050578,0.0857072454762644,202.91521739130437,0.017391304347826
rH_Gb-4aGLs,0.3171207368748039,0.0031191231542389,0.0324583756446158,0.0346874423097611,0.0512368953240643,0.0529790857287092,0.0156586812532228,0.022112349730175,0.0397061489900607,0.038693932535283,0.0309419085650253,0.214784848207212,0.06915434802958,0.0152138930652161,0.02060860318361,0.0415236274044211,124,1,12,Situated household retrofit experience and building context,0.3171207368748039,0.214784848207212,0.1023358886675918,9.204500746931608,training_educational,practical_advice_explainer,2024-12-03 19:00:28+00:00,2024,3.0,154800,3301,349,21.324289405684752,2.2545219638242893,259.2964824120603,0.5845896147403685
rRqV8BHE8lY,0.0717192053583888,0.0045640978688783,0.065229346563156,0.0639788983100021,0.0139055579509711,0.1709730765039833,0.0265702864961026,0.3188579323956506,0.0263955180332694,0.0272024885261889,0.0208858556261853,0.0089532854493823,0.0070805591479378,0.0559788555564916,0.0125465382618334,0.1051584979515777,255,8,6,"Solar PV, batteries and power systems",0.3188579323956506,0.1709730765039833,0.1478848558916673,8.980332642999903,training_educational,how_to_installation_demo,2025-07-29 15:38:21+00:00,2025,11.383333333333333,1050574,27712,1161,26.37796100036742,1.10511015882746,2926.389972144847,3.233983286908078
rS6r1SBIrGs,0.0755549933487926,0.0,0.005313213645724,0.0697861221624669,0.3072883899338887,0.0,0.0084539973809766,0.0679870196279071,0.0011864200669727,0.0925778010013827,0.0,0.2676841357395181,0.0009019164796015,0.024573677322805,0.0,0.0786923132899635,5,5,12,Heat pumps and heating systems,0.3072883899338887,0.2676841357395181,0.0396042541943705,6.508020291364488,diy_renovator_homeowner,how_to_installation_demo,2024-09-30 00:49:35+00:00,2024,1.0,24837,160,16,6.442001852075533,0.6442001852075532,37.5748865355522,0.0242057488653555
rXJDwjkoEkQ,0.1278069993202447,0.0305574524438408,0.0443632046442758,0.0456023033396653,0.0274824248601103,0.1036062735355088,0.0495681343269327,0.0120746496435967,0.0539376085684241,0.0649678369950538,0.011511563421887,0.0827082458085923,0.1726325539979808,0.0107554708304472,0.0621998995108566,0.1002253787525827,273,13,1,"Wall, cavity and floor insulation",0.1726325539979808,0.1278069993202447,0.0448255546777361,12.583659044202808,diy_renovator_homeowner,project_walkthrough,2021-08-13 17:39:07+00:00,2021,30.516666666666666,544302,6155,666,11.308060598711744,1.2235854360263236,301.55235457063714,0.3689750692520775
rbJmduHuicQ,0.0873318779665037,0.0,0.0007930903313263,5.146090547181108e-05,0.0,0.0032063917068015,0.0,0.0276566787933615,0.0,0.0,0.0101067423157897,0.4441380675593656,0.3925576617310075,0.0,0.0338889313090031,0.000269097381369,2,12,13,Roof and attic ventilation and airflow,0.4441380675593656,0.3925576617310075,0.051580405828358,3.413106457118051,diy_renovator_homeowner,how_to_installation_demo,2024-11-21 00:00:34+00:00,2024,1.9666666666666663,3720,117,10,31.451612903225804,2.688172043010753,6.108374384236453,0.0164203612479474
rcI-xVNGdCQ,0.119765469046478,0.0011317927965038,0.045575280711922,0.0436667285163269,0.383362780601693,0.0471592337055372,0.0337223524302036,0.0658401176288032,0.0569856459940663,0.0152634282530872,0.0252479303614652,0.0846852805964555,0.0086148260956206,0.015057631470877,0.0085145643361313,0.0454069374548286,55,5,1,Heat pumps and heating systems,0.383362780601693,0.119765469046478,0.2635973115552149,8.658343698266828,installer_tradesperson,practical_advice_explainer,2023-04-18 16:00:07+00:00,2023,5.383333333333334,244081,2854,169,11.692839672076074,0.6923930990122131,204.76593959731545,0.1417785234899329
re3XbQItPLI,0.05912465458646,0.0022564968571358,0.0,0.1104779475931843,0.1019595831287784,0.0,0.1359812991307985,0.0806517968218665,0.1480751905224321,0.2232730362767629,0.0005246381422914,0.0003314462951963,0.0306412132123057,0.0,0.0025940643295604,0.1041086331032273,4,10,9,"Implementation follow-up, outcomes and retrospective questions",0.2232730362767629,0.1480751905224321,0.0751978457543307,8.276989626916313,installer_tradesperson,how_to_installation_demo,2024-04-22 14:44:02+00:00,2024,0.5333333333333333,8464,50,11,5.907372400756144,1.2996219281663517,10.29683698296837,0.0133819951338199
rnRivqPaFw0,0.2323586237011015,0.0159245890254677,0.1117443734393566,0.0362413671656776,0.0138544260806342,0.0997194462583133,0.0668314670170965,0.0137218249047117,0.073064381064404,0.0632144485131086,0.0381180052296298,0.1015193635908209,0.0380510663499956,0.0147143333324456,0.0253396184862613,0.0555826658409743,18,1,3,Situated household retrofit experience and building context,0.2323586237011015,0.1117443734393566,0.1206142502617448,11.72490791100077,diy_renovator_homeowner,how_to_installation_demo,2021-03-01 14:56:01+00:00,2021,11.266666666666667,177778,1331,72,7.486865641417948,0.4049994937506327,90.24263959390863,0.0365482233502538
rts76dCbozc,0.1249474866129203,0.0114457013275457,0.0530261720762738,0.1072463909272526,0.0,0.2693705629583622,0.0501647508606356,0.0173249318737292,0.0173338457008188,0.0124558528804301,0.1045870543207092,0.0195677459247862,0.0375841544890806,0.0346541998388985,0.0240773400341897,0.1162138101743671,15,6,1,"Praise, gratitude and social endorsement",0.2693705629583622,0.1249474866129203,0.1444230763454419,9.95060746126371,builder_contractor,project_walkthrough,2023-10-17 07:50:25+00:00,2023,5.533333333333333,3720,87,37,23.387096774193548,9.946236559139786,3.6831683168316833,0.0366336633663366
rwlpCrjKLdk,0.0591547467581091,0.0039139499543229,0.0995575231097261,0.0848459424610786,0.1872324613393109,0.1783189513602775,0.0129999322833224,0.0548272328362819,0.0812434452771631,0.0771950794991275,0.032181820353609,0.013076433594126,0.0224720518020666,0.0135101556645369,0.0089090203031098,0.070561253403831,35,5,6,Heat pumps and heating systems,0.1872324613393109,0.1783189513602775,0.0089135099790334,11.092829638291972,installer_tradesperson,how_to_installation_demo,2024-04-08 18:56:18+00:00,2024,14.05,32543,680,124,20.89543066097164,3.810343238177181,38.92703349282296,0.1483253588516746
s-41UF02vrU,0.1619854177050828,0.0121958755988865,0.0497415052023655,0.0527968584929604,0.1614270222786503,0.1458496247024703,0.0331093197458081,0.0519448205264032,0.0355332414954849,0.0351714767614746,0.0270867640307,0.0698701710940235,0.0161914975384443,0.0177094065586574,0.0183896531105896,0.110997345157998,232,1,5,Situated household retrofit experience and building context,0.1619854177050828,0.1614270222786503,0.0005583954264325,11.82821498688176,training_educational,project_walkthrough,2025-08-23 15:01:46+00:00,2025,57.71666666666667,2324121,95032,12220,40.88943733996639,5.257901804596232,6958.446107784431,36.58682634730539
s0U44rRGzr0,0.0545338751857639,0.0,0.0,0.0001609681719771,0.0,0.0,0.0,0.0,0.0,0.0,0.0,0.0,0.0,0.0273595837769292,0.0,0.9179455728653296,1,16,1,"Prospective choices, recommendations and alternatives",0.9179455728653296,0.0545338751857639,0.8634116976795658,1.4008677590461485,installer_tradesperson,how_to_installation_demo,2025-08-08 01:59:13+00:00,2025,1.35,3916,17,1,4.341164453524004,0.2553626149131767,11.220630372492836,0.0028653295128939
s93KLWSSZMk,0.2688340696203429,0.0182490696163398,0.1132392015184826,0.0309098933765178,0.0121819432925437,0.0336288231392594,0.0324607561652262,0.0051980782199554,0.0897487903862749,0.0197714884165648,0.0106780472046319,0.0667078278687346,0.150285095428085,0.0142900700268837,0.0969931725871246,0.0368236731330321,49,1,13,Situated household retrofit experience and building context,0.2688340696203429,0.150285095428085,0.1185489741922578,10.005642971640984,builder_contractor,how_to_installation_demo,2023-08-23 17:30:10+00:00,2023,18.28333333333333,14155,150,216,10.596962204168138,15.259625574002118,13.291079812206572,0.2028169014084507
sCqdGAXntws,0.0268809198335952,0.0152985772175635,0.002146805626818,0.2585805248483412,0.0,0.0,0.2163181245901395,0.0121767466549564,0.0277630462625886,0.0070169043814296,0.0,0.0,0.3617716310253585,0.0,0.0128984188015336,0.0591483007576752,3,13,4,"Wall, cavity and floor insulation",0.3617716310253585,0.2585805248483412,0.1031911061770172,5.126666621642031,builder_contractor,how_to_installation_demo,2023-11-20 21:28:03+00:00,2023,1.0166666666666666,68268,1323,24,19.379504306556512,0.3515556336790297,69.94672131147541,0.0245901639344262
sGS6HXUR0TI,0.1751967186421062,0.0076148724746144,0.0780616008881906,0.0762576112496491,0.035223500407243,0.0906206239706817,0.1340661553168904,0.0172200782894561,0.028858949578321,0.0512788083678468,0.039586926401669,0.031636615856334,0.0380920211265502,0.0532612448731522,0.0202138757800269,0.1228103967772677,33,1,7,Situated household retrofit experience and building context,0.1751967186421062,0.1340661553168904,0.0411305633252158,12.443936266693314,training_educational,how_to_installation_demo,2023-09-11 15:29:50+00:00,2023,26.98333333333333,167915,1706,122,10.15990233153679,0.7265580799809428,160.53059273422562,0.1166347992351816
sJI5szeWEBA,0.1600462407092861,0.0040670729503952,0.0321573090342394,0.0457184435523477,0.1809933457414707,0.1200329821168032,0.0131300364747507,0.0570405912895694,0.0398093150410916,0.0225024178047686,0.0067034406491642,0.0439523927950197,0.1003157375015746,0.0224000697511462,0.015034687723458,0.136095916864914,53,5,1,Heat pumps and heating systems,0.1809933457414707,0.1600462407092861,0.0209471050321846,10.872179690990928,training_educational,project_walkthrough,2024-03-27 19:00:36+00:00,2024,7.45,167955,2181,151,12.985621148521926,0.8990503408651127,198.060141509434,0.178066037735849
sL0EnU01PuA,0.0586727251085176,0.0,0.4494566691751607,0.0335488634958828,0.016164891853089,0.0,0.0,0.0,0.4371728434250239,0.0,0.0032488281110538,0.0,0.0,0.001735178831272,0.0,0.0,1,3,9,Clarification and specification questions,0.4494566691751607,0.4371728434250239,0.0122838257501368,2.9974497366055317,builder_contractor,how_to_installation_demo,2024-07-10 17:33:53+00:00,2024,10.75,1861,13,9,6.985491671144546,4.836109618484685,2.50471063257066,0.0121130551816958
sLfDpn-p72U,0.061230266501345,0.0070296170075479,0.0624314622537023,0.2177127053088516,0.0057522558924101,0.1612014249471789,0.0161610088895729,0.0249937414260368,0.0060064508243973,0.1763667099998846,0.0,0.0345068637409586,0.0883292304009227,0.0033038442930876,0.0460622090639576,0.0889122094501453,8,4,10,"Implementation, cost and how-to questions",0.2177127053088516,0.1763667099998846,0.041345995308967,9.363318991583524,installer_tradesperson,how_to_installation_demo,2024-05-16 01:51:51+00:00,2024,15.9,7528,97,32,12.885228480340064,4.2507970244420825,9.43358395989975,0.0401002506265664
sQp1QlCICO4,0.1676618254567531,0.0570202450795518,0.0479583398145078,0.0104686497396227,0.0,0.1323627018586103,0.0,0.0267477038493018,0.0089667329173423,0.0159141128939905,0.0183010681626192,0.0,0.2105637544249776,0.0277586906059477,0.094927531242674,0.1813486439541003,2,13,16,"Wall, cavity and floor insulation",0.2105637544249776,0.1813486439541003,0.0292151104708773,8.694884166780604,installer_tradesperson,how_to_installation_demo,2024-05-09 09:20:18+00:00,2024,3.45,18482,17,3,0.9198138729574722,0.1623200952277892,22.959006211180125,0.0037267080745341
sSDytAtzk0U,0.0577617577475014,0.0035404325234594,0.0641438901030639,0.0534108234238328,0.0449280840768338,0.0781854912642772,0.054898694041832,0.0246951038234343,0.1204299483638957,0.0316672080026391,0.0280922240042759,0.0277788691776954,0.0097014957607969,0.3592156469755807,0.0072316333230637,0.0343186973878171,226,14,9,Thermostat wiring and smart heating controls,0.3592156469755807,0.1204299483638957,0.238785698611685,9.346491958366949,installer_tradesperson,how_to_installation_demo,2020-01-27 01:00:14+00:00,2020,19.65,560628,7553,799,13.472391675050122,1.4251874683390768,236.65175179400592,0.3372731110173069
sXVFESvW2e4,0.0612280441639655,0.0019830120691929,0.1073792588016758,0.1863661990016555,0.0154295880622863,0.0304014199274035,0.0195318448454839,0.0069916542941637,0.216519309652434,0.0058579244812568,0.0016247614423952,0.0491099233074147,0.2348503944251486,0.0124567717489193,0.0400439656681123,0.0102259281084914,9,13,9,"Wall, cavity and floor insulation",0.2348503944251486,0.216519309652434,0.0183310847727146,8.237022292289558,training_educational,how_to_installation_demo,2019-05-08 19:58:14+00:00,2019,3.283333333333333,53372,140,16,2.62309825376602,0.2997826575732593,20.27041397645272,0.0060767185719711
sZgmjc3rE_o,0.0,0.0,0.0,0.0,0.0,0.4084597964637206,0.0,0.0,0.0,0.0,0.5915402035362793,0.0,0.0,0.0,0.0,0.0,1,11,6,"Product sourcing, access and location questions",0.5915402035362793,0.4084597964637206,0.1830804070725586,1.966574232607848,installer_tradesperson,how_to_installation_demo,2024-11-16 13:50:11+00:00,2024,0.6666666666666666,94532,499,8,5.278635805864681,0.0846274277493335,153.9609120521173,0.013029315960912
skCWSbgqeiQ,0.0523996916012054,0.0172561477204063,0.0095294401788517,0.0991685005064437,0.001295066211595,0.0188247953127736,0.1792171713594845,0.2409686493012475,0.2100830869560919,0.0734552058815066,1.268116845036585e-05,0.0047794923712755,0.0038016169121369,0.0498008754700342,0.0324032787602883,0.0070043002882078,3,8,9,"Solar PV, batteries and power systems",0.2409686493012475,0.2100830869560919,0.0308855623451555,8.119068949032785,installer_tradesperson,how_to_installation_demo,2024-01-24 18:54:49+00:00,2024,0.3833333333333333,15071,116,8,7.696901333687214,0.5308207816336009,16.54335894621295,0.0087815587266739
snXVA-umZnQ,0.1051177308278797,0.021670308350066,0.0106120845797059,0.0303198499446216,0.0013869072934602,0.111998594134222,0.0300221183221773,0.0333627328910556,0.0334952959832833,0.0184140135787394,0.0055931175225161,0.0579149133431773,0.3419761531582629,0.0175539785772887,0.1253141433251012,0.0552480581684419,7,13,15,"Wall, cavity and floor insulation",0.3419761531582629,0.1253141433251012,0.2166620098331616,8.904618856106271,builder_contractor,how_to_installation_demo,2024-09-27 22:02:54+00:00,2024,7.616666666666666,6448,97,23,15.043424317617866,3.566997518610421,9.710843373493976,0.0346385542168674
ssTL59gkMIk,0.1067783110846647,0.0085412347214372,0.0798439743554854,0.0068817644255602,0.0244908607679321,0.2147832013465765,0.111459205621699,0.0103146336978221,0.0,0.0068233210506882,0.148118750161929,0.0192230662710855,0.0,0.0531462060205502,0.0198700084634597,0.1897254620111096,4,6,16,"Praise, gratitude and social endorsement",0.2147832013465765,0.1897254620111096,0.0250577393354668,8.76372826624464,installer_tradesperson,how_to_installation_demo,2024-10-03 16:36:01+00:00,2024,1.0,31460,201,18,6.389065479974571,0.5721551176096631,47.81155015197568,0.0273556231003039
stJV-i0CpNQ,0.0872486148302756,0.0018944663302497,0.122023614679492,0.049956954291199,0.0038887670452564,0.0452703576951503,0.0775456736584088,0.3598895324563039,0.0775992510648505,0.0388550698040342,0.0169202319511563,0.0048859213724882,0.0038833281090263,0.0495289244618341,0.0050894012540078,0.0555198909962661,55,8,3,"Solar PV, batteries and power systems",0.3598895324563039,0.122023614679492,0.2378659177768118,8.4670829883597,diy_renovator_homeowner,how_to_installation_demo,2020-02-09 04:53:25+00:00,2020,5.383333333333334,69292,804,225,11.603071061594411,3.247128095595451,29.410865874363328,0.0955008488964346
t1FVr4BOqH4,0.0144046252976167,0.0,0.0051865208951816,0.4334614187955188,0.0,0.0075068100805106,0.0007741926290598,0.0,0.0,0.0154590272618346,0.0,0.4912062673854038,0.0320011376548738,0.0,0.0,0.0,2,12,4,Roof and attic ventilation and airflow,0.4912062673854038,0.4334614187955188,0.0577448485898849,2.764305803692205,training_educational,how_to_installation_demo,2023-05-02 12:14:09+00:00,2023,0.2333333333333333,29864,0,2,0.0,0.0669702652022502,25.35144312393888,0.0016977928692699
t1ubC5eMGNo,0.0,0.0,0.0,0.0048802436574111,0.0,0.0,0.0,0.0,0.0,0.0,0.0,0.0,0.0,0.0403796296649525,0.9547401266776364,0.0,1,15,14,Vapour barriers and moisture control,0.9547401266776364,0.0403796296649525,0.9143604970126836,1.2211472823585752,installer_tradesperson,practical_advice_explainer,2023-10-25 12:36:00+00:00,2023,5.766666666666667,4005,28,3,6.991260923845194,0.7490636704119851,3.997005988023952,0.0029940119760479
t6tU37Pcmrw,0.1970434339085055,0.0200165822028922,0.0724387543608477,0.1079386015132944,0.0052286760826401,0.1577453324287435,0.0276711926804292,0.0169705651464852,0.0638301262006333,0.0259833859129437,0.0829211197588042,0.0585023752525296,0.0233983719235825,0.028755343461496,0.0193444381267419,0.0922117010394304,111,1,6,Situated household retrofit experience and building context,0.1970434339085055,0.1577453324287435,0.039298101479762,11.531430103830004,diy_renovator_homeowner,how_to_installation_demo,2024-02-03 16:17:11+00:00,2024,5.966666666666667,258800,0,722,0.0,2.789799072642968,287.23640399556047,0.8013318534961155
t8_m-2sUTdU,0.329395549982041,0.0235242428811333,0.0412541944751888,0.0331168601274071,0.0192877336723441,0.0576273962078364,0.0647145502654803,0.0011685678923068,0.0467106172435282,0.0078509251751242,0.0121238652520022,0.2326237366413463,0.006278517692452,0.0127303498800207,0.0511565515074411,0.0604363411043467,24,1,12,Situated household retrofit experience and building context,0.329395549982041,0.2326237366413463,0.0967718133406947,8.22365629673533,diy_renovator_homeowner,problem_warning_mistakes,2025-08-01 00:30:49+00:00,2025,0.1333333333333333,29614159,91052,551,3.0746103578359256,0.0186059648021745,83185.83988764045,1.547752808988764
t9CgJhPSvkc,0.1541644626185347,0.0010909898907685,0.0529469060160431,0.0546280353967167,0.0182574993085777,0.2686782675494524,0.126784564634204,0.0242185859476617,0.1502903615378565,0.003218264285713,0.0067593549196746,0.0376588254732301,0.0304305137400957,0.0483073417721294,0.0132517734742604,0.009314253435081,17,6,1,"Praise, gratitude and social endorsement",0.2686782675494524,0.1541644626185347,0.1145138049309176,9.045801234028335,installer_tradesperson,how_to_installation_demo,2021-10-05 15:50:24+00:00,2021,2.4833333333333334,98617,2730,100,27.682853869008387,1.0140239512457283,56.28824200913242,0.0570776255707762
tDgIM8vnf1A,0.1649332992336433,0.0019021280139751,0.0,0.0,0.3963641328269172,0.0045396138443084,0.0,0.0865716243361435,0.0245722912736419,0.0,0.0074483379849443,0.1030953011065285,0.0254536729360183,0.1414792840022169,0.0178047063752299,0.0258356080664322,2,5,1,Heat pumps and heating systems,0.3963641328269172,0.1649332992336433,0.2314308335932738,6.112753271257827,installer_tradesperson,how_to_installation_demo,2025-05-15 13:01:46+00:00,2025,2.7,11048,93,15,8.417813178855901,1.3577118030412745,25.456221198156683,0.0345622119815668
tGQrIF7wD2U,0.1005453234723192,0.2016746172527145,0.0402125880573738,0.0309052214741955,0.0214793479237049,0.0779199190026729,0.0480036077523508,0.0299513105458423,0.0337903594487603,0.0531041748295023,0.0543634805458523,0.1392687158778504,0.0339693130451623,0.0484051149454841,0.0237527350444825,0.0626541707817311,39,2,12,Spray foam and foam insulation,0.2016746172527145,0.1392687158778504,0.0624059013748641,12.804755848755171,diy_renovator_homeowner,how_to_installation_demo,2022-02-05 19:06:33+00:00,2022,11.733333333333333,84835,1357,112,15.995756468438737,1.3202098190605291,52.07796193984039,0.0687538367096378
tILq16hKFao,0.0118471235579921,0.007545844999867,0.000573870040734,0.5541177876329653,0.0053504791357768,0.0,0.0354386414576945,0.050191746784047,0.023597457432088,0.0133856087751563,0.0,0.0,0.0528702488501366,0.2290459432431695,0.0160352480903723,0.0,4,4,14,"Implementation, cost and how-to questions",0.5541177876329653,0.2290459432431695,0.3250718443897957,4.148711475735215,installer_tradesperson,how_to_installation_demo,2025-05-15 15:23:27+00:00,2025,0.35,112082,348,13,3.1048696490069774,0.1159865098766974,258.2534562211982,0.0299539170506912
tNE5GEePXuk,0.1284476847820041,0.0021491063051636,0.0343518933230078,0.0284862110414831,0.3007412455285555,0.0478943865233572,0.0401495426281777,0.0715159043232404,0.0403296076492067,0.0197171814309817,0.0232839596741484,0.1582357400589552,0.0150794079534947,0.0179066490406719,0.0101413907151848,0.0615700890223665,234,5,12,Heat pumps and heating systems,0.3007412455285555,0.1582357400589552,0.1425055054696003,9.566261446021834,training_educational,practical_advice_explainer,2022-09-18 17:16:24+00:00,2022,14.083333333333334,175786,2351,580,13.374216376730796,3.29946639664137,125.20370370370372,0.4131054131054131
tT9wKfRlCL8,0.1063606671443348,0.0081600341703386,0.0,0.0,0.0,0.0905994562977119,0.0718894306650099,0.0183134227500826,0.109123649952222,0.0,0.0027231170614863,0.5596183936291224,0.0,0.013985920208478,0.0,0.0192259081212132,3,12,9,Roof and attic ventilation and airflow,0.5596183936291224,0.109123649952222,0.4504947436769003,4.375501368882064,diy_renovator_homeowner,problem_warning_mistakes,2019-08-27 01:13:29+00:00,2019,5.466666666666667,14331,125,10,8.722350150024422,0.6977880120019537,5.682394924662966,0.0039651070578905
tUWJTF9nyaQ,0.0649967728898542,0.3721822597889602,0.0231084900169724,0.0137786287655751,0.0280866517876237,0.0131078173473073,0.0373728661110195,0.0250901753134961,0.0311389102134559,0.0143107765807445,0.0173584481878021,0.1634757135965976,0.0632316893367325,0.0055751874120162,0.0970410041667795,0.0301446084850625,370,2,12,Spray foam and foam insulation,0.3721822597889602,0.1634757135965976,0.2087065461923625,8.45487265489878,builder_contractor,problem_warning_mistakes,2024-04-11 21:48:38+00:00,2024,0.8833333333333333,4703794,58295,3618,12.39318728668815,0.7691663367911095,5646.811524609844,4.343337334933974
tXMyOpRbV0s,0.1081564914479847,0.0,0.0148419494215157,0.1695992444653359,0.0045173681680082,0.098790734883173,0.1066515753330213,0.0200159668956767,0.1305495287736084,0.0295517299839146,0.0045972412546956,0.0508752987623735,0.0803416855777726,0.0194385485720267,0.0100747691014411,0.1519978673594515,2,4,16,"Implementation, cost and how-to questions",0.1695992444653359,0.1519978673594515,0.0176013771058843,10.298684502429737,installer_tradesperson,how_to_installation_demo,2023-01-25 18:12:38+00:00,2023,2.05,7351,39,14,5.305400625765202,1.9045027887362265,5.765490196078432,0.0109803921568627
tZeywWmq848,0.1273614194868303,0.0094450328955577,0.2550491453356603,0.0025721512738092,0.0289626816488409,0.0092782305558145,0.0286949784931944,0.0142075620981098,0.0356011254979897,0.11202941638679,0.0251142845022187,0.273831982583824,0.0290632478721414,0.0015003876677786,0.0153889209704417,0.0318994327309981,5,12,3,Roof and attic ventilation and airflow,0.273831982583824,0.2550491453356603,0.0187828372481636,7.976869109350499,diy_renovator_homeowner,how_to_installation_demo,2023-03-11 02:59:40+00:00,2023,0.5166666666666667,86491,1263,21,14.602675422876368,0.2427998288839301,70.31788617886178,0.0170731707317073
t_eeqSobi2Y,0.1421803562193114,0.0005545154471981,0.0041609032066551,0.0840870234980639,0.0659111258774395,0.2284718853946619,0.0594013320706193,0.1203680183453096,0.0531374303517726,0.000699009793386,0.0189160990857752,0.123234647736093,0.027004376530748,0.0157721832905019,0.0,0.0561010931524638,7,6,1,"Praise, gratitude and social endorsement",0.2284718853946619,0.1421803562193114,0.0862915291753504,9.682206703961072,diy_renovator_homeowner,problem_warning_mistakes,2019-10-09 00:06:28+00:00,2019,5.85,9082,96,34,10.570358951772738,3.743668795419511,3.663574021782977,0.0137152077450584
tbWD4-Inaas,0.1347455938941089,0.3790765584868437,0.0065990288272667,0.0570025863459865,0.0166096935210317,0.0455415080700731,0.0292271603028353,0.0591032099124325,0.1055029987932699,0.0135619295083677,0.013727768409381,0.0215430362112098,0.0515277138343323,0.0124071133968243,0.0165862457265903,0.0372378547594455,20,2,1,Spray foam and foam insulation,0.3790765584868437,0.1347455938941089,0.2443309645927347,8.57045793114023,training_educational,how_to_installation_demo,2021-04-21 22:00:13+00:00,2021,3.433333333333333,29783,739,80,24.812812678373568,2.6860960950878017,15.520062532569046,0.0416883793642522
tbq6uZ9Y0nQ,0.237490306256615,0.0158508980368846,0.0597835853247958,0.0991546320292919,0.0102235650883889,0.0272901912444152,0.0671130196696519,0.030442802314446,0.0616324859496909,0.0451094719886758,0.0144977579773663,0.1021524158428977,0.0674069649466375,0.0114101572981156,0.0792091945470997,0.0712325514850265,67,1,12,Situated household retrofit experience and building context,0.237490306256615,0.1021524158428977,0.1353378904137173,11.766146982172422,training_educational,how_to_installation_demo,2021-11-16 19:29:18+00:00,2021,1.9,501640,4506,285,8.98253727772905,0.5681365122398533,293.3567251461988,0.1666666666666666
thbUHzZ_IPA,0.0,0.0,0.0,0.0,0.7485516697623736,0.0218753644530723,0.0,0.0,0.0,0.0,0.0015720953489836,0.2195346191053993,0.0,0.0,0.008466251330171,0.0,1,5,12,Heat pumps and heating systems,0.7485516697623736,0.2195346191053993,0.5290170506569742,1.9814382919856264,installer_tradesperson,practical_advice_explainer,2022-07-06 09:50:27+00:00,2022,1.8333333333333333,7635,31,1,4.060248853962017,0.1309757694826457,5.165764546684709,0.0006765899864682
tmFCAH9pCg8,0.1609443277605422,0.0,0.1958080807563311,0.0075356027747987,0.0415116476719939,0.0191749959211597,0.103688193189797,0.0259607635150211,0.2326457783398236,0.011426452143823,0.0026303671414776,0.0,0.0406551728234204,0.0059179167537721,0.0074965853381224,0.1446041158699167,6,9,3,Performance checking and troubleshooting,0.2326457783398236,0.1958080807563311,0.0368376975834924,7.93000455608113,installer_tradesperson,how_to_installation_demo,2023-02-05 17:00:27+00:00,2023,0.3333333333333333,223961,1227,37,5.478632440469546,0.1652073352056831,177.18433544303798,0.0292721518987341
tp07xEzzbyk,0.1418737691502918,0.0026419107598992,0.3861895909532256,0.0012393563372816,0.0759030527998549,0.0314566212334675,0.0397486233869147,0.0106202094704478,0.0231285571969945,0.0009707420766566,0.0527340071082888,0.2223016395044435,0.0,0.0014412961950146,0.00339440102458,0.0063562228026384,3,3,12,Clarification and specification questions,0.3861895909532256,0.2223016395044435,0.1638879514487821,6.011197127953676,installer_tradesperson,how_to_installation_demo,2023-09-05 17:22:50+00:00,2023,2.5,4530,14,13,3.0905077262693155,2.869757174392936,4.306083650190114,0.0123574144486692
ttBkOcurFOE,0.0892472427599266,0.0062635056528398,0.312718918852681,0.0115706862839837,0.0049116638266192,0.0,0.0912285189954177,0.0,0.0339478002552765,0.0090968025966619,0.0627349225502531,0.0770905422000334,0.1894314579042868,0.0215193202185633,0.0822262688617066,0.0080123490417497,3,3,13,Clarification and specification questions,0.312718918852681,0.1894314579042868,0.1232874609483942,7.987083234110877,builder_contractor,how_to_installation_demo,2022-09-02 11:50:33+00:00,2022,0.3166666666666666,89407,491,16,5.491740020356348,0.178956904940329,62.962676056338026,0.0112676056338028
ttO04DVW3V0,0.1185668883165071,0.004488627387399,0.0333589939104179,0.0534189050496105,0.430186649931202,0.0226227659515661,0.0139927086419619,0.0772113021430138,0.00072871918826,0.0040986156856451,0.0223194558767225,0.0378296524590618,0.0732740783508787,0.0328762669698916,0.0223766376017219,0.0526497325361397,16,5,1,Heat pumps and heating systems,0.430186649931202,0.1185668883165071,0.3116197616146948,7.640371684546251,training_educational,how_to_installation_demo,2026-03-21 22:00:48+00:00,2026,3.683333333333333,40898,927,56,22.666145043767425,1.3692601105188518,329.8225806451613,0.4516129032258064
tu1st66use4,0.1304821802560471,0.0085681763519553,0.042814211684356,0.0289159484961014,0.0248630088878207,0.0596622158594271,0.0314601096249768,0.0088459850019653,0.0569875345522603,0.0196394407438422,0.01406418223641,0.0800589189051728,0.2933342332699433,0.0100483711802142,0.1206883810707822,0.0695671018787246,148,13,1,"Wall, cavity and floor insulation",0.2933342332699433,0.1304821802560471,0.1628520530138961,10.011619159908497,training_educational,practical_advice_explainer,2025-01-18 21:55:49+00:00,2025,9.316666666666666,420899,3640,392,8.648155495736507,0.9313398226177776,763.8820326678766,0.7114337568058077
tufzI-1xTJQ,0.0484543417596651,0.0084801988156287,0.0966208302953501,0.0348493215934952,0.0051407893194286,0.1222502472299323,0.0415677541005122,0.0168521721848039,0.0279964937576852,0.0183070228808867,0.0238130066134843,0.1373115335610989,0.0820959414441946,0.0102796424746749,0.2707390164446758,0.0552416875244827,106,15,12,Vapour barriers and moisture control,0.2707390164446758,0.1373115335610989,0.1334274828835769,10.134449746676667,installer_tradesperson,problem_warning_mistakes,2019-05-04 06:59:47+00:00,2019,15.733333333333333,255093,2235,222,8.761510507932401,0.8702708423986547,96.73606370875996,0.0841865756541524
twV-c5i0MjM,0.138566516922982,0.0109885428033675,0.0615925335770674,0.1020144451239739,0.0522552556995683,0.0499650563019817,0.1027079223852366,0.0852218131841026,0.0785963471470419,0.0872077347077725,0.0191961393163877,0.0607765984151883,0.0292993674967365,0.0500436530016696,0.0222473414973972,0.0493207324195255,87,1,7,Situated household retrofit experience and building context,0.138566516922982,0.1027079223852366,0.0358585945377453,13.744775318227576,diy_renovator_homeowner,problem_warning_mistakes,2025-06-07 21:32:07+00:00,2025,1.45,1301147,16255,300,12.492823639450425,0.230565800789611,3165.807785888078,0.7299270072992701
tyTT9jNfnc8,0.2213222973891755,0.0248710524822518,0.0637662554425779,0.0503118987635511,0.0132808502126362,0.039659636459865,0.0420544525875047,0.0731849810560893,0.0727805811215416,0.0653787338626459,0.0122706921442016,0.0665105288473121,0.1539368479032281,0.0124958488194206,0.0140530128302512,0.0741223300777468,269,1,13,Situated household retrofit experience and building context,0.2213222973891755,0.1539368479032281,0.0673854494859474,11.710814419526764,training_educational,problem_warning_mistakes,2026-01-23 19:01:02+00:00,2026,9.1,330853,4564,747,13.79464596059277,2.257800291972568,1827.9171270718232,4.12707182320442
u0ph2Kg0ak0,0.0707756843331359,0.0061795676361208,0.0411668814261632,0.0389792983327097,0.0199034087406091,0.0610721852142427,0.0242919391085974,0.0434267188098992,0.0526505537836639,0.0356748335474861,0.0152113494358881,0.4698528402017053,0.0365648882603572,0.0216659630512011,0.0100685099558206,0.0525153781623991,85,12,1,Roof and attic ventilation and airflow,0.4698528402017053,0.0707756843331359,0.3990771558685694,7.763456677379036,installer_tradesperson,problem_warning_mistakes,2024-04-15 14:10:00+00:00,2024,3.0,199362,3813,387,19.12601197821049,1.94119240376802,240.48492159227985,0.4668275030156815
u61_lWtq0g8,0.1334977309788271,0.0021818122715536,0.0069466315881028,0.0012839155525078,0.0,0.0081024950088273,0.0,0.0981708251234764,0.0056753940600204,0.0,0.4675858027610876,0.1118887389776669,0.0977889319341599,0.04854475154855,0.0155508705040254,0.0027820996911942,4,11,1,"Product sourcing, access and location questions",0.4675858027610876,0.1334977309788271,0.3340880717822604,5.351258941718084,builder_contractor,how_to_installation_demo,2023-06-17 10:30:26+00:00,2023,0.1833333333333333,224240,798,26,3.558687120941848,0.115947199429183,198.09187279151945,0.0229681978798586
u9yqftuIjJc,0.1362810761313107,0.0155012291529792,0.0,0.0,0.0,0.0923163625297458,0.0908997269709977,0.0440239983873711,0.0365352979432425,0.0266369678616225,0.0143316038573494,0.0807075589171713,0.0388695245956824,0.0583109030003828,0.0836039983576863,0.2819817522944577,2,16,1,"Prospective choices, recommendations and alternatives",0.2819817522944577,0.1362810761313107,0.1457006761631469,9.482671553818808,installer_tradesperson,how_to_installation_demo,2022-01-17 00:49:00+00:00,2022,5.566666666666666,11876,44,5,3.70495116200741,0.421017177500842,7.206310679611651,0.0030339805825242
uD82_NWpjlw,0.1049448952719159,0.0446275101751293,0.0951954540702655,0.1011517048023327,0.0087067191375542,0.0840718933947692,0.0332281223206593,0.0130593893223804,0.0161856822290507,0.0039018256549375,0.0469449403167192,0.0411595579319404,0.3557942987082702,0.0053803982146309,0.0075255639378398,0.0381220445116039,25,13,1,"Wall, cavity and floor insulation",0.3557942987082702,0.1049448952719159,0.2508494034363543,8.763941761409923,training_educational,problem_warning_mistakes,2024-01-08 22:02:32+00:00,2024,5.116666666666666,24141,205,60,8.491777474006875,2.4853982850751835,26.042071197411005,0.0647249190938511
uDBTc5r0-og,0.1529383991454466,0.0,0.5493678164917637,0.0,0.070174593769134,0.0,0.0,0.0312813279903803,0.0,0.0,0.0,0.0,0.0668974005580743,0.1161267568516914,0.0056673431816411,0.0075463620118684,1,3,1,Clarification and specification questions,0.5493678164917637,0.1529383991454466,0.3964294173463171,4.088641427920344,training_educational,how_to_installation_demo,2024-08-19 15:30:13+00:00,2024,0.4166666666666667,5021,27,6,5.377414857598088,1.194981079466242,7.142247510668564,0.0085348506401137
uHAReQbcGvQ,0.1452033578515923,0.0019568894975342,0.0291038040605859,0.0827878266798174,0.0213448000963145,0.0139710131724647,0.0581128841732914,0.3397030513686639,0.0373610613849042,0.0146817156685602,0.0852553989282398,0.0788154163693156,0.0059334749733265,0.0023255473030249,0.0017847388370762,0.0816590196352875,29,8,1,"Solar PV, batteries and power systems",0.3397030513686639,0.1452033578515923,0.1944996935170716,8.421770200924007,training_educational,how_to_installation_demo,2025-02-06 23:01:01+00:00,2025,4.833333333333333,72450,1173,196,16.19047619047619,2.705314009661836,136.18421052631578,0.3684210526315789
uIBHYDCvtIE,0.2745655011553897,0.026213392987814,0.0717488092357885,0.1414141828396318,0.0,0.0605656166679876,0.0791438628834253,0.0157262051941787,0.026399268603462,0.1722305444893007,0.0091628006074097,0.050183447203879,0.0159266678145234,0.0098145847537025,0.0431412178262553,0.0037638977372513,4,1,10,Situated household retrofit experience and building context,0.2745655011553897,0.1722305444893007,0.1023349566660889,9.132465093100892,training_educational,how_to_installation_demo,2025-09-06 22:13:41+00:00,2025,0.4166666666666667,31876,207,6,6.493913916426152,0.1882293888819174,99.6125,0.01875
uKrnNDbJrmA,0.0951863144689978,0.0063318396912808,0.0004781597227855,0.2934082505693154,0.0078551159601846,0.0046730407412164,0.0052357588856942,0.066331954578439,0.0270985339766451,0.0794993553027001,0.2007476011957859,0.0722392309108584,0.0246894380719162,0.0010648589798303,0.003705153361037,0.1114553935833126,5,4,11,"Implementation, cost and how-to questions",0.2934082505693154,0.2007476011957859,0.0926606493735294,7.886622070291025,diy_renovator_homeowner,project_walkthrough,2023-04-30 13:52:53+00:00,2023,3.083333333333333,9127,138,15,15.119973704393557,1.6434754026514735,7.734745762711864,0.0127118644067796
uLPNrGdu0W0,0.2024622814660163,0.0048250863572489,0.0416465638800398,0.0277398477736722,0.079982269436161,0.0883524862718631,0.0351048255115106,0.0545653689046601,0.1016236979585778,0.0292840485680506,0.0289970585632228,0.0152087761268661,0.0081650550240946,0.1678980973586051,0.0074863905168767,0.1066581462825333,133,1,14,Situated household retrofit experience and building context,0.2024622814660163,0.1678980973586051,0.0345641841074112,10.912515250480478,diy_renovator_homeowner,how_to_installation_demo,2024-09-28 09:00:50+00:00,2024,15.316666666666666,133357,2992,367,22.436017606874778,2.752011517955563,201.14177978883865,0.5535444947209653
uQS5CNeig5A,0.1329147766998441,0.0418253092469117,0.0851444229310545,0.0003658413334233,1.3657165614137304e-05,0.0054324790313764,0.0340350937154095,0.0249651630352788,0.0247116680587243,0.0160976448963437,0.0022640468374599,0.0168748650890754,0.3230434907585358,0.0370061687540038,0.200067577547164,0.0552377948997802,7,13,15,"Wall, cavity and floor insulation",0.3230434907585358,0.200067577547164,0.1229759132113717,7.836652068410798,training_educational,how_to_installation_demo,2023-03-28 00:23:08+00:00,2023,0.5166666666666667,95538,853,16,8.928384517155477,0.1674726286922481,78.76174773289365,0.0131904369332234
uRiljSMVjyw,0.1549463059130124,0.000103616304808,0.1015868082855042,0.08788513443453,0.154847332112514,0.0371268535803416,0.04803461576602,0.0005360151085093,0.1214338806498558,0.0819394058821902,0.0014097808428552,0.0261086139405987,0.0096660921558667,0.1686970459971297,0.0032111760449541,0.0024673229813092,14,14,1,Thermostat wiring and smart heating controls,0.1686970459971297,0.1549463059130124,0.0137507400841172,9.399416371443571,installer_tradesperson,how_to_installation_demo,2022-11-02 18:17:42+00:00,2022,0.35,196916,664,48,3.371996181112759,0.2437587600804403,144.89771891096393,0.0353200883002207
uRqlgQ0a8DQ,0.1798152057657078,0.0028458020979137,0.0726455878587507,0.0133205871333302,0.1604893117647318,0.0637583047987736,0.0264344985736404,0.0190856455535217,0.0362704443176801,0.043817510167312,0.0121069107009046,0.0589912088207399,0.1496136420300751,0.0402524633862622,0.0279728996105606,0.0925799774200949,49,1,5,Situated household retrofit experience and building context,0.1798152057657078,0.1604893117647318,0.019325894000976,11.308935959291688,training_educational,practical_advice_explainer,2022-11-04 19:00:21+00:00,2022,8.85,136191,1428,195,10.485274357336388,1.431812674846355,100.36182756079587,0.1436993367722918
uZjwIvOzNEA,0.1724683083708909,0.0031290494353781,0.0479227011750961,0.0047318390723778,0.1711495277698992,0.1290166226924184,0.0218421113364534,0.1482181879919496,0.0212188929807641,0.008070324451587,0.0751750651210419,0.0867726633457819,0.0794407438784921,0.0248851050535213,0.0030031780952228,0.0029556792291247,7,1,5,Situated household retrofit experience and building context,0.1724683083708909,0.1711495277698992,0.0013187806009916,9.776446494154708,training_educational,practical_advice_explainer,2020-02-06 20:37:45+00:00,2020,6.583333333333333,84848,1031,33,12.15114086366208,0.3889307938902508,35.96778295888088,0.0139889783806697
ueG4wVH-_Ms,0.0543285320256377,0.0074514837348763,0.0393961936417021,0.0804312342590086,5.80042267545128e-05,0.0051414121131456,0.0286673251847542,0.0133653779676071,0.0595829298010025,0.0787756153051738,0.1579553003954642,0.0235312972647506,0.0067894940517501,0.3934482039623007,0.0041051729770547,0.0469724230890166,8,14,11,Thermostat wiring and smart heating controls,0.3934482039623007,0.1579553003954642,0.2354929035668365,7.592111929667667,installer_tradesperson,how_to_installation_demo,2025-08-01 00:24:44+00:00,2025,21.78333333333333,46774,573,46,12.250395518878008,0.9834523453200495,131.3876404494382,0.1292134831460674
ukgh7mrTd-Y,0.0815017295073037,0.0053437922145222,0.0717022025902497,0.184676796569478,0.0017430917142508,0.0860753764808071,0.0308182917685321,0.2060603275709397,0.0491702093235668,0.0025183718268969,0.1342897068621276,0.0180093298629297,0.0022662299348127,0.0644007943203903,0.0119477836615986,0.0494759657915934,20,8,4,"Solar PV, batteries and power systems",0.2060603275709397,0.184676796569478,0.0213835310014616,9.828741052138602,installer_tradesperson,how_to_installation_demo,2025-05-27 22:35:00+00:00,2025,0.3666666666666666,243119,2001,107,8.230537308889886,0.4401136891810183,576.111374407583,0.2535545023696682
uqyAWkXXt3A,0.1451213772438396,0.0063053947089101,0.0665043666257229,0.045283778839339,0.3092201086611069,0.014641975281957,0.0641559489747467,0.1316906425949033,0.0351168080009624,0.0183874291602111,0.0129334012985136,0.0477499627734744,0.0126549671965861,0.0232684119254306,0.0183993958360434,0.0485660308782523,110,5,1,Heat pumps and heating systems,0.3092201086611069,0.1451213772438396,0.1640987314172673,9.546748731954144,training_educational,how_to_installation_demo,2026-01-31 23:01:11+00:00,2026,8.766666666666667,109862,2228,474,20.27998762083341,4.314503650033679,635.0404624277456,2.739884393063584
utZhRL4jfPw,0.035256888580675,0.0,0.0044085433950324,0.4006358363570053,0.0099571797387982,0.0188908935563253,0.0135707949576773,0.104563206688803,0.0825253210288935,0.0096535293926754,0.0006690659915021,0.0323666235073745,0.026592473507045,0.0155043442932928,0.0161776299635074,0.229227669041392,2,4,16,"Implementation, cost and how-to questions",0.4006358363570053,0.229227669041392,0.1714081673156133,6.396006359079215,installer_tradesperson,how_to_installation_demo,2026-03-15 04:10:23+00:00,2026,2.466666666666667,1436,8,8,5.571030640668524,5.571030640668524,11.046153846153846,0.0615384615384615
uv75G4ed2dw,0.1943270730081928,0.0065614448785917,0.0648954024713198,0.131376838319955,0.0603825735442665,0.0868875692636756,0.0611832517615374,0.1102001974469329,0.0447035162102327,0.0610947094399545,0.0264837359472736,0.0239364965501958,0.0162795414723899,0.039253982177152,0.01208256805096,0.0603510994573691,103,1,4,Situated household retrofit experience and building context,0.1943270730081928,0.131376838319955,0.0629502346882378,12.22358136767202,diy_renovator_homeowner,project_walkthrough,2026-04-05 13:02:00+00:00,2026,18.2,307802,5409,507,17.572985230765234,1.6471627864666247,2823.871559633028,4.651376146788991
uzcuqEd_oBo,0.0515089790194038,0.0156638574271881,0.0017213108191937,0.004083624531931,0.0116224820159229,0.017713941463042,0.020271575056624,0.0058860602525005,0.2506731781816486,0.004047479269443,0.0659187075562747,0.0,0.4661811232473105,0.0,0.0,0.0847076811595167,3,13,9,"Wall, cavity and floor insulation",0.4661811232473105,0.2506731781816486,0.2155079450656619,4.938451710939216,installer_tradesperson,how_to_installation_demo,2025-03-03 16:54:20+00:00,2025,1.2,16127,116,6,7.192906306194581,0.3720468779066162,31.808678500986197,0.0118343195266272
v-Ha0lep9-Y,0.0698648196774792,0.0008697593908207,0.0024685223615607,0.0507805818511703,0.420247098426457,0.1498030786806335,0.0240410889478276,0.0612902245052507,0.0229799794356576,0.0152090829418024,0.0234938626436804,0.0069247033578854,0.0016100542297827,0.0182435337484494,0.00314760270994,0.1290260070916016,6,5,6,Heat pumps and heating systems,0.420247098426457,0.1498030786806335,0.2704440197458235,6.72850860432567,installer_tradesperson,how_to_installation_demo,2025-04-17 15:33:39+00:00,2025,0.8333333333333334,13289,202,56,15.200541801489956,4.214011588531869,28.764069264069263,0.1212121212121212
v-YWiPXChrQ,0.1488763718434373,0.0271817968951716,0.2717478979982199,0.0021371074136391,0.0037789659062097,0.047691482243745,0.0468865626363067,0.024745661016852,0.0705267326703504,0.0706326456825334,0.032447344489466,0.1036316011064601,0.0239818563266949,0.0281876262453344,0.0278495278160209,0.069696819709558,17,3,1,Clarification and specification questions,0.2717478979982199,0.1488763718434373,0.1228715261547826,10.441299649575914,diy_renovator_homeowner,practical_advice_explainer,2021-02-02 13:38:07+00:00,2021,3.1166666666666667,40045,263,34,6.567611437133225,0.8490448245723561,20.05257886830245,0.0170255383074611
v2QMBU8yS-I,0.069669572317681,0.1591279138462805,0.0828471769075976,0.0602915818618659,0.0059697894436407,0.0778530768394548,0.023248150804538,0.0136822117588492,0.0698995178937705,0.0289369573717067,0.0160459970744762,0.0362939984337008,0.1954132414398608,0.010071288151132,0.0784520252644604,0.072197500590984,53,13,2,"Wall, cavity and floor insulation",0.1954132414398608,0.1591279138462805,0.0362853275935802,11.695535077545175,training_educational,how_to_installation_demo,2020-07-01 18:01:58+00:00,2020,5.133333333333334,351970,3114,171,8.847344944171379,0.4858368610961161,159.04654315408948,0.0772706732941708
v7JCxwQdTIo,0.0,0.0,0.0031707463425795,0.9516130034454372,0.0,0.0151363771010473,0.0,0.0,0.0,0.0,0.0059774568446761,0.00611526977793,0.0,0.0155604947961415,0.0024266516921882,0.0,1,4,14,"Implementation, cost and how-to questions",0.9516130034454372,0.0155604947961415,0.9360525086492956,1.3100099082797498,installer_tradesperson,how_to_installation_demo,2022-04-12 15:50:43+00:00,2022,1.4833333333333334,6717,60,7,8.932559178204555,1.042131904123865,4.297504798464491,0.0044785668586052
v9SmB5OnGb4,0.3867163151535172,0.0256918478043277,0.0047488226699739,0.1873512468647638,0.0660220543854885,0.0738767539992636,0.0023349802678538,0.0756883910221054,0.0005472300818058,0.106972883314703,0.0234871441088978,0.0143763583012916,0.0145140019249161,0.0,0.0128601252795278,0.0048118448215632,4,1,4,Situated household retrofit experience and building context,0.3867163151535172,0.1873512468647638,0.1993650682887534,6.803795663481588,installer_tradesperson,problem_warning_mistakes,2025-10-24 11:32:18+00:00,2025,0.3166666666666666,17881,36,6,2.013310217549354,0.3355517029248923,65.73897058823529,0.0220588235294117
vDT_8b6oyiY,0.1887159735110163,0.0108951328104976,0.1731911650658512,0.0623085946916033,0.0006890297451169,0.254034700313406,0.0203044179370617,0.0019592940791289,0.0281615337279589,0.062307238431296,0.0459384941944875,0.0515881057300692,0.013346454738468,0.0264667213481839,0.0174749809019386,0.0426181627739152,18,6,1,"Praise, gratitude and social endorsement",0.254034700313406,0.1887159735110163,0.0653187268023897,9.132598444454318,diy_renovator_homeowner,how_to_installation_demo,2025-01-12 16:30:10+00:00,2025,2.533333333333333,43163,291,67,6.741885411116002,1.552255403933925,77.49192100538599,0.1202872531418312
vG-K5TDYYNA,0.0265022652532954,0.0036816071780465,0.0651147360388848,0.0892711362237524,0.0603523975559502,0.0383503689419221,0.0462530864230418,0.0115192121437209,0.0667945261133533,0.0135823480596995,0.0223399465792865,0.036680081538803,0.0027267535741615,0.4761735667880742,0.0057415371618789,0.034916430426128,45,14,4,Thermostat wiring and smart heating controls,0.4761735667880742,0.0892711362237524,0.3869024305643218,7.099166865653888,installer_tradesperson,how_to_installation_demo,2019-05-16 19:28:24+00:00,2019,6.333333333333333,126532,1130,114,8.930547213353144,0.9009578604621756,48.202666666666666,0.0434285714285714
vIHF3VSKOnA,0.1669459986795401,0.0153441836676076,0.0831831307132684,0.1097384085748312,0.0009452335828441,0.1475662316917852,0.013629222742193,0.0271792123439227,0.0813661748228486,0.021287918833283,0.0147939467410401,0.0590263321023992,0.1073049950720725,0.0204983183707027,0.0699251651399962,0.0612655269216648,18,1,6,Situated household retrofit experience and building context,0.1669459986795401,0.1475662316917852,0.0193797669877549,11.582726554618525,diy_renovator_homeowner,how_to_installation_demo,2020-04-04 19:18:39+00:00,2020,9.55,51756,1234,53,23.842646263235174,1.0240358605765516,22.49282920469361,0.0230334637114298
vOC1_rPcUCE,0.0740346487440791,0.2367006766504222,0.0819863866300775,0.0517172275357861,0.0073020049836032,0.0676121971296434,0.0625183939883112,0.0313427179753438,0.0430750346160451,0.0170224438231686,0.0006354374966255,0.064971424105841,0.0585178320586997,0.006468861162792,0.137321672996648,0.0587730401029131,19,2,15,Spray foam and foam insulation,0.2367006766504222,0.137321672996648,0.0993790036537742,11.212011758200711,training_educational,how_to_installation_demo,2025-06-07 14:01:32+00:00,2025,9.183333333333334,33505,587,37,17.519773168183853,1.10431278913595,81.52068126520682,0.0900243309002433
vOPtowDhguM,0.0045462630428098,0.0,0.0,0.0,0.5452841615109613,0.0059808399301795,0.0,0.0,0.0317318809234934,0.0,0.0,0.2064186781803554,0.0,0.0359400950346335,0.0,0.1700980813775668,1,5,12,Heat pumps and heating systems,0.5452841615109613,0.2064186781803554,0.3388654833306058,3.462017472415203,installer_tradesperson,how_to_installation_demo,2021-07-16 02:09:41+00:00,2021,8.833333333333334,741,10,1,13.495276653171391,1.3495276653171389,0.4042553191489361,0.000545553737043
vPnlEK-_XFA,0.1095384207045956,0.0053600633245186,0.1850776007655138,0.0093273599874873,0.1207545158136677,0.0,0.0371451234390069,0.0,0.0475208272949417,0.3099465515567881,0.0077423158541194,0.0974089806207842,0.0316288843470927,0.0,0.0336351415762305,0.004914214715253,1,10,3,"Implementation follow-up, outcomes and retrospective questions",0.3099465515567881,0.1850776007655138,0.1248689507912742,7.579590601432704,diy_renovator_homeowner,problem_warning_mistakes,2025-12-31 15:54:23+00:00,2025,8.383333333333333,216,15,2,69.44444444444444,9.25925925925926,1.0588235294117647,0.0098039215686274
vWj-QdfLL6k,0.2656919399261129,0.0096095537634382,0.0470932608668911,0.0572248518191483,0.0069687602536181,0.1865041762730405,0.0589213253003306,0.0078114951112563,0.1324545709976403,0.0510717434362413,0.0288428135862513,0.0660567095883076,0.0115355124352356,0.0379673485027059,0.0113467939802372,0.0208991441595439,44,1,6,Situated household retrofit experience and building context,0.2656919399261129,0.1865041762730405,0.0791877636530723,9.63794681520299,training_educational,how_to_installation_demo,2021-02-24 20:15:44+00:00,2021,1.75,501543,2129,125,4.244900237865946,0.249230873524304,253.94582278481013,0.0632911392405063
vYkc8sgd_cw,0.0761470946568897,0.003248993483884,0.0,0.0,0.8107718810831139,0.0035505909011241,0.0199195297383523,0.0863619101366358,0.0,0.0,0.0,0.0,0.0,0.0,0.0,0.0,2,5,8,Heat pumps and heating systems,0.8107718810831139,0.0863619101366358,0.7244099709464781,2.002360342584605,builder_contractor,how_to_installation_demo,2023-05-24 20:16:12+00:00,2023,4.4,8220,0,6,0.0,0.7299270072992701,7.110726643598616,0.0051903114186851
vc2mWLPH3fA,0.8984348336750941,0.0167214350813246,0.0,0.0,0.0,0.0,0.0520060831476713,0.0,0.0,0.0,0.0240727710446435,0.0087648770512664,0.0,0.0,0.0,0.0,1,1,7,Situated household retrofit experience and building context,0.8984348336750941,0.0520060831476713,0.8464287505274228,1.5677052685294597,builder_contractor,practical_advice_explainer,2023-08-16 15:00:53+00:00,2023,8.6,1358,26,9,19.145802650957293,6.627393225331369,1.2667910447761197,0.0083955223880597
vc97-IzjLFc,0.1012451736485508,0.0037385641074304,0.0274495575412249,0.0948633650742938,0.0051227455480057,0.0369708295836009,0.0717722276545978,0.0222710971149367,0.0436970996598531,0.1056258852871473,0.006632578565845,0.1056172267501446,0.2217183926993759,0.0212871532761367,0.037660156440749,0.0943279470481066,37,13,10,"Wall, cavity and floor insulation",0.2217183926993759,0.1056258852871473,0.1160925074122285,11.074750045409123,diy_renovator_homeowner,how_to_installation_demo,2023-03-04 22:14:41+00:00,2023,8.933333333333334,147249,871,92,5.915150527338047,0.6247920189610795,119.03718674211802,0.0743734842360549
vdat579Po4A,0.0369957076997607,0.0126645220048776,0.3000013883807877,0.0012208019901456,0.0660441685673688,0.0257630736143062,0.0438745091597419,0.0839590786727915,0.0329175344683309,0.0230035949868719,0.1375970445259952,0.0140649923678319,0.1132075451339453,0.0190109915741805,0.0510761935575569,0.0385988532955069,6,3,11,Clarification and specification questions,0.3000013883807877,0.1375970445259952,0.1624043438547925,9.94558331366706,diy_renovator_homeowner,how_to_installation_demo,2025-03-14 10:26:27+00:00,2025,0.9666666666666668,33691,201,17,5.9659849811522365,0.5045857944258111,67.92540322580645,0.034274193548387
ve5K0h6N99U,0.0,0.0084059999239058,0.0,0.4933012790751815,0.0023265838109454,0.0,0.0,0.0032661282225231,0.2562344183208478,0.0,0.0066987209248184,0.1891560208834421,0.0220191235113402,0.0106465025954526,0.0079452227315428,0.0,2,4,9,"Implementation, cost and how-to questions",0.4933012790751815,0.2562344183208478,0.2370668607543337,3.6319674776169326,installer_tradesperson,how_to_installation_demo,2020-08-24 10:56:07+00:00,2020,1.6833333333333331,16634,57,5,3.4267163640735845,0.3005891547432969,7.704492820750348,0.0023158869847151
vugHQUKBLa0,0.2054497101151212,0.063531881076079,0.010081897081603,0.213287119815801,0.0545385027366354,0.1988438164766597,0.005739686194087,0.0116620984072693,0.0,0.003927457096239,0.0,0.032009017189764,0.0154242120215161,0.1186976621715107,0.0437118892133149,0.023095050404399,4,4,1,"Implementation, cost and how-to questions",0.213287119815801,0.2054497101151212,0.0078374097006798,8.253058840504291,installer_tradesperson,how_to_installation_demo,2025-02-02 10:17:19+00:00,2025,1.85,15300,244,9,15.947712418300654,0.588235294117647,28.544776119402982,0.0167910447761194
vukfFfEX1EQ,0.2910471269381068,0.0092820169035055,0.0875621693893291,0.0325643077558827,0.0739955240966819,0.0449928921364911,0.090833047118452,0.0591239481412631,0.1163975694048663,0.0101882929379519,0.0017972193640058,0.0754546224855536,0.0102888627430362,0.0358626872731928,0.0087561667555804,0.0518535465561001,15,1,9,Situated household retrofit experience and building context,0.2910471269381068,0.1163975694048663,0.1746495575332405,10.06971219831532,installer_tradesperson,practical_advice_explainer,2024-04-04 17:50:06+00:00,2024,0.35,189152,1216,57,6.428692268651667,0.3013449500930468,225.1809523809524,0.0678571428571428
vvjCUeRETA4,0.1732440124451895,0.0044086572669679,0.0388806665034783,0.0745646971588021,0.2337958903225049,0.0150070999214804,0.0905089265822521,0.0216859188947807,0.0896980068719977,0.0410523191083824,0.025199289550424,0.0689360428159648,0.0087971862996616,0.0043718638653273,0.029158764638873,0.0806906577539128,20,5,1,Heat pumps and heating systems,0.2337958903225049,0.1732440124451895,0.0605518778773153,10.45239480022702,training_educational,practical_advice_explainer,2023-03-23 14:13:49+00:00,2023,1.0166666666666666,199211,3404,120,17.0874098317864,0.6023763747985804,163.55582922824303,0.0985221674876847
vzf_-VIyTPc,0.0496738041038856,6.022345732770665e-05,0.1602010316005057,0.2411136500328592,0.0007965794397936,0.0068101400832775,0.1173104284865652,0.0,0.2699811949587155,0.0662096212480319,0.0373815406747153,0.0,0.0013868467429953,0.0218409673913415,0.0010487939771715,0.0261851778028139,8,9,4,Performance checking and troubleshooting,0.2699811949587155,0.2411136500328592,0.0288675449258562,6.879037320529685,installer_tradesperson,practical_advice_explainer,2023-04-17 09:14:50+00:00,2023,0.5,202806,685,21,3.377612102206049,0.1035472323304044,169.99664710813076,0.0176026823134953
w1pnqf1FZ3I,0.3142828586713536,0.0096794674392583,0.0209369771821466,0.0097467915935521,0.0,0.023651649585675,0.010876129561995,0.0009283258209947,0.0,0.0496904803996373,0.0,0.0907636859480266,0.1738275720434907,0.017602886216368,0.2780131755375015,0.0,1,1,15,Situated household retrofit experience and building context,0.3142828586713536,0.2780131755375015,0.036269683133852,5.912384897734477,training_educational,how_to_installation_demo,2022-12-11 09:40:28+00:00,2022,2.4,2935,12,4,4.088586030664396,1.362862010221465,2.2234848484848486,0.003030303030303
w30Oxot71F0,0.0727191953357175,0.0431535903645029,0.0179089176820379,0.1548181488089688,0.0287411086068446,0.1803118004245812,0.0646713916020263,0.1042506992312258,0.0209156855706248,0.0264642480772501,0.0646578431162601,0.0424247285167752,0.0376927882214624,0.1202002571422178,0.0143390239131828,0.0067305733863211,6,6,4,"Praise, gratitude and social endorsement",0.1803118004245812,0.1548181488089688,0.0254936516156123,11.842416254783036,installer_tradesperson,how_to_installation_demo,2024-06-22 02:27:08+00:00,2024,0.1,547019,999,78,1.8262619762750472,0.1425910251746283,718.8160315374507,0.102496714848883
w3EwgHsMliU,0.0,0.0,0.3774201829186054,0.0,0.0,0.0,0.0,0.0096267387244536,0.0,0.0,0.6129530783569407,0.0,0.0,0.0,0.0,0.0,1,11,3,"Product sourcing, access and location questions",0.6129530783569407,0.3774201829186054,0.2355328954383352,2.039033649183624,builder_contractor,how_to_installation_demo,2019-10-11 06:30:32+00:00,2019,1.0666666666666669,1470,5,1,3.401360544217687,0.6802721088435374,0.5934598304400485,0.0004037141703673
w4s-oE-VQwg,0.149743622785201,0.0062056812719204,0.0333435779212346,0.0585294954504085,0.0132114201686068,0.0708578711817951,0.0732675165882233,0.3688086660307214,0.0469565026088113,0.0361120919857936,0.0165441989673734,0.0182979735042519,0.0085759779674823,0.0447894326928336,0.0132599000734996,0.0414960708018423,115,8,1,"Solar PV, batteries and power systems",0.3688086660307214,0.149743622785201,0.2190650432455204,8.788137635004588,diy_renovator_homeowner,how_to_installation_demo,2026-05-21 23:15:06+00:00,2026,19.4,351497,11218,459,31.91492388270739,1.3058432931148771,5579.31746031746,7.285714285714286
w6wo2URorG4,0.0982992463418647,0.0294499694421799,0.054988588997683,0.0498138639131079,0.1034935095750895,0.1650074810775505,0.0658850501539565,0.0336059104532018,0.044584250362338,0.0530362768120255,0.0263595784650556,0.0443034881079654,0.0701668944494003,0.0253599168117918,0.0341567668481907,0.1014892081885981,140,6,5,"Praise, gratitude and social endorsement",0.1650074810775505,0.1034935095750895,0.0615139715024609,13.756700795428763,builder_contractor,problem_warning_mistakes,2022-12-02 21:11:38+00:00,2022,20.883333333333333,627840,10288,424,16.386340468909275,0.6753312945973496,472.4153498871332,0.3190368698269376
w995KkcEJKg,0.1163015356582925,0.0,0.0791265072173738,0.0742066684768269,0.2562853862517371,0.0161826285076079,0.0782860246062309,0.0500942255366853,0.0717985438873268,0.0815411485793697,0.0458392419769421,0.0330432130125473,0.0111031444176954,0.05662745473264,0.0,0.0295642771387236,9,5,1,Heat pumps and heating systems,0.2562853862517371,0.1163015356582925,0.1399838505934445,10.731256832686226,installer_tradesperson,how_to_installation_demo,2024-08-08 08:33:52+00:00,2024,4.583333333333333,16622,136,19,8.18192756587655,1.1430634099386354,23.28011204481793,0.026610644257703
wHkQS5r1D1E,0.2046800454546167,0.0265384238257731,0.094997834893393,0.0871603090622038,0.0170973383204006,0.1572057373893597,0.0218502997317873,0.0083821598879285,0.0987893210073289,0.0885353620286482,0.0056516238158438,0.0565935513892229,0.0172119194534367,0.017798658958169,0.0340615104269496,0.0634459043549375,31,1,6,Situated household retrofit experience and building context,0.2046800454546167,0.1572057373893597,0.047474308065257,11.113124071840012,diy_renovator_homeowner,how_to_installation_demo,2022-08-07 19:06:07+00:00,2022,3.7666666666666666,102004,973,111,9.53884161405435,1.088192619897259,70.54218533886583,0.0767634854771784
wM6HBg9-6rA,0.0,0.0033654278052109,0.0102981393147411,0.0,0.2342262121540952,0.2933713337481797,0.0123927298688018,0.0,0.0,0.0,0.2815193456967703,0.1614041183025956,0.0034226931096051,0.0,0.0,0.0,3,6,11,"Praise, gratitude and social endorsement",0.2933713337481797,0.2815193456967703,0.0118519880514094,4.441908646830278,installer_tradesperson,how_to_installation_demo,2023-10-01 06:33:29+00:00,2023,1.0,185227,1356,21,7.32074697533297,0.1133744000604663,180.53313840155943,0.0204678362573099
wMROZ_LL-8U,0.1357269339162621,0.003556365578953,0.1653173325444442,0.0047992562497481,0.0119910281424505,0.0906516928421781,0.042263902843989,0.0086730512030269,0.1111127637749636,0.1079642083485491,0.0149357236300224,0.0135109975251451,0.1559920048893023,0.011268749654971,0.0460377943603828,0.0761981944956111,14,3,13,Clarification and specification questions,0.1653173325444442,0.1559920048893023,0.0093253276551418,10.41786408326617,diy_renovator_homeowner,how_to_installation_demo,2021-03-29 10:02:46+00:00,2021,15.966666666666669,65081,572,70,8.7890474946605,1.0755827353605507,33.51235839340886,0.0360453141091658
wN34zF7e4J8,0.2531008992960927,0.0196882648540232,0.0360823436096221,0.0409703879588925,0.0799003039000249,0.0360403656635715,0.0314291942670155,0.1122363188513071,0.046550993051614,0.0310152743417672,0.0313073660840554,0.0745040997628261,0.08843538607131,0.0053653789483808,0.0177197580550018,0.0956536652844944,182,1,8,Situated household retrofit experience and building context,0.2531008992960927,0.1122363188513071,0.1408645804447855,11.503873721013576,training_educational,practical_advice_explainer,2021-03-14 14:00:30+00:00,2021,13.866666666666667,127964,5898,632,46.091088118533335,4.938889062548842,65.38783852835974,0.3229432805314256
wOCyJNshhc4,0.0,0.0085487863897467,0.0786422000441524,0.183118241707067,0.0,0.0284951406406542,0.0,0.014677584405455,0.0,0.2514597259938982,0.0,0.2063261090866461,0.1981971613353062,0.0164132072151942,0.0141218431818795,0.0,3,10,12,"Implementation follow-up, outcomes and retrospective questions",0.2514597259938982,0.2063261090866461,0.0451336169072521,6.271821934233878,builder_contractor,how_to_installation_demo,2023-07-10 02:02:56+00:00,2023,0.2333333333333333,21383,150,7,7.014918393116027,0.3273628583454145,19.281334535617678,0.0063119927862939
wWWfFER9Spw,0.1165591368434098,0.0218796263381478,0.1227782855805717,0.0658156474524204,0.1461223927719299,0.0394552559192856,0.0294482496234475,0.049238319817259,0.057130681955349,0.0397202294863319,0.0128947018501186,0.063795694943576,0.1229847173521402,0.0137393894543734,0.0331998517957927,0.0652378188158458,43,5,13,Heat pumps and heating systems,0.1461223927719299,0.1229847173521402,0.0231376754197896,12.96838110476894,installer_tradesperson,how_to_installation_demo,2022-03-02 01:49:24+00:00,2022,19.95,84642,796,142,9.404314642848703,1.677654119704166,52.76932668329177,0.0885286783042394
wfGiFknIxOQ,0.0549721539623024,0.0,0.0411874883669713,0.0029198021998032,0.0100588678268954,0.1082096561924927,0.1480580618842898,0.2635422479402432,0.0664977221336769,0.1300691955808876,0.0526961444945207,0.0025451490856023,0.088511374029007,0.0149977290741465,0.0,0.0157344072291604,6,8,7,"Solar PV, batteries and power systems",0.2635422479402432,0.1480580618842898,0.1154841860559534,8.915578716939766,installer_tradesperson,how_to_installation_demo,2025-03-18 07:00:42+00:00,2025,3.2666666666666666,7117,128,20,17.985106084024167,2.810172825628776,14.465447154471544,0.040650406504065
wjJbxVc2Wdg,0.1223006305476779,0.0023820979738533,0.040068844129129,0.0313067625870901,0.2586477576338416,0.0054903545786034,0.0341354650169527,0.0601982159361325,0.0490024994211815,0.0214301028005384,0.0412884409721825,0.1322532945148072,0.0209374904788015,0.015092846354435,0.0046475803357046,0.1608176167190679,13,5,16,Heat pumps and heating systems,0.2586477576338416,0.1608176167190679,0.0978301409147736,9.62059798706194,training_educational,practical_advice_explainer,2022-07-13 15:39:35+00:00,2022,3.1666666666666665,63268,252,29,3.9830562053486753,0.4583675791869507,43.010197144799456,0.0197144799456152
wlAmf-9Na1w,0.0501381978395055,0.0087898700302044,0.0022166878217373,0.0,0.0,0.0012032950547711,0.3609909857558345,0.3778402639558727,0.0628844560367079,0.0363307678179447,0.0023120982672877,0.0,0.0125055433524728,0.0423610780974925,0.0424267559701683,0.0,1,8,7,"Solar PV, batteries and power systems",0.3778402639558727,0.3609909857558345,0.0168492782000382,4.855441305392175,installer_tradesperson,how_to_installation_demo,2025-04-27 08:00:58+00:00,2025,4.25,8413,61,7,7.250683466064424,0.8320456436467372,18.61283185840708,0.0154867256637168
wnnwGVBwwvQ,0.1518074558323539,0.0018845258565652,0.0573214585547323,0.0283204309472679,0.3238234643478136,0.0325748411207853,0.0409523893775856,0.1257899729123229,0.0581418682273632,0.0170684278373224,0.0217505263138064,0.0311695615826278,0.0223531463883831,0.0193924486073167,0.0063659577966854,0.0612835242970675,231,5,1,Heat pumps and heating systems,0.3238234643478136,0.1518074558323539,0.1720160085154597,9.22689081917915,installer_tradesperson,practical_advice_explainer,2025-10-30 19:01:06+00:00,2025,25.1,216657,4246,877,19.597797440193485,4.047872905098843,814.5,3.296992481203008
wosTOl-YVy8,0.1842783686423978,0.1719616840882409,0.1015058793242055,0.0713344169698431,0.0103646848735094,0.0233287986986283,0.0263028330253157,0.069104388370083,0.0508175306318311,0.0294137480904665,0.0215370306332842,0.0094494176682501,0.0682924945727575,0.0091932310349754,0.0129407303947699,0.1401747629814409,23,1,2,Situated household retrofit experience and building context,0.1842783686423978,0.1719616840882409,0.0123166845541568,10.916489112324244,diy_renovator_homeowner,project_walkthrough,2025-10-03 15:03:49+00:00,2025,0.4333333333333333,208823,1143,69,5.473535003328178,0.3304233729043256,712.7064846416382,0.2354948805460751
x4-17FHfJ6k,0.0203868555386513,0.0,0.0078368216101659,0.6564692917524603,0.0,0.2601252930814163,0.0,0.0,0.0,0.0027208619949961,0.0001778739988163,0.0158835346096159,0.0,0.0363994674138776,0.0,0.0,1,4,6,"Implementation, cost and how-to questions",0.6564692917524603,0.2601252930814163,0.396343998671044,2.5803981203068576,installer_tradesperson,practical_advice_explainer,2022-12-16 14:05:28+00:00,2022,0.2666666666666666,43540,340,15,7.808911345888838,0.3445107946715663,33.11026615969582,0.0114068441064638
x6p1BW_m3wg,0.08370756016605,0.0,0.1518827444155663,0.1698275781188271,0.0004438072536908,0.0258684464961252,0.0,0.0004052195713948,0.0366153777080482,0.322993668612293,0.0036619904351642,0.1539781308949558,0.0218573063668358,0.0094544593864005,0.0068927525440091,0.0124109580306386,5,10,4,"Implementation follow-up, outcomes and retrospective questions",0.322993668612293,0.1698275781188271,0.1531660904934659,6.734693948377833,installer_tradesperson,how_to_installation_demo,2021-08-21 20:08:50+00:00,2021,1.4,2304,16,5,6.944444444444444,2.170138888888889,1.2821368948247078,0.0027824151363383
x9WHZ-S7tc0,0.1555801906997931,0.0080470659301465,0.0152577903144054,0.0685939706108612,0.1845199768784534,0.1358020891532803,0.0471319972580988,0.0661307362967493,0.0658469338041218,0.0224552665988387,0.0058726854078711,0.0331692821689042,0.0435776030685072,0.0148018956104525,0.0236179922320609,0.1095945239674551,9,5,1,Heat pumps and heating systems,0.1845199768784534,0.1555801906997931,0.0289397861786602,11.242170386641575,installer_tradesperson,how_to_installation_demo,2023-03-24 12:38:52+00:00,2023,9.683333333333334,4838,68,40,14.055394791236049,8.26787928896238,3.9753492193919473,0.0328677074774034
xERQU7rgNsU,0.0826364922045281,0.3091684788117822,0.0213817446593298,0.0,0.0,0.0027339592896348,0.1808719776211141,0.0,0.0034414139977176,0.0,0.0,0.1160234782579785,0.1577680189990118,0.0104774105082922,0.0018181292274359,0.1136788964231747,5,2,7,Spray foam and foam insulation,0.3091684788117822,0.1808719776211141,0.1282965011906681,6.320401371844356,builder_contractor,how_to_installation_demo,2024-11-27 22:00:38+00:00,2024,1.6166666666666667,14902,168,25,11.27365454301436,1.6776271641390417,24.713101160862355,0.0414593698175787
xGgVv_f7NzY,0.1560010064578219,0.0004451195976445,0.0339930220002241,0.0416872710281738,0.3186394843196045,0.0587254132426886,0.043524921373518,0.062364884343348,0.0659508544218197,0.0177342178974896,0.0099298451492838,0.0280750637984078,0.0073218296995377,0.0293831059105688,0.0037344402047034,0.1224895205551651,22,5,1,Heat pumps and heating systems,0.3186394843196045,0.1560010064578219,0.1626384778617825,8.986320714767272,installer_tradesperson,practical_advice_explainer,2025-09-14 18:00:53+00:00,2025,2.3,15976,381,77,23.84827240861292,4.819729594391587,51.20512820512821,0.2467948717948718
xGjI0fhiy5E,0.004205024954302,0.0,0.0003645097568015,0.0075837293190822,0.0252981674200003,0.0004874108848969,0.0,0.0,0.2914279501160433,0.0,0.2932549011294499,0.2606732890198524,0.1011532131200223,0.0027115407053087,0.0,0.0128402635742402,1,11,9,"Product sourcing, access and location questions",0.2932549011294499,0.2914279501160433,0.0018269510134066,4.631529868407634,installer_tradesperson,how_to_installation_demo,2025-05-13 09:25:17+00:00,2025,2.6,3827,36,8,9.40684609354586,2.0904102430101905,8.777522935779816,0.018348623853211
xGzVc6H-70A,0.0968788444952478,0.0091298485837396,0.0511466557424758,0.0032456811876343,0.0216956097897745,0.1519657706286753,0.0531933521835934,0.0383053157697075,0.0580484445828606,0.2447671676087699,0.0141957417040678,0.0075372680036444,0.011397784649082,0.159330617245919,0.0470160985084379,0.0321457993163698,6,10,14,"Implementation follow-up, outcomes and retrospective questions",0.2447671676087699,0.159330617245919,0.0854365503628508,9.924342736486528,training_educational,how_to_installation_demo,2025-04-07 19:10:26+00:00,2025,6.666666666666667,38577,201,13,5.210358503771677,0.3369883609404567,81.73093220338983,0.0275423728813559
xILw0b-tOT0,0.0917369404728875,0.1034827914294661,0.0294653641306037,0.0282738112606486,0.0309667496491077,0.0202571972898251,0.0066853677726432,0.0248383862410306,0.0425517308312264,0.0085491631189219,0.0223644686649424,0.1114986383908816,0.2895665678755104,0.0089903793697506,0.0670833584497921,0.1136890850527614,29,13,16,"Wall, cavity and floor insulation",0.2895665678755104,0.1136890850527614,0.1758774828227489,10.021434265583965,installer_tradesperson,how_to_installation_demo,2025-08-23 14:01:24+00:00,2025,6.7,74552,2273,109,30.48878635046679,1.4620667453589442,223.20958083832332,0.3263473053892216
xJEgmqL7tjE,0.1049583834073696,0.0,0.0013767902755577,0.0,0.0169684032572773,0.09245307962529,0.2428304407428684,0.0201718411805096,0.0,0.0032699339479383,0.2350355880892411,0.0,0.2258303977438431,0.0324769873759199,0.0108372307785008,0.0137909235756837,2,7,11,"Alternative methods, challenges and ""why"" questions",0.2428304407428684,0.2350355880892411,0.0077948526536272,6.500701543946208,installer_tradesperson,how_to_installation_demo,2021-06-25 17:42:51+00:00,2021,15.583333333333334,6351,47,9,7.400409384348921,1.4170996693434106,3.425566343042071,0.0048543689320388
xORiMzpE8U0,0.1283004087403608,0.0030605612854572,0.0,0.3399530914229429,0.0,0.0,0.0621511394023057,0.0,0.0321435384189016,0.0,0.0024392259386402,0.0177104263685698,0.0085005308044508,0.0040345364537837,0.0,0.4017065411645868,1,16,4,"Prospective choices, recommendations and alternatives",0.4017065411645868,0.3399530914229429,0.0617534497416439,4.2476755010591045,installer_tradesperson,how_to_installation_demo,2022-05-30 00:56:40+00:00,2022,2.4833333333333334,2927,12,3,4.099760847283909,1.0249402118209772,1.932013201320132,0.0019801980198019
xOUBlKTynes,0.1466183764348367,0.0019767975616097,0.0566233025443939,0.0435176189283117,0.2148710722050367,0.0563688428795205,0.0381466912407233,0.0603669955443229,0.0808764275073121,0.0528430299709819,0.0158660653156039,0.0371358522598759,0.0739165883697096,0.0237232226342295,0.0070624651372304,0.0900866514663006,70,5,1,Heat pumps and heating systems,0.2148710722050367,0.1466183764348367,0.0682526957701999,11.696692427998467,installer_tradesperson,how_to_installation_demo,2023-12-10 07:00:30+00:00,2023,37.583333333333336,54062,486,382,8.989678517257962,7.065961303688358,56.55020920502092,0.399581589958159
xOp8Fn38rnc,0.0868398708336056,0.0008867868108539,0.0205921863182948,0.1395733107743634,0.0,0.0404920587859173,0.0438377877757598,0.0061167766472635,0.0,0.0015011158453756,0.0221277309304465,0.1864610712486912,0.0694029102686323,0.0127347122315459,0.2479292802082703,0.1215044013209792,10,15,12,Vapour barriers and moisture control,0.2479292802082703,0.1864610712486912,0.0614682089595791,8.341150886373962,installer_tradesperson,how_to_installation_demo,2024-11-24 16:45:04+00:00,2024,4.95,6639,85,23,12.803133001958123,3.464377165235728,10.955445544554456,0.0379537953795379
xStn7GV0PSk,0.1668716154317882,0.0129589805723754,0.027144543427503,0.0436221417067842,0.0627967778036745,0.0876062235185041,0.0300276087766245,0.0267588850912328,0.1604310927940477,0.0432021147729183,0.0060009550613051,0.011174506157044,0.0106293965795059,0.2487958044068796,0.018390778291773,0.0435885756080391,13,14,1,Thermostat wiring and smart heating controls,0.2487958044068796,0.1668716154317882,0.0819241889750914,9.910587279335896,installer_tradesperson,how_to_installation_demo,2023-01-28 23:18:52+00:00,2023,6.8,31011,149,44,4.804746702782883,1.4188513753184355,24.37971698113208,0.0345911949685534
xWRLCWmqT50,0.0690768870659957,0.0143032556507918,0.0699507641090927,0.0460228740398521,0.009140485787528,0.0946527473258278,0.0411423679796951,0.0263520460798016,0.0506647080313809,0.023504699604056,0.0201744818815155,0.2261600202779982,0.1178092725578472,0.004822771160364,0.1279164695859716,0.058306148862281,304,12,15,Roof and attic ventilation and airflow,0.2261600202779982,0.1279164695859716,0.0982435506920266,11.323844275662829,builder_contractor,practical_advice_explainer,2024-11-05 16:00:50+00:00,2024,13.45,441843,8074,1021,18.27345912462119,2.310775546970304,706.9488,1.6336
xZjDGOmWkc4,0.1473280685520141,0.0135682833481605,0.0,0.0,0.0,0.0620599404700789,0.0082257921828641,0.0154582544576272,0.0781736470542105,0.0015280370088671,0.1359217062427103,0.0951896567469425,0.2682408612784963,0.0059372394439356,0.0241654602277134,0.144203052986379,5,13,1,"Wall, cavity and floor insulation",0.2682408612784963,0.1473280685520141,0.1209127927264821,7.955416673798576,installer_tradesperson,problem_warning_mistakes,2024-01-30 16:19:55+00:00,2024,2.583333333333333,2792,0,11,0.0,3.939828080229226,3.0850828729281767,0.0121546961325966
xcAwujfTN64,0.1317907458844203,0.0116600653053724,0.1373400226330498,0.0313268760755148,0.0024802725553757,0.0374367418624958,0.0723095832255843,0.2109290234958838,0.074994869709846,0.0252499559848373,0.0738296306204215,0.0688929466021999,0.0090575186995671,0.0316921463655589,0.0094724774605618,0.0715371235193099,80,8,3,"Solar PV, batteries and power systems",0.2109290234958838,0.1373400226330498,0.0735890008628339,11.077038234148112,installer_tradesperson,how_to_installation_demo,2023-06-12 01:54:28+00:00,2023,0.2666666666666666,3387807,39395,1658,11.628466438613533,0.4894021412671974,2979.6015831134564,1.4582233948988566
xc_BbbMi1cg,0.1408583579481076,0.0264377739245724,0.0560835370841215,0.0602751215654237,0.1543871714274462,0.0360129799180185,0.0544604264526667,0.1029565061036374,0.0636690149232515,0.060368265021923,0.0345065112815152,0.0430938840145444,0.0403799016546561,0.0095132017389216,0.0191288798499309,0.0978684670912624,152,5,1,Heat pumps and heating systems,0.1543871714274462,0.1408583579481076,0.0135288134793385,13.160580929158463,diy_renovator_homeowner,practical_advice_explainer,2022-06-03 20:00:25+00:00,2022,8.616666666666667,844700,11958,579,14.156505268142537,0.6854504557831183,559.0337524818001,0.3831899404367968
xctcko4E5OM,0.2003917145663672,0.007746866064975,0.0044989831365439,0.0790301929203964,0.0141821625395764,0.0101068110737955,0.1236296161828482,0.0057316626987545,0.0156488043236931,0.2639162077898203,0.0070172093711329,0.1045484877355143,0.0376054479933932,0.000505023955181,0.048646035464296,0.0767947741837112,6,10,1,"Implementation follow-up, outcomes and retrospective questions",0.2639162077898203,0.2003917145663672,0.063524493223453,8.485556520645773,installer_tradesperson,how_to_installation_demo,2026-06-21 10:04:34+00:00,2026,1.2666666666666666,84623,1169,11,13.814211266440566,0.1299883010529052,2644.46875,0.34375
xdHIUnS3Htg,0.2089520340149258,0.0108956797243175,0.2147908399232108,0.0511043739100115,0.0045782901692623,0.0964349197503573,0.0189859955227792,0.0230475913518683,0.0107914241784464,0.0802830025410122,0.0062696463481075,0.0333921471857842,0.2056430065196709,0.0097207700984674,0.0113602447900091,0.0137500339717689,10,3,1,Clarification and specification questions,0.2147908399232108,0.2089520340149258,0.005838805908285,8.566652226044795,diy_renovator_homeowner,project_walkthrough,2026-03-08 17:35:28+00:00,2026,18.266666666666666,21729,2625,49,120.80629573381196,2.2550508536978238,158.6058394160584,0.3576642335766423
xhPrhooeyz4,0.0,0.0,0.0292823939646122,0.0153729028309619,0.033478133382446,0.1920199045164234,0.0,0.0,0.0,0.0392576117981031,0.0237428344892013,0.0,0.3635130873687742,0.0977231424446275,0.0918741037094683,0.1137358854953817,1,13,6,"Wall, cavity and floor insulation",0.3635130873687742,0.1920199045164234,0.1714931828523507,6.525838279472152,installer_tradesperson,how_to_installation_demo,2019-06-13 14:45:31+00:00,2019,0.4166666666666667,610,0,1,0.0,1.639344262295082,0.2348864073931459,0.000385059684251
xhuGW-umeC8,0.1528622516178344,0.0031679802636109,0.190919238641136,0.1193373240292091,0.1276428842607046,0.0518949549239781,0.0433023981049497,0.0626142245652065,0.0442606161231356,0.013654084389669,0.0065795746306361,0.0225569965448896,0.0027936229509686,0.0686340819380356,0.0067060997176474,0.0830736672983881,43,3,1,Clarification and specification questions,0.190919238641136,0.1528622516178344,0.0380569870233016,10.55549213620325,training_educational,practical_advice_explainer,2020-11-02 23:00:18+00:00,2020,5.1,128587,1412,141,10.980892314153063,1.0965338642319984,61.55433221637147,0.067496409765438
xlK4O-wDUZ4,0.0,0.0,0.0,0.0,0.0,0.0,0.0,0.0,0.0,0.0,0.5618369250324858,0.0,0.0,0.4381630749675141,0.0,0.0,1,11,14,"Product sourcing, access and location questions",0.5618369250324858,0.4381630749675141,0.1236738500649717,1.9847241840586136,installer_tradesperson,how_to_installation_demo,2025-05-25 20:18:00+00:00,2025,2.9166666666666665,29824,386,2,12.942596566523603,0.0670600858369098,70.33962264150944,0.0047169811320754
xrCNfNFRW04,0.1495884463180168,0.0034560371668146,0.0841018018172962,0.0700171321210305,0.1068921984352866,0.1096004300706731,0.0443614001608489,0.0865064079749586,0.0439978039992493,0.0733458164055929,0.0267030776536435,0.03249091293202,0.0148199633243862,0.0411583994058276,0.0069156857314035,0.106044486482951,62,1,6,Situated household retrofit experience and building context,0.1495884463180168,0.1096004300706731,0.0399880162473436,12.586730156617149,installer_tradesperson,how_to_installation_demo,2023-09-21 21:32:01+00:00,2023,7.05,111025,2005,228,18.058995721684305,2.053591533438415,107.16698841698842,0.22007722007722
xuuPzrwoj_A,0.1396929523912745,0.0,0.1442379035413097,0.0,0.2227216054598641,0.0,0.0254810880771431,0.0,0.0242232963921348,0.0072930007364476,0.0026416791771497,0.150954723382755,0.1167054621207994,0.0,0.0151460967648563,0.1509021919562653,2,5,12,Heat pumps and heating systems,0.2227216054598641,0.150954723382755,0.071766882077109,7.455049561350029,installer_tradesperson,how_to_installation_demo,2023-06-16 12:00:48+00:00,2023,0.8666666666666667,6896,56,7,8.120649651972158,1.0150812064965198,6.086496028243601,0.0061782877316857
xxo4Ugx7Yb4,0.3345171864078975,0.2684192371417022,0.002323855329639,0.0071518699379183,0.0139004800105611,0.0715664166865412,0.0,0.0226152975536756,0.0898665565223558,0.0,0.1080495999401008,0.0,0.0080899016025921,0.0734995988670159,0.0,0.0,3,1,2,Situated household retrofit experience and building context,0.3345171864078975,0.2684192371417022,0.0660979492661953,5.99199147727022,builder_contractor,problem_warning_mistakes,2023-09-14 11:16:08+00:00,2023,2.5,1215,16,8,13.168724279835391,6.584362139917696,1.164908916586769,0.0076701821668264
y-ah3IlaiwE,0.1174595489066532,0.0033939871278873,0.0,0.4656896447649069,0.1466215283713355,0.0,0.0258678780234684,0.0,0.0,0.0034311395756476,0.0,0.1947827404791307,0.0,0.030781130795542,0.0119724019554282,0.0,2,4,12,"Implementation, cost and how-to questions",0.4656896447649069,0.1947827404791307,0.2709069042857761,4.486294190664194,diy_renovator_homeowner,how_to_installation_demo,2025-09-19 13:56:46+00:00,2025,0.7,3171,28,2,8.830022075055188,0.630715862503942,10.32899022801303,0.006514657980456
y-hTezLY-PI,0.1627981333485784,0.0001614334168541,0.1428201964721346,0.0663416996627639,0.0460883347098425,0.1757940660580946,0.008017589844504,0.0,0.207647997997881,0.0511263752978477,0.0,0.0093988309814805,0.0018379497406805,0.0809128094133821,0.003401738358181,0.0436528446977746,9,9,6,Performance checking and troubleshooting,0.207647997997881,0.1757940660580946,0.0318539319397863,8.451404927351353,installer_tradesperson,how_to_installation_demo,2023-12-20 16:44:06+00:00,2023,1.0166666666666666,64601,181,51,2.801814213402269,0.7894614634448384,68.28858350951374,0.0539112050739957
y3g4Vpec1_M,0.1849037945290673,0.0053149059902739,0.0181785267039614,0.1074965980040464,0.0104109338047425,0.0663875711216134,0.0035311192524721,0.0051827567883354,0.0864562134443998,2.4276843984378183e-05,0.0073104098276046,0.0418332543408823,0.3918082109722504,0.0098593656388314,0.0501265179701191,0.0111755447674151,8,13,1,"Wall, cavity and floor insulation",0.3918082109722504,0.1849037945290673,0.206904416443183,6.8271483075290895,builder_contractor,how_to_installation_demo,2023-07-13 14:47:45+00:00,2023,3.0166666666666666,20189,169,33,8.370895041854475,1.634553469711229,18.254068716094032,0.0298372513562386
y957ztcy6ik,0.4118815710068372,0.0360664316440902,0.0029165386358729,0.0080787764793964,0.0437318246667731,0.0007909738159787,0.2094543911497692,0.0058176344280124,0.1525008613127786,0.0410380289355202,0.0,0.0,0.0,0.0067630992241353,0.0809598687008354,0.0,2,1,7,Situated household retrofit experience and building context,0.4118815710068372,0.2094543911497692,0.202427179857068,5.452953592398969,diy_renovator_homeowner,how_to_installation_demo,2025-02-06 23:34:56+00:00,2025,1.15,28712,199,7,6.930899972137085,0.2438005015324603,53.96992481203007,0.0131578947368421
yABGViMgD5A,0.1526726026508928,0.0066003663013167,0.0822213457151524,0.0375492103108444,0.031585599516953,0.0190268913906023,0.1179487013981773,0.053153728353751,0.0774758370896415,0.0931987724793613,0.03360903393549,0.0703630507020263,0.0934750341357864,0.0476273293847985,0.0356198947226789,0.0478726019125266,86,1,7,Situated household retrofit experience and building context,0.1526726026508928,0.1179487013981773,0.0347239012527155,13.360198741533246,installer_tradesperson,how_to_installation_demo,2024-12-12 03:27:11+00:00,2024,0.7666666666666667,847252,17484,376,20.63612714989165,0.4437876806428312,1440.904761904762,0.6394557823129252
yAa_Qu0QtyY,0.1679054004039024,0.0074189969706823,0.1082957505608594,0.087280511040965,0.1256001184521647,0.0229557281939136,0.0,0.2410706669570578,0.0299692828543091,0.0475547018505282,0.0198457713832006,0.0363431705185271,0.0058057588534557,0.0218454740174533,0.0012733843109363,0.0768352836320439,10,8,1,"Solar PV, batteries and power systems",0.2410706669570578,0.1679054004039024,0.0731652665531554,9.4597013667257,training_educational,how_to_installation_demo,2026-06-11 22:00:17+00:00,2026,23.216666666666665,18051,529,20,29.305855631266965,1.107971857514819,429.7857142857143,0.4761904761904761
yI1M0EyIcWo,0.0813111178699227,0.0,0.1629112456422092,0.2942220209229835,0.0365383986094415,0.0299677149658277,0.0816649430907648,0.0503832218890619,0.0765016956488917,0.0631410246764497,0.0185716715043529,0.0217647240519783,0.0009774990203296,0.0673539597208774,0.0003617168422241,0.0143290455446842,20,4,3,"Implementation, cost and how-to questions",0.2942220209229835,0.1629112456422092,0.1313107752807742,9.219861460439166,installer_tradesperson,how_to_installation_demo,2023-05-30 19:13:40+00:00,2023,0.4666666666666667,660761,2996,127,4.53416590870224,0.1922026269710228,574.5747826086956,0.1104347826086956
yJNgUldrIkc,0.0577714793429431,0.0105629661513785,0.0780380045018327,0.0649369212907984,0.0012368068444671,0.0061861016862716,0.0453403221114899,0.0085071690480537,0.0446604917253292,0.0149426747198028,0.0028641821963388,0.1639138467236892,0.2668428089750351,0.0228586980162865,0.105661165154215,0.1056763615120675,14,13,12,"Wall, cavity and floor insulation",0.2668428089750351,0.1639138467236892,0.1029289622513459,9.38064670670486,diy_renovator_homeowner,how_to_installation_demo,2024-10-09 17:36:35+00:00,2024,0.9833333333333332,88868,584,64,6.571544312913535,0.7201692397713462,136.30061349693253,0.0981595092024539
yN_pWyBA3TY,0.1431849343046552,0.1493189444295594,0.0033811695109174,0.0011670831476883,0.0,0.0989791692542972,0.0355718179423393,0.0039386797335787,0.1356300684667928,0.022927034828705,0.2178193202463758,0.1143336740399942,0.016084556015095,0.0,0.0108507346232731,0.0468128134567278,6,11,2,"Product sourcing, access and location questions",0.2178193202463758,0.1493189444295594,0.0685003758168164,8.628402630368315,installer_tradesperson,how_to_installation_demo,2024-02-10 19:29:50+00:00,2024,0.8833333333333333,37063,371,24,10.009983001915655,0.6475460702047865,41.45749440715883,0.0268456375838926
yO8U_3mgbK8,0.1851879441631197,0.0023162963621302,0.1310913327336667,0.0070217737750338,0.018994412840545,0.0969856113544419,0.1353359158652873,0.2168261280870079,0.0634277620678004,0.022543041157829,0.0047255301866661,0.0225515938287714,0.0230694960864235,0.0129133613795469,0.0299489461144044,0.0270608539973251,13,8,1,"Solar PV, batteries and power systems",0.2168261280870079,0.1851879441631197,0.0316381839238882,9.471929978101867,installer_tradesperson,how_to_installation_demo,2023-06-11 01:46:57+00:00,2023,0.2666666666666666,234146,2644,121,11.292099800978876,0.5167715869585643,205.75219683655536,0.1063268892794376
yPCNeR-z5vM,0.0506174862294881,0.0,0.0117965208179444,0.0378083292284207,0.0,0.0,0.0,0.0,0.0,0.7023619891366648,0.0086831257336014,0.1814658360962242,0.0,0.0,0.0,0.0072667127576562,1,10,12,"Implementation follow-up, outcomes and retrospective questions",0.7023619891366648,0.1814658360962242,0.5208961530404406,2.617119718146519,diy_renovator_homeowner,project_walkthrough,2022-11-26 20:16:32+00:00,2022,0.8166666666666667,103,7,4,67.96116504854369,38.83495145631068,0.0771535580524344,0.0029962546816479
yV2Jv3fPq9k,0.1977396225253226,0.0471332349247509,0.0497871072823854,0.038721438293667,0.0364599566342033,0.1011887911255122,0.036970832085675,0.0305068806683645,0.0430053816572329,0.0382474963267361,0.0350828287006742,0.1516410305592205,0.088947877205403,0.0169479270549518,0.0292120591327491,0.0584075358231508,175,1,12,Situated household retrofit experience and building context,0.1977396225253226,0.1516410305592205,0.0460985919661021,12.65177591712607,diy_renovator_homeowner,problem_warning_mistakes,2024-01-18 18:15:42+00:00,2024,28.78333333333333,836436,17402,491,20.804939050925597,0.5870144278821093,912.143947655398,0.5354416575790621
yVAtlt-YPYs,0.0172727926537088,0.0098609819869621,0.386410275618516,0.3308484430776207,0.0,0.005644900679993,0.0043871538472532,0.0253597821834559,0.0018881079142842,0.00354645621049,0.0056061699283881,0.1444946750745971,0.023936585809195,0.0097299653332219,0.0294332214965708,0.0015804881857425,3,3,4,Clarification and specification questions,0.386410275618516,0.3308484430776207,0.0555618325408952,4.87475879474483,installer_tradesperson,how_to_installation_demo,2023-07-13 19:46:17+00:00,2023,0.25,91554,569,19,6.214911418397886,0.2075277978023898,82.77938517179024,0.0171790235081374
yeB1kChoODM,0.0788937678883325,0.0034179692195676,0.1209836313849792,0.0,0.0,0.0017679327782723,0.0286226117115503,0.0555666928186375,0.0333192939759321,0.0159642110258943,0.0879815341809321,0.2487273071651011,0.2814876819108079,0.0073527906481462,0.0359145752918463,0.0,5,13,12,"Wall, cavity and floor insulation",0.2814876819108079,0.2487273071651011,0.0327603747457067,7.393222884084569,installer_tradesperson,practical_advice_explainer,2024-02-04 03:20:47+00:00,2024,0.3333333333333333,199314,1068,28,5.35837924079593,0.1404818527549494,221.46,0.0311111111111111
yet8iiCtbsw,0.0190729644561173,0.0,0.1146259703759375,0.0024229683209605,0.0216323612835632,0.0173393986963796,0.0205911262754778,0.0738724637827966,0.0834852688992447,0.1172113492445483,0.2043003385672037,0.0253083099851311,0.0135162607408861,0.1971163012638873,0.0154673122004241,0.0740376059074414,8,11,14,"Product sourcing, access and location questions",0.2043003385672037,0.1971163012638873,0.0071840373033163,9.73419662859632,installer_tradesperson,how_to_installation_demo,2024-11-27 11:43:28+00:00,2024,4.4,16002,35,16,2.187226596675416,0.999875015623047,26.53731343283582,0.0265339966832504
ygb4hqu0A2E,0.1856166383394166,0.0005645064014578,0.0378939062203471,4.355589299846249e-05,0.0609324515899748,0.0,0.0282866385770567,0.0055029159639187,0.1204545259269221,0.0087184247326681,0.0331072170512666,0.4610400702018028,0.0316878351613917,0.0036605447640606,0.0,0.0224907691767173,7,12,1,Roof and attic ventilation and airflow,0.4610400702018028,0.1856166383394166,0.2754234318623861,5.599024458538226,builder_contractor,how_to_installation_demo,2023-09-29 21:01:07+00:00,2023,0.5666666666666667,138668,760,38,5.480716531571812,0.2740358265785905,134.89105058365757,0.036964980544747
ygdC9eB-QEw,0.0686401798676753,0.0058451674287704,0.0306066289170015,0.0314855544063244,0.0133324309748554,0.1036401911906308,0.014359737248799,0.011631975622141,0.039182612774413,0.0058807303099077,0.0135288809145986,0.2833031949686304,0.1345149459757785,0.0064101710449144,0.1771343344954832,0.0605032638600757,39,12,15,Roof and attic ventilation and airflow,0.2833031949686304,0.1771343344954832,0.1061688604731471,8.899186057526702,builder_contractor,how_to_installation_demo,2022-08-21 19:33:23+00:00,2022,10.883333333333333,68421,653,99,9.543853495271918,1.4469241899416847,47.78002793296089,0.0691340782122905
yhDX3hHrCo4,0.0970380421988747,0.0068253258369282,0.125552229110948,0.0044699884933303,0.0297297211786733,0.0926613461559724,0.0108799956939307,0.0473063164159478,0.0655392047366016,0.0057630888717873,0.0168500299131923,0.0129676362121556,0.0547764190020911,0.3439607032894315,0.0277080127502047,0.0579719401399297,9,14,3,Thermostat wiring and smart heating controls,0.3439607032894315,0.125552229110948,0.2184084741784835,8.914474543044559,installer_tradesperson,how_to_installation_demo,2024-10-30 07:38:03+00:00,2024,33.55,26552,376,17,14.160891834890029,0.6402530882796023,42.07923930269413,0.0269413629160063
yiov8ZpIF2U,0.0,0.0,0.0,0.0,0.0,0.0,0.0,0.0,0.0,0.0,1.0,0.0,0.0,0.0,0.0,0.0,1,11,16,"Product sourcing, access and location questions",1.0,0.0,1.0,1.0,diy_renovator_homeowner,problem_warning_mistakes,2024-09-20 14:45:59+00:00,2024,0.2833333333333333,11396,39,1,3.4222534222534224,0.0877500877500877,16.983606557377048,0.0014903129657228
ykKwmSqpznM,0.1176887352039972,0.0791878956290795,0.0380917116389059,0.0491606974605058,0.0078472739898828,0.0310384179221868,0.007869769105829,0.0206125206345989,0.0395924636875747,0.0763971873575222,0.0126757638089435,0.2879104954107869,0.1206217742303733,0.0363186548245031,0.035044282708464,0.0399423563868458,23,12,13,Roof and attic ventilation and airflow,0.2879104954107869,0.1206217742303733,0.1672887211804136,10.47463916488648,diy_renovator_homeowner,how_to_installation_demo,2022-11-17 16:27:48+00:00,2022,6.066666666666666,44275,231,69,5.217391304347826,1.5584415584415583,32.942708333333336,0.0513392857142857
ynFQ9yPRitc,0.2534394365787694,0.0,0.0235947434370133,0.0,0.0258501446172976,0.0,0.0758519682250183,0.0199643652182722,0.0,0.3051123472279204,0.001201930174689,0.2644071076769058,0.0005059972462431,0.0291177541663103,0.0,0.0009542054315602,3,10,12,"Implementation follow-up, outcomes and retrospective questions",0.3051123472279204,0.2644071076769058,0.0407052395510145,5.155092485846013,diy_renovator_homeowner,how_to_installation_demo,2022-01-25 19:46:46+00:00,2022,0.25,488130,1787,14,3.660910003482679,0.0286808841906869,297.640243902439,0.0085365853658536
yq-FAP0iIjU,0.2048998397720159,0.0094659550410616,0.1158768705023492,0.4429562775153413,0.0085421563448596,0.0823489772369894,0.0,0.065021959751068,0.0,0.009175146850128,0.0,0.0,0.0297787061734547,0.0,0.0,0.031934110812732,2,4,1,"Implementation, cost and how-to questions",0.4429562775153413,0.2048998397720159,0.2380564377433254,5.26471117871026,builder_contractor,how_to_installation_demo,2026-06-26 15:00:28+00:00,2026,15.016666666666667,1458,76,2,52.12620027434842,1.371742112482853,54.0,0.074074074074074
yqDOLyL3-tA,0.1750583920931905,0.0030178598119829,0.0767516276347558,0.0756971198441479,0.0705641246849144,0.0647427120484695,0.0468878447104242,0.0430879925255334,0.1105021229010109,0.0301741257789211,0.0113889549951465,0.0054277954595456,0.0087139828477137,0.2314032901467921,0.0089540839090944,0.0376279706083564,36,14,1,Thermostat wiring and smart heating controls,0.2314032901467921,0.1750583920931905,0.0563448980536016,10.30088307535587,installer_tradesperson,how_to_installation_demo,2022-08-18 17:00:36+00:00,2022,45.35,86664,1324,112,15.27739315055848,1.292347456844826,60.39303135888502,0.0780487804878048
yrHjqOMAZno,0.1133523330743826,0.0317312380363454,0.0500452691499791,0.0869564982444111,0.0122291444278637,0.0598738143355248,0.0464337779478464,0.0129210997234635,0.0279065032077618,0.0007723836863658,0.0366055243803495,0.1297594306491209,0.1113991904367955,0.009507652906643,0.2008182860659042,0.0696878537272419,25,15,12,Vapour barriers and moisture control,0.2008182860659042,0.1297594306491209,0.0710588554167833,11.33532675052011,builder_contractor,practical_advice_explainer,2024-05-18 16:00:48+00:00,2024,8.516666666666667,67742,1366,65,20.16474270024505,0.9595228956924804,85.10301507537689,0.0816582914572864
yuxWDCRwIuc,0.1667403002923707,0.0018851036577175,0.0382210743583729,0.0408690756024839,0.0636219860772842,0.181990366725105,0.0318402782629752,0.0368810827312506,0.0712085598970322,0.0429222174003013,0.0165002517714839,0.0140744031254942,0.0090310542466138,0.178689292453837,0.0050244759003089,0.1005004774973679,166,6,14,"Praise, gratitude and social endorsement",0.181990366725105,0.178689292453837,0.0033010742712679,10.39684213685762,diy_renovator_homeowner,how_to_installation_demo,2021-01-02 18:56:25+00:00,2021,30.883333333333333,146679,2631,613,17.937128014235164,4.179194022320851,72.32692307692308,0.3022682445759369
yz3TxnVeqoQ,0.2530240421951704,0.0,0.0033622900739501,0.0304142013210953,0.0,0.6018475583018308,0.0456452074701779,0.0,0.0353207307801811,0.0209590821115537,0.0,0.0,0.0,0.0035107471687882,0.0,0.005916140577252,1,6,1,"Praise, gratitude and social endorsement",0.6018475583018308,0.2530240421951704,0.3488235161066603,3.21839885443366,installer_tradesperson,practical_advice_explainer,2023-08-29 17:02:50+00:00,2023,1.2666666666666666,1129,1,1,0.8857395925597874,0.8857395925597874,1.0661000944287062,0.0009442870632672
z8k3cbiwsyQ,0.0464382355955342,0.0,0.3260752338584433,0.0,0.009664894809602,0.027529070948587,0.000751484207523,0.197553511236994,0.0206872418841701,0.0036817790586152,0.2301119128280339,0.0,0.0491802910012883,0.001695588948032,0.0160211722554636,0.0706095833677129,4,3,11,Clarification and specification questions,0.3260752338584433,0.2301119128280339,0.0959633210304093,6.226225538167791,diy_renovator_homeowner,how_to_installation_demo,2022-11-26 15:26:59+00:00,2022,0.2833333333333333,28401,257,11,9.048977148691948,0.3873103059751417,21.274157303370785,0.0082397003745318
z9Y8BxovmfY,0.200969868905865,0.0,0.0,0.0,0.0,0.0,0.061686406822633,0.0,0.0842309415468078,0.6189796134709459,0.0,0.0010547369993372,0.0078286627574853,0.0252497694969255,0.0,0.0,1,10,1,"Implementation follow-up, outcomes and retrospective questions",0.6189796134709459,0.200969868905865,0.4180097445650808,3.11965965813096,installer_tradesperson,how_to_installation_demo,2024-06-14 06:30:21+00:00,2024,0.45,21125,161,1,7.621301775147929,0.0473372781065088,27.47074122236671,0.0013003901170351
zDBu3OZjPoI,0.0284213163058186,0.0,0.4971888243704696,0.0062486192890961,0.0048680732678076,0.01481169711825,0.0062590198991174,0.0405671595171222,0.0,0.0132591093390425,0.3564982143804514,0.0,0.0,0.019705520884527,0.0,0.0121724456282971,2,3,11,Clarification and specification questions,0.4971888243704696,0.3564982143804514,0.1406906099900182,3.620043971059057,installer_tradesperson,practical_advice_explainer,2023-12-18 06:09:31+00:00,2023,0.3333333333333333,418557,2744,29,6.555857386210242,0.0692856647959537,441.51582278481015,0.030590717299578
zFi-z5lT-pQ,0.0,0.0,0.0112095401319317,0.0,0.0,0.2463455585140732,0.0,0.0,0.0,0.0,0.0,0.0411635417025793,0.0,0.0090837404688345,0.0,0.6921976191825809,1,16,6,"Prospective choices, recommendations and alternatives",0.6921976191825809,0.2463455585140732,0.4458520606685077,2.279942925909477,diy_renovator_homeowner,how_to_installation_demo,2023-01-16 14:08:24+00:00,2023,1.0,30999,193,2,6.226007290557759,0.0645182102648472,24.14252336448598,0.0015576323987538
zG1MvJjih_0,0.1395280007651866,0.0071943168336141,0.0608275403316,0.0861118446796483,0.0142151604450841,0.0034149492578036,0.0253696192958698,0.0841295314414382,0.1272105463662765,0.2273821659521362,0.0040732520038381,0.0116036518015215,0.084502645963855,0.0030691872697807,0.0059637133872073,0.1154038742051392,7,10,1,"Implementation follow-up, outcomes and retrospective questions",0.2273821659521362,0.1395280007651866,0.0878541651869495,9.51232945873498,builder_contractor,how_to_installation_demo,2024-02-27 16:00:42+00:00,2024,0.6,29762,239,29,8.030374302802231,0.974396881929978,33.93614595210946,0.0330672748004561
zMpQ1IJ4bcw,0.0917005797686553,0.0471674576365406,0.0853875033836592,0.0497698235642114,0.0045247806234202,0.118629155547559,0.0464731982759148,0.0114431774612552,0.044939839933012,0.0124472493120266,0.0106730614461442,0.0236995815475197,0.2573492628065966,0.0208853927896289,0.0875765628585968,0.0873333730452589,72,13,6,"Wall, cavity and floor insulation",0.2573492628065966,0.118629155547559,0.1387201072590376,10.817059834260782,training_educational,how_to_installation_demo,2022-06-06 14:25:43+00:00,2022,6.783333333333333,187185,1222,217,6.528300878809734,1.159280925287817,124.12798408488064,0.1438992042440318
zPN0UVeJLtg,0.0283668396936739,0.0067952921178258,0.1692252920239192,0.0,0.0016276935865932,0.0070092737298819,0.0331513589928196,0.0185538280110578,0.077719701816486,0.2471523059551292,0.18295384099366,0.0668113113071765,0.0645312500405035,0.0001795100173211,0.0665183213442355,0.029404180369716,2,10,11,"Implementation follow-up, outcomes and retrospective questions",0.2471523059551292,0.18295384099366,0.0641984649614691,8.720382153595093,builder_contractor,how_to_installation_demo,2023-09-17 19:43:47+00:00,2023,0.2333333333333333,95386,334,8,3.501562074098924,0.0838697502778185,91.7173076923077,0.0076923076923076
zRdPLYCI6Cs,0.0998795032439546,0.0895244223889144,0.0613592876687102,0.0287463847884846,0.0236278171068814,0.1000992360397547,0.0401500369976167,0.0168356629868776,0.033489840971983,0.0539414291122408,0.0412683926252631,0.1856857132762328,0.144060742940212,0.0084938557798817,0.0343189605106711,0.0385187135623205,35,12,13,Roof and attic ventilation and airflow,0.1856857132762328,0.144060742940212,0.0416249703360208,12.334321124562162,installer_tradesperson,how_to_installation_demo,2024-12-04 03:01:49+00:00,2024,8.15,96737,1534,123,15.85742787144526,1.2714886754809431,162.31040268456377,0.2063758389261745
zSxyUFLwFbc,0.2016025130338646,0.0104709945666414,0.0501501934632364,0.052871840736633,0.083408860444067,0.083593623763733,0.0209978554761355,0.0508610467135742,0.0340772528102902,0.0352566816681415,0.0275734345568305,0.1988992013894927,0.0429367089318135,0.0226554765870971,0.0123386444945906,0.0723056713638582,111,1,12,Situated household retrofit experience and building context,0.2016025130338646,0.1988992013894927,0.0027033116443719,11.494163726263176,diy_renovator_homeowner,problem_warning_mistakes,2024-12-21 13:20:57+00:00,2024,13.8,165229,2982,323,18.047679281482065,1.9548626451772997,285.3696027633852,0.5578583765112263
zVi2ltsJs8U,0.12513451122557,0.072402113711625,0.0559237557251721,0.0478251432551515,0.0271199520045045,0.0311908028450644,0.0940507381316357,0.0330924426285075,0.0466539940081165,0.0251497872934595,0.0180757934306539,0.1925799759518642,0.0956046445554472,0.0044591593945799,0.0595432980307984,0.0711938878078491,67,12,1,Roof and attic ventilation and airflow,0.1925799759518642,0.12513451122557,0.0674454647262942,12.528485358465424,builder_contractor,how_to_installation_demo,2026-01-30 23:01:24+00:00,2026,17.4,80220,1798,188,22.413363251059582,2.343555223136375,461.0344827586207,1.0804597701149423
zVr9sycn2fg,0.2010042350041426,0.0046288322675088,0.0191367331567627,0.0350278878203936,0.0011884399705276,0.0456332334142067,0.0335656299541629,0.0121713658281447,0.0127162140442139,0.2344471826230852,0.0015057183550325,0.0327170040624212,0.2049015530669703,0.0083535312055394,0.0238630732905336,0.1291393659363535,6,10,13,"Implementation follow-up, outcomes and retrospective questions",0.2344471826230852,0.2049015530669703,0.0295456295561148,8.104839365162283,installer_tradesperson,how_to_installation_demo,2021-08-30 13:30:08+00:00,2021,23.6,14805,117,22,7.902735562310031,1.485984464707869,8.28020134228188,0.0123042505592841
z_U5J9qwuZw,0.0525610886414546,0.0,0.4668095372378731,0.4589332860435449,0.0,0.0,0.0,0.0,0.0,0.0,0.0,0.01167025344258,0.0100258346345473,0.0,0.0,0.0,2,3,4,Clarification and specification questions,0.4668095372378731,0.4589332860435449,0.0078762511943282,2.627389701095053,installer_tradesperson,how_to_installation_demo,2022-10-20 19:15:03+00:00,2022,0.25,100875,261,6,2.587360594795539,0.0594795539033457,73.52405247813411,0.0043731778425655
zaaaVfjdYnQ,0.1620191834729019,0.016163795345043,0.0208529227266083,0.1118547088590124,0.0028246249398992,0.0830383347330506,0.0285197786437285,0.0140368299660119,0.0545326348609347,0.0205137835967768,0.0216403262392742,0.3569637706015177,0.0608383057474422,0.0150167340241085,0.008384759873683,0.0227995063700063,26,12,1,Roof and attic ventilation and airflow,0.3569637706015177,0.1620191834729019,0.1949445871286158,8.335542231306084,installer_tradesperson,how_to_installation_demo,2023-07-19 22:36:48+00:00,2023,1.7666666666666666,109096,921,122,8.442106035051697,1.1182811468798122,99.1781818181818,0.1109090909090909
zfV4t9TwnkE,0.2315961498429208,0.0,0.0036310706993518,0.0559497068772265,0.2149940884078938,0.0068085071732204,0.0054511572145054,0.0562716034348856,0.0059813655137803,0.0,0.0014513882279771,0.0,0.0190563761195302,0.386439454105934,0.0,0.0123691323827735,5,14,1,Thermostat wiring and smart heating controls,0.386439454105934,0.2315961498429208,0.1548433042630131,5.015835324856257,installer_tradesperson,how_to_installation_demo,2024-12-26 12:48:31+00:00,2024,0.95,47681,328,12,6.87905035548751,0.2516725739812503,83.06794425087108,0.0209059233449477
zg9IM061rbU,0.1168664414699961,0.0041459405826169,0.0949036889010095,0.0854486509653894,0.0185683466683993,0.0302703282705124,0.0336919265170135,0.3501418940840566,0.0625909924169672,0.0412595048435391,0.0255913842621163,0.0223973372517637,0.0132413695233881,0.0122667942221694,0.0099371103407652,0.0786782896802966,253,8,1,"Solar PV, batteries and power systems",0.3501418940840566,0.1168664414699961,0.2332754526140605,9.114238842481727,diy_renovator_homeowner,how_to_installation_demo,2024-04-24 14:00:02+00:00,2024,7.9,1097047,29229,1663,26.643343448366387,1.515887651121602,1337.8621951219511,2.0280487804878047
zi1Mkt1Nc8s,0.0322536412637999,0.0016621758002552,0.0460250234390007,0.0543628751941973,0.0965611644505794,0.0543142853720891,0.0387349931594649,0.035594834175495,0.070145851742004,0.0201053527026034,0.0195016616805135,0.0242637331597368,0.0037357725337624,0.4643049464282055,0.0036784790713031,0.0347552098269892,90,14,5,Thermostat wiring and smart heating controls,0.4643049464282055,0.0965611644505794,0.3677437819776261,7.362671883958744,diy_renovator_homeowner,how_to_installation_demo,2019-12-28 16:00:07+00:00,2019,11.716666666666669,136374,1277,214,9.363955006086204,1.5692140730637805,56.846185910796166,0.0892038349312213
zm3gQAwT3B0,0.1509289136948036,0.0,0.259882464970135,0.0,0.0391650364004968,0.2109046743143545,0.0411505862755859,0.0,0.0432167688284162,0.0,0.0,0.002057171090049,0.0014894778200015,0.1891411715564966,0.0,0.0620637350496603,1,3,6,Clarification and specification questions,0.259882464970135,0.2109046743143545,0.0489777906557804,6.473348141019683,installer_tradesperson,how_to_installation_demo,2023-06-28 11:00:55+00:00,2023,0.9666666666666668,19360,48,5,2.479338842975207,0.2582644628099174,17.27029438001784,0.0044603033006244
zmYtFOSPx2o,0.1728396091380037,0.0157166640526347,0.0579662827607277,0.0375433171367474,0.0212378044619621,0.0733899228651658,0.027728783436212,0.0157783581733406,0.0378268532781312,0.034576581912396,0.0209662721035565,0.0809578869037618,0.3268719446169175,0.0083626809078099,0.0153461481486101,0.0528908901040222,357,13,1,"Wall, cavity and floor insulation",0.3268719446169175,0.1728396091380037,0.1540323354789137,9.442313851852688,builder_contractor,problem_warning_mistakes,2022-05-02 18:00:26+00:00,2022,13.483333333333333,925928,13105,1277,14.153368296455016,1.3791569106885202,600.0829552819183,0.8276085547634479
znnpVnN5HFQ,0.2146544621051837,0.0058554620607271,0.0062132128228691,0.0090163978112343,0.3342607399976319,0.1483667479419347,0.0030339362928144,0.0178373152753753,0.0590716819331447,0.0129543735287075,0.0536494702834558,0.0002966210420919,0.0011298321074773,0.0873610708488244,0.0148565487870259,0.0314421271615012,4,5,1,Heat pumps and heating systems,0.3342607399976319,0.2146544621051837,0.1196062778924481,7.014130047829794,training_educational,practical_advice_explainer,2024-11-06 18:00:43+00:00,2024,3.283333333333333,23626,149,12,6.306611360365698,0.5079150088885127,37.86217948717949,0.0192307692307692
zptJko9v2Rw,0.1411584501085752,0.0794156233004569,0.0719086662238727,0.0571025565742891,0.0014578150889179,0.1697759108664179,0.0954481734200133,0.0114056412145312,0.0504446380143389,0.0115082817249692,0.0131538286574959,0.0456918463516522,0.103798667187585,0.0224974713022876,0.0147386517863051,0.1104937781782912,16,6,1,"Praise, gratitude and social endorsement",0.1697759108664179,0.1411584501085752,0.0286174607578427,11.498353631739516,training_educational,how_to_installation_demo,2023-05-20 06:12:57+00:00,2023,24.75,9399,176,28,18.72539631875732,2.9790403234386638,8.102586206896552,0.0241379310344827
zqBUl0o59fw,0.3638680277409508,0.0079664500870436,0.0078187495929027,0.0218346593810734,0.1343768481855389,0.0365768865581457,0.0434391860859354,0.1322078882240205,0.0910325952445373,0.0290360509794875,0.0405624472217785,0.0010445725219079,0.0007742110837469,0.0515089920275845,0.0,0.0379524350653458,5,1,5,Situated household retrofit experience and building context,0.3638680277409508,0.1343768481855389,0.2294911795554118,7.868215786131973,installer_tradesperson,how_to_installation_demo,2021-10-05 13:22:11+00:00,2021,0.2333333333333333,28408,142,20,4.998591945930723,0.7040270346381301,16.21461187214612,0.0114155251141552
zuAXatdlLCo,0.1447387692618382,0.0048824677448984,0.0259855809175572,0.0307550764816554,0.1740409883058431,0.1032411983818351,0.0366264701816748,0.0389890936016772,0.0337451626337666,0.0344343997424826,0.0040278609743876,0.0113687791445348,0.0088647554884219,0.2775054204660006,0.0158124664303083,0.0549815102431175,10,14,5,Thermostat wiring and smart heating controls,0.2775054204660006,0.1740409883058431,0.1034644321601575,9.209051137485028,installer_tradesperson,how_to_installation_demo,2024-12-04 15:01:13+00:00,2024,10.166666666666666,9976,130,41,13.031275060144344,4.109863672814756,16.738255033557046,0.0687919463087248
zwgSqwJb4wo,0.1959861023040099,0.0016294533012251,0.1100304438885079,0.0919392356910637,0.231971070874018,0.0775930866086992,0.0278158817035548,0.0325005119572707,0.0349078187825321,0.0050879801290289,0.0248832964035176,0.0603563138301199,0.0156651314062137,0.0502643307524585,0.0,0.0393693423677794,8,5,1,Heat pumps and heating systems,0.231971070874018,0.1959861023040099,0.0359849685700081,9.860490679041767,training_educational,problem_warning_mistakes,2025-10-23 17:01:30+00:00,2025,9.166666666666666,4024,146,44,36.282306163021865,10.934393638170976,14.73992673992674,0.1611721611721611
zxPh7ekFqc4,0.0676992712424176,0.0055325264784116,0.1751086578001489,0.0441098230457036,0.0063074612897293,0.0170669233521418,0.2096870148312292,0.0915513093673003,0.1141486296581427,0.0292760657866089,0.0179664699679098,0.0116650900601451,0.0075095662849945,0.1221958952003888,0.0097329486474905,0.0704423469872366,20,7,3,"Alternative methods, challenges and ""why"" questions",0.2096870148312292,0.1751086578001489,0.0345783570310803,9.999147406143784,installer_tradesperson,how_to_installation_demo,2025-01-04 16:47:14+00:00,2025,2.1666666666666665,352234,5744,89,16.307341142535925,0.2526729390121339,623.4230088495575,0.1575221238938053
